athlete_number,athlete_relative_age,athlete_gender_marker,athlete_sport,club_division,active_minutes,contributing_seconds,total_distance_m,total_high_intensity_distance_m,total_sprint_distance_m,high_intensity_events,sprint_events,avg_speed_kph,max_speed_kph,acceleration_events,deceleration_events,max_acceleration,max_deceleration,metres_per_minute,percentage_max_speed_kph,session_load
121,22,Male,association_football,DI,105,"6,300",420.34,0,0,0,0,0.24,17.29,0,1,0,4.72,4,60.55,32.32
121,22,Male,association_football,DI,105,"6,300","5,338.84",186.43,17.67,21,2,3.05,26.85,52,56,6,7.93,50.85,62.41,682.92
121,22,Male,association_football,DI,93,"5,580","7,642.49",35.12,0,4,0,4.93,22.88,33,32,5.42,6.25,82.18,53.19,943.24
121,22,Male,association_football,DI,105,"6,300","6,232.37",49.94,0,5,0,3.56,24.7,57,42,6.52,7.07,59.36,86.49,820.85
121,22,Male,association_football,DI,120,"7,200","6,176.19",69.23,0,8,0,3.09,23.05,24,26,5.14,6.85,51.47,80.73,789.27
121,22,Male,association_football,DI,111,"6,660",336.67,0,0,0,0,0.18,15.03,8,1,4.65,2.68,3.03,52.64,35.81
121,22,Male,association_football,DI,111,"6,660",312.28,0,0,0,0,0.17,10.12,6,0,4.11,0,2.81,35.43,24.84
121,22,Male,association_football,DI,106,"6,360","6,640.74",109.31,8.84,18,2,3.76,25.62,89,85,9.11,8.07,62.65,59.57,677.84
121,22,Male,association_football,DI,85,"5,100","5,739.79",59.32,0,5,0,4.05,23.59,37,45,5.43,7.48,67.53,54.84,751.74
121,22,Male,association_football,DI,95,"5,700","7,514.65",94.26,0,10,0,4.75,23.76,43,56,4.84,6.31,79.1,55.25,"1,077.63"
121,22,Male,association_football,DI,66,"3,960","4,868.25",51.61,0,5,0,4.43,24.54,52,35,5.39,5.88,73.76,57.05,637.93
121,22,Male,association_football,DI,90,"5,400","5,297.81",58.52,0,6,0,3.53,22.99,68,73,7.7,7.98,58.86,53.44,532.43
121,22,Male,association_football,DI,90,"5,400","4,464.70",3.77,0,1,0,2.98,19.98,33,19,4.77,5.64,49.61,46.46,483.36
121,22,Male,association_football,DI,115,"6,900","4,794.77",32.54,0,6,0,2.5,21.76,84,72,7.41,8.79,41.69,50.6,493.96
121,22,Male,association_football,DI,103,"6,180","3,142.12",0,0,0,0,1.83,9.33,0,0,0,0,30.51,21.69,66.47
121,22,Male,association_football,DI,60,"3,600",195.75,0,0,0,0,0.2,2.65,0,0,0,0,3.26,6.16,0.43
121,22,Male,association_football,DI,83,"4,980","4,744.46",83.82,27.67,9,2,3.43,28.55,27,18,6.01,5.83,57.16,125.58,580.19
121,22,Male,association_football,DI,113,"6,780",588.43,23.83,0,1,0,0.31,23.73,2,2,4.49,4.4,5.21,55.35,98.59
121,22,Male,association_football,DI,111,"6,660","7,226.96",90.14,0,9,0,3.91,22.74,83,54,5.82,6.05,65.11,0,891.34
121,22,Male,association_football,DI,110,"6,600",331.04,0,0,0,0,0.18,7.82,0,0,0,0,3.01,27.37,19.31
121,22,Male,association_football,DI,71,"4,260","3,318.53",164.83,0,11,0,2.8,23.73,16,19,5.72,5.54,46.74,83.09,353.93
121,22,Male,association_football,DI,81,"4,860","5,274.22",63.53,4.39,4,1,3.91,25.35,48,22,5.45,5.04,65.11,58.95,708.43
121,22,Male,association_football,DI,111,"6,660",290.81,0,0,0,0,0.16,16.41,5,3,3.96,3.37,2.62,57.48,34.01
121,22,Male,association_football,DI,51,"3,060","3,553.26",0,0,0,0,4.18,18.23,11,8,9.11,3.92,69.67,63.85,227.68
121,22,Male,association_football,DI,70,"4,200","4,236.45",25.27,0,4,0,3.63,20.98,63,31,5.38,5.63,60.52,48.77,542.29
121,22,Male,association_football,DI,115,"6,900","6,962.23",134.67,22.95,15,3,3.63,26.51,39,42,5.48,7.81,60.54,61.63,868.09
121,22,Male,association_football,DI,105,"6,300","6,729.70",176.57,29.61,13,2,3.85,27.51,63,39,5.86,5.58,64.09,63.97,819.65
121,22,Male,association_football,DI,297,"17,820","5,291.50",73.19,781.75,6,15,1.07,43.01,0,0,0,0,17.82,100.33,119.99
121,22,Male,association_football,DI,92,"5,520","4,442.72",102.49,33.25,12,2,2.9,27.6,59,48,7.07,8.92,48.29,64.16,456.75
121,22,Male,association_football,DI,92,"5,520","4,777.05",74.67,0,8,0,3.12,23.12,51,54,7.99,9.97,51.92,53.75,530.26
121,22,Male,association_football,DI,101,"6,060","6,108.28",138.51,15.93,16,3,3.63,25.92,64,60,8.54,7.05,60.48,60.27,582.96
121,22,Male,association_football,DI,85,"5,100","6,383.56",42.31,0,6,0,4.51,22.54,68,56,6.82,7.01,75.1,52.41,610.56
121,22,Male,association_football,DI,80,"4,800","5,253.33",222.4,54.95,23,8,3.94,27.54,71,64,6.48,9.04,65.67,64.03,534.45
121,22,Male,association_football,DI,90,"5,400","6,451.24",243.49,35.48,31,2,4.3,27.3,87,78,9.41,8.19,71.68,63.47,682.64
121,22,Male,association_football,DI,90,"5,400","5,347.38",297.74,42.21,32,7,3.56,26.29,60,39,9.34,7,59.42,61.12,564.35
121,22,Male,association_football,DI,90,"5,400","4,083.29",15.39,0,2,0,2.72,21.02,77,52,8.49,7.27,45.37,48.87,375.7
121,22,Male,association_football,DI,90,"5,400","4,524.20",64.3,4.59,10,1,3.02,26.09,61,50,7.71,6.09,50.27,60.66,430.57
121,22,Male,association_football,DI,110,"6,600",261.61,0,0,0,0,0.14,14.32,1,2,4.96,3.35,2.38,50.14,25.31
121,22,Male,association_football,DI,110,"6,600",238.46,0,0,0,0,0.13,16.4,2,0,3.66,0,2.17,57.43,21.28
121,22,Male,association_football,DI,80,"4,800","5,060.98",55.07,0,4,0,3.8,24.06,40,26,5.16,5.04,63.26,84.28,687.24
121,22,Male,association_football,DI,75,"4,500","3,817.60",19.51,8.66,3,1,3.05,25.02,31,16,5.6,5.01,50.9,87.63,425.16
121,22,Male,association_football,DI,95,"5,700","3,833.95",80.88,17.14,10,1,2.42,28.25,25,24,5.69,6.35,40.36,98.94,572.99
121,22,Male,association_football,DI,120,"7,200","3,800.02",0,0,0,0,1.9,19.49,36,22,5.83,5.27,31.67,68.26,366.15
121,22,Male,association_football,DI,108,"6,480","1,919.67",0,0,0,0,1.07,8.74,0,0,0,0,17.77,30.6,63.78
285,20,Male,american_football,DI-FCS,80,"4,800","2,187.10",163.12,122.03,16,9,1.64,30.45,34,41,9.46,9.84,27.34,0,278.42
285,20,Male,american_football,DI-FCS,80,"4,800","3,299.99",79.68,0,9,0,2.47,23.86,71,53,8.88,7.45,41.25,78.35,350.44
285,20,Male,american_football,DI-FCS,130,"7,800","5,707.40",200.91,23.98,18,3,2.63,26.36,90,75,9.39,7.59,43.9,86.58,669.71
285,20,Male,american_football,DI-FCS,137,"8,220","1,678.91",373.27,62.11,33,8,0.74,27.04,24,6,6.52,3.85,12.25,88.79,339.34
285,20,Male,american_football,DI-FCS,100,"6,000","2,997.45",19.55,0,2,0,1.8,22.51,58,41,9.59,8.93,29.97,73.92,332.63
285,20,Male,american_football,DI-FCS,90,"5,400","3,131.81",94.42,0,10,0,2.09,24.09,76,87,9.3,7.12,34.8,79.12,393.33
582,22,Male,association_football,DI,155,"9,300","7,666.08",0,0,0,0,2.97,14.85,6,3,3.9,3.47,49.46,51.45,675.28
582,22,Male,association_football,DI,74,"4,440","6,265.47",250.94,112.64,24,8,5.08,30.73,63,38,6.97,6.47,84.67,106.46,"1,171.18"
582,22,Male,association_football,DI,80,"4,800","4,413.03",136.32,0,10,0,3.31,22.39,50,19,5.8,5.55,55.16,77.57,734.99
582,22,Male,association_football,DI,45,"2,700","4,864.14",221.21,8.94,18,1,6.49,25.64,43,36,6.11,6.72,108.09,88.84,"1,065.69"
582,22,Male,association_football,DI,77,"4,620","8,083.96",341.9,60.33,33,4,6.3,28.79,78,57,5.8,7.09,104.99,99.76,"1,614.55"
582,22,Male,association_football,DI,66,"3,960","3,356.73",4.22,0,1,0,3.05,19.88,38,14,5.33,5.98,50.86,68.89,563.9
582,22,Male,association_football,DI,75,"4,500","5,472.98",95.59,0,11,0,4.38,23.94,62,54,5.69,6.39,72.97,82.95,957.79
582,22,Male,association_football,DI,84,"5,040","4,812.81",0,0,0,0,3.44,18.79,44,14,5.24,5.15,57.3,65.1,822.99
582,22,Male,association_football,DI,71,"4,260","4,412.09",109.93,0,13,0,3.73,23.19,41,19,5.77,5.06,62.14,80.36,661.81
582,22,Male,association_football,DI,111,"6,660","11,228.25",355.65,20.1,32,3,6.07,26.37,101,78,6.33,8.62,101.16,107.09,"2,154.17"
582,22,Male,association_football,DI,106,"6,360","8,315.86",340.6,0,39,0,4.71,24.62,72,56,6.03,5.98,78.45,103.57,"1,922.89"
582,22,Male,association_football,DI,75,"4,500","4,274.55",14.81,0,3,0,3.42,21.44,43,23,5.35,5.88,56.99,90.2,550.79
582,22,Male,association_football,DI,90,"5,400","5,034.06",197.37,0,12,0,3.36,23.77,30,21,5.75,4.71,55.93,0,719.26
582,22,Male,association_football,DI,101,"6,060","7,375.15",307.86,29.5,27,2,4.38,28.86,63,42,5.73,5.37,73.02,109.46,"1,314.54"
582,22,Male,association_football,DI,120,"7,200","8,192.63",117.04,0,8,0,4.1,24.79,48,35,5.93,7.63,68.27,85.9,945.92
582,22,Male,association_football,DI,69,"4,140","7,745.95",389.05,46.83,40,2,6.74,27.95,72,58,5.52,6.5,112.26,96.84,"1,728.48"
582,22,Male,association_football,DI,78,"4,680","6,436.61",70.33,0,10,0,4.95,22.31,81,31,6.07,5.54,82.52,77.3,"1,004.87"
582,22,Male,association_football,DI,91,"5,460","5,566.75",210.58,0,18,0,3.67,24.8,49,31,6.22,5.6,61.17,80.73,981.46
582,22,Male,association_football,DI,95,"5,700","5,532.44",154.89,19.14,12,2,3.49,27.35,69,46,5.83,6.02,58.24,89.02,"1,110.87"
582,22,Male,association_football,DI,74,"4,440","5,884.96",217.37,41.99,20,4,4.77,28.65,64,48,6.89,7.56,79.53,93.23,"1,020.75"
582,22,Male,association_football,DI,66,"3,960","4,679.44",34.57,4.98,5,1,4.25,25.58,61,37,5.37,7.94,70.9,83.26,820.33
582,22,Male,association_football,DI,86,"5,160","10,129.69",596.93,61.15,56,5,7.07,27.54,86,55,5.75,6.37,117.79,89.63,"1,855.77"
582,22,Male,association_football,DI,33,"1,980","4,219.56",412.07,39.12,31,3,7.67,27.59,52,30,5.49,7.26,127.87,89.81,766.57
582,22,Male,association_football,DI,85,"5,100","6,003.82",167,0,14,0,4.24,24.42,56,30,5.44,5.51,70.63,79.48,"1,179.38"
582,22,Male,association_football,DI,69,"4,140","8,045.80",312.81,10.59,36,2,7,25.68,76,60,6.96,7.79,116.61,88.97,"1,578.92"
582,22,Male,association_football,DI,53,"3,180","2,990.61",0,0,0,0,3.39,17.07,26,2,5.2,4.16,56.43,59.14,428.53
582,22,Male,association_football,DI,79,"4,740","4,143.04",124.83,0,10,0,3.15,24.69,57,46,5.78,6.38,52.44,85.53,774.56
582,22,Male,association_football,DI,79,"4,740","8,374.21",468.08,55.69,36,8,6.36,27.89,65,55,5.99,6.95,106,96.63,"1,561.25"
582,22,Male,association_football,DI,85,"5,100","5,358.37",93.67,24.65,10,3,3.78,27.51,46,42,5.8,6.27,63.04,95.31,829.19
"1,018",18,Female,association_football,DI,90,"5,400","3,880.64",37.04,43.95,4,2,2.59,24.26,31,12,4.79,4.92,43.12,59.31,458.53
"1,018",18,Female,association_football,DI,120,"7,200","2,742.19",34.5,21.11,4,1,1.37,26.04,18,17,4.86,6.01,22.85,61.98,357.28
"1,018",18,Female,association_football,DI,90,"5,400","5,627.94",111.04,0,10,0,3.75,22.02,24,26,5.74,5.56,62.53,52.42,"1,039.85"
"1,018",18,Female,association_football,DI,90,"5,400","4,359.94",16.65,0,2,0,2.91,21.78,42,34,4.84,5.1,48.44,51.83,561.44
"1,018",18,Female,association_football,DI,90,"5,400",484.12,0,0,0,0,0.32,4.78,0,0,0,0,5.38,11.38,15.35
"1,018",18,Female,association_football,DI,120,"7,200","1,319.92",6.28,0,1,0,0.66,19.37,1,0,3.79,0,11,46.1,143.63
"1,018",18,Female,association_football,DI,120,"7,200",377.49,0,0,0,0,0.19,8.09,0,0,0,0,3.15,19.25,38.1
"1,018",18,Female,association_football,DI,120,"7,200","5,641.85",7.7,0,1,0,2.82,19.92,33,35,5.13,5.12,47.02,47.4,762.98
"1,018",18,Female,association_football,DI,120,"7,200","2,835.94",0,0,0,0,1.42,18.8,24,17,4.93,5.12,23.63,44.74,389.32
"1,018",18,Female,association_football,DI,120,"7,200","4,559.67",13.14,0,2,0,2.28,21.5,31,38,4.47,5.67,38,51.16,629.93
"1,018",18,Female,association_football,DI,120,"7,200",436.85,0,0,0,0,0.22,8.34,0,0,0,0,3.64,19.84,45.68
"1,018",18,Female,association_football,DI,120,"7,200","5,759.73",84.02,25.25,8,2,2.88,25.41,43,37,5.06,5.73,48,60.47,860.16
"1,018",18,Female,association_football,DI,120,"7,200","5,661.50",240.9,47.68,21,7,2.83,24.22,32,43,6.26,6.51,47.18,57.63,893.52
"1,018",18,Female,association_football,DI,90,"5,400","1,907.20",6.23,0,1,0,1.27,19.72,6,3,5.06,3.89,21.19,46.94,188.24
"1,018",18,Female,association_football,DI,120,"7,200","2,625.19",0,0,0,0,1.31,17.31,19,11,4.1,4.59,21.88,41.2,311.75
"1,018",18,Female,association_football,DI,90,"5,400","1,592.27",14.11,3.96,2,1,1.06,23.05,4,2,4.05,4.28,17.69,54.87,177.96
"1,018",18,Female,association_football,DI,90,"5,400","2,873.59",48.13,8.61,7,1,1.92,24.48,13,26,5.11,7.02,31.93,58.27,479.39
"1,018",18,Female,association_football,DI,90,"5,400","1,579.99",30.25,6.91,5,1,1.05,22.88,3,11,4.79,8.77,17.56,54.45,280.12
"1,018",18,Female,association_football,DI,120,"7,200","2,772.64",0,0,0,0,1.39,18.58,6,1,5.47,3.23,23.11,45.41,291.84
"1,018",18,Female,association_football,DI,120,"7,200","8,274.06",167.71,44.43,21,3,4.14,24.82,37,50,4.73,5.68,68.95,60.68,"1,324.26"
"1,018",18,Female,association_football,DI,120,"7,200","5,324.10",18.49,22.19,4,3,2.66,25.61,24,25,5.38,5.86,44.37,62.61,770.28
"1,018",18,Female,association_football,DI,120,"7,200","5,636.81",29.56,0,4,0,2.82,22.4,34,37,4.88,5.99,46.97,54.76,758.99
"1,018",18,Female,association_football,DI,90,"5,400",846.76,0,0,0,0,0.56,10.02,1,1,3.74,3.01,9.41,24.49,68.07
"1,018",18,Female,association_football,DI,90,"5,400","2,120.28",21.83,3.54,2,1,1.41,23.02,9,13,5.56,5.23,23.56,56.27,389.05
"1,018",18,Female,association_football,DI,120,"7,200","5,038.21",148.26,"1,332.95",16,52,2.52,42.02,35,19,4.6,5.67,41.99,102.72,560.9
"1,018",18,Female,association_football,DI,120,"7,200","4,335.08",32.74,23.95,5,2,2.17,24.76,31,13,5.05,6.98,36.13,60.52,560.58
"1,018",18,Female,association_football,DI,120,"7,200","5,087.93",6.2,0,1,0,2.54,20.81,62,41,5.69,4.93,42.4,50.88,674.2
"1,018",18,Female,association_football,DI,90,"5,400","3,914.63",9.67,0,2,0,2.61,20.59,28,16,4.72,4.98,43.5,50.33,551.48
"1,018",18,Female,association_football,DI,120,"7,200","2,624.79",208.69,"1,822.47",23,38,1.31,40.84,1,3,2.42,3.22,21.87,99.83,444.55
"1,018",18,Female,association_football,DI,120,"7,200","5,625.62",337.05,"3,737.91",49,85,2.81,40.91,3,0,3.18,0,46.88,100.17,833.35
"1,018",18,Female,association_football,DI,90,"5,400","2,424.54",16.54,0,2,0,1.62,21.8,5,14,3.84,4.02,26.94,53.3,398.54
"1,018",18,Female,association_football,DI,90,"5,400","4,297.37",13.55,0,3,0,2.86,21.35,29,29,4.63,7.14,47.75,52.2,593.28
"1,018",18,Female,association_football,DI,90,"5,400","4,065.38",25.4,0,2,0,2.71,21.53,29,28,5.08,6.19,45.17,52.63,517.85
"1,018",18,Female,association_football,DI,85,"5,100","3,485.78",5.29,0,1,0,2.46,19.98,17,6,4.29,3.8,41.01,48.85,439.02
"1,018",18,Female,association_football,DI,90,"5,400","4,475.29",47.84,25.24,7,3,2.98,24.62,24,18,4.74,5.85,49.73,60.19,590.1
"1,018",18,Female,association_football,DI,120,"7,200",431.93,0,0,0,0,0.22,12.34,1,0,6.43,0,3.6,30.17,27.37
"1,018",18,Female,association_football,DI,120,"7,200",473.75,0,0,0,0,0.24,7.5,0,0,0,0,3.95,18.32,34.37
"1,018",18,Female,association_football,DI,120,"7,200",651.24,0,0,0,0,0.33,10.67,0,0,0,0,5.43,26.1,33.44
"1,018",18,Female,association_football,DI,120,"7,200",426.95,0,0,0,0,0.21,6.58,0,0,0,0,3.56,16.08,21.17
"1,018",18,Female,association_football,DI,120,"7,200",543.48,0,0,0,0,0.27,8.06,0,0,0,0,4.53,19.7,32.3
"1,018",18,Female,association_football,DI,90,"5,400",470.59,0,0,0,0,0.31,7.82,0,1,0,2.67,5.23,19.11,29.92
"1,018",18,Female,association_football,DI,90,"5,400","3,685.91",28.21,11.34,6,1,2.46,23.46,20,32,4.73,6.31,40.95,57.36,565.86
"1,018",18,Female,association_football,DI,90,"5,400","2,965.78",11.34,0,2,0,1.98,20.55,15,11,3.96,6.64,32.95,50.23,404.39
"1,018",18,Female,association_football,DI,120,"7,200",452.21,0,0,0,0,0.23,8.42,0,0,0,0,3.77,20.58,35.26
"1,018",18,Female,association_football,DI,120,"7,200",519.65,0,0,0,0,0.26,7.6,0,0,0,0,4.33,18.58,19.41
"1,018",18,Female,association_football,DI,90,"5,400","3,603",6.61,0,1,0,2.4,20.9,33,18,5.43,4.44,40.03,51.1,467.57
"1,018",18,Female,association_football,DI,90,"5,400","1,800.37",4.31,0,1,0,1.2,19.54,14,6,4.33,5.15,20,47.78,224.4
"1,018",18,Female,association_football,DI,90,"5,400","4,842.84",122.01,0,13,0,3.23,21.15,33,26,5.62,5.67,53.81,51.7,730.12
"1,081",18,Female,association_football,DI,90,"5,400","7,606.28",280.29,21.44,30,2,5.07,23.98,42,54,4.89,7.32,84.51,58.62,985.12
"1,081",18,Female,association_football,DI,90,"5,400","7,031.86",223.07,74.53,30,7,4.69,25.34,45,49,4.91,6.66,78.13,59.59,999.52
"1,081",18,Female,association_football,DI,120,"7,200","1,904.57",0,0,0,0,0.95,17.75,27,15,5.65,5.69,15.87,41.73,336.5
"1,081",18,Female,association_football,DI,90,"5,400","1,237.55",0,0,0,0,0.83,15.19,6,7,4.46,4.08,13.75,35.72,201.64
"1,081",18,Female,association_football,DI,120,"7,200","5,269.62",94.64,142.11,14,10,2.63,28.19,51,44,6.98,5.64,43.91,66.28,"1,079.28"
"1,081",18,Female,association_football,DI,120,"7,200","5,535.15",37.31,25.68,6,3,2.77,26.86,46,38,7.59,5.96,46.13,63.15,"1,220.33"
"1,081",18,Female,association_football,DI,120,"7,200","2,018.08",12.05,4.87,3,1,1.01,23.18,35,27,7.08,6.63,16.82,54.51,398.02
"1,081",18,Female,association_football,DI,120,"7,200",382.69,0,0,0,0,0.19,10.19,1,0,4.45,0,3.19,23.95,46.17
"1,081",18,Female,association_football,DI,120,"7,200",226.68,0,0,0,0,0.11,7.02,1,0,4.39,0,1.89,16.51,27.43
"1,081",18,Female,association_football,DI,120,"7,200","2,051.41",3.76,0,1,0,1.03,19.65,10,1,4.71,2.68,17.1,48.05,153.93
"1,081",18,Female,association_football,DI,120,"7,200","4,508.86",42.06,10.9,6,2,2.25,22.97,32,18,5.41,5.47,37.57,56.17,403.21
"1,081",18,Female,association_football,DI,120,"7,200","4,060.59",51.35,10.31,6,1,2.03,22.69,24,19,4.83,7.08,33.84,55.49,391.09
"1,081",18,Female,association_football,DI,90,"5,400","3,344.53",3.3,0,1,0,2.23,19.52,24,5,5.3,3.95,37.16,47.73,328.93
"1,081",18,Female,association_football,DI,150,"9,000","7,064.67",166.03,43.79,16,4,2.83,24.46,37,44,5.57,6.43,47.1,59.82,871.95
"1,081",18,Female,association_football,DI,120,"7,200","5,169.91",3.3,0,1,0,2.58,19.21,23,42,3.99,6.55,43.08,46.97,586.14
"1,081",18,Female,association_football,DI,120,"7,200",543.56,0,0,0,0,0.27,10.22,0,0,0,0,4.53,24.98,31.11
"1,081",18,Female,association_football,DI,90,"5,400","4,607.40",55.66,0,7,0,3.07,23.24,43,43,5.54,5.45,51.19,56.83,561.22
"1,081",18,Female,association_football,DI,95,"5,700","8,065.15",259.73,61.9,31,5,5.09,25.16,57,47,5.17,5.82,84.9,61.51,"1,177.61"
"1,081",18,Female,association_football,DI,90,"5,400","2,483.12",0,0,0,0,1.66,16.16,10,5,6.84,4.82,27.59,39.51,226.12
"1,081",18,Female,association_football,DI,95,"5,700","8,388.91",296.12,69.89,37,5,5.3,26.22,38,56,4.89,6.94,88.3,64.11,"1,053.33"
"1,081",18,Female,association_football,DI,90,"5,400","2,002.16",0,0,0,0,1.33,15.58,4,5,4.49,3.78,22.25,38.09,139.6
"1,081",18,Female,association_football,DI,90,"5,400","2,609.72",0,0,0,0,1.74,18.02,10,3,4.48,4.09,29,44.07,252.66
"1,081",18,Female,association_football,DI,120,"7,200","5,566.31",19.47,21.09,4,1,2.78,23.76,41,36,5.58,6.49,46.39,58.09,611.31
"1,081",18,Female,association_football,DI,90,"5,400","4,504.24",33.17,0,2,0,3,21.75,23,23,5.01,5.18,50.05,53.19,481.17
"1,081",18,Female,association_football,DI,120,"7,200","3,203.96",5.18,0,1,0,1.6,20.39,21,19,5.76,6.08,26.7,49.85,402.97
"1,081",18,Female,association_football,DI,100,"6,000","8,361.25",279.49,106.47,30,7,5.02,26.06,64,52,4.86,7.3,83.61,63.72,"1,079.17"
"1,081",18,Female,association_football,DI,90,"5,400","3,707.97",5.67,0,1,0,2.47,21.7,36,21,7.05,6.4,41.2,53.05,412.55
"1,081",18,Female,association_football,DI,90,"5,400","2,033.88",0,0,0,0,1.36,15.05,1,2,3.76,3.8,22.6,36.8,191.05
"1,081",18,Female,association_football,DI,90,"5,400","7,470.52",173.75,129.85,22,9,4.98,26.8,44,42,4.93,6.4,83.01,65.53,"1,045.55"
"1,081",18,Female,association_football,DI,85,"5,100",460.87,0,0,0,0,0.33,9.04,0,0,0,0,5.42,22.09,25.64
"1,081",18,Female,association_football,DI,90,"5,400","7,754.08",162.02,41.62,21,4,5.17,24.54,35,42,5.34,7,86.16,59.99,"1,023.42"
"1,081",18,Female,association_football,DI,120,"7,200","2,673.96",201.34,"1,862.26",22,34,1.34,40.9,1,5,2.64,3.38,22.28,155.97,444.83
"1,081",18,Female,association_football,DI,90,"5,400","3,913.49",19.9,0,3,0,2.61,20.29,21,30,4.94,5.3,43.48,49.6,499.2
"1,081",18,Female,association_football,DI,120,"7,200","6,336.99",58.89,0,5,0,3.17,23.58,81,59,6.94,7.69,52.81,57.66,"1,057.62"
"1,081",18,Female,association_football,DI,120,"7,200","5,595.75",140.3,37.91,19,5,2.8,24.73,49,30,5.93,7.88,46.63,60.46,906.8
"1,081",18,Female,association_football,DI,90,"5,400","2,474",0,0,0,0,1.65,18.5,14,4,5.43,4.33,27.49,45.24,267.02
"1,081",18,Female,association_football,DI,120,"7,200","5,193.56",25.21,8.35,5,1,2.6,23.06,42,32,5.76,5.29,43.28,56.38,586.4
"1,081",18,Female,association_football,DI,120,"7,200","2,505.97",8.96,0,1,0,1.25,21.12,9,5,4.69,4.6,20.88,51.65,218.96
"1,081",18,Female,association_football,DI,120,"7,200",368.66,0,0,0,0,0.18,7.24,0,0,0,0,3.07,17.01,24.94
"1,081",18,Female,association_football,DI,90,"5,400","6,250.11",271.73,111.55,31,7,4.17,26.71,43,51,5.01,7.4,69.45,62.81,882.39
"1,081",18,Female,association_football,DI,90,"5,400","3,471.50",16.34,5.64,4,1,2.31,24.62,32,23,5.27,5.5,38.57,57.9,673.91
"1,081",18,Female,association_football,DI,90,"5,400","8,117.72",346.4,182.48,34,12,5.41,27.39,47,56,6.17,6.72,90.2,64.39,"1,043.57"
"1,081",18,Female,association_football,DI,90,"5,400","1,644.08",0,0,0,0,1.1,12.65,4,4,3.96,4.65,18.27,29.75,178.26
"1,081",18,Female,association_football,DI,90,"5,400","5,759.74",146.03,71.08,16,5,3.84,26.97,33,38,5.42,5.51,64,63.42,718.86
"1,081",18,Female,association_football,DI,120,"7,200","3,263.87",22.5,0,4,0,1.63,22.4,36,26,7.04,5.05,27.2,52.67,457.96
"1,081",18,Female,association_football,DI,90,"5,400","7,355.47",158.09,130.35,23,8,4.9,28.05,39,37,4.54,5.37,81.73,65.95,896.27
"1,081",18,Female,association_football,DI,120,"7,200","2,033.39",5.06,0,1,0,1.02,19.83,12,9,4.48,5.66,16.94,48.47,181.9
"1,081",18,Female,association_football,DI,120,"7,200","6,834.16",105.38,25.74,12,3,3.42,24.26,34,22,4.56,5.78,56.95,59.31,743.23
"1,081",18,Female,association_football,DI,120,"7,200","5,265.87",158.22,"1,286.42",14,42,2.63,42.53,35,22,4.58,5.31,43.88,103.99,561.69
"1,081",18,Female,association_football,DI,120,"7,200","6,159.86",48.74,0,6,0,3.08,21.38,57,29,6.75,7.13,51.33,52.27,"1,103.83"
"1,081",18,Female,association_football,DI,120,"7,200",476.8,0,0,0,0,0.24,10.53,0,1,0,4.98,3.97,25.75,30.91
"1,081",18,Female,association_football,DI,90,"5,400","7,385.87",199.55,51.69,26,4,4.92,25.7,43,50,5.49,7.7,82.07,62.84,"1,002.14"
"1,356",22,Male,association_football,DI,78,"4,680","5,950.68",129.88,0,17,0,4.58,25.07,96,69,5.94,6.48,76.29,82.26,955.13
"1,356",22,Male,association_football,DI,17,"1,020","1,940.99",111.01,16.14,15,2,6.85,26.47,24,18,5.81,7.81,114.18,83.18,494.57
"1,356",22,Male,association_football,DI,79,"4,740","5,754.21",287.94,15.67,19,2,4.37,27.17,88,64,6.02,6.36,72.84,85.38,"1,014.16"
"1,356",22,Male,association_football,DI,53,"3,180","4,698.91",81.01,0,10,0,5.32,23.57,50,31,5.21,6.72,88.66,74.08,793.06
"1,356",22,Male,association_football,DI,35,"2,100","3,822.90",199.2,45.65,19,5,6.55,29.42,32,32,6.34,6.58,109.23,92.47,713.91
"1,356",22,Male,association_football,DI,85,"5,100","5,172.95",151.47,55.49,16,5,3.65,27.82,52,35,5.72,7.4,60.86,87.42,857.42
"1,356",22,Male,association_football,DI,4,240,497.17,18.96,27.34,4,2,7.46,27.03,4,7,4.66,4.61,124.29,84.94,116.98
"1,356",22,Male,association_football,DI,90,"5,400","4,218.06",4,0,1,0,2.81,20.86,13,10,5.15,6.31,46.87,65.56,265.59
"1,356",22,Male,association_football,DI,15,900,"1,485.28",78.09,11.45,8,1,5.94,25.79,19,19,5.42,6.58,99.02,81.05,289.75
"1,356",22,Male,association_football,DI,66,"3,960","4,794.78",140.02,205.3,20,7,4.36,30.72,63,33,6.42,7.49,72.65,96.54,905.55
"1,356",22,Male,association_football,DI,74,"4,440","5,789.63",291.9,85.79,26,9,4.69,27.39,69,54,6.41,6.78,78.24,86.06,"1,030.97"
"1,356",22,Male,association_football,DI,95,"5,700","5,112.12",135.03,42.99,14,2,3.23,30.06,46,40,5.01,6.36,53.81,94.47,863.71
"1,356",22,Male,association_football,DI,155,"9,300","6,826.13",65.69,9.81,8,1,2.64,31.82,76,53,7.56,7.89,44.04,104.39,946.81
"1,356",22,Male,association_football,DI,85,"5,100","5,594.44",150.21,37.57,14,2,3.95,30.24,65,47,6.18,6.32,65.82,99.21,909.15
"1,356",22,Male,association_football,DI,74,"4,440","6,040.37",98.42,6.51,14,1,4.9,25.55,81,53,5.96,8.22,81.63,80.28,"1,061.36"
"1,356",22,Male,association_football,DI,80,"4,800","3,702.76",49.49,10.08,7,1,2.78,26.07,38,25,5.11,5.98,46.28,81.94,558.92
"1,356",22,Male,association_football,DI,15,900,"1,854.85",168.12,77.57,16,8,7.42,28.87,15,18,6.27,7.3,123.66,94.72,389.42
"1,356",22,Male,association_football,DI,32,"1,920","3,605.98",198.57,30.49,20,2,6.76,26.18,26,36,5.1,6.28,112.69,85.9,778.38
"1,356",22,Male,association_football,DI,66,"3,960","3,192.03",0,0,0,0,2.9,18.77,28,18,5.52,5.51,48.36,61.57,463.13
"1,356",22,Male,association_football,DI,75,"4,500","4,947.56",121.51,14.6,11,1,3.96,26.95,52,54,5.48,6.46,65.97,88.41,840.12
"1,356",22,Male,association_football,DI,84,"5,040","3,915",0,0,0,0,2.8,17.97,43,22,7.12,6.58,46.61,58.96,576.18
"1,356",22,Male,association_football,DI,71,"4,260","4,095.56",114.75,30.42,14,1,3.46,30.48,41,32,5.53,7.48,57.68,101.78,624.77
"1,356",22,Male,association_football,DI,54,"3,240","5,419.33",159.05,14.07,14,1,6.02,27.75,57,49,6.23,6.66,100.36,91.05,"1,003.03"
"1,356",22,Male,association_football,DI,100,"6,000",456.54,0,0,0,0,0.27,7.33,2,0,5.78,0,4.57,24.46,4
"1,356",22,Male,association_football,DI,111,"6,660","3,887.47",203.28,65.03,19,4,2.1,29.95,49,36,6.07,5.83,35.02,120.2,658.36
"1,356",22,Male,association_football,DI,90,"5,400","4,554.56",380.01,0,14,0,3.04,24.92,44,20,5.86,5.69,50.61,0,857.12
"1,356",22,Male,association_football,DI,101,"6,060","3,774.61",62.61,50.53,5,3,2.24,28.02,24,20,4.82,6.48,37.37,93.56,738.81
"1,356",22,Male,association_football,DI,120,"7,200","5,828.20",71.1,34.13,7,2,2.91,28.59,41,24,5.41,6.04,48.57,89.84,638.34
"1,356",22,Male,association_football,DI,43,"2,580","5,036.30",243.18,23.12,25,2,7.03,26.81,53,45,6.12,7.52,117.12,87.94,"1,178.61"
"1,356",22,Male,association_football,DI,65,"3,900","5,871.48",824.48,138.44,29,11,5.42,27.93,85,37,6.45,5.95,90.33,87.76,"1,125.23"
"2,113",18,Male,association_football,DI,120,"7,200","7,498.20",326.35,124.87,36,14,3.75,29.16,62,49,6.18,6.16,62.48,111.27,870.2
"2,113",18,Male,association_football,DI,120,"7,200","4,465.44",85.38,0,4,0,2.23,24.37,50,13,5.03,5.98,37.21,83.57,483.61
"2,113",18,Male,association_football,DI,195,"11,700","6,405.34",115.66,11.57,9,1,1.97,27.16,49,31,6.01,9.65,32.85,93.13,704.3
"2,113",18,Male,association_football,DI,120,"7,200","6,902.87",199.73,70.8,23,6,3.45,27.31,43,21,6.24,5.65,57.52,93.65,783.75
"2,113",18,Male,association_football,DI,120,"7,200","6,859.75",189.18,0,18,0,3.43,24.33,81,48,5.65,6.6,57.16,83.44,830.82
"2,113",18,Male,association_football,DI,120,"7,200","5,514.84",62.27,0,7,0,2.76,25.02,64,36,5.69,5.09,45.96,85.79,540.67
"2,113",18,Male,association_football,DI,120,"7,200","5,000.13",17.04,0,3,0,2.5,22.6,65,31,5.42,5.41,41.67,77.49,519.56
"2,113",18,Male,association_football,DI,120,"7,200","6,441.34",86.12,0,11,0,3.22,23.91,72,37,5.37,5.56,53.68,82,727.98
"2,113",18,Male,association_football,DI,120,"7,200","3,737.43",156.06,0,5,0,1.87,23.75,35,13,4.52,5.55,31.15,81.45,365.49
"2,113",18,Male,association_football,DI,120,"7,200","6,504.99",191.03,9.26,12,2,3.25,25.12,76,50,5.42,6.04,54.21,86.15,726.19
"2,113",18,Male,association_football,DI,95,"5,700","8,084.88",236.98,111.34,26,5,5.11,31.07,44,59,6.22,6.26,85.1,105.36,"1,273.02"
"2,113",18,Male,association_football,DI,90,"5,400","7,638.15",161.66,48.92,23,4,5.09,29.49,63,37,6.19,8.64,84.87,101.1,988.67
"2,113",18,Male,association_football,DI,90,"5,400","4,338.73",9.18,0,2,0,2.89,21.5,45,39,6.01,6.1,48.21,73.74,440.69
"2,113",18,Male,association_football,DI,90,"5,400","4,432.09",74.05,0,2,0,2.95,23.78,41,21,4.79,5.1,49.25,81.55,452.85
"2,113",18,Male,association_football,DI,95,"5,700",894.27,12.84,0,2,0,0.56,21.78,9,4,5.2,7.28,9.41,73.86,125.45
"2,113",18,Male,association_football,DI,120,"7,200","7,653.14",151.22,0,12,0,3.83,23.21,88,63,5.78,5.89,63.78,78.73,851.31
"2,113",18,Male,association_football,DI,95,"5,700","6,348.27",46.45,0,7,0,4.01,22.79,90,58,6.06,6.37,66.82,77.28,790.92
"2,113",18,Male,association_football,DI,120,"7,200","6,605.69",69.83,15.33,7,1,3.3,26.89,76,56,5.14,5.36,55.05,91.2,779.55
"2,113",18,Male,association_football,DI,80,"4,800","4,690.73",25.75,0,2,0,3.52,21.8,52,37,5.62,5.57,58.63,70.17,510.01
"2,113",18,Male,association_football,DI,90,"5,400","4,757.66",52.46,8.9,7,1,3.17,26.59,59,31,8.25,6.33,52.86,85.6,550.1
"2,113",18,Male,association_football,DI,90,"5,400","1,194.56",0,0,0,0,0.8,17.27,1,0,3.85,0,13.27,59.22,104.94
"2,113",18,Male,association_football,DI,120,"7,200","6,097.22",83.95,0,9,0,3.05,22.9,79,46,5.68,5.22,50.81,73.73,793.63
"2,113",18,Male,association_football,DI,91,"5,460","3,486.91",0,0,0,0,2.3,18.39,49,15,5.62,5.46,38.32,62.38,376.52
"2,113",18,Male,association_football,DI,121,"7,260","6,158.97",61.85,0,4,0,3.05,22.76,41,30,4.98,5.25,50.9,77.18,513.65
"2,113",18,Male,association_football,DI,101,"6,060","8,485.50",365.21,86.28,33,5,5.04,29.2,66,59,6.09,6.22,84.01,99.03,"1,084.14"
"2,113",18,Male,association_football,DI,100,"6,000","1,017.24",0,0,0,0,0.61,19.02,8,0,5.27,0,10.17,61.24,106.17
"2,113",18,Male,association_football,DI,100,"6,000",856.93,0,0,0,0,0.51,16.05,7,7,4.25,4.51,8.57,51.65,73.48
"2,113",18,Male,association_football,DI,100,"6,000","9,445.69",169.62,35.58,18,2,5.67,28.99,71,48,7.18,5.33,94.46,93.32,"1,129.42"
"2,113",18,Male,association_football,DI,120,"7,200","7,693.87",191.3,4.81,19,1,3.85,25.16,98,71,5.77,5.96,64.12,85.32,989.86
"2,113",18,Male,association_football,DI,120,"7,200","5,143.76",79.03,0,4,0,2.57,22.46,59,32,5.72,5.73,42.86,72.3,553.32
"2,113",18,Male,association_football,DI,120,"7,200","4,780.08",28.45,0,3,0,2.39,23.29,45,30,5.88,7.82,39.83,74.99,538.4
"2,113",18,Male,association_football,DI,120,"7,200","3,560.06",7.81,0,1,0,1.78,22.29,36,19,5.61,4.59,29.67,71.76,366.76
"2,113",18,Male,association_football,DI,120,"7,200","4,879.81",0,0,0,0,2.44,20.65,62,34,5.69,4.07,40.67,66.46,486.41
"2,113",18,Male,association_football,DI,120,"7,200","6,326.37",69.08,0,7,0,3.16,23.48,70,46,5.9,5.7,52.72,75.59,752.89
"2,113",18,Male,association_football,DI,120,"7,200","1,775.68",13.08,0,1,0,0.89,20.97,15,2,5.08,3.54,14.8,67.5,215.04
"2,113",18,Male,association_football,DI,120,"7,200","7,119.66",168.97,0,14,0,3.56,24.42,70,55,5.38,5.62,59.33,78.62,865.97
"2,113",18,Male,association_football,DI,90,"5,400","4,618.82",38.87,0,7,0,3.08,21.82,72,60,5.77,6.04,51.32,70.24,575.79
"2,113",18,Male,association_football,DI,120,"7,200","8,130.48",210.5,20.15,17,1,4.07,29.73,87,70,5.55,6.18,67.75,95.69,967.71
"2,113",18,Male,association_football,DI,95,"5,700","4,433.80",80.98,0,6,0,2.8,22.62,51,32,6.65,5.1,46.67,72.82,504.39
"2,113",18,Male,association_football,DI,110,"6,600","7,743.01",113.41,21.15,15,3,4.22,26.86,96,46,6,5.84,70.39,86.46,979.67
"2,113",18,Male,association_football,DI,75,"4,500","4,241.34",23.28,0,3,0,3.39,22.11,47,33,5.42,5.55,56.55,71.19,478.33
"2,113",18,Male,association_football,DI,90,"5,400","5,193.33",70.55,6.44,10,1,3.46,25.54,35,25,4.98,7.02,57.7,82.21,567.54
"2,113",18,Male,association_football,DI,90,"5,400","6,202.93",136.77,8.78,15,1,4.14,25.43,74,68,5.31,7.64,68.92,81.87,763.76
"2,113",18,Male,association_football,DI,120,"7,200","4,579.97",25.15,0,3,0,2.29,22.31,54,31,5.03,5.04,38.17,75.67,469.11
"2,113",18,Male,association_football,DI,100,"6,000","7,808.88",305.02,28.97,22,3,4.69,27.21,63,39,5.27,5.29,78.09,92.3,961.13
"2,113",18,Male,association_football,DI,90,"5,400","4,850.17",44.89,0,6,0,3.23,22.04,62,48,6.09,6.16,53.89,70.93,536.49
"2,113",18,Male,association_football,DI,125,"7,500","7,052.97",161.15,5.25,13,1,3.39,26.21,65,32,5.55,6.62,56.42,0,737.56
"2,113",18,Male,association_football,DI,90,"5,400","2,308.17",87.82,0,4,0,1.54,23.78,10,4,5.16,3.94,25.65,90.73,197.7
"2,113",18,Male,association_football,DI,120,"7,200","2,987.24",0,0,0,0,1.49,17.17,20,0,5.15,0,24.89,65.5,264.11
"2,227",20,Female,association_football,DI,120,"7,200","6,491.61",287.07,22.48,16,3,3.25,22.45,29,25,5.49,6.25,54.1,55.15,741.44
"2,227",20,Female,association_football,DI,105,"6,300","5,359.72",8.38,0,2,0,3.06,19.52,51,55,4.91,5.75,51.04,76.85,766.29
"2,227",20,Female,association_football,DI,110,"6,600","2,756.57",33,0,2,0,1.5,22.37,28,30,4.66,4.87,25.06,54.95,333.37
"2,227",20,Female,association_football,DI,90,"5,400",100.87,0,0,0,0,0.067,6.51,0,0,0,0,1.12,15.98,6.47
"2,227",20,Female,association_football,DI,110,"6,600",723.16,0,0,0,0,0.39,17.27,4,0,3.86,0,6.57,42.42,76.25
"2,227",20,Female,association_football,DI,90,"5,400","3,668.85",39.81,0,2,0,2.45,22.1,34,21,4.64,5.06,40.77,54.29,475.91
"2,227",20,Female,association_football,DI,100,"6,000","5,422.53",53.44,6.12,6,1,3.25,22.8,28,38,5.64,4.88,54.23,89.74,669.02
"2,227",20,Female,association_football,DI,116,"6,960","5,364.42",85.76,15.62,10,1,2.77,24.07,29,46,5.09,6.3,46.25,59.13,798.08
"2,227",20,Female,association_football,DI,99,"5,940","3,911.98",27,0,3,0,2.37,21.83,33,21,4.7,4.81,39.51,54.39,394.24
"2,227",20,Female,association_football,DI,91,"5,460","2,012.69",63.98,8.11,5,1,1.33,23.44,11,11,3.97,7.96,22.12,57.57,400.37
"2,227",20,Female,association_football,DI,80,"4,800","3,484.37",16.51,0,2,0,2.61,20.38,37,22,4.53,5.26,43.55,50.07,420.48
"2,227",20,Female,association_football,DI,60,"3,600","1,869.61",0,0,0,0,1.87,19.29,13,6,8.15,5.5,31.16,47.39,201.54
"2,227",20,Female,association_football,DI,90,"5,400",824.75,8.49,0,1,0,0.55,19.16,8,7,3.47,5.19,9.16,47.08,116.17
"2,227",20,Female,association_football,DI,123,"7,380","8,095.30",55.74,0,8,0,3.95,20.82,32,42,4.83,6.34,65.82,0,"1,255.10"
"2,227",20,Female,association_football,DI,105,"6,300","3,482.31",13.32,7.67,3,1,1.99,22.31,32,22,5.47,7.1,33.16,107.12,447.83
"2,227",20,Female,association_football,DI,75,"4,500",801.68,0,0,0,0,0.64,13.02,3,2,3.64,3.45,10.69,58.35,80.09
"2,227",20,Female,association_football,DI,78,"4,680","4,588.82",91.82,25.93,8,2,3.53,23.32,28,39,5.39,5,58.83,104.55,726.06
"2,227",20,Female,association_football,DI,100,"6,000","2,001.41",0,0,0,0,1.2,18.86,18,9,5.48,4.95,20.01,46.32,296.28
"2,227",20,Female,association_football,DI,110,"6,600","4,832.57",139.65,107.7,17,3,2.64,25.4,40,33,5.33,8.01,43.93,108.92,604.28
"2,227",20,Female,association_football,DI,105,"6,300","3,272.90",38.56,0,6,0,1.87,21.29,28,21,4.7,5.84,31.17,83.81,409.85
"2,227",20,Female,association_football,DI,120,"7,200","6,774.86",31.36,0,4,0,3.39,20.83,32,34,5.09,4.83,56.46,81.99,968.07
"2,227",20,Female,association_football,DI,90,"5,400","2,763.17",51.03,0,5,0,1.84,21.83,9,20,4.38,5.93,30.7,53.63,448.06
"2,227",20,Female,association_football,DI,104,"6,240","2,318.14",30.83,15.74,6,1,1.34,23.84,9,23,4.5,6.23,22.29,58.56,355.05
"2,227",20,Female,association_football,DI,100,"6,000","3,852.53",23.19,0,2,0,2.31,21.28,23,31,5.31,8.31,38.53,52.29,441.55
"2,227",20,Female,association_football,DI,77,"4,620","3,471.07",58.84,8.4,7,2,2.7,22.7,31,14,4.2,4.71,45.08,89.36,378.83
"2,227",20,Female,association_football,DI,100,"6,000","2,545.63",93.72,0,10,0,1.53,21.75,12,19,4.26,5.75,25.46,53.43,377.36
"2,227",20,Female,association_football,DI,110,"6,600","5,475.45",54.15,0,6,0,2.99,22.49,54,35,4.54,5.67,49.78,55.24,712.83
"2,227",20,Female,association_football,DI,110,"6,600","2,954.99",7.07,0,1,0,1.61,22.37,20,9,4.95,4.82,26.86,54.96,355.91
"2,227",20,Female,association_football,DI,90,"5,400","3,375.33",22.29,0,2,0,2.25,21.64,22,14,4.7,5.02,37.5,53.16,417
"2,227",20,Female,association_football,DI,90,"5,400",179.97,0,0,0,0,0.12,7.48,0,0,0,0,2,18.37,9.94
"2,227",20,Female,association_football,DI,90,"5,400","1,880.27",41.37,6.02,5,1,1.25,22.07,6,12,3.97,6.02,20.89,54.21,257.64
"2,227",20,Female,association_football,DI,110,"6,600","4,495.18",60.99,19.04,9,1,2.45,24.34,33,20,4.4,5.9,40.87,59.81,628.2
"2,227",20,Female,association_football,DI,90,"5,400",221.44,0,0,0,0,0.15,13.08,0,0,0,0,2.46,32.14,25.16
"2,227",20,Female,association_football,DI,70,"4,200","4,141.19",69.68,44.25,7,2,3.55,24.53,30,37,5.11,5.6,59.16,60.26,501.91
"2,227",20,Female,association_football,DI,90,"5,400","2,030.76",61.57,0,7,0,1.35,20.61,6,14,3.87,5.32,22.56,50.63,249.37
"2,227",20,Female,association_football,DI,90,"5,400","3,766.15",60.58,0,5,0,2.51,20.89,41,41,4.33,5.06,41.85,51.31,449.53
"2,227",20,Female,association_football,DI,90,"5,400","4,191.37",9.63,0,1,0,2.79,21,43,64,4.51,5.45,46.57,51.6,629.99
"2,227",20,Female,association_football,DI,90,"5,400","4,756.44",79.87,17.99,9,1,3.17,25.08,24,29,4.83,5.33,52.85,61.63,670.2
"2,227",20,Female,association_football,DI,90,"5,400","1,620.78",0,0,0,0,1.08,17.77,8,15,4.38,7.12,18.01,43.65,229.43
"2,227",20,Female,association_football,DI,90,"5,400","4,319.95",0,0,0,0,2.88,18.91,46,52,4.32,5.89,48,46.45,629.27
"2,227",20,Female,association_football,DI,90,"5,400","3,292.26",17.51,0,3,0,2.19,19.94,24,21,4.28,6.18,36.58,48.98,391.25
"2,227",20,Female,association_football,DI,90,"5,400","2,739.51",45.39,0,4,0,1.83,21.51,7,25,3.62,6.7,30.44,52.83,418.34
"2,227",20,Female,association_football,DI,90,"5,400","4,240.76",9.17,0,1,0,2.83,20.62,22,43,4.24,5.96,47.12,50.65,551.83
"2,227",20,Female,association_football,DI,90,"5,400","4,069.35",58.29,5.22,5,1,2.71,23.03,30,27,4.49,6.3,45.21,56.58,511.13
"2,227",20,Female,association_football,DI,90,"5,400","4,201.53",41.7,0,5,0,2.8,21.39,37,34,4.8,5.53,46.68,52.56,561.16
"2,227",20,Female,association_football,DI,90,"5,400","1,270.23",6.97,0,2,0,0.85,19.13,9,13,4.47,5.69,14.11,46.99,207.87
"2,227",20,Female,association_football,DI,76,"4,560","2,537.47",3.88,0,1,0,2,20.55,17,10,7.07,9.33,33.39,50.49,261.9
"2,227",20,Female,association_football,DI,90,"5,400","4,249.06",0,0,0,0,2.83,18.7,22,29,4.26,4.61,47.21,45.94,559.03
"2,227",20,Female,association_football,DI,90,"5,400","2,783.73",3.27,0,1,0,1.86,19.15,19,25,4.53,5.72,30.93,47.04,309.84
"2,286",18,Male,association_football,DI,120,"7,200","9,340.19",192.04,78.3,25,6,4.67,29.16,118,84,6.4,7.1,77.83,99.17,"1,563.80"
"2,286",18,Male,association_football,DI,120,"7,200","6,920",76.91,23.44,8,2,3.46,26.82,58,39,5.62,5.88,57.67,91.21,"1,048.41"
"2,286",18,Male,association_football,DI,90,"5,400","1,360.14",16.3,0,1,0,0.91,22.43,8,3,4.28,3.25,15.11,76.33,150.44
"2,286",18,Male,association_football,DI,100,"6,000",979.41,0,0,0,0,0.59,16.81,5,12,4.8,4.53,9.79,57.19,111.39
"2,286",18,Male,association_football,DI,120,"7,200","5,589.76",47.66,0,7,0,2.79,21.53,82,60,6.23,6.21,46.58,73.23,703.25
"2,286",18,Male,association_football,DI,120,"7,200","7,375.98",124.88,18.43,14,2,3.69,25.75,104,90,5.92,6.45,61.47,87.59,"1,108.65"
"2,286",18,Male,association_football,DI,95,"5,700","7,124.08",205.48,15.81,26,2,4.5,25.32,116,100,6.39,6.46,74.99,86.14,"1,178.11"
"2,286",18,Male,association_football,DI,121,"7,260","4,683.46",73.82,32.25,6,2,2.32,26.59,55,37,5.74,6.01,38.71,90.43,567.08
"2,286",18,Male,association_football,DI,101,"6,060","1,418.50",0,0,0,0,0.84,20.01,12,6,5.73,4.25,14.04,68.06,168.23
"2,286",18,Male,association_football,DI,100,"6,000","3,336.18",114.25,0,12,0,2,23.98,26,22,5.68,6.02,33.36,81.57,534.3
"2,286",18,Male,association_football,DI,100,"6,000","7,095.89",235.93,9.65,23,1,4.26,26.28,72,63,6.76,7.36,70.96,89.37,"1,059.64"
"2,286",18,Male,association_football,DI,60,"3,600","7,356.70",275.02,0,26,0,7.36,24.35,61,75,5.88,6.24,122.61,82.84,"1,358.32"
"2,286",18,Male,association_football,DI,120,"7,200","8,152.97",296.37,13.47,28,2,4.08,27.08,92,72,5.93,5.92,67.94,92.1,"1,219.78"
"2,286",18,Male,association_football,DI,120,"7,200","5,745.61",102.51,52.48,14,4,2.87,26.77,55,43,5.8,6.73,47.88,91.04,789.7
"2,286",18,Male,association_football,DI,120,"7,200","6,264.04",21.08,0,5,0,3.13,20.79,93,52,5.95,6.16,52.2,70.71,849.96
"2,286",18,Male,association_football,DI,120,"7,200","4,917.04",85.26,13.83,12,1,2.46,28,51,47,6.32,6.59,40.98,95.24,643.73
"2,286",18,Male,association_football,DI,120,"7,200","1,503.49",23.7,0,1,0,0.75,24.45,22,9,4.82,3.47,12.53,83.15,213.8
"2,286",18,Male,association_football,DI,90,"5,400","5,203.91",27.48,0,3,0,3.47,22.35,90,71,6.45,7.16,57.82,76.03,745.02
"2,286",18,Male,association_football,DI,95,"5,700","4,870.51",68.96,79.2,8,3,3.08,29.24,77,52,5.51,7.01,51.27,99.45,679.03
"2,286",18,Male,association_football,DI,110,"6,600","8,759.91",92.93,0,12,0,4.78,24.69,91,69,6.22,6.41,79.64,83.97,"1,425.64"
"2,286",18,Male,association_football,DI,75,"4,500","4,724.27",58.05,0,8,0,3.78,23,43,42,6.62,6.88,62.99,78.23,665.1
"2,286",18,Male,association_football,DI,120,"7,200","8,551.54",192.73,69,19,5,4.28,29.4,99,105,5.57,8.56,71.26,100.03,"1,273.53"
"2,286",18,Male,association_football,DI,95,"5,700","1,494.25",158.91,167.9,18,8,0.94,29.39,8,12,6.4,6.54,15.73,99.97,264.35
"2,286",18,Male,association_football,DI,90,"5,400","5,113.54",98.57,29.87,8,1,3.41,26.47,72,45,5.66,6.53,56.82,96.38,657.92
"2,286",18,Male,association_football,DI,90,"5,400","4,792.14",25.47,0,2,0,3.19,23.89,66,42,5.69,7.19,53.25,86.98,697.93
"2,286",18,Male,association_football,DI,90,"5,400",973.03,0,0,0,0,0.65,18.06,8,7,4.63,4.42,10.81,61.43,111.4
"2,286",18,Male,association_football,DI,95,"5,700","1,146.53",119.48,22.88,10,2,0.72,27.38,10,10,5.35,5.73,12.07,93.14,251.84
"2,286",18,Male,association_football,DI,120,"7,200","8,676.69",215.45,106.23,24,4,4.34,27.91,72,70,5.95,5.98,72.31,94.96,"1,358.05"
"2,286",18,Male,association_football,DI,120,"7,200","5,605.33",107.61,80.08,10,3,2.8,27.81,71,47,5.35,5.91,46.71,94.61,830.23
"2,286",18,Male,association_football,DI,120,"7,200","7,691.21",93.09,0,12,0,3.85,23.92,88,58,5.37,6.11,64.09,87.1,"1,046.93"
"2,286",18,Male,association_football,DI,120,"7,200","6,360.79",111.69,0,15,0,3.18,22.49,77,61,6.35,7.24,53.01,81.89,890.17
"2,286",18,Male,association_football,DI,120,"7,200","5,910.53",123.09,19.85,15,1,2.96,27.16,82,56,5.84,7.09,49.25,98.87,739.59
"2,286",18,Male,association_football,DI,120,"7,200","6,647.91",168.81,0,17,0,3.32,24.96,103,74,6.17,7.36,55.4,90.88,969.54
"2,286",18,Male,association_football,DI,120,"7,200","6,406.01",68.88,0,7,0,3.2,22.6,49,31,5.91,5.23,53.38,82.29,890.03
"2,286",18,Male,association_football,DI,195,"11,700","8,778.68",153.67,11.22,17,2,2.7,25.61,55,47,5.84,8.15,45.02,93.25,"1,149.68"
"2,286",18,Male,association_football,DI,120,"7,200","5,227.01",121.79,0,6,0,2.61,24.93,82,44,5.67,6.06,43.56,90.75,732.39
"2,286",18,Male,association_football,DI,120,"7,200","9,055.79",392.89,20.04,36,1,4.53,27.15,102,88,6.58,7.24,75.46,98.85,"1,327.67"
"2,286",18,Male,association_football,DI,120,"7,200","6,076.80",287.59,38.48,28,3,3.04,26.84,96,47,6.52,7.15,50.64,97.7,857.08
"2,286",18,Male,association_football,DI,90,"5,400","2,628.31",79.93,48.33,6,2,1.75,26.8,26,7,6.27,3.38,29.2,97.58,349.58
"2,286",18,Male,association_football,DI,125,"7,500","8,180.27",228.65,71.29,27,4,3.93,27.47,97,86,8.77,8.05,65.44,0,"1,175.59"
"2,286",18,Male,association_football,DI,91,"5,460","3,283.91",21.97,0,1,0,2.17,23.88,57,24,5.66,5.29,36.09,81.22,434.18
"2,331",18,Male,association_football,DI,101,"6,060","5,328.31",0,0,0,0,3.17,17.95,27,8,5.56,7.21,52.76,69.63,367.6
"2,331",18,Male,association_football,DI,121,"7,260","3,568",0,0,0,0,1.77,18.84,57,20,7.14,7.77,29.49,73.09,332.95
"2,331",18,Male,association_football,DI,91,"5,460","2,193.94",0,0,0,0,1.45,16.88,47,21,7.73,6.59,24.11,65.48,222.95
"2,331",18,Male,association_football,DI,120,"7,200","3,824.28",0,0,0,0,1.91,19,74,42,6.52,6.71,31.87,73.68,363.46
"2,331",18,Male,association_football,DI,100,"6,000","4,191.99",0,0,0,0,2.52,18.99,9,8,6.61,4.62,41.92,73.66,319.68
"2,331",18,Male,association_football,DI,120,"7,200","2,926.30",4.93,0,1,0,1.46,20.15,43,14,6.36,6.29,24.39,78.15,276.98
"2,331",18,Male,association_football,DI,120,"7,200","4,384.92",0,0,0,0,2.19,18.42,50,29,5.89,7.08,36.54,71.46,370.41
"2,331",18,Male,association_football,DI,95,"5,700","2,763.61",0,0,0,0,1.75,18.84,40,21,6.86,7.63,29.09,73.08,262.78
"2,331",18,Male,association_football,DI,95,"5,700",851.71,0,0,0,0,0.54,14.47,4,5,4.84,5.57,8.97,56.14,61.27
"2,331",18,Male,association_football,DI,90,"5,400","4,441.34",23.27,0,2,0,2.96,22.6,61,25,7.3,7.32,49.35,87.68,401.67
"2,331",18,Male,association_football,DI,90,"5,400","3,611.40",0,0,0,0,2.41,18.42,43,33,6.12,7.83,40.13,71.45,298.69
"2,331",18,Male,association_football,DI,90,"5,400","4,862.67",0,0,0,0,3.24,17.14,13,6,4.55,3.46,54.03,66.47,288.74
"2,331",18,Male,association_football,DI,95,"5,700","3,847.84",8.36,0,1,0,2.43,20.65,19,11,4.97,6,40.5,80.11,325.52
"2,331",18,Male,association_football,DI,120,"7,200","3,732.53",7.8,0,1,0,1.87,21.14,76,25,7.27,5.88,31.1,81.98,339.28
"2,331",18,Male,association_football,DI,120,"7,200","3,840.75",0,0,0,0,1.92,16.65,71,21,7.3,6.35,32.01,64.6,414.45
"2,331",18,Male,association_football,DI,120,"7,200","5,263.39",3.53,0,1,0,2.63,19.86,35,15,6.41,6.2,43.86,77.03,407.1
"2,331",18,Male,association_football,DI,195,"11,700","5,572.67",0,0,0,0,1.71,18.71,49,19,7.64,4.76,28.58,72.56,398.89
"2,331",18,Male,association_football,DI,120,"7,200","4,299.80",92.78,16.64,6,2,2.15,25.78,50,20,6.78,4.67,35.83,101.79,436.52
"2,331",18,Male,association_football,DI,75,"4,500","3,357.80",0,0,0,0,2.69,19.58,40,15,7.08,5.83,44.77,75.96,301.75
"2,331",18,Male,association_football,DI,110,"6,600","4,337.04",0,0,0,0,2.37,19.49,59,26,7.11,6.89,39.43,75.6,407.7
"2,331",18,Male,association_football,DI,95,"5,700","2,823.90",29.64,0,1,0,1.78,23.21,42,19,7.66,7.08,29.73,90.03,273.99
"2,331",18,Male,association_football,DI,120,"7,200","5,006.38",3.72,0,1,0,2.5,21.27,70,24,6.21,6.94,41.72,82.5,436.02
"2,331",18,Male,association_football,DI,100,"6,000","5,355.09",5.67,0,1,0,3.21,20.71,35,19,6.52,5.69,53.55,80.32,353.48
"2,331",18,Male,association_football,DI,90,"5,400","3,224.21",0,0,0,0,2.15,15.81,61,18,7.16,8.09,35.82,61.33,301.75
"2,331",18,Male,association_football,DI,120,"7,200","1,017.94",0,0,0,0,0.51,11.78,11,1,6.29,3.35,8.48,45.68,102.8
"2,331",18,Male,association_football,DI,120,"7,200","2,136.21",0,0,0,0,1.07,17.02,24,8,6.18,4.17,17.8,66,178.81
"2,331",18,Male,association_football,DI,120,"7,200","3,179.60",0,0,0,0,1.59,17.68,56,11,6.06,5.61,26.5,68.56,326.51
"2,331",18,Male,association_football,DI,109,"6,540","6,447.07",0,0,0,0,3.55,19.76,32,14,7.34,6.54,59.15,76.65,469.17
"2,331",18,Male,association_football,DI,120,"7,200","5,170.50",0,0,0,0,2.59,18.6,62,32,6.97,8.32,43.09,72.14,428.17
"2,331",18,Male,association_football,DI,120,"7,200","4,432.81",17.76,0,1,0,2.22,21.98,50,24,6.36,7.81,36.94,85.28,485.48
"2,331",18,Male,association_football,DI,120,"7,200","3,647.37",12.19,0,1,0,1.82,20.54,79,19,7.01,6.33,30.39,79.69,328.34
"2,331",18,Male,association_football,DI,120,"7,200","3,514.03",0,0,0,0,1.76,16.41,43,22,6.78,4.63,29.28,63.64,277.67
"2,331",18,Male,association_football,DI,120,"7,200","5,796.05",17.54,0,2,0,2.9,25.33,52,33,6.74,7.9,48.3,132.75,535.68
"2,331",18,Male,association_football,DI,120,"7,200","3,638.77",0,0,0,0,1.82,18.12,43,17,6.9,6.6,30.32,95,287.8
"2,331",18,Male,association_football,DI,90,"5,400","3,655.19",0,0,0,0,2.44,19.08,67,42,7.34,7.8,40.61,0,330.34
"2,331",18,Male,association_football,DI,100,"6,000","5,590.88",0,0,0,0,3.35,17.28,21,9,4.86,7.48,55.91,67.03,369.73
"2,331",18,Male,association_football,DI,100,"6,000","4,563.31",3.13,0,1,0,2.74,20.14,13,8,5.62,3.66,45.63,78.12,302.12
"4,923",22,Male,association_football,DI,91,"5,460","5,576.20",193.57,23.05,24,3,3.68,28.3,64,64,6.26,7.91,61.28,0,"1,008.62"
"5,520",22,Male,association_football,DI,130,"7,800","8,395.28",409.86,32.03,31,3,3.87,27.51,71,55,6.07,7.36,64.58,93.73,"1,252.74"
"5,520",22,Male,association_football,DI,120,"7,200","7,433.51",249.09,52.67,23,5,3.72,27.49,83,55,5.81,6.74,61.95,93.66,992.65
"5,520",22,Male,association_football,DI,95,"5,700","6,670.25",406.08,116.76,40,9,4.21,29.35,64,53,5.65,7.75,70.21,109.87,"1,226.22"
"5,520",22,Male,association_football,DI,75,"4,500","4,450.78",103.49,19.99,12,1,3.56,26.63,60,43,5.91,7.14,59.34,90.74,672.06
"5,520",22,Male,association_football,DI,90,"5,400","4,958.34",207.26,10.18,19,1,3.31,26.95,52,31,5.64,6.24,55.09,62.78,716.74
"5,520",22,Male,association_football,DI,103,"6,180","3,645.26",0,0,0,0,2.12,7.85,0,0,0,0,35.39,18.28,75.58
"5,520",22,Male,association_football,DI,60,"3,600","2,810.62",0,0,0,0,2.81,15.9,29,9,5.58,5.55,46.84,37.05,174.59
"5,520",22,Male,association_football,DI,83,"4,980","7,072.62",158.22,0,16,0,5.11,25.22,61,53,6.16,6.79,85.21,94.43,"1,109.34"
"5,520",22,Male,association_football,DI,111,"6,660","7,617.51",159.23,17.08,18,2,4.12,26.71,91,74,5.4,6.54,68.63,0,"1,101.84"
"5,520",22,Male,association_football,DI,297,"17,820","5,337.26",73.16,786.34,6,21,1.08,42.92,0,0,0,0,17.97,141.67,120.72
"5,520",22,Male,association_football,DI,103,"6,180","3,647.60",162.46,14.54,15,1,2.12,26.48,32,35,5.25,6.75,35.41,87.39,673.47
"5,520",22,Male,association_football,DI,80,"4,800","5,687.42",153.19,0,12,0,4.27,25.72,69,41,5.88,6.85,71.09,84.89,858.86
"5,520",22,Male,association_football,DI,139,"8,340","9,331.91",455.59,126.34,43,9,4.03,30.3,87,83,5.6,8.19,67.14,103.24,"1,638.47"
"5,520",22,Male,association_football,DI,60,"3,600","3,379.31",99.1,11.31,13,2,3.38,26.39,40,25,6.2,5.13,56.32,89.91,471.71
"5,520",22,Male,association_football,DI,108,"6,480","5,113.81",0,0,0,0,2.84,18.87,56,48,5.33,6.17,47.35,64.29,476.72
"5,841",20,Female,association_football,DI,110,"6,600","3,676.50",157.7,120.77,19,4,2.01,24.66,32,27,5.79,6.22,33.42,99.48,436.28
"5,841",20,Female,association_football,DI,105,"6,300","2,667.70",44.92,0,4,0,1.52,21.88,24,16,5.57,5.68,25.41,88.25,339.77
"5,841",20,Female,association_football,DI,120,"7,200","4,834.54",54.99,6.23,7,1,2.42,23.68,15,14,3.93,4.98,40.29,95.53,674.23
"5,841",20,Female,association_football,DI,90,"5,400","2,879.11",62.8,18.2,10,1,1.92,24.53,10,17,4.25,5.87,31.99,60.88,448.83
"5,841",20,Female,association_football,DI,104,"6,240","1,724.49",40.52,10.08,4,1,0.99,24.05,3,5,3.7,5.19,16.58,59.68,281.46
"5,841",20,Female,association_football,DI,90,"5,400","4,279.48",60.86,0,7,0,2.85,21.15,29,19,5.15,6.04,47.55,52.48,705.78
"5,841",20,Female,association_football,DI,110,"6,600","2,976.68",51.22,0,2,0,1.62,21.94,35,27,5.1,6.07,27.06,54.45,425.24
"5,841",20,Female,association_football,DI,105,"6,300","3,768.57",29.21,0,1,0,2.15,22.39,19,13,4.27,5.83,35.89,90.33,564.79
"5,841",20,Female,association_football,DI,100,"6,000","3,475.25",41.52,0,6,0,2.09,21.8,35,15,8.07,5.21,34.75,54.08,440.45
"5,841",20,Female,association_football,DI,70,"4,200","4,524.78",191.37,7.08,13,1,3.88,22.02,19,29,5.02,5.67,64.64,54.64,635.28
"5,841",20,Female,association_football,DI,77,"4,620","3,151.46",13.76,11.71,3,1,2.46,24.65,16,21,4.93,5.58,40.93,99.41,377.59
"5,841",20,Female,association_football,DI,100,"6,000","2,492.87",64.15,4.66,6,1,1.5,23.04,12,15,5.21,4.75,24.93,57.16,376.27
"5,841",20,Female,association_football,DI,105,"6,300","7,376.96",30.92,0,3,0,4.22,20.91,14,30,4.68,5.87,70.26,51.9,"1,213.34"
"5,841",20,Female,association_football,DI,110,"6,600","5,268.27",140.1,13.04,13,2,2.87,22.82,49,23,4.27,4.59,47.89,56.64,814.41
"5,841",20,Female,association_football,DI,100,"6,000","7,578.38",138.09,0,10,0,4.55,22.27,18,38,5.04,4.98,75.78,55.27,"1,130.52"
"5,841",20,Female,association_football,DI,110,"6,600","5,256.20",13.72,10.41,3,1,2.87,22.81,26,30,4.31,6.47,47.78,56.61,795.7
"5,841",20,Female,association_football,DI,90,"5,400","3,556.07",21.64,0,3,0,2.37,21.84,33,20,5.73,5.19,39.51,54.2,513.6
"5,841",20,Female,association_football,DI,92,"5,520","2,117.20",46.57,0,4,0,1.38,21.19,14,14,5.03,6.01,23.01,52.57,337.95
"5,841",20,Female,association_football,DI,90,"5,400","2,967.13",26,0,2,0,1.98,22.11,13,14,5.27,6.12,32.97,54.85,459.28
"5,841",20,Female,association_football,DI,110,"6,600","4,341.43",30.57,0,6,0,2.37,20.67,38,30,4.96,5.48,39.47,51.28,607.19
"5,841",20,Female,association_football,DI,90,"5,400","2,929.68",41.36,0,8,0,1.95,21.29,10,18,4.33,5.65,32.55,52.83,488.79
"5,841",20,Female,association_football,DI,70,"4,200","3,616.10",22.43,0,3,0,3.1,23.36,32,22,4.44,6.26,51.66,57.97,490.38
"5,841",20,Female,association_football,DI,90,"5,400",669.68,0,0,0,0,0.45,17.48,3,2,3.77,3.35,7.44,43.37,85.57
"5,841",20,Female,association_football,DI,90,"5,400","3,532.53",71.91,0,9,0,2.36,21.65,54,41,5.19,5.88,39.25,53.73,468.62
"5,841",20,Female,association_football,DI,90,"5,400","5,472.01",36.53,0,4,0,3.65,20.88,24,35,4.91,6.71,60.8,51.82,808.34
"5,841",20,Female,association_football,DI,90,"5,400","4,545.44",39.14,0,4,0,3.03,21.48,33,38,4.66,6.17,50.5,53.3,702.67
"5,841",20,Female,association_football,DI,90,"5,400","4,659.41",55.54,4.41,6,1,3.11,22.6,15,24,5.29,5.88,51.77,56.08,706.41
"5,841",20,Female,association_football,DI,90,"5,400","1,320.72",0,0,0,0,0.88,17.26,7,11,4.14,5.9,14.67,42.82,187.78
"5,841",20,Female,association_football,DI,90,"5,400","4,394.41",17.66,0,2,0,2.93,21.14,45,24,4.6,5.52,48.83,52.46,612.62
"5,841",20,Female,association_football,DI,90,"5,400","2,794.52",16.94,0,3,0,1.86,19.66,16,17,4.9,6.75,31.05,48.78,324.8
"5,841",20,Female,association_football,DI,90,"5,400","3,542.76",9.98,0,1,0,2.36,20.78,14,21,4.45,5.2,39.36,51.57,395.04
"5,841",20,Female,association_football,DI,90,"5,400","2,902.05",9.14,0,1,0,1.93,20.93,13,13,4.78,4.19,32.25,51.93,374.64
"5,841",20,Female,association_football,DI,74,"4,440","2,853.87",0,0,0,0,2.31,14.58,31,32,5.26,4.91,38.57,56.03,294
"5,841",20,Female,association_football,DI,101,"6,060","4,811.06",0,0,0,0,2.86,18.13,40,35,5.04,5.5,47.63,69.67,613.49
"5,841",20,Female,association_football,DI,60,"3,600","1,626.98",36.26,0,4,0,1.63,21.35,29,22,5.89,6.34,27.12,82.03,193.78
"5,841",20,Female,association_football,DI,60,"3,600","2,508.66",0,0,0,0,2.51,17.07,39,42,5.34,5.72,41.81,65.59,323.39
"5,841",20,Female,association_football,DI,28,"1,680","2,095.96",0,0,0,0,4.49,15.75,7,20,3.27,5.02,74.86,63.53,252.93
"5,841",20,Female,association_football,DI,23,"1,380","1,527.32",131.95,209.85,14,6,3.98,26.03,14,10,4.29,4.14,66.41,104.99,220.82
"5,841",20,Female,association_football,DI,80,"4,800","4,714.85",197.48,3.92,24,1,3.54,22.62,40,24,5.92,6.47,58.94,91.22,537.22
"5,841",20,Female,association_football,DI,60,"3,600","3,010.62",67.88,18.34,11,3,3.01,23.06,42,39,5.49,6.56,50.18,57.22,511.42
"5,841",20,Female,association_football,DI,70,"4,200","2,567.57",28.51,0,4,0,2.2,21.94,19,27,5.26,5.2,36.68,88.48,278.56
"5,841",20,Female,association_football,DI,90,"5,400","3,273.43",5.47,0,1,0,2.18,20.87,21,17,4.45,4.86,36.37,51.78,388.28
"5,841",20,Female,association_football,DI,90,"5,400","5,641.61",5.74,0,1,0,3.76,19.12,11,18,4.19,5.69,62.68,47.43,829.44
"5,841",20,Female,association_football,DI,76,"4,560","2,977.27",46.91,0,5,0,2.35,22.27,17,16,4.91,5.81,39.17,55.27,401.84
"5,841",20,Female,association_football,DI,73,"4,380","2,442.21",0,0,0,0,2.01,17.54,17,23,4.43,5.84,33.45,67.39,279.69
"5,841",20,Female,association_football,DI,75,"4,500",798.15,0,0,0,0,0.64,11.95,3,0,3.29,0,10.64,48.19,80.88
"5,841",20,Female,association_football,DI,90,"5,400",614.84,0,0,0,0,0.41,14.05,3,3,3.73,3.55,6.83,34.86,64.44
"5,841",20,Female,association_football,DI,105,"6,300","3,124.67",45.75,0,6,0,1.79,21.41,21,20,5.43,5.99,29.76,86.38,406.59
"5,841",20,Female,association_football,DI,90,"5,400","4,471.45",48.03,10.54,7,2,2.98,22.7,40,32,4.93,6.64,49.68,56.33,657.41
"5,841",20,Female,association_football,DI,78,"4,680","5,488.59",16.63,0,3,0,4.22,20.96,21,33,4.52,6.16,70.37,84.53,787.11
"5,841",20,Female,association_football,DI,123,"7,380","6,404.30",79.51,23.23,7,1,3.12,24.79,26,25,4.81,6.09,52.07,0,903.22
"5,841",20,Female,association_football,DI,120,"7,200","6,153.29",276.17,57.18,18,5,3.08,23.1,20,16,5.33,4.66,51.28,57.32,753.28
"5,841",20,Female,association_football,DI,60,"3,600","1,666.76",7.98,0,1,0,1.67,19.64,7,2,5.33,3.64,27.78,48.73,185.03
"5,841",20,Female,association_football,DI,80,"4,800","3,351.67",25.48,0,5,0,2.51,19.95,22,13,4.8,6.31,41.9,49.49,413.32
"5,841",20,Female,association_football,DI,91,"5,460","2,988.88",14.91,0,1,0,1.97,20.24,14,17,5.14,4.58,32.84,50.22,599.27
"5,841",20,Female,association_football,DI,99,"5,940","3,431.23",8.88,0,1,0,2.08,19.48,16,11,4.35,4.48,34.66,48.71,353.31
"5,841",20,Female,association_football,DI,116,"6,960","1,880.21",10.99,0,2,0,0.97,20.4,9,3,4.45,3.64,16.21,50.63,241.91
"5,841",20,Female,association_football,DI,100,"6,000","5,242.81",26.99,12.54,4,2,3.15,22.79,37,19,6.83,4.88,52.43,91.94,660.11
"5,841",20,Female,association_football,DI,90,"5,400","3,561.12",68.24,6.38,10,1,2.37,22.93,31,10,5.19,4.12,39.57,56.9,507.1
"5,841",20,Female,association_football,DI,110,"6,600","1,216.76",0,0,0,0,0.66,17.11,5,1,4.29,5.05,11.06,42.45,118.59
"5,841",20,Female,association_football,DI,100,"6,000","2,238.22",0,0,0,0,1.34,18.53,14,3,4.47,3.73,22.38,45.97,285.11
"5,875",22,Male,association_football,DI,90,"5,400","2,435.90",32.29,0,6,0,1.62,23.97,55,28,5.38,6.06,27.07,81.26,290.64
"5,875",22,Male,association_football,DI,115,"6,900","4,916.32",46.83,0,9,0,2.57,21.1,87,97,7.4,9.45,42.75,328.65,527.13
"5,875",22,Male,association_football,DI,106,"6,360","6,492.61",62.42,0,8,0,3.68,23.58,72,87,6.13,7.95,61.25,111.76,665.21
"5,875",22,Male,association_football,DI,92,"5,520","5,720.26",212.78,11.3,23,1,3.73,26.58,65,69,7.19,7.65,62.18,112.09,595.83
"5,875",22,Male,association_football,DI,92,"5,520","6,144.68",85.81,0,8,0,4.01,23.72,67,58,6.6,7.37,66.79,100.58,600.76
"5,875",22,Male,association_football,DI,101,"6,060","3,788.39",117.2,41.61,17,5,2.25,29.18,44,59,7.32,8.18,37.51,99.51,461.96
"5,875",22,Male,association_football,DI,85,"5,100","5,983.16",70.46,49.6,8,4,4.22,29.5,92,71,9.87,7.57,70.39,109.67,608.3
"5,875",22,Male,association_football,DI,80,"4,800","5,171.03",94.6,5.14,13,1,3.88,25.39,89,75,8.08,8.82,64.64,86.06,529.55
"5,875",22,Male,association_football,DI,90,"5,400","7,465.71",198.45,6.8,22,1,4.98,25.19,108,88,7.98,6.88,82.95,85.4,808.24
"5,875",22,Male,association_football,DI,90,"5,400","5,586.14",511.25,54.34,50,6,3.72,27.73,66,49,7.57,5.99,62.07,94.02,635.42
"5,875",22,Male,association_football,DI,90,"5,400","2,622.68",39.14,0,6,0,1.75,24.57,60,39,6.89,5.19,29.14,83.31,328.83
"6,200",21,Female,association_football,DI,75,"4,500","4,615.09",90.52,43.1,13,6,3.69,26.46,39,34,6.09,6.28,61.53,102.33,433.76
"6,200",21,Female,association_football,DI,60,"3,600","3,388.15",221.05,83.48,26,5,3.39,25.74,20,1,5.02,3.01,56.47,0,663.8
"6,200",21,Female,association_football,DI,53,"3,180","3,880.71",324.84,103.43,36,6,4.39,25.85,21,6,5.3,4.29,73.22,100.43,732.36
"6,549",22,Male,association_football,DI,139,"8,340","10,486.73",282.1,17.3,24,3,4.53,26.79,96,76,6.08,6.8,75.44,97.69,"1,846.37"
"6,549",22,Male,association_football,DI,80,"4,800","5,516.31",61.06,0,5,0,4.14,22.39,65,34,5.99,5.38,68.95,75.4,822.91
"6,549",22,Male,association_football,DI,103,"6,180","8,990.18",218.57,51.1,19,1,5.24,27.67,49,63,5.39,7.13,87.28,94.85,"1,631.64"
"6,549",22,Male,association_football,DI,97,"5,820","11,515.97",285.31,12.6,29,2,7.12,25.62,63,54,6.02,6.5,118.72,86.29,"1,846.41"
"6,549",22,Male,association_football,DI,101,"6,060","6,586.76",80.26,53.1,11,3,3.91,28.98,61,52,8.49,8.01,65.22,67.45,604.53
"6,549",22,Male,association_football,DI,90,"5,400","5,506.29",10.44,0,1,0,3.67,22.59,75,69,8.25,7.13,61.18,52.58,530.44
"6,549",22,Male,association_football,DI,90,"5,400","4,022.97",30.03,0,5,0,2.68,21.33,73,53,9.74,6.91,44.7,49.65,393.61
"6,549",22,Male,association_football,DI,90,"5,400","4,049.85",37.36,0,4,0,2.7,23.29,63,46,5.77,7.12,45,54.21,398.58
"6,549",22,Male,association_football,DI,60,"3,600","1,792.57",0,0,0,0,1.79,14.26,14,6,6.14,5.1,29.88,33.19,100.27
"6,549",22,Male,association_football,DI,103,"6,180","2,102.05",21.5,0,2,0,1.22,24.3,18,3,5.51,3.66,20.41,56.56,207.25
"6,549",22,Male,association_football,DI,115,"6,900","5,236.99",60.16,0,12,0,2.73,21.07,90,85,6.93,8.81,45.54,49.05,558.69
"6,549",22,Male,association_football,DI,90,"5,400","4,435.86",42.76,0,5,0,2.96,23.28,35,20,5.46,5.21,49.29,54.19,599.47
"6,549",22,Male,association_football,DI,94,"5,640","4,534.44",64.75,0,5,0,2.89,24.45,27,31,5.61,7.51,48.24,56.92,612.14
"6,549",22,Male,association_football,DI,80,"4,800","4,367.51",0,0,0,0,3.28,20.6,39,19,5.16,6.89,54.59,69.82,609.96
"6,549",22,Male,association_football,DI,93,"5,580","6,897.08",115.51,0,11,0,4.45,24.06,44,41,5.53,5.33,74.16,56.01,955.43
"6,549",22,Male,association_football,DI,105,"6,300","4,726.48",176.32,0,17,0,2.7,24.94,56,34,6.53,7.66,45.01,58.06,675.3
"6,549",22,Male,association_football,DI,109,"6,540","11,358.28",350.94,73.18,29,4,6.25,29.51,86,72,5.83,7.74,104.2,101.14,"1,865.96"
"6,549",22,Male,association_football,DI,106,"6,360","6,998.86",34.29,0,6,0,3.96,21.9,86,65,9.79,6.91,66.03,50.97,696.18
"6,549",22,Male,association_football,DI,105,"6,300","6,233.10",25.36,0,4,0,3.56,21.93,59,32,5.87,5.49,59.36,74.33,913.15
"6,549",22,Male,association_football,DI,120,"7,200","6,786.34",25.99,0,4,0,3.39,22.34,59,25,5.77,4.98,56.55,75.71,969.67
"6,549",22,Male,association_football,DI,111,"6,660","12,772.73",316.13,40.78,24,2,6.9,27.29,67,103,5.19,7.72,115.07,92.48,"2,081.48"
"6,549",22,Male,association_football,DI,110,"6,600","10,861.04",291.86,46.74,24,4,5.92,28.71,59,82,5.71,9.88,98.74,97.28,"1,725.85"
"6,549",22,Male,association_football,DI,110,"6,600","11,422.21",284.49,0,22,0,6.23,24.72,68,68,5.07,6.5,103.84,83.76,"2,016.12"
"6,549",22,Male,association_football,DI,111,"6,660","10,630.24",187.55,0,21,0,5.75,23.37,49,62,5.96,7.91,95.77,79.21,"1,777.92"
"6,549",22,Male,association_football,DI,105,"6,300","10,951.99",159.35,18.02,20,1,6.26,28.6,76,67,5.24,7.61,104.3,98.03,"1,772.52"
"6,549",22,Male,association_football,DI,96,"5,760","8,739.35",370.4,68.32,32,7,5.46,26.36,49,62,5.48,6.89,91.03,90.37,"1,328.26"
"6,549",22,Male,association_football,DI,99,"5,940","10,258.55",313.58,32.54,25,2,6.22,29.17,53,66,5.75,6.56,103.62,105.43,"1,753.17"
"6,549",22,Male,association_football,DI,51,"3,060","3,221.53",4.85,0,1,0,3.79,20.23,18,9,5.08,5.76,63.17,68.56,202.53
"6,549",22,Male,association_football,DI,111,"6,660","7,550.29",88.51,0,12,0,4.08,22.71,109,63,6.87,7.47,68.02,0,"1,120.19"
"6,549",22,Male,association_football,DI,113,"6,780","12,190.11",301.67,14.92,32,2,6.47,26.85,55,69,5.46,6.81,107.88,62.65,"1,941.03"
"6,549",22,Male,association_football,DI,83,"4,980","5,798.55",153.44,0,13,0,4.19,24.42,58,33,5.48,5.67,69.86,107.22,850.39
"6,549",22,Male,association_football,DI,110,"6,600","11,666.71",190.03,10.01,17,1,6.36,25.9,77,87,5.09,7.26,106.06,87.78,"1,882.14"
"6,549",22,Male,association_football,DI,71,"4,260","1,510.96",7.1,0,1,0,1.28,21.75,24,7,4.79,5.81,21.28,73.26,194.7
"6,549",22,Male,association_football,DI,81,"4,860","4,706.42",71.35,0,6,0,3.49,24.41,62,28,6.03,4.87,58.1,56.83,661.09
"6,549",22,Male,association_football,DI,111,"6,660","11,681.49",303.63,18.96,33,1,6.31,27.58,76,62,6.33,7.97,105.24,93.46,"1,737.42"
"6,549",22,Male,association_football,DI,85,"5,100","5,413.56",82.4,16.96,9,1,3.82,27.48,44,32,5.29,5.39,63.69,63.97,801.86
"6,549",22,Male,association_football,DI,95,"5,700","7,201.36",36.3,0,6,0,4.55,23.77,53,37,5.3,5.99,75.8,55.34,"1,102.14"
"6,549",22,Male,association_football,DI,115,"6,900","7,337.61",21.95,0,3,0,3.83,21.87,78,62,5.61,5.2,63.81,50.92,"1,046"
"6,549",22,Male,association_football,DI,105,"6,300","6,766.63",151.85,90.14,17,6,3.87,29.1,63,42,6.2,9.55,64.44,67.74,980.19
"6,549",22,Male,association_football,DI,297,"17,820","7,376.41",76.47,750.01,6,16,1.49,42.96,0,0,0,0,24.84,100.24,126.24
"6,549",22,Male,association_football,DI,92,"5,520","5,625.49",361.37,18.44,34,3,3.67,25.92,67,64,9.13,9.56,61.15,60.33,629.46
"6,549",22,Male,association_football,DI,75,"4,500","3,993.82",98.8,0,7,0,3.2,24.29,43,30,5.42,5.97,53.25,94.6,534.08
"6,549",22,Male,association_football,DI,95,"5,700","5,986.88",252.03,19.28,22,3,3.78,25.67,35,48,5.53,8.23,63.02,105.14,"1,084.94"
"6,549",22,Male,association_football,DI,130,"7,800","8,112.93",184.66,15.67,14,1,3.74,27.43,93,45,5.84,6.32,62.41,106.83,"1,201.13"
"6,549",22,Male,association_football,DI,120,"7,200","7,979.75",49.07,0,8,0,3.99,22.26,84,67,5.72,6.45,66.5,86.7,"1,172.66"
"6,549",22,Male,association_football,DI,108,"6,480","4,530.37",26.86,0,3,0,2.52,22.19,32,26,5.81,5.1,41.95,80.91,383.15
"6,549",22,Male,association_football,DI,60,"3,600","3,143.93",3.29,0,1,0,3.14,20,33,28,5.09,6.34,52.4,72.93,400.55
"6,613",20,Female,association_football,DI,90,"5,400","2,391.25",41.88,0,3,0,1.59,21.44,10,14,4.47,5.62,26.57,52.7,298.39
"6,613",20,Female,association_football,DI,100,"6,000","3,579.46",0,0,0,0,2.15,18.34,28,27,9.7,9.74,35.79,45.09,403.01
"6,613",20,Female,association_football,DI,104,"6,240","2,904.64",99.28,38.39,14,2,1.68,24.51,11,19,4.52,8.73,27.93,60.26,413.53
"6,613",20,Female,association_football,DI,120,"7,200","5,545.11",42.29,0,3,0,2.77,21.87,22,33,5.43,4.81,46.21,86.89,687.77
"6,613",20,Female,association_football,DI,105,"6,300","2,927.51",4.3,21.56,1,1,1.67,24.09,21,16,4.53,6.59,27.88,95.7,356.96
"6,613",20,Female,association_football,DI,110,"6,600","3,842.20",76.42,85.27,9,3,2.1,25.17,26,16,4.61,5.02,34.93,117.28,458.31
"6,613",20,Female,association_football,DI,80,"4,800","3,241.71",4.54,0,1,0,2.43,19.19,18,17,4.67,5.26,40.52,47.17,367.18
"6,613",20,Female,association_football,DI,90,"5,400","2,643.22",0,0,0,0,1.76,16.09,11,11,4.07,4.97,29.37,39.56,260.57
"6,613",20,Female,association_football,DI,90,"5,400","4,487.84",0,0,0,0,2.99,18.93,28,34,4.48,5.49,49.86,46.53,572.63
"6,613",20,Female,association_football,DI,76,"4,560","2,063.50",0,0,0,0,1.63,14.39,11,11,3.78,4.15,27.15,35.37,204.54
"6,613",20,Female,association_football,DI,90,"5,400","1,383.93",0,0,0,0,0.92,14.91,12,6,4.39,4.36,15.38,36.65,161.62
"6,613",20,Female,association_football,DI,90,"5,400","3,877.81",0,0,0,0,2.59,18.87,27,26,4.6,5.39,43.09,46.4,472.67
"6,613",20,Female,association_football,DI,90,"5,400","2,899.96",8.84,0,1,0,1.93,19.27,19,18,4.14,5.1,32.22,47.39,367.91
"6,613",20,Female,association_football,DI,90,"5,400","6,310.95",33.17,0,4,0,4.21,21.43,36,45,5.04,5.39,70.12,52.68,878.19
"6,613",20,Female,association_football,DI,90,"5,400","2,746.70",26.2,42.92,5,2,1.83,24.26,11,15,4.39,5.01,30.52,59.65,340.34
"6,613",20,Female,association_football,DI,90,"5,400","3,895.47",0,0,0,0,2.6,17.38,44,45,5.09,5.8,43.28,42.74,513.04
"6,613",20,Female,association_football,DI,90,"5,400","1,874.09",0,0,0,0,1.25,15.66,9,5,4.09,3.9,20.82,38.51,225.79
"6,613",20,Female,association_football,DI,90,"5,400","3,958.37",29.63,0,3,0,2.64,20.6,46,43,5.13,5.34,43.98,50.64,550.48
"6,613",20,Female,association_football,DI,90,"5,400","3,265.07",21.68,0,3,0,2.18,20.58,46,31,4.54,6.07,36.28,50.59,391.12
"6,613",20,Female,association_football,DI,90,"5,400","1,871.78",17.66,0,3,0,1.25,20.27,7,10,3.77,5.38,20.8,49.82,216.24
"6,613",20,Female,association_football,DI,70,"4,200","3,090.46",0,0,0,0,2.65,17.29,23,28,4.69,5.94,44.15,42.51,374.74
"6,613",20,Female,association_football,DI,90,"5,400","1,186.24",21.7,0,2,0,0.79,20.52,5,8,3.84,5.33,13.18,50.44,180.53
"6,613",20,Female,association_football,DI,110,"6,600",954.97,0,0,0,0,0.52,13.92,4,2,3.93,3.45,8.68,34.23,103.04
"6,613",20,Female,association_football,DI,90,"5,400","3,261.01",48.08,9.45,5,2,2.17,21.92,18,23,4.48,4.96,36.23,53.9,438.15
"6,613",20,Female,association_football,DI,90,"5,400","7,004.26",117.79,16.96,8,1,4.67,24.68,21,57,4.79,4.99,77.83,60.68,965.25
"6,613",20,Female,association_football,DI,78,"4,680","4,365.90",5.59,0,1,0,3.36,20.09,25,43,5.19,7.07,55.97,93.62,653.9
"6,613",20,Female,association_football,DI,100,"6,000","1,881.93",3.43,0,1,0,1.13,18.91,19,12,4.44,4.47,18.82,46.49,250.18
"6,613",20,Female,association_football,DI,75,"4,500",833.77,0,0,0,0,0.67,12.08,2,0,3.28,0,11.12,56.3,83.32
"6,613",20,Female,association_football,DI,105,"6,300","2,876.48",24.48,0,3,0,1.64,21.46,19,17,5.57,7.27,27.4,102.25,348.84
"6,613",20,Female,association_football,DI,123,"7,380","7,420.91",63.16,0,7,0,3.62,20.99,26,38,5.2,6.41,60.33,0,"1,031.53"
"6,613",20,Female,association_football,DI,120,"7,200","6,611.26",278.18,4.51,18,1,3.31,22.65,33,26,5.42,4.85,55.09,55.68,758.58
"6,613",20,Female,association_football,DI,90,"5,400",115.86,0,0,0,0,0.077,5.91,0,0,0,0,1.29,14.52,4.93
"6,613",20,Female,association_football,DI,60,"3,600","1,669.10",0,0,0,0,1.67,14.28,5,1,3.63,3.44,27.82,35.11,163.02
"6,613",20,Female,association_football,DI,105,"6,300","4,213.30",10.2,0,1,0,2.41,21.32,31,26,4.56,4.67,40.13,84.7,546.62
"6,613",20,Female,association_football,DI,110,"6,600","2,664.84",22.97,0,1,0,1.45,21.57,37,33,4.88,5.55,24.23,53.04,342.65
"6,613",20,Female,association_football,DI,90,"5,400","4,164.57",133.54,0,10,0,2.78,21.77,11,32,4.1,6.01,46.27,53.52,575.6
"6,613",20,Female,association_football,DI,90,"5,400","2,763.20",11.16,0,1,0,1.84,20.74,28,11,4.64,4.91,30.7,50.99,335.98
"6,613",20,Female,association_football,DI,100,"6,000","5,009.81",34.35,10.73,4,1,3.01,23.53,30,29,5.25,5.16,50.1,93.48,541.89
"6,613",20,Female,association_football,DI,116,"6,960","4,486.37",79.03,12.03,7,1,2.32,23.37,22,31,4.57,5.02,38.68,57.46,608.95
"6,613",20,Female,association_football,DI,99,"5,940","3,745.06",0,0,0,0,2.27,18.51,20,18,4.58,5.68,37.83,73.55,358.62
"6,613",20,Female,association_football,DI,91,"5,460","5,678.10",85.14,4.42,5,1,3.74,22.67,28,37,5.05,5.75,62.4,55.74,880.88
"7,181",20,Female,association_football,DI,110,"6,600","4,122.79",12.13,0,2,0,2.25,20.93,12,15,4.16,5.35,37.48,52.74,556.85
"7,181",20,Female,association_football,DI,90,"5,400","3,735.60",64.64,5.13,6,1,2.49,22.72,37,39,4.52,6.06,41.51,57.25,491.86
"7,181",20,Female,association_football,DI,90,"5,400","4,001.82",25.12,0,3,0,2.67,21.37,21,14,4.68,4.75,44.46,53.86,504.23
"7,181",20,Female,association_football,DI,90,"5,400",112.45,0,0,0,0,0.075,6.6,0,0,0,0,1.25,16.62,7.56
"7,181",20,Female,association_football,DI,90,"5,400","4,400.96",66.83,5.32,6,1,2.93,22.54,29,48,5.17,6.15,48.9,56.81,798.02
"7,181",20,Female,association_football,DI,90,"5,400","5,437.66",117.89,35.52,15,5,3.63,26.07,34,40,6.09,7.98,60.42,65.71,987.32
"7,181",20,Female,association_football,DI,90,"5,400","4,311.92",47.23,5.67,6,1,2.87,24.03,40,31,5.1,6.86,47.91,60.56,699.82
"7,181",20,Female,association_football,DI,90,"5,400",505.85,0,0,0,0,0.34,15.4,0,1,0,4.74,5.62,38.83,66.01
"7,181",20,Female,association_football,DI,90,"5,400","4,591.01",59.09,0,7,0,3.06,22.06,41,64,6.15,6.11,51.01,55.61,709.03
"7,181",20,Female,association_football,DI,90,"5,400","6,082.05",0,0,0,0,4.05,18.65,51,50,6.37,7.05,67.58,47.01,996.3
"7,181",20,Female,association_football,DI,110,"6,600","6,207.47",127.44,35.8,18,3,3.39,24.3,51,50,6.28,5.24,56.43,61.25,"1,102.89"
"7,181",20,Female,association_football,DI,77,"4,620","3,829.42",71.41,13.57,11,3,2.98,23.88,29,26,6.26,8.71,49.73,91.58,459.9
"7,181",20,Female,association_football,DI,95,"5,700","3,608.37",31,0,3,0,2.28,21.36,23,14,4.5,6.19,37.98,81.94,444.52
"7,181",20,Female,association_football,DI,70,"4,200","4,336.73",142.08,31.96,12,2,3.72,23.62,17,16,4.81,5.52,61.95,93.39,578.81
"7,181",20,Female,association_football,DI,90,"5,400",954.58,16.18,0,1,0,0.64,19.98,1,2,3.88,4.1,10.61,50.36,109.51
"7,181",20,Female,association_football,DI,120,"7,200","5,859.78",78.2,24.76,8,2,2.93,23.49,14,32,4.56,6.13,48.83,92.85,793.01
"7,181",20,Female,association_football,DI,105,"6,300","2,975.84",66.17,5.06,7,1,1.7,22.35,17,18,5.01,7.16,28.34,88.36,347.51
"7,181",20,Female,association_football,DI,110,"6,600","4,357.54",104.87,129.94,11,5,2.38,25.3,26,23,5.63,5.39,39.61,112.28,529.85
"7,181",20,Female,association_football,DI,78,"4,680","4,898.46",61.06,0,6,0,3.77,21.46,21,24,5.01,5.39,62.8,95.24,699.61
"7,181",20,Female,association_football,DI,75,"4,500",931.9,0,0,0,0,0.75,12.69,1,3,4.29,6.61,12.43,56.33,105.55
"7,181",20,Female,association_football,DI,105,"6,300","3,265.87",8.8,0,1,0,1.87,21.44,22,20,5.13,5.73,31.1,95.16,419.77
"7,181",20,Female,association_football,DI,123,"7,380","8,146.36",176.65,0,14,0,3.97,22.53,35,47,4.77,7.71,66.23,0,"1,151.75"
"7,181",20,Female,association_football,DI,90,"5,400","3,301.27",0,0,0,0,2.2,17.82,36,34,5.87,6.95,36.68,44.91,394.48
"7,181",20,Female,association_football,DI,90,"5,400","1,772.86",36.38,0,4,0,1.18,21.72,6,10,4.01,5.77,19.7,54.73,222.5
"7,672",18,Male,association_football,DI,110,"6,600","7,996.68",209.34,0,24,0,4.36,23.77,57,61,5.67,6.8,72.7,58.25,"1,348.75"
"7,672",18,Male,association_football,DI,101,"6,060","5,235.41",181.39,18.07,15,1,3.11,28.46,37,36,6,8.03,51.84,96.73,858.93
"7,672",18,Male,association_football,DI,100,"6,000","1,161.49",30.27,0,2,0,0.7,23.07,6,13,4.78,4.65,11.61,78.41,196.45
"7,672",18,Male,association_football,DI,100,"6,000","1,826.64",51,0,7,0,1.1,23.28,14,23,5.93,5.48,18.27,57.03,263.43
"7,672",18,Male,association_football,DI,100,"6,000","8,311.86",126.59,0,12,0,4.99,24.44,30,56,6.51,6.56,83.12,59.87,"1,815.59"
"7,672",18,Male,association_football,DI,95,"5,700","8,872.17",185.11,14.96,20,1,5.6,28.16,30,56,5.44,7.96,93.39,95.72,"1,856.99"
"7,672",18,Male,association_football,DI,120,"7,200","7,320.64",213.8,86.57,22,5,3.66,27.7,73,56,6.51,7.03,61.01,94.8,"1,125.92"
"7,672",18,Male,association_football,DI,120,"7,200","4,247.39",230.52,60.46,18,3,2.12,29.42,32,22,5.23,6.88,35.39,100.7,616.35
"7,672",18,Male,association_football,DI,120,"7,200","7,680.42",139.23,0,16,0,3.84,25.44,49,40,5.8,6.63,64,87.08,"1,171.30"
"7,672",18,Male,association_football,DI,120,"7,200","3,620.78",41.15,0,3,0,1.81,22.4,17,6,4.26,3.72,30.17,76.67,486.75
"7,672",18,Male,association_football,DI,120,"7,200","6,583.44",139.93,0,13,0,3.29,23.22,64,55,5.64,7.11,54.86,79.48,"1,001.04"
"7,672",18,Male,association_football,DI,120,"7,200","6,850.57",133.49,0,14,0,3.43,24.74,50,42,5.9,6.59,57.09,84.68,"1,112.48"
"7,672",18,Male,association_football,DI,120,"7,200","8,651.80",265.79,106.88,23,6,4.33,29.22,39,42,5.55,6.4,72.1,102.2,"1,608.21"
"7,672",18,Male,association_football,DI,195,"11,700","8,514.65",259.75,26.88,21,2,2.62,27.54,39,57,5.48,8.29,43.66,96.35,"1,167.37"
"7,672",18,Male,association_football,DI,120,"7,200","5,305.48",112.11,0,8,0,2.65,24.35,54,29,7.14,6.54,44.21,85.19,830.45
"7,672",18,Male,association_football,DI,120,"7,200","9,545.26",292.2,49.61,25,4,4.77,28.18,52,63,5.73,7.6,79.54,98.56,"1,629.14"
"7,672",18,Male,association_football,DI,90,"5,400","5,588.56",142.42,89.99,17,5,3.73,28.59,56,42,6.21,6.15,62.1,0,865.75
"7,672",18,Male,association_football,DI,100,"6,000","6,697.47",233.81,47.01,24,4,4.02,27.28,22,35,5.01,7.67,66.97,66.83,"1,010.96"
"7,672",18,Male,association_football,DI,30,"1,800","3,865.51",98.23,0,9,0,7.73,24.97,15,31,5.36,6.22,128.85,61.18,755.45
"7,672",18,Male,association_football,DI,120,"7,200","8,524.63",279.86,13.47,26,3,4.26,24.85,45,52,5.2,7.54,71.04,84.48,"1,565.40"
"7,672",18,Male,association_football,DI,120,"7,200","5,579.92",80.27,39.19,7,2,2.79,27.18,42,48,5.97,6.76,46.5,92.38,881.3
"7,672",18,Male,association_football,DI,120,"7,200","5,719.47",113.64,5.88,12,1,2.86,25.6,46,41,6.21,5.93,47.66,87.03,829.77
"7,672",18,Male,association_football,DI,120,"7,200","5,470.13",20.2,0,3,0,2.74,22.78,59,48,6,6.17,45.58,77.42,791.65
"7,672",18,Male,association_football,DI,120,"7,200","5,962.34",285.82,418.36,21,13,2.98,40.82,27,23,5.6,5.21,49.69,138.74,"1,068.61"
"7,672",18,Male,association_football,DI,120,"7,200","7,705.41",136.48,10.27,17,1,3.85,26.09,53,56,5.83,6.35,64.21,63.93,"1,367.45"
"7,672",18,Male,association_football,DI,120,"7,200","1,756.28",25,0,2,0,0.88,23.3,23,5,5.59,4.7,14.64,57.07,234.84
"7,672",18,Male,association_football,DI,120,"7,200","8,172.48",225.85,58.08,21,4,4.09,27.3,58,61,5.98,6.73,68.1,66.88,"1,364.46"
"7,672",18,Male,association_football,DI,90,"5,400","5,625.83",90.62,0,10,0,3.75,22.87,82,50,5.54,7.74,62.51,56.02,834.91
"7,672",18,Male,association_football,DI,120,"7,200","8,250.06",255,78.73,26,5,4.13,29.88,72,58,5.5,8.45,68.75,73.2,"1,478.79"
"7,672",18,Male,association_football,DI,95,"5,700","4,716.70",110.85,34.84,10,2,2.98,26.93,48,41,5.89,6.63,49.65,65.98,699.43
"7,672",18,Male,association_football,DI,121,"7,260","5,142.76",86.76,69.42,10,5,2.55,28.33,57,43,5.07,5.93,42.5,96.3,754.3
"7,672",18,Male,association_football,DI,75,"4,500","5,676.25",54.66,0,6,0,4.54,23.07,45,31,5.69,6.55,75.68,56.52,900.67
"7,672",18,Male,association_football,DI,90,"5,400","5,846.40",96.12,0,9,0,3.9,24.62,39,34,6.21,6.68,64.96,60.32,841.35
"7,672",18,Male,association_football,DI,90,"5,400","4,803.35",0,0,0,0,3.2,19.71,46,41,5.03,5.41,53.37,48.28,694.23
"7,672",18,Male,association_football,DI,90,"5,400","8,213.29",251.39,11.74,21,2,5.48,26.32,40,55,6.26,6.69,91.26,89.47,"1,405.02"
"7,672",18,Male,association_football,DI,90,"5,400","5,432.46",135.01,0,13,0,3.62,24,46,32,5.2,5.8,60.36,83.94,808.16
"7,672",18,Male,association_football,DI,90,"5,400","5,256.87",83.58,47.2,7,2,3.5,28.11,36,33,4.8,7.74,58.41,96.22,751.41
"7,672",18,Male,association_football,DI,95,"5,700","1,151.19",39.97,28.18,5,1,0.73,27.02,2,9,4.52,5.94,12.12,91.84,204.68
"7,672",18,Male,association_football,DI,120,"7,200","7,442.34",167.47,10.49,17,2,3.72,26.27,83,59,5.6,6.36,62.02,89.28,"1,312.37"
"7,672",18,Male,association_football,DI,120,"7,200","5,532.26",31.84,0,5,0,2.77,22.24,53,54,5.72,5.43,46.1,75.59,850.72
"7,672",18,Male,association_football,DI,100,"6,000","4,051.54",170.37,0,18,0,2.43,24.49,15,30,6.22,7.48,40.52,83.24,719.14
"7,672",18,Male,association_football,DI,90,"5,400","1,135.41",23.8,0,1,0,0.76,25.22,6,5,4.06,3.97,12.62,86.34,126.93
"7,672",18,Male,association_football,DI,120,"7,200","7,101.04",91.37,6.4,9,1,3.55,25.35,51,43,4.95,5.64,59.18,62.1,"1,247.41"
"7,672",18,Male,association_football,DI,91,"5,460","3,497.02",101.19,0,11,0,2.31,23.81,35,23,5.53,4.98,38.43,80.93,547.53
"7,674",20,Male,american_football,DI-FCS,80,"4,800","1,513.49",99.46,126.21,15,14,1.14,31.75,17,33,6.98,7,18.92,109.89,209.48
"7,674",20,Male,american_football,DI-FCS,80,"4,800","3,654.37",111.12,0,8,0,2.74,24.62,83,38,9,8.5,45.68,77.52,390.14
"7,674",20,Male,american_football,DI-FCS,106,"6,360","4,544.40",464.19,127.75,56,16,2.57,28.7,102,93,8.94,7.53,42.87,90.37,575.86
"7,674",20,Male,american_football,DI-FCS,90,"5,400","2,889.45",211.71,0,25,0,1.93,24.97,60,88,6.6,9.68,32.11,78.64,363.58
"7,674",20,Male,american_football,DI-FCS,100,"6,000","4,312.93",135.3,4.77,15,1,2.59,25.54,84,71,9.35,8,43.13,80.43,514.59
"7,674",20,Male,american_football,DI-FCS,137,"8,220","1,749.46",327.56,199.79,34,14,0.77,29.74,24,6,6.52,3.93,12.77,93.65,336.11
"7,674",20,Male,american_football,DI-FCS,130,"7,800","5,471.88",371.35,176.16,41,15,2.53,31.28,96,102,9.59,9.9,42.09,98.51,698.37
"7,845",18,Male,association_football,DI,120,"7,200","4,889.66",33.57,0,4,0,2.44,21.63,25,16,5.47,5.19,40.75,77.48,764.06
"7,845",18,Male,association_football,DI,120,"7,200","8,199.45",53.85,0,7,0,4.1,21.59,34,41,4.96,6.82,68.33,77.37,"1,286.06"
"7,845",18,Male,association_football,DI,120,"7,200","1,971.90",17.57,0,1,0,0.99,24.09,11,3,4.37,4.02,16.43,86.32,230.72
"7,845",18,Male,association_football,DI,120,"7,200","8,714.66",165.77,26.37,14,2,4.36,26.69,47,55,5.86,6.24,72.62,95.63,"1,374.75"
"7,845",18,Male,association_football,DI,90,"5,400","6,317.36",16.91,0,3,0,4.21,20.27,63,58,6.02,6.52,70.19,72.62,"1,009.69"
"7,845",18,Male,association_football,DI,120,"7,200","10,259.30",472.95,179.49,22,12,5.13,27.71,54,23,6.02,4.67,85.49,99.29,"1,851.10"
"7,845",18,Male,association_football,DI,95,"5,700","5,360.06",118.03,24.46,5,1,3.39,27.42,29,18,5.3,5.3,56.42,98.23,697
"7,845",18,Male,association_football,DI,110,"6,600","9,069.59",38.21,0,6,0,4.95,22.06,48,24,5.63,5.14,82.45,79.04,"1,519.79"
"7,845",18,Male,association_football,DI,75,"4,500","6,015.83",31.36,0,3,0,4.81,22.72,35,18,5.63,6.7,80.21,81.39,891.91
"7,845",18,Male,association_football,DI,90,"5,400","6,524.86",86.77,0,10,0,4.35,24.23,53,43,5.18,6.64,72.5,86.82,861.46
"7,845",18,Male,association_football,DI,90,"5,400","6,958.61",117.33,12.7,9,2,4.64,25.29,39,51,5.19,5.82,77.32,90.6,979.86
"7,845",18,Male,association_football,DI,90,"5,400","5,939.39",51.2,0,7,0,3.96,22.95,34,28,5.45,5.55,65.99,82.23,787.83
"7,845",18,Male,association_football,DI,90,"5,400","5,720.43",90.04,7.3,10,1,3.81,25.1,39,22,5.08,5.11,63.56,89.94,713.5
"7,845",18,Male,association_football,DI,80,"4,800","5,526.53",106.95,25.85,8,4,4.14,25.71,27,32,5.48,5.58,69.08,92.12,723.13
"7,845",18,Male,association_football,DI,90,"5,400","4,523.32",11.37,0,2,0,3.02,20.39,56,9,5.71,4.14,50.26,73.06,571.83
"7,845",18,Male,association_football,DI,105,"6,300","8,852.61",206.16,11.7,24,2,5.06,25.61,36,39,5.9,7.69,84.31,91.75,"1,476.08"
"7,845",18,Male,association_football,DI,95,"5,700","6,416.44",36.58,0,4,0,4.05,23.45,72,43,5.11,6.94,67.54,84.01,864.98
"7,845",18,Male,association_football,DI,95,"5,700","9,621.59",233.09,19.8,21,2,6.08,26.25,36,53,5.12,8.06,101.28,94.07,"1,469.70"
"7,845",18,Male,association_football,DI,95,"5,700","6,298.60",107.34,0,13,0,3.98,23.45,55,53,6.46,7.77,66.3,84.01,995.64
"7,845",18,Male,association_football,DI,95,"5,700","7,890.11",69.05,8.47,7,1,4.98,25.65,42,38,4.87,6.28,83.05,91.9,"1,183.92"
"7,845",18,Male,association_football,DI,95,"5,700","5,830.84",62.26,0,8,0,3.68,22.14,51,45,5.61,7.09,61.38,79.33,979.29
"7,845",18,Male,association_football,DI,100,"6,000","9,142.94",276.09,25.42,22,2,5.49,27.83,49,57,5.42,7.27,91.43,99.71,"1,671.79"
"7,845",18,Male,association_football,DI,83,"4,980","5,595.42",28.66,8.9,3,1,4.04,26.1,45,31,5.27,5.94,67.41,93.51,996.35
"7,845",18,Male,association_football,DI,100,"6,000","7,589.41",48.03,5.21,6,1,4.55,25.43,61,44,5.37,6.86,75.89,91.11,"1,122.24"
"7,845",18,Male,association_football,DI,95,"5,700","6,934.34",16.22,0,2,0,4.38,23.04,50,34,5.15,6.01,72.99,82.56,"1,027.68"
"7,845",18,Male,association_football,DI,90,"5,400","7,617.13",25.72,7.31,2,1,5.08,25.57,44,40,5.01,5.95,84.63,91.6,"1,116.70"
"7,845",18,Male,association_football,DI,90,"5,400","11,432.62",399.57,59.81,34,7,7.62,27.5,67,77,5.54,7.17,127.03,98.54,"1,880.04"
"7,845",18,Male,association_football,DI,120,"7,200","9,662.19",257.99,36.53,25,3,4.83,27.91,85,72,5.94,7.32,80.52,100.1,"1,533.19"
"7,845",18,Male,association_football,DI,95,"5,700",896.15,39.51,0,2,0,0.57,22.7,1,3,3.65,4.07,9.43,81.33,113.07
"7,845",18,Male,association_football,DI,90,"5,400","5,958.16",82.98,17.11,7,2,3.97,25.84,39,28,6.86,7.16,66.2,92.96,802.08
"7,845",18,Male,association_football,DI,100,"6,000","9,861.45",261.28,0,25,0,5.92,25.55,58,58,5.73,7.21,98.61,91.54,"1,749.43"
"7,845",18,Male,association_football,DI,79,"4,740","10,282.14",284.69,29.57,29,2,7.81,25.84,50,65,4.81,8.53,130.15,92.59,"1,935.24"
"7,845",18,Male,association_football,DI,100,"6,000","10,027.32",338.04,33.18,33,5,6.02,26.11,47,61,5.39,7.78,100.27,93.54,"1,646.23"
"7,845",18,Male,association_football,DI,120,"7,200","8,316.75",348.2,45.94,33,3,4.16,26.63,56,49,5.11,7.56,69.31,95.4,"1,257.62"
"7,845",18,Male,association_football,DI,120,"7,200","9,261.63",147.62,0,15,0,4.63,24.8,42,38,5.76,5.75,77.18,88.87,"1,479.07"
"7,845",18,Male,association_football,DI,120,"7,200","6,352.15",91.09,0,7,0,3.18,24.53,26,34,5.38,5.97,52.93,87.89,942.14
"7,845",18,Male,association_football,DI,120,"7,200","5,740.59",4.31,0,1,0,2.87,20.11,24,7,5.09,4.09,47.84,72.05,767.73
"7,845",18,Male,association_football,DI,120,"7,200","7,580.20",186.45,71.45,20,3,3.79,27.88,55,29,5.68,5.98,63.17,100.31,"1,128.95"
"7,845",18,Male,association_football,DI,120,"7,200","5,862.24",227.43,23.97,16,2,2.93,26.92,45,21,4.9,5.64,48.85,96.85,739.97
"7,845",18,Male,association_football,DI,120,"7,200","8,395.15",131.95,0,12,0,4.2,25.05,55,47,5.17,7.47,69.96,90.12,"1,213.34"
"7,845",18,Male,association_football,DI,120,"7,200","6,573.84",90.49,0,10,0,3.29,23.72,47,25,5.07,6.37,54.78,85.34,928.65
"7,845",18,Male,association_football,DI,120,"7,200","6,749.67",18.9,0,2,0,3.37,21.46,49,26,5.39,5.71,56.25,77.19,876.43
"7,845",18,Male,association_football,DI,120,"7,200","7,892.05",102.03,6.6,11,1,3.95,26.24,63,59,6.03,6.81,65.77,94.39,"1,208.54"
"7,845",18,Male,association_football,DI,120,"7,200","8,895.10",170.58,15.36,13,2,4.45,25.64,29,27,5.79,6.47,74.13,92.25,"1,475.41"
"7,845",18,Male,association_football,DI,195,"11,700","8,629.57",243.78,7.12,28,1,2.66,26.71,40,41,7.27,8.66,44.25,96.07,"1,316.76"
"7,845",18,Male,association_football,DI,120,"7,200","5,620.76",106.92,12.89,8,1,2.81,26.11,42,17,6.5,5.49,46.84,93.93,790.65
"7,845",18,Male,association_football,DI,120,"7,200","10,276.15",371.96,35.96,30,3,5.14,27.8,44,58,5.47,6.47,85.63,104.6,"1,840.97"
"7,845",18,Male,association_football,DI,100,"6,000","6,828.31",36.31,0,2,0,4.1,24.7,52,24,5.2,6.57,68.28,88.5,828.51
"7,845",18,Male,association_football,DI,120,"7,200","5,754.41",285.05,14.59,21,2,2.88,26.24,66,25,6.09,6.18,47.95,98.74,854.56
"7,845",18,Male,association_football,DI,90,"5,400","5,722.13",140.65,12.46,8,1,3.81,25.7,64,40,5.68,6.07,63.58,96.71,878.5
"7,845",18,Male,association_football,DI,125,"7,500","8,641",188.18,22.08,16,2,4.15,26.58,79,34,5.43,5.82,69.13,0,"1,325.22"
"7,845",18,Male,association_football,DI,95,"5,700","8,600.48",172.16,11.58,14,2,5.43,26.37,34,38,4.95,7.96,90.53,94.47,"1,473.19"
"7,845",18,Male,association_football,DI,95,"5,700","7,917.69",88.97,0,10,0,5,24.22,63,40,5.33,5.71,83.34,86.79,"1,388.64"
"7,845",18,Male,association_football,DI,120,"7,200","8,427.64",153.66,5,12,1,4.21,25.5,60,48,5.42,5.69,70.23,91.35,"1,347.03"
"7,845",18,Male,association_football,DI,120,"7,200","6,827.21",46.28,0,8,0,3.41,22.86,53,30,5.61,5.01,56.89,81.92,873.99
"7,845",18,Male,association_football,DI,100,"6,000","7,803.78",387.59,51.75,31,8,4.68,26.85,49,56,5.65,7.42,78.04,96.2,"1,311.30"
"7,845",18,Male,association_football,DI,120,"7,200","7,067.16",87.63,0,7,0,3.53,24.95,40,26,5.33,5.91,58.89,89.4,"1,126.85"
"7,845",18,Male,association_football,DI,91,"5,460","3,873.53",29.35,0,1,0,2.55,23.82,31,11,5.34,4.25,42.57,85.34,552.55
"7,845",18,Male,association_football,DI,121,"7,260","6,452.61",81.56,25.81,9,3,3.2,26.1,50,22,5.04,4.55,53.33,93.53,902.93
"7,845",18,Male,association_football,DI,100,"6,000","11,160.26",375.15,19.14,34,1,6.7,25.8,59,70,6.08,8.2,111.6,92.45,"1,992.12"
"7,845",18,Male,association_football,DI,100,"6,000","6,400.18",137.01,0,13,0,3.84,24.78,30,40,5.58,8.65,64,88.79,983.98
"7,845",18,Male,association_football,DI,100,"6,000","11,050.23",184.47,6.19,16,1,6.63,25.27,64,73,5.02,6.18,110.5,90.55,"1,787.62"
"7,845",18,Male,association_football,DI,90,"5,400","5,723.80",204.82,0,11,0,3.82,24.98,40,23,5.13,6.29,63.6,89.87,788.86
"7,845",18,Male,association_football,DI,90,"5,400","9,986.46",436.69,21.81,34,3,6.66,26.59,43,63,4.91,6.9,110.96,95.28,"1,743.20"
"7,845",18,Male,association_football,DI,95,"5,700","9,484.16",307.85,48.32,27,6,5.99,27.59,35,52,6.18,7.1,99.83,98.85,"1,945.41"
"8,333",21,Male,american_football,DI,52,"3,120","1,978.55",203.89,0,19,0,2.28,24.91,38,25,8.99,7.57,38.05,83.58,239.05
"8,333",21,Male,american_football,DI,55,"3,300","2,673.55",297.16,5.15,31,1,2.92,25.26,63,64,7.39,9.56,48.61,84.74,355.12
"8,333",21,Male,american_football,DI,60,"3,600","1,573.51",277.14,18.54,27,3,1.57,27.65,34,18,6.27,5.49,26.23,92.78,184.96
"8,333",21,Male,american_football,DI,66,"3,960","1,936.01",225.73,64.86,21,5,1.76,29.81,32,18,9.96,9.27,29.33,107.78,230.55
"8,333",21,Male,american_football,DI,51,"3,060","2,288.57",767.34,27.62,50,5,2.69,26.98,33,10,8.31,6.18,44.87,90.51,250.46
"8,531",22,Male,association_football,DI,90,"5,400","3,193.88",0,0,0,0,2.13,10.41,3,1,6.22,3.67,35.49,47.81,75.42
"8,531",22,Male,association_football,DI,105,"6,300","6,939.18",112.11,38.32,12,3,3.97,26.63,47,48,5.66,6.24,66.09,104.17,"1,055.16"
"8,531",22,Male,association_football,DI,81,"4,860","5,290.76",16.11,0,3,0,3.92,20.33,46,54,5.29,5.74,65.32,76.34,786.88
"8,531",22,Male,association_football,DI,115,"6,900","6,359.79",131.19,0,15,0,3.32,23.54,49,55,5.04,6.77,55.3,88.39,952.01
"8,531",22,Male,association_football,DI,66,"3,960","2,859.49",9.56,0,2,0,2.6,21.19,31,28,5.26,6.41,43.33,79.59,437.87
"8,531",22,Male,association_football,DI,95,"5,700","4,751.26",51.04,0,5,0,3,23.65,30,30,4.99,6.93,50.01,88.81,626.93
"8,531",22,Male,association_football,DI,85,"5,100","6,086.53",100.86,4.11,9,1,4.3,25.56,43,48,5.64,5.23,71.61,96,911.89
"8,531",22,Male,association_football,DI,111,"6,660",600.34,0,0,0,0,0.32,17.95,7,4,4.26,4.03,5.41,70.2,82.9
"8,531",22,Male,association_football,DI,110,"6,600",316.36,0,0,0,0,0.17,10.83,0,0,0,0,2.88,42.35,25.78
"8,531",22,Male,association_football,DI,110,"6,600",310.94,0,0,0,0,0.17,12.27,2,0,4.59,0,2.83,47.98,22.75
"8,531",22,Male,association_football,DI,120,"7,200","5,268.92",191.61,8.05,13,1,2.63,25.56,27,30,4.49,6.02,43.91,102.26,740.78
"8,531",22,Male,association_football,DI,105,"6,300","6,219.28",96.71,0,9,0,3.55,24.53,36,57,5.74,7.99,59.23,98.11,912.36
"8,531",22,Male,association_football,DI,93,"5,580","7,913.13",132.43,0,12,0,5.11,23.29,43,57,5.57,6.48,85.09,87.45,"1,131.01"
"8,531",22,Male,association_football,DI,105,"6,300","5,226.82",191.23,0,16,0,2.99,25,47,31,5.79,7.11,49.78,93.88,771.38
"8,531",22,Male,association_football,DI,70,"4,200","3,762.94",11.42,0,2,0,3.23,20.93,53,13,5.06,5.73,53.76,78.59,567.37
"8,531",22,Male,association_football,DI,51,"3,060","3,712.03",4.38,0,1,0,4.37,21.77,43,32,5.77,6.22,72.78,104.03,323.68
"8,531",22,Male,association_football,DI,81,"4,860","5,158.26",0,0,0,0,3.82,16.16,3,0,3.42,0,63.68,60.7,917.64
"8,531",22,Male,association_football,DI,71,"4,260","3,717.64",0,0,0,0,3.14,16.98,9,2,4.92,4.1,52.36,0,724.44
"8,531",22,Male,association_football,DI,80,"4,800","3,663.93",42.85,0,5,0,2.75,23.9,30,9,5.26,4.78,45.8,109.81,448.98
"8,531",22,Male,association_football,DI,94,"5,640","2,896.46",0,0,0,0,1.85,17.65,23,7,5.21,4.44,30.81,66.28,356.34
"8,588",18,Female,association_football,DI,100,"6,000",628.23,0,0,0,0,0.38,13.64,3,3,5.14,3.83,6.28,52.45,47.86
"8,588",18,Female,association_football,DI,120,"7,200","1,930.20",0,0,0,0,0.97,18,21,15,5.09,5.69,16.08,67.93,342.99
"8,588",18,Female,association_football,DI,90,"5,400",999.32,8.38,0,1,0,0.67,19.33,9,1,4.59,2.75,11.1,72.96,120.09
"8,588",18,Female,association_football,DI,120,"7,200","4,578.66",119.82,53.17,19,6,2.29,25.09,33,32,5.94,7.4,38.16,94.7,910.77
"8,588",18,Female,association_football,DI,120,"7,200","5,017.94",79.58,42.48,9,2,2.51,26.5,35,35,5.79,6.5,41.82,101.18,773.65
"8,588",18,Female,association_football,DI,120,"7,200",177.34,0,0,0,0,0.089,6.41,0,0,0,0,1.48,24.47,15.56
"8,588",18,Female,association_football,DI,120,"7,200","3,182.61",22.54,0,2,0,1.59,21.17,33,31,4.82,5.74,26.52,80.84,455.41
"8,588",18,Female,association_football,DI,120,"7,200","1,268.31",0,0,0,0,0.63,18.22,17,12,4.94,5.87,10.57,69.56,217.94
"8,588",18,Female,association_football,DI,120,"7,200","2,576.70",0,0,0,0,1.29,18.54,12,1,5.36,3.34,21.47,70.8,391.55
"8,588",18,Female,association_football,DI,120,"7,200",265.58,0,0,0,0,0.13,8.28,0,0,0,0,2.21,31.62,33.06
"8,588",18,Female,association_football,DI,120,"7,200","2,684.54",69.53,23.19,8,2,1.34,25.94,21,22,5.52,6.81,22.37,99.05,336.16
"8,588",18,Female,association_football,DI,120,"7,200","5,176.37",7.41,0,1,0,2.59,20.08,45,41,4.53,5.37,43.14,76.67,651.52
"8,588",18,Female,association_football,DI,120,"7,200","5,236.03",3.2,0,1,0,2.62,19.12,7,7,4.58,3.52,43.63,73,207.18
"8,588",18,Female,association_football,DI,120,"7,200","3,500.18",0,0,0,0,1.75,18.49,18,21,5.59,5.09,29.17,70.61,475.82
"8,588",18,Female,association_football,DI,90,"5,400",832.25,0,0,0,0,0.55,12.49,2,4,3.7,3.42,9.25,47.69,78.28
"8,588",18,Female,association_football,DI,90,"5,400",232.23,0,0,0,0,0.15,15.8,2,1,4.27,5.11,2.58,60.34,25.52
"8,588",18,Female,association_football,DI,120,"7,200","3,529.97",30.79,0,2,0,1.76,20.9,25,14,5.52,5.3,29.42,79.8,449.05
"8,588",18,Female,association_football,DI,120,"7,200","5,862.57",40.33,56.48,4,3,2.93,25.89,58,38,5.55,6.27,48.85,98.86,747.4
"8,588",18,Female,association_football,DI,120,"7,200","4,868",41.73,0,5,0,2.43,21.41,22,25,4.7,5.8,40.57,81.77,693.32
"8,588",18,Female,association_football,DI,90,"5,400","3,928.16",9.37,0,2,0,2.62,20.69,28,26,5.01,5.8,43.65,79.02,579.58
"8,588",18,Female,association_football,DI,90,"5,400","4,844.05",39.78,0,6,0,3.23,22.41,36,29,6.75,6.01,53.82,85.76,879.7
"8,588",18,Female,association_football,DI,90,"5,400","4,316.64",14.66,0,3,0,2.88,20.7,33,30,5.1,5.39,47.96,79.22,532.79
"8,588",18,Female,association_football,DI,85,"5,100","2,726.18",21.09,0,3,0,1.92,20.73,17,10,4.76,4.88,32.07,79.31,340.72
"8,588",18,Female,association_football,DI,90,"5,400","4,588.20",15.55,46.14,3,2,3.06,26.13,47,29,5.42,5.57,50.98,100.47,596.62
"8,588",18,Female,association_football,DI,90,"5,400",586.13,0,0,0,0,0.39,6.75,0,0,0,0,6.51,25.96,12.76
"8,588",18,Female,association_football,DI,90,"5,400","2,895.26",0,0,0,0,1.93,19.32,15,16,4.36,5.57,32.17,74.26,321.58
"8,588",18,Female,association_football,DI,90,"5,400","3,917.86",35.5,0,5,0,2.61,21.34,29,17,5.78,4.67,43.53,82.03,509.23
"8,588",18,Female,association_football,DI,90,"5,400","4,168.81",62.39,23.59,5,1,2.78,25.12,31,23,5.18,4.92,46.32,96.57,544.75
"8,588",18,Female,association_football,DI,120,"7,200","3,116.95",4.79,3.86,1,1,1.56,23,23,19,4.92,4.93,25.97,88.43,403.8
"8,588",18,Female,association_football,DI,120,"7,200","1,484.92",9.7,27.44,2,1,0.74,26.01,13,0,5.05,0,12.37,103.55,214.56
"8,588",18,Female,association_football,DI,95,"5,700",956.01,0,0,0,0,0.6,5.65,0,0,0,0,10.06,21.71,15.2
"8,588",18,Female,association_football,DI,90,"5,400","3,655.13",13.86,0,1,0,2.44,21.74,25,12,5.26,5.26,40.61,83.02,504.37
"8,588",18,Female,association_football,DI,90,"5,400","1,934.37",32.31,16.84,3,1,1.29,23.71,13,2,5.03,3.23,21.49,91.16,238.57
"8,588",18,Female,association_football,DI,120,"7,200","6,017.76",51.78,55.19,5,3,3.01,24.25,43,37,5.61,5.33,50.15,93.24,765.85
"8,588",18,Female,association_football,DI,120,"7,200","2,372.96",14.51,0,2,0,1.19,20.55,13,10,5.2,6.27,19.77,79.01,251.41
"8,588",18,Female,association_football,DI,120,"7,200","3,716.32",3.89,0,1,0,1.86,18.68,16,19,5.25,4.79,30.97,71.84,405.6
"8,588",18,Female,association_football,DI,120,"7,200","4,743.94",40.67,0,7,0,2.37,20.87,57,33,6.11,5.46,39.53,80.23,522.15
"8,588",18,Female,association_football,DI,150,"9,000","6,418.20",98.83,12.73,12,2,2.57,23.55,30,42,4.8,7.62,42.79,90.54,"1,043.74"
"8,588",18,Female,association_football,DI,120,"7,200","5,199.66",39.47,0,4,0,2.6,21.86,34,33,5.48,6.19,43.33,84.06,684.49
"8,588",18,Female,association_football,DI,120,"7,200","5,419.21",13.58,0,2,0,2.71,20.41,37,30,5.88,6.81,45.16,78.47,740.08
"8,588",18,Female,association_football,DI,90,"5,400","4,314.65",31.14,38.09,4,2,2.88,26.19,35,20,5.45,5.92,47.94,100.21,544.79
"8,668",22,Male,association_football,DI,60,"3,600","2,232.28",0,0,0,0,2.23,18.03,2,4,4.78,4.29,37.2,42.02,97.9
"8,668",22,Male,association_football,DI,94,"5,640","5,120.34",48.03,0,6,0,3.27,21.64,44,35,5.07,5.59,54.47,50.44,730.26
"8,668",22,Male,association_football,DI,90,"5,400","5,686.19",29.33,0,3,0,3.79,20.75,25,17,5.42,4.26,63.18,48.37,770.02
"8,668",22,Male,association_football,DI,115,"6,900","4,673.39",55.13,0,10,0,2.44,21.91,63,79,7.94,7.5,40.64,51.07,472.05
"8,668",22,Male,association_football,DI,103,"6,180","4,462",5.22,0,1,0,2.6,20.47,23,15,5.78,3.88,43.32,47.71,374.62
"8,668",22,Male,association_football,DI,75,"4,500","4,590.42",62.56,0,6,0,3.67,24.61,34,31,5.2,5.55,61.21,86.85,607.15
"8,668",22,Male,association_football,DI,95,"5,700","11,543.27",329.33,90.28,29,5,7.29,28.33,50,67,7.06,7.45,121.51,106.63,"2,139.83"
"8,668",22,Male,association_football,DI,120,"7,200","7,518.81",70.68,36.83,8,2,3.76,26.7,71,42,5.65,7.57,62.66,94.25,938.88
"8,668",22,Male,association_football,DI,130,"7,800","7,702.90",184.97,32.2,15,2,3.56,30.18,73,46,5.41,6.47,59.25,106.53,"1,012.13"
"8,668",22,Male,association_football,DI,108,"6,480","5,440.90",13.2,0,2,0,3.02,25.13,31,15,7.03,7.82,50.38,83.27,376.94
"8,668",22,Male,association_football,DI,60,"3,600","3,449.27",27.45,12.65,3,1,3.45,25.85,32,21,5.41,6.4,57.49,85.64,392.61
"8,668",22,Male,association_football,DI,139,"8,340","12,296.63",374.1,42.06,36,4,5.31,27.42,82,74,5.2,8.67,88.46,90.86,"2,172.16"
"8,668",22,Male,association_football,DI,80,"4,800","6,043.73",82.29,15.09,12,2,4.53,26.61,40,36,5.5,6.43,75.55,88.16,883.49
"8,668",22,Male,association_football,DI,103,"6,180","10,367.35",519.93,77.97,45,8,6.04,28.3,63,56,6.33,7.98,100.65,93.75,"1,877.38"
"8,668",22,Male,association_football,DI,97,"5,820","9,402.34",432.83,59.05,36,7,5.82,26.73,58,67,5.57,8.51,96.93,88.56,"1,613.95"
"8,668",22,Male,association_football,DI,110,"6,600","12,920.71",597.47,70.38,51,6,7.05,28.21,68,75,5.9,9.62,117.46,93.48,"2,169.68"
"8,668",22,Male,association_football,DI,80,"4,800","4,916.14",12.95,0,3,0,3.69,20.72,29,26,5.52,6.45,61.45,68.66,704.55
"8,668",22,Male,association_football,DI,71,"4,260","1,610.11",0,0,0,0,1.36,19.08,15,13,4.45,5.03,22.68,63.21,184.16
"8,668",22,Male,association_football,DI,81,"4,860","4,915.50",102.71,6.57,12,1,3.64,26.37,46,21,5.02,7.37,60.69,61.46,690.66
"8,668",22,Male,association_football,DI,111,"6,660","10,053.48",305.65,10.42,27,2,5.43,25.73,52,50,5.56,7.86,90.57,85.23,"1,675.11"
"8,668",22,Male,association_football,DI,51,"3,060","4,214.85",6.35,0,1,0,4.96,22.71,13,21,5.46,6.12,82.64,75.23,187.73
"8,668",22,Male,association_football,DI,99,"5,940","11,681.59",429.71,68.41,46,6,7.08,27.37,54,57,5.61,6.95,118,90.69,"2,080.21"
"8,668",22,Male,association_football,DI,96,"5,760","12,673.30",516.16,52.4,46,4,7.92,27.46,75,66,5.53,8.32,132.01,90.99,"1,904.04"
"8,668",22,Male,association_football,DI,105,"6,300","6,350.99",233.86,22.7,20,3,3.63,26.16,24,44,5.05,6.35,60.49,86.66,"1,070.45"
"8,668",22,Male,association_football,DI,109,"6,540","12,225.29",310.84,21.06,27,2,6.73,25.72,76,61,5.86,8.84,112.16,85.23,"2,005.08"
"8,668",22,Male,association_football,DI,105,"6,300","5,962.67",73.21,0,10,0,3.41,23.36,36,24,5.51,6.34,56.79,54.43,836.16
"8,668",22,Male,association_football,DI,93,"5,580","7,858.17",110.99,15.08,7,1,5.07,26.93,48,47,5.88,6.25,84.5,62.77,"1,082.59"
"8,668",22,Male,association_football,DI,105,"6,300","7,436.97",34.33,0,4,0,4.25,22.65,53,44,6.01,5.95,70.83,75.06,"1,115.19"
"8,668",22,Male,association_football,DI,120,"7,200","8,316.16",131.46,4.86,18,1,4.16,25.37,49,25,5.52,7.26,69.3,84.04,"1,153.81"
"8,668",22,Male,association_football,DI,110,"6,600","12,102.29",371.91,44.23,38,3,6.6,28.13,66,50,6.48,5.78,110.02,93.21,"2,035.74"
"8,668",22,Male,association_football,DI,110,"6,600","7,347.98",315.86,21.05,25,4,4.01,26.57,42,40,5.77,9.74,66.8,88.04,"1,379.41"
"8,668",22,Male,association_football,DI,111,"6,660","9,411.50",310.98,53.28,27,4,5.09,27.51,57,72,5.93,9.28,84.79,91.15,"1,517"
"8,668",22,Male,association_football,DI,106,"6,360","7,623.62",147.63,0,15,0,4.32,24.93,86,81,7.58,8.84,71.92,58.11,791.66
"8,668",22,Male,association_football,DI,85,"5,100","6,000.77",89.59,12.71,9,1,4.24,27,46,36,5.19,6.52,70.6,62.93,879.91
"8,668",22,Male,association_football,DI,95,"5,700","7,310.28",105.37,6.53,13,1,4.62,25.43,56,34,6.21,5.42,76.95,59.27,"1,081.73"
"8,668",22,Male,association_football,DI,66,"3,960","4,396.22",19.48,0,2,0,4,22.01,49,20,6.01,5.8,66.61,51.29,602.86
"8,668",22,Male,association_football,DI,115,"6,900","7,438.18",127.09,0,13,0,3.88,25.07,64,40,6.25,6.63,64.68,58.42,"1,135.12"
"8,668",22,Male,association_football,DI,105,"6,300","6,923.85",56.78,8.4,9,2,3.96,25.67,49,35,5.1,7.92,65.94,59.82,"1,033.45"
"8,668",22,Male,association_football,DI,297,"17,820","19,044.62",468.34,"1,760.87",31,27,3.85,42.91,90,78,6.39,6.37,64.12,100.67,"1,918.46"
"8,668",22,Male,association_football,DI,92,"5,520","5,140.98",75.75,0,6,0,3.35,25,62,65,7.08,9.9,55.88,58.27,554.79
"8,668",22,Male,association_football,DI,92,"5,520","5,465.44",86.09,17.04,10,2,3.56,27.25,54,53,8.61,7.28,59.41,63.5,538.45
"8,668",22,Male,association_football,DI,101,"6,060","6,620.50",135,40.61,16,4,3.93,28.26,61,56,7.22,7.3,65.55,65.85,627.36
"8,668",22,Male,association_football,DI,85,"5,100","6,794.67",95.75,75.85,10,7,4.8,28.7,57,58,7.14,7.53,79.94,66.89,672.59
"8,668",22,Male,association_football,DI,90,"5,400","5,490.52",53.74,0,6,0,3.66,23.52,50,40,6.41,6.85,61.01,54.82,517.51
"8,668",22,Male,association_football,DI,90,"5,400","5,928.22",406.9,139.08,29,13,3.95,28.58,59,52,6.7,6.92,65.87,66.62,706.59
"8,668",22,Male,association_football,DI,90,"5,400","4,656.19",57.71,4.44,9,1,3.1,25.82,69,46,6.39,6.09,51.74,60.18,442.58
"8,668",22,Male,association_football,DI,90,"5,400","4,975.26",100.95,0,12,0,3.32,24.36,59,60,7.39,6.38,55.28,56.76,500.03
"8,668",22,Male,association_football,DI,111,"6,660","8,130.83",133.78,17.35,15,2,4.4,26.57,80,62,6.3,6.28,73.25,0,"1,205.61"
"8,668",22,Male,association_football,DI,113,"6,780","10,408.71",286.27,45.26,28,3,5.53,29.53,50,73,5.41,7.19,92.11,69.28,"1,783.83"
"8,668",22,Male,association_football,DI,83,"4,980","7,282.22",87.81,0,8,0,5.26,23.74,49,34,5.92,7.69,87.74,89.36,"1,103.30"
"8,889",22,Male,association_football,DI,90,"5,400","6,282.75",124.79,12.57,14,2,4.19,27.13,108,79,7.36,8.26,69.81,90.69,648.77
"8,889",22,Male,association_football,DI,66,"3,960","5,086.30",59.1,0,7,0,4.62,24.16,69,58,5.6,6.13,77.07,80.77,743.9
"8,889",22,Male,association_football,DI,115,"6,900","7,420.10",115.06,12.25,13,2,3.87,25.84,80,75,6.08,6.38,64.52,86.39,"1,064.39"
"8,889",22,Male,association_football,DI,81,"4,860","5,332.25",33.96,9.65,6,1,3.95,26.65,65,52,5.97,5.47,65.83,89.11,766.62
"8,889",22,Male,association_football,DI,105,"6,300","6,544.10",219.19,107.6,20,5,3.74,28.89,93,68,6.27,5.3,62.32,96.59,960.08
"8,889",22,Male,association_football,DI,304,"18,240","5,382.76",0,0,0,0,1.06,16.46,35,18,5.06,4.69,17.71,38.3,409.34
"8,889",22,Male,association_football,DI,92,"5,520","5,227.22",149.31,9.08,15,1,3.41,26.84,75,74,7.48,8.82,56.82,89.74,538.08
"8,889",22,Male,association_football,DI,92,"5,520","4,016.25",47.48,0,5,0,2.62,23.59,58,90,7.37,8.27,43.65,78.86,513.22
"8,889",22,Male,association_football,DI,101,"6,060","2,958.68",82.05,31.05,13,3,1.76,26.2,38,39,6.13,5.21,29.29,87.57,340.91
"8,889",22,Male,association_football,DI,95,"5,700","6,217.17",108.43,16.67,15,1,3.93,28.02,79,68,5.71,7.38,65.44,93.68,960.8
"8,889",22,Male,association_football,DI,85,"5,100","5,338.92",98.36,0,10,0,3.77,24.85,66,45,6.3,6.25,62.81,83.09,746.09
"8,889",22,Male,association_football,DI,106,"6,360","4,804.73",0,0,0,0,2.72,18.79,94,89,8.29,9.09,45.33,62.8,577.48
"8,889",22,Male,association_football,DI,111,"6,660","3,895.82",85.52,51.25,11,3,2.11,29.4,32,36,5.92,6.18,35.1,98.3,611.25
"8,889",22,Male,association_football,DI,111,"6,660",528.69,0,0,0,0,0.29,17.31,7,2,4.12,4.51,4.76,57.86,61.69
"8,889",22,Male,association_football,DI,110,"6,600",162.62,0,0,0,0,0.089,12.35,0,0,0,0,1.48,41.29,11.45
"8,889",22,Male,association_football,DI,105,"6,300",584.94,12.73,0,2,0,0.33,20.91,1,3,3.27,4,5.57,69.9,81.19
"8,889",22,Male,association_football,DI,110,"6,600",517.13,0,0,0,0,0.28,15.92,2,2,4.15,3.97,4.7,53.21,44.09
"8,889",22,Male,association_football,DI,120,"7,200","6,921.58",59.47,23.94,7,1,3.46,29.91,90,44,5.51,6.91,57.68,103.19,"1,010.73"
"8,889",22,Male,association_football,DI,105,"6,300","6,480.10",121.11,4.33,14,1,3.7,25.69,72,86,6.87,7.01,61.72,88.64,946.43
"8,889",22,Male,association_football,DI,93,"5,580","7,605.23",131.15,48.47,17,5,4.91,27.96,55,65,5.46,6.75,81.78,93.46,963.66
"8,889",22,Male,association_football,DI,105,"6,300","5,570.16",176.38,0,17,0,3.18,24.54,82,61,5.98,8.3,53.05,82.06,793.14
"8,889",22,Male,association_football,DI,70,"4,200","4,668.39",33.32,0,6,0,4,22.01,86,40,6.07,5.93,66.69,73.57,717.18
"8,889",22,Male,association_football,DI,109,"6,540",109.26,0,0,0,0,0.06,14.03,2,0,3.76,0,1,49.07,10.24
"8,889",22,Male,association_football,DI,105,"6,300",541.1,8.68,0,1,0,0.31,23.6,1,2,3.1,3.91,5.15,82.56,58.48
"8,889",22,Male,association_football,DI,99,"5,940",291.64,0,0,0,0,0.18,11.68,15,3,4.76,3.63,2.95,40.86,35.02
"8,889",22,Male,association_football,DI,51,"3,060","3,960.23",0,0,0,0,4.66,13.35,7,4,3.96,4.37,77.65,46.71,103.78
"8,889",22,Male,association_football,DI,111,"6,660",404.93,0,0,0,0,0.22,16.21,5,0,4.21,0,3.65,55.91,55.6
"8,889",22,Male,association_football,DI,81,"4,860","5,435.23",130.15,41.29,13,2,4.03,29.3,71,48,5.69,6.62,67.1,97.97,834.46
"8,889",22,Male,association_football,DI,71,"4,260","4,355.27",104.76,73.57,18,3,3.68,28.29,69,53,6.74,6.53,61.34,0,672.58
"8,889",22,Male,association_football,DI,110,"6,600",915.1,94.06,139.67,10,6,0.5,28.99,1,0,3.95,0,8.32,101.41,120.04
"8,889",22,Male,association_football,DI,80,"4,800","5,007.30",50.18,0,9,0,3.76,23.03,51,42,5.54,8.39,62.59,80.55,757.09
"8,889",22,Male,association_football,DI,90,"5,400","1,038.80",0,0,0,0,0.69,16.78,11,4,6.44,4.07,11.54,58.69,65.74
"8,889",22,Male,association_football,DI,90,"5,400","5,710.06",42.51,4.63,7,1,3.81,26.48,105,105,7.65,9.36,63.45,88.51,590.7
"8,889",22,Male,association_football,DI,115,"6,900","5,226.57",40.26,0,7,0,2.73,22.1,98,102,9.11,8.29,45.45,73.87,553.42
"8,889",22,Male,association_football,DI,113,"6,780",458.67,0,0,0,0,0.24,14.52,1,1,5.05,3.94,4.06,33.79,46.4
"8,889",22,Male,association_football,DI,85,"5,100","6,044.58",140.86,21.97,18,2,4.27,27.23,85,76,9.39,7.46,71.11,91.05,596.92
"8,889",22,Male,association_football,DI,80,"4,800","4,952.88",32.1,0,5,0,3.71,22.54,87,78,7.88,9.88,61.91,75.35,507.38
"8,889",22,Male,association_football,DI,90,"5,400","5,059.67",293.89,43.87,36,7,3.37,27.85,63,54,6.6,6.99,56.22,93.11,554.29
"8,889",22,Male,association_football,DI,90,"5,400","2,638.68",21.09,5.88,3,1,1.76,27.59,76,39,6.63,6.54,29.32,92.22,322.51
"8,889",22,Male,association_football,DI,90,"5,400","2,413.74",81.76,5.67,14,1,1.61,26.18,49,41,7.39,6.09,26.82,87.53,300.06
"8,993",21,Female,association_football,DI,120,"7,200","4,177.39",37.97,18.14,5,2,2.09,23.73,36,35,5.32,6.08,34.81,89.87,556.67
"8,993",21,Female,association_football,DI,87,"5,220","3,356.07",10.68,0,2,0,2.31,19.8,22,22,4.22,4.75,38.58,75,405.55
"8,993",21,Female,association_football,DI,97,"5,820","6,539.72",27.95,0,3,0,4.05,20.3,24,31,4.91,5.95,67.42,76.89,"1,098.24"
"8,993",21,Female,association_football,DI,105,"6,300","6,331.86",73.72,79.39,10,3,3.62,26.41,26,20,5.38,5.97,60.3,102.7,930.34
"8,993",21,Female,association_football,DI,94,"5,640","3,685.73",29.19,0,4,0,2.35,21.21,25,16,4.96,5.38,39.21,82.5,453.33
"8,993",21,Female,association_football,DI,61,"3,660","3,390.68",10.8,0,2,0,3.34,20.69,40,26,5.45,8.24,55.58,80.47,686.91
"8,993",21,Female,association_football,DI,97,"5,820","3,312.72",13.06,0,2,0,2.05,20.07,20,24,4.86,5.75,34.15,78.06,413.87
"8,993",21,Female,association_football,DI,66,"3,960","4,927.13",41.35,0,6,0,4.48,21.99,23,15,4.89,6.01,74.65,85.54,953.94
"8,993",21,Female,association_football,DI,91,"5,460","3,833.89",137.26,5.14,18,1,2.53,23.4,62,39,6.64,6.88,42.13,91,548.84
"8,993",21,Female,association_football,DI,61,"3,660","2,981.86",25.29,10.18,6,2,2.93,25.05,23,23,6.33,5.31,48.88,97.43,508.37
"8,993",21,Female,association_football,DI,93,"5,580","1,470.94",34.12,0,3,0,0.95,21.68,8,11,5.77,4.3,15.82,53.62,252.3
"8,993",21,Female,association_football,DI,90,"5,400","2,760.77",42.74,25.44,5,2,1.84,23.89,15,14,6.32,4.95,30.68,97.98,415.08
"8,993",21,Female,association_football,DI,55,"3,300","2,833.42",3.99,0,1,0,3.09,20,12,11,4.15,4.35,51.52,49.19,336.58
"8,993",21,Female,association_football,DI,60,"3,600","2,346.94",24.15,0,4,0,2.35,20.16,18,19,6.15,5.86,39.12,76.35,297.95
"8,993",21,Female,association_football,DI,60,"3,600","1,896.33",0,0,0,0,1.9,16.6,19,18,4.65,5.96,31.61,62.88,201.92
"8,993",21,Female,association_football,DI,75,"4,500","4,661.37",42.73,0,6,0,3.73,21.67,33,27,4.6,7.26,62.15,50.57,413.13
"8,993",21,Female,association_football,DI,75,"4,500","3,929.96",122.83,32.77,12,4,3.14,23.88,46,38,9.51,9.97,52.4,55.71,386.57
"8,993",21,Female,association_football,DI,75,"4,500","3,288.20",0,0,0,0,2.63,17.88,23,33,5.74,7.56,43.84,41.71,308.14
"8,993",21,Female,association_football,DI,75,"4,500","4,533.63",14.19,0,3,0,3.63,20.73,35,34,5.69,6.11,60.45,48.36,449.95
"8,993",21,Female,association_football,DI,53,"3,180","1,481.56",103.33,60.63,13,6,1.68,25.2,11,10,5.2,3.92,27.95,58.79,177.41
"8,993",21,Female,association_football,DI,70,"4,200","2,442.74",0,0,0,0,2.09,17.73,19,4,5.16,3.81,34.9,68.97,300.35
"8,993",21,Female,association_football,DI,109,"6,540",707.67,0,0,0,0,0.39,13.58,1,0,3.17,0,6.49,51.43,38.23
"8,993",21,Female,association_football,DI,120,"7,200","4,197.25",35.3,0,7,0,2.1,20.32,30,33,5.12,6.27,34.98,79.04,620.65
"8,993",21,Female,association_football,DI,100,"6,000","2,205.37",3.65,0,1,0,1.32,19.51,12,19,4.03,5.15,22.05,48.23,359.49
"8,993",21,Female,association_football,DI,75,"4,500","3,068.68",45.31,0,7,0,2.45,20.84,44,29,5.55,6.98,40.92,81.07,521.18
"8,993",21,Female,association_football,DI,66,"3,960","3,320.94",45.02,73.6,7,3,3.02,25.71,21,16,7.34,5.34,50.32,105.46,481.74
"8,993",21,Female,association_football,DI,108,"6,480","2,715.17",37.98,0,5,0,1.51,21.12,11,15,4.26,5.35,25.14,86.64,444.24
"8,993",21,Female,association_football,DI,60,"3,600","1,894.40",5.08,0,1,0,1.89,19.45,12,12,5.19,4.61,31.57,75.66,227.65
"8,993",21,Female,association_football,DI,83,"4,980","3,452.17",35.73,4.75,5,1,2.5,22.91,28,24,5.44,6.43,41.59,93.95,529.29
"8,993",21,Female,association_football,DI,60,"3,600","3,032.92",169.14,43.98,15,3,3.03,25.25,19,8,5.13,3.95,50.55,58.91,556.92
"8,993",21,Female,association_football,DI,120,"7,200","3,642.41",27.69,0,5,0,1.82,20.55,18,26,4.5,6.51,30.35,50.53,542.34
"8,993",21,Female,association_football,DI,62,"3,720","2,101.14",0,0,0,0,2.03,17.22,21,8,5.51,5.48,33.89,83.79,265.29
"8,993",21,Female,association_football,DI,95,"5,700","2,172.63",0,0,0,0,1.37,16.24,14,7,4.17,5.17,22.87,66.61,212.92
"8,993",21,Female,association_football,DI,100,"6,000","5,166.96",72.77,0,7,0,3.1,21.57,19,20,5.36,4.42,51.67,88.49,823.93
"8,993",21,Female,association_football,DI,110,"6,600","4,355.47",104.07,37.64,11,4,2.38,24.38,29,22,5.04,6.03,39.6,113.01,582.91
"8,993",21,Female,association_football,DI,120,"7,200","3,405.44",0,0,0,0,1.7,17.27,23,8,4.5,5.8,28.38,84.02,370.21
"8,993",21,Female,association_football,DI,65,"3,900","2,956.88",8.16,0,1,0,2.73,20.6,29,17,5.04,5.2,45.49,78,378.32
"8,993",21,Female,association_football,DI,95,"5,700","3,981.01",110.93,25.86,15,4,2.51,24,53,28,5.17,4.88,41.91,93.35,555.95
"8,993",21,Female,association_football,DI,111,"6,660","3,067.92",9.23,0,1,0,1.66,20.78,18,25,4.51,5,27.64,48.49,447.63
"8,993",21,Female,association_football,DI,112,"6,720",628.3,0,0,0,0,0.34,13.82,4,5,3.18,4.54,5.61,32.24,45.42
"8,993",21,Female,association_football,DI,115,"6,900",255.7,0,0,0,0,0.13,15.14,0,1,0,3.91,2.22,35.32,26.95
"8,993",21,Female,association_football,DI,60,"3,600","2,663.12",13.4,0,3,0,2.66,19.82,44,17,6,6.98,44.39,46.25,414.61
"8,993",21,Female,association_football,DI,60,"3,600","1,413.44",5.8,929.41,1,19,1.41,42.86,1,1,3.44,2.54,23.56,162.32,244.27
"8,993",21,Female,association_football,DI,60,"3,600","2,306.14",0,0,0,0,2.31,14.19,13,9,4.36,3.66,38.44,53.76,300.77
"8,993",21,Female,association_football,DI,112,"6,720","3,052.41",0,0,0,0,1.64,18.94,12,16,5.47,5.99,27.25,71.71,488.91
"8,993",21,Female,association_football,DI,75,"4,500","2,538.91",24.26,0,3,0,2.03,22.06,29,17,5.37,5.09,33.85,83.56,284.08
"8,993",21,Female,association_football,DI,111,"6,660","1,137.14",0,0,0,0,0.61,17.03,8,8,4.4,4.9,10.24,39.73,115.58
"8,993",21,Female,association_football,DI,75,"4,500","2,786.93",0,0,0,0,2.23,18.55,19,12,4.46,4.42,37.16,70.25,325.72
"8,993",21,Female,association_football,DI,60,"3,600","1,728.10",9.38,0,2,0,1.73,19.93,17,10,5.5,4.82,28.8,75.49,230.83
"8,993",21,Female,association_football,DI,111,"6,660",587.5,0,0,0,0,0.32,15.91,6,3,4.33,3.36,5.29,60.26,53.16
"8,993",21,Female,association_football,DI,106,"6,360","2,924.20",16,0,3,0,1.66,19.83,14,12,4.46,5.01,27.59,75.09,472.75
"8,993",21,Female,association_football,DI,106,"6,360",598.8,0,0,0,0,0.34,13.66,1,0,3.44,0,5.65,32.08,45.6
"8,993",21,Female,association_football,DI,100,"6,000","4,707.35",57.73,8.48,6,1,2.82,23.64,34,37,6.04,6.28,47.07,89.55,916.23
"8,993",21,Female,association_football,DI,107,"6,420","1,646.55",3.31,0,1,0,0.92,19.39,4,7,3.85,4.41,15.39,73.42,200.02
"8,993",21,Female,association_football,DI,36,"2,160","1,442.10",22.38,0,4,0,2.4,21.23,11,16,4.96,6.29,40.06,80.39,203.16
"9,240",22,Male,association_football,DI,79,"4,740","5,695.09",182.8,24.13,13,2,4.33,27.43,42,35,5.87,5.81,72.09,98.27,"1,095.32"
"9,240",22,Male,association_football,DI,9,540,"1,301.08",73.26,0,10,0,8.67,24.02,17,20,5.42,5.08,144.56,86.06,298.59
"9,240",22,Male,association_football,DI,85,"5,100","5,835.35",129.39,23.08,16,3,4.12,27.17,55,43,5.39,6.29,68.65,97.33,"1,159.62"
"9,240",22,Male,association_football,DI,74,"4,440","6,503.03",122.24,0,11,0,5.27,24.4,51,38,5.95,5.8,87.88,87.41,"1,257.31"
"9,240",22,Male,association_football,DI,80,"4,800","4,298.43",31.01,0,5,0,3.22,21.55,27,24,5.02,4.83,53.73,77.21,709.7
"9,240",22,Male,association_football,DI,5,300,754.22,35.27,7.21,3,1,9.05,25.38,5,9,4.27,6.56,150.84,90.93,184.97
"9,240",22,Male,association_football,DI,66,"3,960","3,591.24",39.98,0,6,0,3.26,22.5,54,19,5.58,6.47,54.41,80.62,628.39
"9,240",22,Male,association_football,DI,75,"4,500","6,535.76",242.12,81.34,33,10,5.23,27.91,75,67,5.5,6.03,87.14,108.8,"1,331.15"
"9,240",22,Male,association_football,DI,54,"3,240","5,541.75",82.18,14.2,8,1,6.16,25.66,35,29,5.61,5.37,102.63,105.24,"1,322.91"
"9,240",22,Male,association_football,DI,100,"6,000","2,970.23",110.75,0,9,0,1.78,24.38,29,12,5.52,4.44,29.7,101.44,394.41
"9,240",22,Male,association_football,DI,75,"4,500","3,519.97",51.87,0,5,0,2.82,24.03,19,10,4.69,4.01,46.93,139.14,404.02
"9,240",22,Male,association_football,DI,90,"5,400","1,280.79",0,0,0,0,0.85,17.27,2,0,4.08,0,14.23,0,123.36
"9,240",22,Male,association_football,DI,120,"7,200","9,007.24",128.96,27.6,15,2,4.5,26.06,42,30,5.66,5.43,75.06,93.36,"1,136.15"
"9,240",22,Male,association_football,DI,78,"4,680","7,037.18",141.17,12.7,18,1,5.41,26.99,89,71,6.39,5.64,90.22,96.7,"1,507.55"
"9,240",22,Male,association_football,DI,95,"5,700","6,055.06",47.75,11.6,6,1,3.82,26.58,63,32,6.3,6.67,63.74,93.1,970.41
"9,240",22,Male,association_football,DI,79,"4,740","6,270.85",273.62,35.71,19,2,4.76,27.31,61,45,6.76,6.18,79.38,95.65,"1,137.84"
"9,240",22,Male,association_football,DI,85,"5,100","5,442.34",193.76,45.89,23,3,3.84,28.55,51,35,5.78,6.17,64.03,102.27,"1,012.32"
"9,240",22,Male,association_football,DI,53,"3,180","5,115.34",50.47,0,4,0,5.79,24.07,56,34,5.58,6.83,96.52,86.24,"1,015.89"
"9,385",18,Female,association_football,DI,120,"7,200","5,630.42",48.4,10.29,9,1,2.82,22.79,54,40,5.53,5.24,46.92,55.78,717.14
"9,385",18,Female,association_football,DI,120,"7,200","6,362.56",117.52,21.52,17,3,3.18,24.29,62,53,6.08,6.73,53.02,59.46,973.06
"9,385",18,Female,association_football,DI,120,"7,200","5,952.36",76.13,6.37,11,1,2.98,25.68,59,47,5.89,6.46,49.6,62.84,"1,040.45"
"9,385",18,Female,association_football,DI,150,"9,000","8,152.49",133.98,115.15,19,6,3.26,28.63,53,71,4.77,7.18,54.35,70.06,"1,326.51"
"9,385",18,Female,association_football,DI,90,"5,400","2,104.06",8.16,0,1,0,1.4,23.25,15,3,4.84,4.18,23.38,56.91,208.5
"9,385",18,Female,association_football,DI,120,"7,200","3,866.53",62.33,3.74,8,1,1.93,22.48,46,39,5.87,6.09,32.22,55.01,447.58
"9,385",18,Female,association_football,DI,120,"7,200","5,475.74",60.45,6.94,9,1,2.74,24.85,38,35,6.25,6.31,45.63,60.82,754.2
"9,385",18,Female,association_football,DI,120,"7,200","4,313.75",61.4,5.13,9,1,2.16,26.28,31,30,6.61,6.92,35.95,64.31,676.91
"9,385",18,Female,association_football,DI,105,"6,300","10,457.89",324.62,59.94,36,8,5.98,24.54,47,83,4.81,6.38,99.6,60.06,"2,134.11"
"9,385",18,Female,association_football,DI,120,"7,200","7,374.24",152.55,87.17,18,4,3.69,27.91,67,50,5.44,6.15,61.45,68.32,"1,086.46"
"9,385",18,Female,association_football,DI,95,"5,700","8,943.89",148.91,27.41,22,2,5.65,28.32,41,63,5.41,6.98,94.15,69.32,"1,632.10"
"9,385",18,Female,association_football,DI,90,"5,400",921.64,0,0,0,0,0.61,13.83,4,0,4.36,0,10.24,33.85,86.06
"9,385",18,Female,association_football,DI,95,"5,700","7,566.60",209,60.82,25,6,4.78,26.35,25,40,5.59,6.53,79.65,64.48,"1,476.75"
"9,385",18,Female,association_football,DI,90,"5,400","4,789.06",59,3.88,8,1,3.19,22.34,42,35,5.16,5.68,53.21,54.69,619.85
"9,385",18,Female,association_football,DI,90,"5,400","3,888.80",38.11,8.7,7,1,2.59,24.02,25,25,5.45,5.72,43.21,58.79,544.67
"9,385",18,Female,association_football,DI,120,"7,200","6,146.42",134.8,48.82,18,4,3.07,26.92,65,53,5.98,6.73,51.22,65.88,818.07
"9,385",18,Female,association_football,DI,90,"5,400","4,444.75",60.72,74.77,9,6,2.96,26.25,50,30,5.72,5.27,49.39,64.25,593.8
"9,385",18,Female,association_football,DI,120,"7,200","4,536.52",18.58,7.63,4,1,2.27,22.91,37,27,5.22,5.1,37.8,56.07,543.9
"9,385",18,Female,association_football,DI,100,"6,000","9,901.37",274.2,63.41,37,9,5.94,25.08,45,84,5.75,6.42,99.01,61.39,"1,796.24"
"9,385",18,Female,association_football,DI,90,"5,400","4,372.61",37.46,69.41,6,4,2.92,29.48,59,26,6.2,6.67,48.58,72.14,698.67
"9,385",18,Female,association_football,DI,90,"5,400","3,891.13",60.39,0,10,0,2.59,22.77,34,36,6.63,5.87,43.23,55.74,461.27
"9,385",18,Female,association_football,DI,90,"5,400","3,659.09",22.43,8.37,3,1,2.44,23.06,31,22,5.41,5.3,40.66,56.43,431.8
"9,385",18,Female,association_football,DI,90,"5,400","7,860.65",319.13,86.18,29,5,5.24,26.02,39,67,5.18,5.85,87.34,63.68,"1,555.75"
"9,385",18,Female,association_football,DI,85,"5,100","3,651.60",114.14,31.03,15,5,2.58,24.5,29,26,5.03,4.78,42.96,59.96,454.47
"9,385",18,Female,association_football,DI,90,"5,400","8,328.47",237.32,47.78,29,6,5.55,24.31,37,63,5.14,7.18,92.54,59.5,"1,561.54"
"9,385",18,Female,association_football,DI,120,"7,200","5,790.91",398.56,"3,622.33",50,91,2.9,40.78,7,3,4.76,2.88,48.26,99.81,891.13
"9,385",18,Female,association_football,DI,120,"7,200","2,770.16",191.67,"1,812.10",22,36,1.39,40.86,9,6,4.96,3.25,23.08,100.19,466.21
"9,385",18,Female,association_football,DI,120,"7,200","7,550.90",46.72,43.32,6,4,3.78,24.97,79,62,5.69,5.64,62.92,61.11,"1,093.99"
"9,385",18,Female,association_football,DI,120,"7,200","4,948.16",64.33,6.81,7,1,2.47,23.41,33,22,5.43,6.36,41.23,57.29,653.27
"9,385",18,Female,association_football,DI,90,"5,400","2,595.14",133.55,6.7,13,1,1.73,23.28,9,18,4.31,6.07,28.83,56.97,438.86
"9,385",18,Female,association_football,DI,90,"5,400","6,972.76",93.28,43.27,14,2,4.65,26.5,31,54,4.87,6.02,77.48,64.87,"1,296.38"
"9,385",18,Female,association_football,DI,120,"7,200",448.06,0,0,0,0,0.22,12.79,1,0,4.35,0,3.73,31.3,31.04
"9,385",18,Female,association_football,DI,120,"7,200","7,167.95",154.78,32.33,19,5,3.58,23.94,62,57,5.69,7.57,59.73,58.59,"1,426.52"
"9,385",18,Female,association_football,DI,120,"7,200","5,369.01",174.56,"1,352.63",16,50,2.68,42.35,46,13,5.41,6.07,44.74,103.64,644.78
"9,385",18,Female,association_football,DI,120,"7,200","2,784.87",6.58,0,1,0,1.39,20.13,10,7,4.62,4.94,23.21,49.27,265.64
"9,385",18,Female,association_football,DI,90,"5,400","8,209.46",269.77,76.41,32,8,5.47,26.22,28,45,5.34,6.2,91.22,61.91,"1,474.79"
"9,385",18,Female,association_football,DI,120,"7,200","4,794.97",54.3,0,6,0,2.4,22.13,34,47,6.7,7.62,39.96,52.25,824.64
"9,385",18,Female,association_football,DI,120,"7,200","3,187.58",88.97,58.77,9,6,1.59,25.15,27,21,5.95,6.07,26.56,59.4,386.89
"9,385",18,Female,association_football,DI,90,"5,400","5,333.49",91.03,38.81,9,2,3.56,25.76,25,35,5.47,6.31,59.26,60.83,"1,011"
"9,385",18,Female,association_football,DI,90,"5,400","1,564.11",8.05,0,1,0,1.04,20.43,6,6,4.59,3.94,17.38,48.24,165.32
"9,385",18,Female,association_football,DI,90,"5,400","9,348.09",372.7,67.6,35,8,6.23,24.97,43,62,5.36,6.39,103.87,58.96,"1,714.96"
"9,385",18,Female,association_football,DI,120,"7,200","7,762.46",83.59,64.08,9,3,3.88,27.24,49,60,4.89,7.57,64.69,64.32,"1,197.03"
"9,385",18,Female,association_football,DI,90,"5,400","4,632.24",118.29,0,13,0,3.09,21.78,44,45,5.92,5.99,51.47,51.43,910.42
"9,385",18,Female,association_football,DI,120,"7,200","1,685.44",9.56,3.87,2,1,0.84,22.68,10,3,4.38,3.6,14.05,53.56,228.66
"9,385",18,Female,association_football,DI,90,"5,400","7,810.97",270.94,94.08,33,10,5.21,25.2,45,68,5.66,5.93,86.79,59.51,"1,525.07"
"9,385",18,Female,association_football,DI,120,"7,200","2,242.55",20.83,0,2,0,1.12,22.5,14,6,5.49,5.03,18.69,53.13,310.62
"9,385",18,Female,association_football,DI,120,"7,200","2,488.95",52.9,7.47,5,1,1.24,23.9,26,23,5.33,5.33,20.74,56.45,443.26
"9,385",18,Female,association_football,DI,120,"7,200",336.05,0,0,0,0,0.17,9.61,1,0,3.46,0,2.8,22.7,38.65
"9,385",18,Female,association_football,DI,120,"7,200","1,922.93",42.7,0,7,0,0.96,21.67,40,37,5.81,6.79,16.02,51.18,378.65
"9,385",18,Female,association_football,DI,120,"7,200","6,248.03",106.07,55.67,14,5,3.12,26.14,67,62,6.21,6.74,52.07,61.72,"1,414.29"
"9,385",18,Female,association_football,DI,120,"7,200","3,566.89",134.35,86.19,17,7,1.78,26.14,28,33,5.86,6.97,29.72,61.72,661.45
"9,385",18,Female,association_football,DI,90,"5,400","1,302.55",0,0,0,0,0.87,18.9,8,4,4.58,5.27,14.47,44.63,208.57
"9,385",18,Female,association_football,DI,120,"7,200","2,137.79",18.6,0,3,0,1.07,19.4,32,15,5.74,5.55,17.81,45.82,419.44
"9,385",18,Female,association_football,DI,90,"5,400","7,162.12",146.41,62.44,16,4,4.77,24.95,31,59,5.78,6.3,79.58,58.91,"1,559.97"
"9,385",18,Female,association_football,DI,90,"5,400","3,508.52",46.09,36.64,7,3,2.34,25.33,40,19,5.92,5.65,38.98,61.98,410.41
"9,484",18,Male,association_football,DI,91,"5,460","3,670.63",0,0,0,0,2.42,19.35,30,14,5.43,5.05,40.34,76.82,488.45
"9,484",18,Male,association_football,DI,120,"7,200","1,997.46",4.76,0,1,0,1,20.25,14,2,4.63,5.22,16.65,49.62,215.01
"9,484",18,Male,association_football,DI,90,"5,400","5,069.32",7.07,0,1,0,3.38,22,54,51,5.44,5.35,56.33,53.9,691.48
"9,484",18,Male,association_football,DI,120,"7,200","7,734.90",56.59,0,7,0,3.87,23.35,32,43,5.54,5.55,64.46,57.22,"1,103.27"
"9,484",18,Male,association_football,DI,120,"7,200","7,628.98",239.24,383.34,19,16,3.81,40.81,26,29,5.33,6.7,63.57,151.19,"1,211.25"
"9,484",18,Male,association_football,DI,120,"7,200","4,204.37",0,0,0,0,2.1,17.11,22,3,6.7,3.58,35.04,63.38,560.68
"9,484",18,Male,association_football,DI,120,"7,200","5,572.96",81.82,0,6,0,2.79,23.69,49,23,5.63,5.66,46.44,87.77,738.33
"9,484",18,Male,association_football,DI,120,"7,200","8,489",145.11,0,15,0,4.24,24.6,56,34,5.55,5.65,70.74,91.14,"1,294.82"
"9,484",18,Male,association_football,DI,100,"6,000","4,929.99",99.99,0,9,0,2.96,24.96,22,21,5.21,7.78,49.3,61.17,754.03
"9,484",18,Male,association_football,DI,100,"6,000","10,097.56",131.13,28.07,13,1,6.06,28.34,50,52,5.76,6.81,100.98,69.43,"1,762.54"
"9,484",18,Male,association_football,DI,90,"5,400","6,134.38",45.05,4.31,8,1,4.09,25.14,64,41,5.09,5.76,68.16,61.61,872.97
"9,484",18,Male,association_football,DI,90,"5,400","5,612.41",100.73,6.72,12,1,3.74,26.13,33,20,5.24,5.85,62.36,64.03,714.84
"9,484",18,Male,association_football,DI,75,"4,500","5,256.20",9.33,0,1,0,4.2,22.62,32,24,6.06,7.22,70.08,55.43,740.62
"9,484",18,Male,association_football,DI,110,"6,600","8,497.89",119.05,0,12,0,4.64,24.83,73,59,6.09,5.49,77.25,60.85,"1,313.55"
"9,484",18,Male,association_football,DI,95,"5,700","4,508.01",91.02,0,5,0,2.85,24.16,36,36,5.57,5.21,47.45,59.2,649.27
"9,484",18,Male,association_football,DI,120,"7,200","5,145.91",15.74,0,2,0,2.57,22.37,27,8,5.92,5.76,42.88,54.81,471.11
"9,484",18,Male,association_football,DI,100,"6,000","10,460.89",264.54,11.89,16,2,6.28,25.47,63,57,5.65,7.34,104.61,94.37,"1,969.11"
"9,484",18,Male,association_football,DI,101,"6,060","5,215.44",67.62,34.7,6,2,3.1,26.99,39,29,6.04,5.55,51.64,107.18,858.96
"9,484",18,Male,association_football,DI,121,"7,260","4,515.26",58.88,0,3,0,2.24,23.1,41,13,5.72,4.45,37.32,91.73,567.79
"9,484",18,Male,association_football,DI,90,"5,400","1,425.36",7.26,0,1,0,0.95,21.26,8,7,4.54,4.84,15.84,84.42,161.51
"9,484",18,Male,association_football,DI,120,"7,200","6,321.45",64.6,0,7,0,3.16,23.15,44,29,5.54,7.52,52.68,56.72,996.45
"9,484",18,Male,association_football,DI,62,"3,720","7,277.88",187.99,78.49,24,5,7.04,29.01,38,42,5.01,7.24,117.39,71.08,"1,311.71"
"9,484",18,Male,association_football,DI,120,"7,200","3,692.50",70.78,0,4,0,1.85,24.71,11,2,5.61,3.8,30.77,98.14,528.91
"9,484",18,Male,association_football,DI,90,"5,400","4,403.42",70.41,10.09,5,1,2.94,25.18,26,22,5.12,8.28,48.93,0,559.43
"9,484",18,Male,association_football,DI,95,"5,700","1,430.49",40.21,0,3,0,0.9,21.59,5,4,4.23,4.18,15.06,79.99,228.73
"9,484",18,Male,association_football,DI,120,"7,200","5,374.44",83.32,0,5,0,2.69,24.22,22,19,6.98,5.49,44.79,96.17,852.06
"9,484",18,Male,association_football,DI,95,"5,700","2,983.22",0,0,0,0,1.88,17.14,4,1,4.51,3.33,31.4,68.06,441.05
"9,484",18,Male,association_football,DI,90,"5,400",664.09,0,0,0,0,0.44,17.56,6,1,4.96,4.35,7.38,69.72,82.13
"9,484",18,Male,association_football,DI,120,"7,200","2,058.90",0,0,0,0,1.03,18.06,19,2,6.28,4.3,17.16,71.7,162.54
"9,484",18,Male,association_football,DI,120,"7,200","3,408.28",0,0,0,0,1.7,19.97,38,10,6.69,5.14,28.4,79.28,306.44
"9,484",18,Male,association_football,DI,120,"7,200","2,399.18",63.26,0,6,0,1.2,23.01,14,5,4.9,4.52,19.99,91.36,295.25
"9,872",20,Male,american_football,DI-FCS,106,"6,360","4,659.14",562.08,14.44,39,2,2.64,26.23,67,90,8.97,7.11,43.95,94.22,571.4
"9,872",20,Male,american_football,DI-FCS,80,"4,800","4,818.27",46.27,0,8,0,3.61,23.33,53,47,9.28,7.17,60.23,83.8,730.75
"9,872",20,Male,american_football,DI-FCS,80,"4,800","1,658.39",229.8,83.68,18,9,1.24,27.84,34,30,9,6.49,20.73,107.44,233.3
"10,135",20,Female,association_football,DI,110,"6,600","5,183.71",56.26,18.25,7,1,2.83,24.05,49,26,4.63,6.59,47.12,59.18,707.65
"10,135",20,Female,association_football,DI,105,"6,300","8,128.13",85.32,38.73,12,4,4.64,27.4,40,50,5.4,6.22,77.41,67.4,"1,162.79"
"10,135",20,Female,association_football,DI,100,"6,000","8,764.16",169.49,74.47,22,6,5.26,25.06,39,45,5.38,8.92,87.64,61.64,976.5
"10,135",20,Female,association_football,DI,95,"5,700","3,526.76",31,21.12,6,2,2.23,25.08,41,28,4.86,5.43,37.12,88.33,422.36
"10,135",20,Female,association_football,DI,70,"4,200","1,652.79",0,0,0,0,1.42,13.84,1,0,2.88,0,23.61,34.05,128.33
"10,135",20,Female,association_football,DI,100,"6,000","3,800.45",32.1,0,5,0,2.28,21.03,32,17,8.95,5.83,38,51.74,384.7
"10,135",20,Female,association_football,DI,104,"6,240","7,025.46",261.18,112.95,33,7,4.05,26.81,39,45,4.87,9.32,67.55,65.96,933.22
"10,135",20,Female,association_football,DI,90,"5,400","6,234.54",140.73,36.4,16,4,4.16,24,34,35,5.22,7.17,69.27,59.03,853.52
"10,135",20,Female,association_football,DI,120,"7,200","5,388.80",38.25,3.93,5,1,2.69,21.89,18,20,4.47,4.66,44.91,85.82,572.5
"10,135",20,Female,association_football,DI,105,"6,300","3,012.21",71.46,24.02,9,2,1.72,24.65,19,21,4.65,6.26,28.69,96.65,281.2
"10,135",20,Female,association_football,DI,110,"6,600","4,392.21",55.42,108.01,8,3,2.4,25.51,30,24,6.48,6.38,39.93,100.03,448.07
"10,135",20,Female,association_football,DI,100,"6,000","1,758.22",0,0,0,0,1.05,16.52,18,5,4.85,4.64,17.58,40.65,180.32
"10,135",20,Female,association_football,DI,78,"4,680","3,954.05",4.43,0,1,0,3.04,19.5,26,23,4.66,5.39,50.69,76.45,431.59
"10,135",20,Female,association_football,DI,75,"4,500",726.82,0,0,0,0,0.58,10.43,0,1,0,3.08,9.69,40.9,58.9
"10,135",20,Female,association_football,DI,105,"6,300","2,947.80",0,0,0,0,1.68,18.64,23,15,5.2,5.18,28.07,73.1,282.64
"10,135",20,Female,association_football,DI,123,"7,380","7,073.79",64.89,45.97,9,3,3.45,25.5,32,28,6.64,5.58,57.51,0,864.84
"10,135",20,Female,association_football,DI,120,"7,200","6,169.19",146.07,0,15,0,3.08,21.31,22,17,5.34,4.8,51.41,52.44,803.64
"10,135",20,Female,association_football,DI,90,"5,400","6,811.64",121.09,76.88,15,7,4.54,27.59,33,36,5.76,7.74,75.68,67.87,"1,211.44"
"10,135",20,Female,association_football,DI,60,"3,600","1,467.69",0,0,0,0,1.47,18.4,11,1,4.74,3.57,24.46,45.28,135.48
"10,135",20,Female,association_football,DI,80,"4,800","3,335.41",13.4,0,1,0,2.5,21.78,27,16,4.88,5.15,41.69,53.57,379.25
"10,135",20,Female,association_football,DI,99,"5,940","3,377.11",22.31,4.19,4,1,2.05,22.97,26,15,5.29,4.9,34.11,57.22,290.44
"10,135",20,Female,association_football,DI,116,"6,960","5,833.17",116.47,110.84,13,7,3.02,25.27,30,28,5.17,5.41,50.29,62.16,710.14
"10,135",20,Female,association_football,DI,100,"6,000","4,558.40",32.13,11.35,4,1,2.74,24.17,28,23,5.39,5.09,45.58,94.75,438.75
"10,135",20,Female,association_football,DI,90,"5,400","4,273.86",31.52,15.99,6,2,2.85,23.3,33,22,6.16,6.46,47.49,57.32,703.09
"10,135",20,Female,association_football,DI,110,"6,600","2,990.91",42.36,3.9,6,1,1.63,22.68,12,8,5.07,5.96,27.19,55.79,298.95
"10,135",20,Female,association_football,DI,77,"4,620","3,142.03",12.13,6.62,2,1,2.45,26.46,25,13,5.57,5.52,40.81,93.2,467.55
"10,135",20,Female,association_football,DI,105,"6,300","4,233.91",17.98,16.69,3,1,2.42,24.64,35,25,4.79,5.49,40.32,96.61,464.51
"10,135",20,Female,association_football,DI,90,"5,400","6,757.83",160.65,67.59,21,7,4.51,26.63,35,33,6.04,6.53,75.09,65.52,"1,232.20"
"10,135",20,Female,association_football,DI,74,"4,440","2,372.22",0,0,0,0,1.92,18.36,40,18,5.77,4.51,32.06,58.32,318.82
"10,135",20,Female,association_football,DI,101,"6,060","4,741.97",4.21,0,1,0,2.82,21.51,64,47,6.84,6.52,46.95,68.33,778.48
"10,135",20,Female,association_football,DI,40,"2,400","1,856.91",139.12,74.67,17,8,2.79,27.6,35,29,7.05,7.67,46.42,87.67,384.41
"10,135",20,Female,association_football,DI,100,"6,000","4,458.07",5.75,0,1,0,2.67,21.48,39,18,5.6,6.39,44.58,68.23,699.6
"10,135",20,Female,association_football,DI,90,"5,400","3,694.66",0,0,0,0,2.46,20.46,36,30,8.42,6.62,41.05,64.98,488.02
"10,135",20,Female,association_football,DI,60,"3,600","1,686.18",0,0,0,0,1.69,21.25,30,21,6.98,6.46,28.1,67.51,236.43
"10,135",20,Female,association_football,DI,60,"3,600","2,613.44",0,0,0,0,2.61,20.6,51,41,6.4,6.99,43.56,65.42,432.25
"10,135",20,Female,association_football,DI,28,"1,680",454.06,0,0,0,0,0.97,8.49,0,1,0,4.89,16.22,29.91,29.05
"10,135",20,Female,association_football,DI,23,"1,380","1,686.26",125.08,108.75,14,9,4.4,31.49,23,10,6.75,6.34,73.32,110.91,333.02
"10,135",20,Female,association_football,DI,70,"4,200","2,453.08",0,0,0,0,2.1,20.1,13,22,5.99,5.77,35.04,70.78,342.31
"10,135",20,Female,association_football,DI,90,"5,400","4,790.13",17.55,0,3,0,3.19,20.75,39,27,6.36,7.3,53.22,51.04,722.16
"10,135",20,Female,association_football,DI,76,"4,560","2,914.64",0,0,0,0,2.3,18.48,18,8,5.66,5.45,38.35,45.45,390.07
"10,135",20,Female,association_football,DI,73,"4,380","2,660.39",0,0,0,0,2.19,21.2,30,23,6.71,7.38,36.44,67.32,378.27
"10,135",20,Female,association_football,DI,90,"5,400","7,305.87",81.34,43.7,13,6,4.87,27.26,38,44,5.61,6.24,81.18,67.07,"1,329.76"
"10,135",20,Female,association_football,DI,90,"5,400","3,980.04",51.26,8.87,11,2,2.65,23.7,57,55,6.39,6.89,44.22,58.29,699.22
"10,135",20,Female,association_football,DI,90,"5,400","3,896.18",0,0,0,0,2.6,18.65,53,34,7.68,7.23,43.29,45.88,508.2
"10,135",20,Female,association_football,DI,90,"5,400","3,570.73",22.86,0,4,0,2.38,20.68,28,22,7.76,7.37,39.67,50.88,518.15
"10,135",20,Female,association_football,DI,90,"5,400","4,222.83",4.82,0,1,0,2.82,19.05,58,31,9.07,5.07,46.92,46.86,501.77
"10,135",20,Female,association_football,DI,90,"5,400","7,627.26",102.45,58.04,13,5,5.08,27.09,35,39,6.14,6.26,84.75,66.65,"1,373.88"
"10,135",20,Female,association_football,DI,90,"5,400","4,987.94",57.22,9.42,6,2,3.33,23.98,33,25,7.32,5.63,55.42,59,820.66
"10,135",20,Female,association_football,DI,90,"5,400","2,424.45",14.43,0,2,0,1.62,20.99,28,29,5.13,5.1,26.94,51.63,316.32
"10,135",20,Female,association_football,DI,90,"5,400","3,845.67",31.78,5.6,4,1,2.56,23.28,47,30,7.63,6.7,42.73,57.27,593.58
"10,135",20,Female,association_football,DI,90,"5,400","7,864.44",111.12,83.89,16,6,5.24,28.39,35,37,5.6,7.77,87.38,69.84,"1,317.19"
"10,135",20,Female,association_football,DI,90,"5,400","6,070.56",149.11,83.31,17,5,4.05,25.63,24,29,5.52,5.79,67.45,63.04,608.81
"10,135",20,Female,association_football,DI,70,"4,200","2,426.51",0,0,0,0,2.08,16.6,6,5,4.89,5.19,34.66,40.85,295.72
"10,135",20,Female,association_football,DI,90,"5,400","6,541.50",132.64,34.78,17,3,4.36,26.14,33,30,5.43,5.13,72.68,64.32,861.45
"10,135",20,Female,association_football,DI,110,"6,600","3,559.35",13.73,0,2,0,1.94,20.42,28,20,4.73,5.79,32.36,50.23,365.04
"10,135",20,Female,association_football,DI,90,"5,400","6,837.49",77.42,134.25,11,7,4.56,26.64,42,43,5.35,6.1,75.97,65.53,841.73
"10,135",20,Female,association_football,DI,90,"5,400","3,950.49",8.78,0,2,0,2.63,22.49,34,20,5.58,5.86,43.89,55.33,643.37
"10,135",20,Female,association_football,DI,110,"6,600","4,658.86",58.87,31.65,8,3,2.54,25.23,55,36,5.44,5.45,42.35,62.07,645.74
"10,135",20,Female,association_football,DI,100,"6,000","5,095.16",71.66,16.78,9,2,3.06,23.97,22,25,4.95,5.18,50.95,58.98,561.44
"10,579",21,Male,american_football,DI,150,"9,000","5,095.96",0,0,0,0,2.04,15.81,36,8,4.49,4.42,33.97,0,509.86
"10,579",21,Male,american_football,DI,70,"4,200","3,020.38",137.93,5.06,12,1,2.59,25.16,36,47,6.39,5.84,43.15,99.83,562.02
"10,579",21,Male,american_football,DI,150,"9,000","4,505.86",0,0,0,0,1.8,19.58,29,6,4.86,4.79,30.04,123.87,468.13
"10,579",21,Male,american_football,DI,130,"7,800","4,084.32",0,0,0,0,1.89,19.44,22,6,4.82,4.23,31.42,99.28,435.25
"10,579",21,Male,american_football,DI,330,"19,800","8,205.42",7.53,0,1,0,1.49,20.46,39,16,5.08,4.61,24.86,104.47,784.7
"10,579",21,Male,american_football,DI,70,"4,200","2,991.91",80.92,5.21,6,1,2.56,25.2,19,19,4.69,5.84,42.74,123.21,582.78
"10,579",21,Male,american_football,DI,70,"4,200","2,838.65",157.86,0,14,0,2.43,23.55,28,15,5.38,6.05,40.55,93.46,535.3
"10,579",21,Male,american_football,DI,70,"4,200","1,726.35",115.13,0,12,0,1.48,22.73,16,6,6.21,5.92,24.66,90.19,326.87
"10,579",21,Male,american_football,DI,70,"4,200","3,120.65",94.07,0,5,0,2.67,25.08,33,31,5.88,5.76,44.58,99.5,554.9
"10,579",21,Male,american_football,DI,70,"4,200","3,806.21",142.47,0,12,0,3.26,23.18,44,25,6.52,5.55,54.37,91.96,738.19
"10,791",20,Male,american_football,DI-FCS,100,"6,000","5,290.95",114.75,10.9,15,2,3.17,25.78,110,82,9.96,6.81,52.91,80.72,566.32
"10,791",20,Male,american_football,DI-FCS,130,"7,800","5,519.98",407.1,133.14,34,12,2.55,31.94,78,83,6.07,9.93,42.46,119.14,663
"10,791",20,Male,american_football,DI-FCS,80,"4,800","3,472.02",72.42,0,7,0,2.6,22.81,78,41,9.23,9.25,43.4,85.08,364.29
"10,791",20,Male,american_football,DI-FCS,95,"5,700","1,480.78",22.37,0,5,0,0.94,21.13,39,39,6.47,5.95,15.59,0,345.58
"10,791",20,Male,american_football,DI-FCS,106,"6,360","4,991.80",591.94,103.5,49,13,2.83,26.65,93,116,7.65,7.87,47.09,83.45,616.63
"10,791",20,Male,american_football,DI-FCS,137,"8,220","1,698.74",325.35,50.11,21,3,0.74,27.83,22,2,6.62,2.93,12.4,87.12,386.18
"11,347",18,Male,association_football,DI,120,"7,200","8,061.86",181.93,42.77,18,3,4.03,26.98,86,55,5.77,6.44,67.18,95.14,"1,240.60"
"11,347",18,Male,association_football,DI,56,"3,360","7,036.75",342.59,68.19,30,2,7.54,28.69,71,79,5.73,6.7,125.66,99.64,"1,274.06"
"11,347",18,Male,association_football,DI,100,"6,000","1,763.85",56.7,4.32,5,1,1.06,25.14,10,6,4.68,4.26,17.64,88.11,235.27
"11,347",18,Male,association_football,DI,101,"6,060","1,477.74",9.44,0,2,0,0.88,20.77,18,15,4.26,4.22,14.63,73.24,152.26
"11,347",18,Male,association_football,DI,120,"7,200","5,808.82",33.41,0,3,0,2.9,23.13,88,50,6.37,5.88,48.41,81.56,964.83
"11,347",18,Male,association_football,DI,120,"7,200","4,206.57",57.77,36.39,5,3,2.1,27.2,50,35,5.83,5.43,35.05,95.9,584.11
"11,347",18,Male,association_football,DI,120,"7,200","6,954.88",256.15,12.96,21,3,3.48,25.73,103,64,6.48,6.26,57.96,90.73,970.71
"11,347",18,Male,association_football,DI,120,"7,200","7,207.86",234.33,12.4,21,1,3.6,26.13,77,69,7.18,7.06,60.07,91.58,"1,108.65"
"11,347",18,Male,association_football,DI,60,"3,600","1,880.32",15.66,0,1,0,1.88,23.67,15,5,5.03,4.02,31.34,82.98,181.94
"11,347",18,Male,association_football,DI,120,"7,200","1,735.80",25.23,0,1,0,0.87,24.04,23,7,5.57,3.35,14.46,84.26,225.05
"11,347",18,Male,association_football,DI,120,"7,200","8,766.46",179.72,56.52,20,2,4.38,28.8,91,75,5.98,7.03,73.05,100.93,"1,372.25"
"11,347",18,Male,association_football,DI,90,"5,400","5,825.99",126.58,0,10,0,3.88,24.4,101,82,5.79,6.18,64.73,84.72,904.81
"11,347",18,Male,association_football,DI,120,"7,200","8,805.85",404.06,50.36,34,3,4.4,28.23,99,83,5.77,7.74,73.38,98.97,"1,547.64"
"11,347",18,Male,association_football,DI,95,"5,700","5,644.03",168.43,29.02,11,2,3.56,29.15,71,49,5.37,5.73,59.41,101.23,841.97
"11,347",18,Male,association_football,DI,110,"6,600","8,719.38",205.83,11.1,22,2,4.76,25.38,109,56,5.91,5.96,79.27,87.07,"1,436.62"
"11,347",18,Male,association_football,DI,75,"4,500","6,022.31",167.91,0,13,0,4.82,24.81,66,46,5.43,5.43,80.3,85.12,"1,003.57"
"11,347",18,Male,association_football,DI,90,"5,400","6,781.37",134.85,0,10,0,4.52,25.01,94,71,5.53,6.68,75.35,85.8,981.03
"11,347",18,Male,association_football,DI,90,"5,400","6,453.40",135.08,22.72,15,2,4.3,26.59,87,63,6.08,6.39,71.7,91.22,948.96
"11,347",18,Male,association_football,DI,90,"5,400","5,088.24",51.63,0,6,0,3.39,23.5,76,43,5.82,6.99,56.54,80.63,723.14
"11,347",18,Male,association_football,DI,90,"5,400","6,002.16",116.53,25.14,14,2,4,28.77,83,50,5.55,6.89,66.69,98.7,850.43
"11,347",18,Male,association_football,DI,80,"4,800","5,229.77",91.2,24.57,6,1,3.92,26.35,62,37,5.65,6.61,65.37,90.4,684.27
"11,347",18,Male,association_football,DI,90,"5,400","4,349.01",13.28,0,1,0,2.9,21.99,89,40,5.61,5.78,48.32,75.42,619.32
"11,347",18,Male,association_football,DI,105,"6,300","9,497.13",404.89,48.85,30,4,5.43,27.18,52,69,5.24,7.23,90.45,93.24,"1,434.62"
"11,347",18,Male,association_football,DI,68,"4,080","4,177.87",70.87,0,6,0,3.69,25.01,49,24,6.24,6.06,61.44,85.81,491.33
"11,347",18,Male,association_football,DI,95,"5,700","6,619.87",42.15,0,3,0,4.18,24.91,106,62,5.47,5.89,69.68,85.46,942.56
"11,347",18,Male,association_football,DI,95,"5,700","9,585.70",408.78,61.11,30,5,6.05,28.41,72,63,5,7.35,100.9,97.48,"1,399.85"
"11,347",18,Male,association_football,DI,95,"5,700","6,421.99",115.78,0,11,0,4.06,24.4,93,58,6.23,6.36,67.6,83.71,966.57
"11,347",18,Male,association_football,DI,80,"4,800","4,683.71",71.61,0,8,0,3.51,24.7,65,52,5.93,6.62,58.55,84.72,815.73
"11,347",18,Male,association_football,DI,95,"5,700","7,925.64",88.15,9.49,10,1,5.01,25.78,117,70,5.26,6.32,83.43,88.45,"1,163"
"11,347",18,Male,association_football,DI,120,"7,200","6,395.85",265.78,37.42,19,3,3.2,26.54,42,30,5.65,7.52,53.3,93.56,861.82
"11,347",18,Male,association_football,DI,95,"5,700","9,072.37",445.44,38.13,36,4,5.73,25.9,68,62,5.66,6.25,95.5,88.86,"1,393.70"
"11,347",18,Male,association_football,DI,125,"7,500","4,821.15",293.72,111.18,22,8,2.31,28.36,41,8,6.15,5.87,38.57,0,656.35
"11,347",18,Male,association_football,DI,90,"5,400","5,405.81",103.39,22.34,7,2,3.6,25.95,45,35,5.58,5.83,60.06,91.5,893.74
"11,347",18,Male,association_football,DI,120,"7,200","5,018.91",220.25,72.89,12,5,2.51,26.91,34,7,5.29,4.73,41.82,94.88,797.73
"11,347",18,Male,association_football,DI,100,"6,000","7,163.29",73.65,5.68,8,1,4.3,25.22,111,61,6.2,6.36,71.63,86.53,"1,017.60"
"11,347",18,Male,association_football,DI,120,"7,200","3,230.75",11.47,0,1,0,1.62,21.89,27,7,6.01,5.01,26.92,77.19,338.26
"11,347",18,Male,association_football,DI,120,"7,200","5,748.79",89.02,20.92,6,1,2.87,26.86,82,26,5.65,6.01,47.91,94.69,813.36
"11,347",18,Male,association_football,DI,120,"7,200","6,165.51",92.53,0,7,0,3.08,23.24,67,53,5.22,5.51,51.38,81.96,908.41
"11,347",18,Male,association_football,DI,95,"5,700","5,881.42",180.56,16.52,18,3,3.71,25.99,100,67,6.05,6.97,61.91,89.17,"1,098.14"
"11,347",18,Male,association_football,DI,100,"6,000","9,113.20",376.26,32.25,36,4,5.47,26.89,78,84,5.31,6.27,91.13,92.26,"1,530.24"
"11,347",18,Male,association_football,DI,100,"6,000","7,535.99",97.44,10.82,12,1,4.52,25.96,109,76,5.62,7.27,75.36,89.06,"1,147.60"
"11,347",18,Male,association_football,DI,120,"7,200","8,941.45",182.79,4.45,21,1,4.47,25.62,92,84,5.54,6.84,74.51,90.34,"1,330.79"
"11,347",18,Male,association_football,DI,120,"7,200","6,514.53",152.84,0,13,0,3.26,24.59,76,52,5.39,7.64,54.29,86.71,861.6
"11,347",18,Male,association_football,DI,120,"7,200","7,917.53",116.12,0,12,0,3.96,24.37,98,70,6.49,5.89,65.98,85.92,"1,016.69"
"11,347",18,Male,association_football,DI,120,"7,200","8,371.60",239.56,15.1,22,2,4.19,26.58,76,63,5.76,7.23,69.76,93.72,"1,246.04"
"11,347",18,Male,association_football,DI,120,"7,200","6,676.41",163.44,112.79,22,5,3.34,28.26,75,57,5.17,7.15,55.64,99.63,963.25
"11,347",18,Male,association_football,DI,120,"7,200","7,218.21",194.07,71.08,20,4,3.61,28.29,87,70,5.82,7.01,60.15,99.76,"1,030.64"
"11,347",18,Male,association_football,DI,90,"5,400",854.11,0,0,0,0,0.57,13.8,14,9,3.86,4.86,9.49,48.64,102.26
"11,347",18,Male,association_football,DI,90,"5,400","5,196.78",58.61,4.43,9,1,3.46,25.11,73,38,5.93,6.55,57.74,88.55,708.48
"11,347",18,Male,association_football,DI,90,"5,400","4,860.01",24.67,0,2,0,3.24,24.14,56,42,5.78,6,54,85.11,614.23
"11,347",18,Male,association_football,DI,120,"7,200","9,629.53",225.81,81.39,23,4,4.81,26.95,124,84,5.78,7.4,80.25,95.02,"1,520.80"
"11,347",18,Male,association_football,DI,95,"5,700","7,808.13",173.04,9.25,20,2,4.93,24.91,119,81,6.25,6.19,82.19,87.82,"1,328.62"
"11,347",18,Male,association_football,DI,120,"7,200","8,444.73",219.99,0,19,0,4.22,25.36,91,71,5.63,6.7,70.37,89.41,"1,412.11"
"11,347",18,Male,association_football,DI,120,"7,200","6,015.60",59.53,0,9,0,3.01,23.19,80,65,5.79,6.43,50.13,81.77,779.01
"11,347",18,Male,association_football,DI,90,"5,400","4,768.42",97.04,0,9,0,3.18,23.32,58,38,5.65,5.44,52.98,82.23,532.55
"11,347",18,Male,association_football,DI,121,"7,260","3,656.13",17.73,0,2,0,1.81,22.7,56,31,5.97,7.35,30.22,80.05,509.22
"11,347",18,Male,association_football,DI,120,"7,200","7,031.13",146.98,42.53,14,2,3.52,28.53,81,51,5.92,6.54,58.59,100.59,"1,169.06"
"11,347",18,Male,association_football,DI,91,"5,460","3,564.93",48.94,0,6,0,2.35,24.1,49,20,5.99,5.84,39.18,84.98,490.02
"11,347",18,Male,association_football,DI,121,"7,260","5,843.19",125.59,27.44,11,2,2.9,26.43,75,47,5.73,6.72,48.29,93.18,797.42
"11,347",18,Male,association_football,DI,95,"5,700","7,551.32",95.28,0,9,0,4.77,24.92,126,93,5.35,6.38,79.49,85.49,"1,120.85"
"11,347",18,Male,association_football,DI,90,"5,400","6,936.67",73,5.22,9,1,4.62,25.94,87,58,4.82,6.48,77.07,89,"1,000.49"
"11,347",18,Male,association_football,DI,90,"5,400","6,368.01",318.16,24.66,25,1,4.25,27.25,50,58,5.25,7.49,70.76,93.48,"1,099.58"
"11,987",20,Male,american_football,DI-FCS,80,"4,800","1,959.89",126.85,204.69,15,12,1.47,33.74,37,44,8.57,7.03,24.5,111.4,242.37
"11,987",20,Male,american_football,DI-FCS,95,"5,700","1,425.72",74.64,0,8,0,0.9,23.51,43,48,5.81,6.55,15.01,0,333.54
"11,987",20,Male,american_football,DI-FCS,80,"4,800","3,431.01",129.4,13.97,12,2,2.57,26.25,92,54,7.38,9.25,42.89,77.79,425.48
"11,987",20,Male,american_football,DI-FCS,106,"6,360","5,155.86",480.68,185.15,43,18,2.92,30.74,121,131,7.6,7.54,48.64,91.12,694.35
"11,987",20,Male,american_football,DI-FCS,130,"7,800","5,993",363.95,179.33,40,12,2.77,28.73,116,133,9.48,8.09,46.1,85.15,794.94
"11,987",20,Male,american_football,DI-FCS,137,"8,220","1,771.45",332.98,169.64,32,11,0.78,29.2,24,5,6.68,3.76,12.93,86.53,349.3
"11,987",20,Male,american_football,DI-FCS,100,"6,000","4,169.74",74.62,0,13,0,2.5,24.1,104,104,8.38,9.76,41.7,71.42,596.14
"11,987",20,Male,american_football,DI-FCS,90,"5,400","3,551.94",198.82,4.44,24,1,2.37,25.21,60,93,7.82,9.47,39.47,74.71,437.35
"12,207",18,Male,association_football,DI,100,"6,000",247.06,0,0,0,0,0.15,3.74,0,0,0,0,2.47,17.51,0.99
"12,207",18,Male,association_football,DI,90,"5,400","4,654.29",9.18,0,1,0,3.1,20.93,32,15,6.35,6.15,51.71,91.86,515.66
"12,207",18,Male,association_football,DI,95,"5,700","4,583.78",15.26,0,1,0,2.9,22.32,39,14,6.44,6.58,48.25,97.99,443.2
"12,207",18,Male,association_football,DI,90,"5,400","3,615.98",3.98,0,1,0,2.41,19.88,31,15,7.32,7.43,40.18,87.28,316.35
"12,207",18,Male,association_football,DI,90,"5,400","4,375.21",0,0,0,0,2.92,15.4,38,13,6.12,6.86,48.61,67.6,412.79
"12,207",18,Male,association_football,DI,75,"4,500","3,309.72",13.6,0,1,0,2.65,22.78,27,8,6.43,5.61,44.13,106.61,289.72
"12,207",18,Male,association_football,DI,110,"6,600","4,179.24",0,0,0,0,2.28,17.1,41,12,7.39,7.48,37.99,80.01,415.74
"12,207",18,Male,association_football,DI,95,"5,700","3,201.92",0,0,0,0,2.02,16.43,26,18,5.98,7.1,33.7,76.89,284.52
"12,207",18,Male,association_football,DI,120,"7,200","3,844.77",0,0,0,0,1.92,15.73,44,24,6.03,7.04,32.04,73.63,361.8
"12,207",18,Male,association_football,DI,90,"5,400","3,539.24",0,0,0,0,2.36,18.31,62,21,8.04,5.43,39.32,85.69,346.12
"12,207",18,Male,association_football,DI,120,"7,200","4,021.56",0,0,0,0,2.01,16.18,44,19,6.11,7.1,33.51,75.73,360.94
"12,207",18,Male,association_football,DI,120,"7,200","1,122.52",0,0,0,0,0.56,11.9,4,1,6.92,3.18,9.35,55.68,106.73
"12,207",18,Male,association_football,DI,60,"3,600","1,825.41",0,0,0,0,1.83,20.01,12,3,4.94,4.93,30.42,93.64,184.2
"12,207",18,Male,association_football,DI,120,"7,200","3,500.32",0,0,0,0,1.75,16.12,28,16,6.42,7.09,29.17,75.45,294.51
"12,207",18,Male,association_football,DI,120,"7,200","4,941.96",0,0,0,0,2.47,19.56,44,26,5.39,5.43,41.18,91.55,496.2
"12,207",18,Male,association_football,DI,120,"7,200","3,129.37",0,0,0,0,1.56,18.78,38,10,6.48,5.87,26.08,87.89,276.77
"12,207",18,Male,association_football,DI,120,"7,200","2,999.25",0,0,0,0,1.5,16.6,35,17,6,6.54,24.99,77.69,262.19
"12,207",18,Male,association_football,DI,120,"7,200","4,791.24",0,0,0,0,2.4,19.75,57,22,7.28,7.39,39.93,92.42,431.48
"12,207",18,Male,association_football,DI,101,"6,060",877.15,0,0,0,0,0.52,4.43,0,0,0,0,8.68,20.71,1.54
"12,207",18,Male,association_football,DI,121,"7,260","4,304.82",0,0,0,0,2.13,15.9,50,24,6.87,6.63,35.58,74.4,336.56
"12,207",18,Male,association_football,DI,91,"5,460","2,469.89",0,0,0,0,1.63,16.32,43,20,6.53,6.73,27.14,76.4,257.25
"12,207",18,Male,association_football,DI,120,"7,200","4,198.78",0,0,0,0,2.1,18.36,52,20,6.97,7.2,34.99,85.93,386.42
"12,207",18,Male,association_football,DI,100,"6,000",978.06,0,0,0,0,0.59,18.81,13,2,4.33,4.39,9.78,88.03,90.57
"12,207",18,Male,association_football,DI,120,"7,200","3,675.09",0,0,0,0,1.84,18.73,51,12,7.16,6.42,30.63,87.66,342.04
"12,207",18,Male,association_football,DI,120,"7,200","5,009.38",0,0,0,0,2.5,18.41,58,26,6.85,8.49,41.74,86.16,484.36
"12,207",18,Male,association_football,DI,95,"5,700","3,307.65",0,0,0,0,2.09,19.45,29,19,6.45,7.71,34.82,91.03,321.1
"12,207",18,Male,association_football,DI,120,"7,200","4,929.57",10.94,0,1,0,2.46,21.37,33,19,6.31,5.76,41.08,109.18,456.26
"12,207",18,Male,association_football,DI,90,"5,400","3,070.33",0,0,0,0,2.05,19.46,32,16,6.89,7.65,34.11,105.22,242.01
"12,207",18,Male,association_football,DI,90,"5,400","1,055.60",0,0,0,0,0.7,15.05,25,10,5.12,4.34,11.73,70.42,117.44
"12,207",18,Male,association_football,DI,120,"7,200",403.03,0,0,0,0,0.2,11.99,0,0,0,0,3.36,61.25,36.35
"12,207",18,Male,association_football,DI,120,"7,200","4,603.48",0,0,0,0,2.3,18.65,43,22,6.14,7.62,38.36,95.83,404.9
"12,207",18,Male,association_football,DI,120,"7,200","3,743.65",0,0,0,0,1.87,19.57,43,12,6.22,7.25,31.2,100.57,373.4
"12,207",18,Male,association_football,DI,120,"7,200","3,793.95",0,0,0,0,1.9,15.79,54,9,6.74,5.81,31.62,81.12,339.01
"12,207",18,Male,association_football,DI,120,"7,200","1,605.34",0,0,0,0,0.8,14.69,22,8,6.45,5.89,13.38,75.49,152.23
"12,207",18,Male,association_football,DI,120,"7,200","5,421.39",0,0,0,0,2.71,18.11,38,9,6.71,4.77,45.18,93.08,451.29
"12,207",18,Male,association_football,DI,195,"11,700","4,059.28",0,0,0,0,1.25,18.49,44,3,7.02,5.96,20.82,107.16,400.33
"12,207",18,Male,association_football,DI,120,"7,200","5,856.62",0,0,0,0,2.93,15.59,54,7,4.93,4.17,48.81,90.33,477.31
"12,207",18,Male,association_football,DI,120,"7,200","3,561.26",0,0,0,0,1.78,14.22,24,6,5.29,6.58,29.68,82.38,267.05
"12,207",18,Male,association_football,DI,90,"5,400","3,603.51",0,0,0,0,2.4,17.26,51,23,7.03,6.69,40.04,0,337.46
"12,385",20,Female,association_football,DI,123,"7,380","6,014.48",160.8,96.61,21,7,2.93,27.05,45,39,4.79,5.02,48.9,0,793.79
"12,385",20,Female,association_football,DI,120,"7,200","3,070.19",25.73,0,4,0,1.54,22.24,16,17,4.88,6.45,25.58,80.87,373.76
"12,385",20,Female,association_football,DI,105,"6,300","2,832.77",30.75,0,3,0,1.62,21.66,18,16,4.78,6.66,26.98,78.73,296.43
"12,385",20,Female,association_football,DI,110,"6,600","4,661.70",142.16,124.55,19,5,2.54,27.51,35,41,6.39,6.13,42.38,101.69,528.73
"12,385",20,Female,association_football,DI,78,"4,680","4,829.07",4.54,0,1,0,3.71,20.28,29,34,4.57,5.63,61.91,74.97,669.06
"12,385",20,Female,association_football,DI,75,"4,500",839.57,0,0,0,0,0.67,12.32,0,0,0,0,11.19,45.53,83.84
"12,385",20,Female,association_football,DI,105,"6,300","3,513.91",47.96,5.83,7,1,2.01,22.95,44,39,6.07,6.23,33.47,84.83,472.72
"12,385",20,Female,association_football,DI,90,"5,400","1,465.99",35.01,18.01,5,1,0.98,24.01,12,14,5.59,4.95,16.29,85.3,206.36
"12,385",20,Female,association_football,DI,74,"4,440","2,565.34",0,0,0,0,2.08,18.33,32,19,4.7,4.72,34.67,65.12,267.04
"12,385",20,Female,association_football,DI,40,"2,400","1,759.03",156.54,87.08,21,10,2.64,26.56,36,25,6.22,6.97,43.98,94.37,366.18
"12,385",20,Female,association_football,DI,100,"6,000","4,594.33",20.96,0,2,0,2.76,22.95,36,25,5.14,5.43,45.94,81.56,550.86
"12,385",20,Female,association_football,DI,90,"5,400","3,289.88",0,0,0,0,2.19,18.9,38,36,5.6,5.67,36.55,67.15,370.4
"12,385",20,Female,association_football,DI,60,"3,600","1,600.46",15.16,0,1,0,1.6,22.91,32,23,5.62,5.39,26.67,81.41,150.23
"12,385",20,Female,association_football,DI,60,"3,600","2,596.86",0,0,0,0,2.6,19.33,51,47,5.77,6.34,43.28,68.69,302.94
"12,385",20,Female,association_football,DI,28,"1,680","1,740.16",0,0,0,0,3.73,14.1,1,11,4.41,5.33,62.15,50.09,107.98
"12,385",20,Female,association_football,DI,23,"1,380","1,466.15",108.34,153.49,13,7,3.82,27.33,10,9,4.29,4.02,63.75,97.11,213.46
"12,385",20,Female,association_football,DI,80,"4,800","4,563.02",45.31,0,6,0,3.42,22.19,41,32,5.7,5.97,57.04,78.83,522.33
"12,385",20,Female,association_football,DI,60,"3,600","2,936.89",42.22,4.87,7,1,2.94,22.77,38,29,5.14,6.62,48.95,80.9,651.16
"12,385",20,Female,association_football,DI,60,"3,600","1,423.47",25.88,0,3,0,1.42,21.67,14,12,5.02,5.94,23.72,76.99,154.85
"12,385",20,Female,association_football,DI,70,"4,200","2,519.99",0,0,0,0,2.16,19.33,19,16,5.56,4.93,36,68.67,242.57
"12,385",20,Female,association_football,DI,90,"5,400","2,659.02",0,0,0,0,1.77,18.28,17,15,4.48,4.8,29.54,64.95,271.23
"12,385",20,Female,association_football,DI,90,"5,400","3,250.71",42.98,0,6,0,2.17,22,36,25,5.58,5.62,36.12,78.15,341.33
"12,385",20,Female,association_football,DI,73,"4,380","2,441.52",0,0,0,0,2.01,18.9,37,11,4.86,6.09,33.45,67.17,291.8
"12,385",20,Female,association_football,DI,90,"5,400","1,319.41",0,0,0,0,0.88,17.46,1,7,4.08,4.34,14.66,62.02,122.46
"12,385",20,Female,association_football,DI,90,"5,400","8,065.32",391.36,141.73,44,7,5.38,28.14,33,68,4.72,7.04,89.61,102.32,"1,132.31"
"12,385",20,Female,association_football,DI,90,"5,400","3,559.38",82.6,37.38,8,3,2.37,25.36,26,16,5.31,5.65,39.55,90.12,427.22
"12,385",20,Female,association_football,DI,90,"5,400","4,048.41",60.07,12.7,8,2,2.7,23.82,35,50,5.05,4.8,44.98,84.65,561.61
"12,385",20,Female,association_football,DI,90,"5,400","5,296.56",67.54,0,10,0,3.53,22.48,23,51,5.39,6.39,58.85,79.87,685.12
"12,385",20,Female,association_football,DI,90,"5,400","3,757.72",41.97,10.6,4,1,2.51,23.58,48,31,5.35,5.06,41.75,83.77,432.56
"12,385",20,Female,association_football,DI,90,"5,400","8,890.47",409.47,249.19,54,19,5.93,25.91,42,70,5.06,7.17,98.78,92.06,"1,213.51"
"12,385",20,Female,association_football,DI,90,"5,400","5,327.72",192.41,14.86,22,2,3.55,22.95,24,39,4.75,5.63,59.2,83.43,638.38
"12,385",20,Female,association_football,DI,70,"4,200","2,719.39",0,0,0,0,2.33,16.58,19,15,5.02,5.93,38.85,60.28,258.77
"12,385",20,Female,association_football,DI,90,"5,400","3,508.61",104.35,56.49,15,5,2.34,25.49,15,25,5.06,6.79,38.98,92.68,457.52
"12,385",20,Female,association_football,DI,110,"6,600","4,549.09",68.07,0,10,0,2.48,20.62,47,23,5.4,6.16,41.36,74.96,573.4
"12,385",20,Female,association_football,DI,90,"5,400","2,499.47",86.78,7.98,12,1,1.67,22.38,17,19,4.65,5.83,27.77,81.36,300.43
"12,385",20,Female,association_football,DI,90,"5,400","4,307.29",144.08,77.11,22,7,2.87,25.92,25,39,5.5,5.81,47.86,92.08,581.35
"12,385",20,Female,association_football,DI,90,"5,400","4,076.36",44.44,16.8,4,2,2.72,24.15,36,23,5.41,5.66,45.29,85.81,489.68
"12,906",20,Male,american_football,DI-FCS,90,"5,400","3,455.29",32.71,0,6,0,2.3,21.47,69,91,9.26,8.32,38.39,76.15,419.1
"12,906",20,Male,american_football,DI-FCS,100,"6,000","3,003.93",4.79,0,1,0,1.8,20.59,46,31,7.35,7.3,30.04,73.02,328.17
"12,906",20,Male,american_football,DI-FCS,137,"8,220","1,663.92",262.15,0,19,0,0.73,24.16,26,4,5.7,3.44,12.15,85.68,311.29
"12,906",20,Male,american_football,DI-FCS,130,"7,800","4,798.09",72.42,35.93,11,4,2.21,28.19,98,96,8.95,7.59,36.91,100.71,639.07
"12,906",20,Male,american_football,DI-FCS,106,"6,360","5,163.52",23.47,5.34,4,1,2.92,26.44,102,114,8.56,9.25,48.71,93.78,607.79
"12,906",20,Male,american_football,DI-FCS,80,"4,800","3,591.37",18.06,0,4,0,2.69,22.49,81,75,9.68,8.96,44.89,80.34,503.69
"12,906",20,Male,american_football,DI-FCS,80,"4,800","2,160.95",124.88,67.73,15,5,1.62,27.99,32,36,8.38,7.04,27.01,127.08,253.14
"13,689",18,Female,association_football,DI,90,"5,400","2,906.28",0,0,0,0,1.94,14.31,20,12,4.55,3.71,32.29,35.04,221.25
"13,689",18,Female,association_football,DI,150,"9,000","6,987.16",0,0,0,0,2.79,19.75,41,30,5.89,8.63,46.58,48.36,582.33
"13,689",18,Female,association_football,DI,120,"7,200","4,826.97",10.81,0,2,0,2.41,21.71,48,23,6.85,7.55,40.22,53.16,441.89
"13,689",18,Female,association_football,DI,120,"7,200","4,596.14",31.77,0,4,0,2.3,21.19,27,20,5.32,6.22,38.3,51.87,387
"13,689",18,Female,association_football,DI,120,"7,200","4,263.92",0,0,0,0,2.13,19.32,20,11,6.23,6.68,35.53,47.31,329.82
"13,689",18,Female,association_football,DI,90,"5,400",428.22,0,0,0,0,0.29,7.75,0,0,0,0,4.76,18.97,31.07
"13,689",18,Female,association_football,DI,120,"7,200","3,518.06",14.29,0,1,0,1.76,21.52,38,22,6.08,6.71,29.32,52.69,302.99
"13,689",18,Female,association_football,DI,120,"7,200","4,111.08",15.03,0,1,0,2.06,21.67,21,17,5.74,6.2,34.26,53.06,310.73
"13,689",18,Female,association_football,DI,120,"7,200","3,303.69",10.87,0,1,0,1.65,20.19,22,6,5.64,6.1,27.53,49.44,258.39
"13,689",18,Female,association_football,DI,120,"7,200","4,924.60",24.79,78.83,4,3,2.46,25.92,29,2,6.99,3.56,41.04,63.46,425.56
"13,689",18,Female,association_football,DI,95,"5,700","3,995.12",17.18,0,2,0,2.52,19.9,12,10,5.58,8.61,42.05,48.73,320.09
"13,689",18,Female,association_football,DI,90,"5,400","2,491.42",0,0,0,0,1.66,13.46,8,10,3.62,4.49,27.68,32.95,179.5
"13,689",18,Female,association_football,DI,95,"5,700","4,926.66",0,0,0,0,3.11,19,30,13,4.9,5.97,51.86,46.52,380.56
"13,689",18,Female,association_football,DI,90,"5,400","3,718.49",12.19,0,1,0,2.48,20.86,27,14,7.14,6.01,41.32,51.08,325.22
"13,689",18,Female,association_football,DI,90,"5,400","2,769.80",9.66,0,1,0,1.85,20.3,10,7,5.43,4.07,30.78,49.7,223.39
"13,689",18,Female,association_football,DI,120,"7,200","3,801.66",8.53,34.25,2,1,1.9,26.39,12,2,6,3.37,31.68,64.62,226.94
"13,689",18,Female,association_football,DI,90,"5,400","4,112.74",31.67,41.67,4,2,2.74,25.17,33,18,5.69,6.04,45.7,61.63,374.54
"13,689",18,Female,association_football,DI,120,"7,200","3,796.43",8.1,0,1,0,1.9,19.59,21,12,5.81,4.21,31.64,47.96,295.67
"13,689",18,Female,association_football,DI,100,"6,000","6,348.58",6.47,0,1,0,3.81,19.18,17,15,5.24,5.07,63.49,46.96,464.09
"13,689",18,Female,association_football,DI,90,"5,400","3,285.35",67.55,58.86,6,2,2.19,25.34,35,10,5.64,6.8,36.5,62.05,318.3
"13,689",18,Female,association_football,DI,85,"5,100","2,923.96",0,0,0,0,2.06,13.22,22,18,5.94,5.63,34.4,32.37,247.34
"13,689",18,Female,association_football,DI,90,"5,400","3,103.97",7.6,0,1,0,2.07,19.36,17,16,4.88,7.28,34.49,47.4,249.05
"13,689",18,Female,association_football,DI,90,"5,400","2,324",16.2,0,2,0,1.55,21.56,15,10,6.72,5.32,25.82,52.79,201.71
"13,689",18,Female,association_football,DI,90,"5,400","5,384.10",40.56,0,2,0,3.59,21.34,20,13,6.74,5.76,59.82,52.25,403.91
"13,689",18,Female,association_football,DI,90,"5,400","5,741.32",9.47,0,1,0,3.83,19.33,17,8,4.56,3.91,63.79,47.34,433.93
"13,689",18,Female,association_football,DI,120,"7,200","6,163.96",282.88,"2,929.23",38,86,3.08,40.84,7,6,4.92,3.29,51.37,100.01,830.6
"13,689",18,Female,association_football,DI,120,"7,200","2,817.09",205.17,"1,811.10",20,36,1.41,40.84,4,3,4.29,3.05,23.48,99.99,468.9
"13,689",18,Female,association_football,DI,120,"7,200",342.08,0,0,0,0,0.17,5.65,0,0,0,0,2.85,13.84,18.03
"13,689",18,Female,association_football,DI,120,"7,200","4,435.02",14.26,0,1,0,2.22,22.4,23,9,5.74,4.9,36.96,54.84,379.37
"13,689",18,Female,association_football,DI,90,"5,400","4,457.84",0,0,0,0,2.97,18.43,17,9,4.66,6.89,49.53,45.12,312.62
"13,689",18,Female,association_football,DI,90,"5,400","5,703.42",20.16,0,3,0,3.8,20.83,26,6,6.26,5.67,63.37,50.99,417.74
"13,689",18,Female,association_football,DI,120,"7,200",449.75,0,0,0,0,0.22,8.51,1,0,4.17,0,3.75,20.84,36.59
"13,689",18,Female,association_football,DI,120,"7,200","4,274.81",14.38,0,1,0,2.14,22.46,19,13,6.63,5,35.62,55,374.15
"13,689",18,Female,association_football,DI,120,"7,200","2,416.02",11.09,0,1,0,1.21,21.91,21,11,7.09,5.24,20.13,53.64,219.95
"13,689",18,Female,association_football,DI,90,"5,400","4,425.17",18.41,0,3,0,2.95,21.16,12,12,4.54,4.71,49.17,51.81,277.8
"13,689",18,Female,association_football,DI,120,"7,200","2,705.36",0,0,0,0,1.35,12.73,33,9,5.57,4.66,22.54,31.16,270.93
"13,689",18,Female,association_football,DI,90,"5,400","5,337.88",17.63,4.46,4,1,3.56,22.79,27,16,5.6,6.32,59.31,55.81,463.45
"13,689",18,Female,association_football,DI,90,"5,400",436.16,0,0,0,0,0.29,6.94,1,0,3.24,0,4.85,16.99,50.49
"13,689",18,Female,association_football,DI,90,"5,400","5,147.66",35.99,0,2,0,3.43,20.49,28,18,5.3,5.83,57.2,50.16,372.92
"13,689",18,Female,association_football,DI,120,"7,200","4,504.16",4.35,0,1,0,2.25,19.78,57,10,7.47,5.37,37.53,48.44,411.38
"13,689",18,Female,association_football,DI,120,"7,200",319.73,0,0,0,0,0.16,8.24,0,1,0,3.53,2.66,20.19,37.21
"13,689",18,Female,association_football,DI,90,"5,400","2,508.57",0,0,0,0,1.67,18.58,9,9,4.97,5.59,27.87,45.48,236.48
"13,689",18,Female,association_football,DI,120,"7,200","2,200.75",18.26,5.11,3,1,1.1,23.29,37,12,4.38,6.04,18.34,57.03,300.05
"13,689",18,Female,association_football,DI,120,"7,200","1,759.94",17.74,0,2,0,0.88,21.24,23,24,5.37,6.7,14.67,52.01,286.58
"13,689",18,Female,association_football,DI,120,"7,200",213.86,0,0,0,0,0.11,7.92,0,1,0,3.79,1.78,19.39,27.22
"13,689",18,Female,association_football,DI,120,"7,200","3,046.55",0,0,0,0,1.52,16.38,41,19,6.79,6.49,25.39,40.11,371.09
"13,689",18,Female,association_football,DI,120,"7,200",410.84,0,0,0,0,0.21,7.96,0,1,0,4.2,3.42,19.48,29.83
"13,689",18,Female,association_football,DI,90,"5,400","1,181.84",19.29,0,2,0,0.79,21.49,8,8,4.6,4.62,13.13,52.62,149.33
"13,689",18,Female,association_football,DI,120,"7,200",246,0,0,0,0,0.12,9.61,0,0,0,0,2.05,23.54,24.27
"13,689",18,Female,association_football,DI,90,"5,400","4,326.84",8.19,7.49,1,1,2.88,25.02,12,9,4.87,7.67,48.08,61.26,438.52
"13,689",18,Female,association_football,DI,90,"5,400","2,033.24",5.75,0,1,0,1.36,20.81,2,5,3.01,4.09,22.59,50.95,166.15
"13,971",22,Male,association_football,DI,112,"6,720","12,793.30",353.43,88.53,38,7,6.85,30.99,63,79,5.44,7.12,114.23,98.14,"2,535.72"
"13,971",22,Male,association_football,DI,101,"6,060","11,928.11",339.67,78.97,36,5,7.09,30.56,79,84,5.52,7.19,118.1,104.28,"2,313.07"
"13,971",22,Male,association_football,DI,90,"5,400","4,755.68",304.39,0,11,0,3.17,24.87,30,8,5,6.01,52.84,0,711.93
"13,971",22,Male,association_football,DI,75,"4,500","4,574.69",0,0,0,0,3.66,19.47,53,29,5.69,6.27,61,78.31,638.81
"13,971",22,Male,association_football,DI,111,"6,660","12,062.52",285.67,39.41,28,2,6.52,29.3,71,79,6.2,7,108.67,117.85,"2,149.60"
"13,971",22,Male,association_football,DI,101,"6,060","11,239.32",338.67,178.42,42,12,6.68,31.58,93,78,6.82,5.85,111.28,103.33,"2,030.39"
"13,971",22,Male,association_football,DI,71,"4,260","4,442.27",53.06,6.51,7,1,3.75,25.13,40,30,5.11,6.14,62.57,79.58,779.4
"13,971",22,Male,association_football,DI,84,"5,040","4,650.91",8.87,0,1,0,3.32,20.92,37,11,6.13,5.62,55.37,66.26,660.92
"13,971",22,Male,association_football,DI,75,"4,500","5,999.79",55.03,16.83,9,2,4.8,25.56,70,30,6.13,5.95,80,80.95,"1,131.70"
"13,971",22,Male,association_football,DI,66,"3,960","4,145.40",31.71,0,4,0,3.77,22.06,50,23,5.77,4.73,62.81,69.88,677.01
"13,971",22,Male,association_football,DI,109,"6,540","11,740.88",304.14,79.47,30,6,6.46,32.87,79,82,5.71,6.47,107.71,104.09,"2,083.13"
"13,971",22,Male,association_football,DI,111,"6,660","11,959.41",362.27,53.56,33,6,6.46,26.44,78,86,5.71,8.85,107.74,83.74,"2,031.90"
"13,971",22,Male,association_football,DI,80,"4,800","3,909.12",6.6,0,1,0,2.93,20.61,34,17,5.42,5.36,48.86,62.69,617.07
"13,971",22,Male,association_football,DI,74,"4,440","6,555.22",262.93,75.55,15,3,5.32,30.06,56,50,6.23,6.77,88.58,91.46,"1,350.63"
"13,971",22,Male,association_football,DI,85,"5,100","6,095.22",75.84,9.5,10,2,4.3,25.5,64,38,6.42,5.37,71.71,77.57,"1,207.98"
"13,971",22,Male,association_football,DI,155,"9,300","4,069.58",5.25,0,1,0,1.58,20.49,9,5,5.02,3.94,26.26,62.34,827.88
"13,971",22,Male,association_football,DI,105,"6,300","11,684.38",468.56,118.37,43,7,6.68,30.38,76,70,7.14,6.76,111.28,92.44,"2,052.54"
"13,971",22,Male,association_football,DI,79,"4,740","5,491.77",126.01,24.37,15,2,4.17,27.77,50,38,6.33,5.88,69.52,84.5,"1,116.40"
"13,971",22,Male,association_football,DI,117,"7,020","12,463.57",266.99,9.27,28,1,6.39,26.97,77,94,6.02,7.56,106.53,82.06,"2,573.23"
"13,971",22,Male,association_football,DI,85,"5,100","5,317.32",72.99,15.19,7,2,3.75,27.76,42,31,5.65,6.58,62.56,84.45,922.11
"13,971",22,Male,association_football,DI,127,"7,620","13,835.92",384.4,28.94,34,2,6.54,27.16,70,79,6.07,6.77,108.94,82.64,"3,076.83"
"13,971",22,Male,association_football,DI,104,"6,240","11,387.89",386.06,40.02,42,4,6.57,27.32,89,92,5.95,6.82,109.5,83.12,"2,483.88"
"13,971",22,Male,association_football,DI,74,"4,440","5,902.63",204.33,49.08,18,2,4.79,30.71,78,64,6.57,5.92,79.77,93.44,"1,074.47"
"13,971",22,Male,association_football,DI,79,"4,740","5,539.30",223.5,5.18,16,1,4.21,25.66,53,45,5.63,7.01,70.12,78.06,945.95
"13,971",22,Male,association_football,DI,95,"5,700","5,726.56",65.77,0,6,0,3.62,24.01,73,48,5.51,6.44,60.28,73.06,"1,002.95"
"13,971",22,Male,association_football,DI,120,"7,200","5,920.40",41.77,0,5,0,2.96,24.02,36,26,5.91,5.74,49.34,73.07,950.33
"14,592",21,Male,american_football,DI,101,"6,060","4,418.25",39.26,0,6,0,2.62,23.78,48,23,6.59,5.95,43.75,89.63,414.39
"14,592",21,Male,american_football,DI,106,"6,360","3,013.05",26.49,13.24,3,1,1.71,26.6,32,10,6.41,5.44,28.43,89.21,397.37
"14,592",21,Male,american_football,DI,95,"5,700","5,911.86",14.12,0,3,0,3.73,21.59,50,25,9.43,7.39,62.23,72.41,467.83
"14,592",21,Male,american_football,DI,101,"6,060","4,456.10",65.66,22.04,7,2,2.65,26.08,51,27,6.26,7.8,44.12,98.29,553.94
"14,592",21,Male,american_football,DI,105,"6,300","4,626.76",178.12,0,28,0,2.64,22.5,42,31,8.16,6.79,44.06,75.46,385.91
"14,592",21,Male,american_football,DI,129,"7,740","4,042.55",52.94,20.56,8,2,1.88,26.53,42,11,7.5,4.96,31.34,104.33,463.37
"14,592",21,Male,american_football,DI,105,"6,300","2,050.38",7.62,0,1,0,1.17,22.99,22,7,6.95,4.62,19.53,77.1,178.49
"14,592",21,Male,american_football,DI,94,"5,640","2,926.90",7.64,0,1,0,1.87,22.64,90,48,9.9,9.62,31.14,75.92,409.62
"14,592",21,Male,american_football,DI,180,"10,800","7,873.31",478.21,42.08,28,2,2.62,29.4,79,29,6.62,6.64,43.74,98.58,"1,055.19"
"14,592",21,Male,american_football,DI,65,"3,900","5,918.16",6.08,0,1,0,5.46,19.94,57,21,8.48,5.3,91.05,66.86,441.75
"14,592",21,Male,american_football,DI,66,"3,960","3,909.42",99.5,42.3,10,2,3.55,27.13,44,12,6.45,5.18,59.23,90.98,450.48
"14,592",21,Male,american_football,DI,120,"7,200","6,068.19",175.49,56.29,17,5,3.03,28.8,78,23,6.98,5.34,50.57,96.58,926.46
"14,592",21,Male,american_football,DI,97,"5,820","5,045.43",118.5,92.8,17,5,3.12,26.77,58,26,5.93,5.26,52.01,89.78,599.11
"14,592",21,Male,american_football,DI,61,"3,660","1,193.41",0,0,0,0,1.17,12.87,11,6,6.76,4.38,19.56,43.14,119.83
"14,592",21,Male,american_football,DI,124,"7,440","5,157.32",86.76,63.56,11,2,2.5,29.41,43,19,6.1,5.77,41.59,98.63,577.11
"14,592",21,Male,american_football,DI,82,"4,920","3,525.68",20,0,2,0,2.58,21.46,37,11,7.6,6.09,43,71.97,317.27
"14,592",21,Male,american_football,DI,91,"5,460","2,949.46",0,0,0,0,1.94,18.31,31,1,4.84,4.57,32.41,61.42,274.74
"14,592",21,Male,american_football,DI,105,"6,300","6,884.81",112.23,25.66,12,3,3.93,27.46,52,14,6.25,8.22,65.57,92.07,573.77
"14,592",21,Male,american_football,DI,108,"6,480","3,713.53",3.3,0,1,0,2.06,20.02,34,3,5.32,3.67,34.38,67.14,335.29
"14,592",21,Male,american_football,DI,95,"5,700","2,224.35",118.44,6.53,10,1,1.4,25.15,20,0,4.85,0,23.41,84.34,262.21
"14,592",21,Male,american_football,DI,80,"4,800","2,243.34",95.26,0,16,0,1.68,21.17,34,12,5.47,3.71,28.04,70.99,278.43
"14,592",21,Male,american_football,DI,91,"5,460","1,813.69",62.62,0,7,0,1.2,22.9,17,1,5.96,2.86,19.93,76.78,227.52
"14,592",21,Male,american_football,DI,96,"5,760","2,157.36",8.9,0,1,0,1.35,21.31,21,7,5.61,4.46,22.47,71.47,262.59
"14,592",21,Male,american_football,DI,73,"4,380","1,009.86",0,0,0,0,0.83,19.21,8,2,4.34,4.91,13.83,64.41,102.71
"14,592",21,Male,american_football,DI,74,"4,440","4,754.19",62.49,17.54,6,2,3.85,28.18,74,38,5.97,9.49,64.25,94.51,469.2
"14,592",21,Male,american_football,DI,123,"7,380","5,352.63",55.69,30.46,9,1,2.61,27.76,90,26,7.28,9.03,43.52,93.08,794.24
"14,592",21,Male,american_football,DI,80,"4,800","2,453.06",91.25,22.27,13,3,1.84,26.91,74,85,9,8.69,30.66,90.23,398.88
"14,592",21,Male,american_football,DI,109,"6,540","5,080.72",120.08,24.37,13,2,2.8,27.54,82,25,6.71,9.58,46.61,92.35,771.86
"14,592",21,Male,american_football,DI,70,"4,200","2,987.59",37.72,0,4,0,2.56,23.11,61,45,6.26,7.45,42.68,77.5,348.78
"14,592",21,Male,american_football,DI,180,"10,800",997.78,72.05,77.1,6,3,0.33,28.28,6,4,4.87,7.5,5.54,94.83,153.89
"14,592",21,Male,american_football,DI,105,"6,300","2,753.89",146.07,0,26,0,1.57,21.85,39,4,5.72,3.45,26.23,73.28,338.29
"14,592",21,Male,american_football,DI,85,"5,100","3,601.77",58.72,0,4,0,2.54,23.8,63,8,5.86,6.57,42.37,79.8,449.45
"14,592",21,Male,american_football,DI,92,"5,520","2,470.43",70.82,18.13,7,1,1.61,27.16,28,7,6.35,5.68,26.85,91.06,328.6
"14,592",21,Male,american_football,DI,80,"4,800","2,528.33",201.56,25.18,15,3,1.9,25.99,22,0,5.26,0,31.6,87.16,281.06
"14,592",21,Male,american_football,DI,90,"5,400","2,418.77",201.56,0,28,0,1.61,23.53,82,60,6.82,7.98,26.88,78.91,347.76
"14,592",21,Male,american_football,DI,111,"6,660","3,607.38",136.74,0,17,0,1.95,23.18,51,0,5.75,0,32.5,77.75,395.93
"14,592",21,Male,american_football,DI,95,"5,700","2,851.40",526.66,156.34,21,7,1.8,27.5,19,0,5,0,30.01,92.23,301.81
"14,592",21,Male,american_football,DI,85,"5,100","3,494.71",174.64,13.87,21,2,2.47,25.52,38,0,5.68,0,41.11,85.59,401.81
"14,592",21,Male,american_football,DI,60,"3,600","1,507.85",254.17,102.15,19,5,1.51,29.77,16,1,6.09,3.48,25.13,99.84,221.97
"14,592",21,Male,american_football,DI,112,"6,720","4,106.32",45.32,0,6,0,2.2,21.96,55,12,6.14,9.61,36.66,73.64,518.99
"14,592",21,Male,american_football,DI,112,"6,720","3,548.33",26.17,0,2,0,1.9,22.39,36,8,5.84,7.26,31.68,75.09,414.52
"14,592",21,Male,american_football,DI,100,"6,000","2,797.75",77.65,0,9,0,1.68,22.97,28,6,5.87,3.99,27.98,77.02,332.68
"14,592",21,Male,american_football,DI,90,"5,400","3,158.69",59.95,0,9,0,2.11,24.15,113,121,9.1,9.17,35.1,80.98,545.11
"14,592",21,Male,american_football,DI,100,"6,000","2,942.68",45.53,4.34,5,1,1.77,25.17,68,52,9.08,9.55,29.43,84.39,370.8
"14,592",21,Male,american_football,DI,80,"4,800","3,086.21",73.94,10.34,7,1,2.31,26.42,24,3,5.85,3.76,38.58,88.61,368.77
"14,592",21,Male,american_football,DI,100,"6,000","1,356.26",20.72,0,2,0,0.81,21.24,18,4,7.39,4.28,13.56,71.23,157
"14,592",21,Male,american_football,DI,100,"6,000","2,835.72",24.07,0,2,0,1.7,22.82,32,10,7.34,7.17,28.36,76.54,374.89
"14,592",21,Male,american_football,DI,105,"6,300","3,840.37",130.08,58.51,16,3,2.19,28.3,64,15,6.43,7.99,36.57,94.89,543.17
"14,592",21,Male,american_football,DI,80,"4,800","2,968.07",63.76,39.61,8,4,2.23,29.52,69,73,8.63,8.8,37.1,99,424.34
"14,592",21,Male,american_football,DI,105,"6,300","2,645.22",45.98,0,5,0,1.51,22.57,21,4,6.83,3.84,25.19,75.69,349.81
"14,592",21,Male,american_football,DI,153,"9,180",935.02,35.07,0,3,0,0.37,22.97,14,8,6.85,8.01,6.11,77.02,144.78
"14,592",21,Male,american_football,DI,112,"6,720","4,031.42",87.91,48.17,11,2,2.16,29.77,47,14,6.12,6.38,35.99,99.84,558.92
"14,592",21,Male,american_football,DI,80,"4,800","3,120.87",0,0,0,0,2.34,19.76,45,10,6.1,4.81,39.01,66.28,382.05
"14,592",21,Male,american_football,DI,100,"6,000","4,129.42",13.12,0,1,0,2.48,23.65,47,12,6.11,4.98,41.29,79.31,503.46
"14,592",21,Male,american_football,DI,110,"6,600","4,757.17",93.66,4.25,14,1,2.59,25.13,68,22,5.79,8.35,43.25,84.26,683.16
"14,592",21,Male,american_football,DI,105,"6,300","2,870.79",115.76,9.12,16,2,1.64,25.96,63,37,6.77,8.31,27.34,87.06,354.65
"14,592",21,Male,american_football,DI,100,"6,000","4,026.67",118.26,0,5,0,2.42,23.11,45,8,5.54,4.55,40.27,77.5,507.07
"14,592",21,Male,american_football,DI,85,"5,100","3,714.32",171.85,56.72,10,5,2.62,26.42,57,20,6.44,5.16,43.7,88.61,468.5
"14,592",21,Male,american_football,DI,76,"4,560","2,298.69",108.8,45.35,13,4,1.81,26.86,26,9,6.13,6.4,30.25,90.06,306.14
"14,592",21,Male,american_football,DI,75,"4,500","4,881.26",11.7,0,1,0,3.91,20.77,33,12,9.6,9.52,65.08,78.27,266.34
"14,592",21,Male,american_football,DI,127,"7,620","4,808.05",574.98,67.82,33,2,2.27,29.82,59,16,6.63,8.87,37.86,112.39,690.33
"14,592",21,Male,american_football,DI,67,"4,020","4,593.95","1,045.45",0,61,0,4.11,24.28,41,0,6.37,0,68.57,0,610.95
"14,592",21,Male,american_football,DI,128,"7,680","5,429.79",92.6,10.16,11,1,2.55,26.09,79,20,6.86,9.77,42.42,87.5,734.94
"14,592",21,Male,american_football,DI,60,"3,600","5,382.93",0,0,0,0,5.38,18.72,59,24,5.73,5.48,89.72,77.1,354.85
"14,592",21,Male,american_football,DI,127,"7,620","3,978.61",19.06,0,3,0,1.88,24.54,47,20,9.92,7.59,31.33,101.11,302.82
"14,592",21,Male,american_football,DI,127,"7,620","5,399.64",15.56,0,3,0,2.55,23.3,80,30,9.53,5.59,42.52,87.82,393.97
"14,592",21,Male,american_football,DI,105,"6,300","4,440.91",83.9,5.01,9,1,2.54,25.43,56,20,5.76,5.54,42.29,103.62,539.45
"14,592",21,Male,american_football,DI,129,"7,740","5,790.01",73.08,0,8,0,2.69,24.23,63,20,6.23,6.54,44.88,95.27,835.06
"14,592",21,Male,american_football,DI,96,"5,760","5,265",156.17,59.24,19,3,3.29,28.21,71,23,6.24,6.32,54.84,94.6,601.24
"14,592",21,Male,american_football,DI,97,"5,820","5,287.02",86.1,14.86,9,2,3.27,26.26,67,17,6.56,5.36,54.51,88.07,774.53
"14,904",18,Female,association_football,DI,95,"5,700","3,373.16",52.1,22.11,9,1,2.13,25.26,17,26,5.03,5.37,35.51,61.81,592.15
"14,904",18,Female,association_football,DI,120,"7,200",575.67,0,0,0,0,0.29,6.4,0,0,0,0,4.8,15.65,32.4
"14,904",18,Female,association_football,DI,120,"7,200",407.91,0,0,0,0,0.2,6.92,0,0,0,0,3.4,16.94,19.33
"14,904",18,Female,association_football,DI,120,"7,200",608.03,0,0,0,0,0.3,7.19,0,0,0,0,5.07,17.59,37.22
"14,904",18,Female,association_football,DI,120,"7,200",212.76,0,4.42,0,1,0.11,27.9,1,0,7.61,0,1.77,68.28,35.28
"14,904",18,Female,association_football,DI,120,"7,200","4,298.76",41.77,0,6,0,2.15,20.59,58,55,4.86,5.46,35.82,50.39,726.37
"14,904",18,Female,association_football,DI,120,"7,200","6,430.17",314.8,"3,180.59",41,98,3.22,40.86,8,7,4.35,3.78,53.58,100.52,892.9
"14,904",18,Female,association_football,DI,90,"5,400","3,711.10",34.74,0,5,0,2.47,20.93,21,30,4.62,5.26,41.23,51.22,694.99
"14,904",18,Female,association_football,DI,90,"5,400","2,547.51",55.68,0,5,0,1.7,21.24,17,25,5.2,7.03,28.31,51.98,474.01
"14,904",18,Female,association_football,DI,120,"7,200",315.62,0,0,0,0,0.16,9.97,0,0,0,0,2.63,24.4,34.57
"14,904",18,Female,association_football,DI,90,"5,400","1,290.83",9.75,0,1,0,0.86,21.1,8,3,5.92,4.17,14.34,51.63,162.23
"14,904",18,Female,association_football,DI,120,"7,200","5,485.79",124.81,63.97,18,7,2.74,24.91,36,46,6.96,7.23,45.71,60.97,958.16
"14,904",18,Female,association_football,DI,120,"7,200","6,213.34",59.34,31.6,5,1,3.11,25.49,58,46,4.87,5.46,51.78,62.38,"1,014.48"
"14,904",18,Female,association_football,DI,90,"5,400",457.11,0,0,0,0,0.3,9.86,1,0,4.53,0,5.08,24.13,38.56
"14,904",18,Female,association_football,DI,120,"7,200",416.06,0,0,0,0,0.21,7.82,0,0,0,0,3.47,19.15,35.76
"14,904",18,Female,association_football,DI,120,"7,200",415.74,0,0,0,0,0.21,7.4,0,0,0,0,3.46,18.11,28.88
"14,904",18,Female,association_football,DI,120,"7,200","2,319.91",27.26,0,4,0,1.16,20.48,28,21,5.7,5.51,19.33,50.13,370.59
"14,904",18,Female,association_football,DI,120,"7,200",410.29,0,0,0,0,0.21,8.06,0,0,0,0,3.42,19.73,33.01
"14,904",18,Female,association_football,DI,120,"7,200",323.96,0,0,0,0,0.16,7.96,0,0,0,0,2.7,19.47,37.74
"14,904",18,Female,association_football,DI,120,"7,200","4,786.59",49.4,82.89,9,3,2.39,26.64,37,41,5.28,5.77,39.89,65.2,636.5
"14,904",18,Female,association_football,DI,90,"5,400",496.1,0,0,0,0,0.33,10.17,1,0,5.12,0,5.51,24.88,49.79
"14,904",18,Female,association_football,DI,90,"5,400","4,985.48",51.24,0,5,0,3.32,22.17,30,28,5.51,5.67,55.39,54.25,888.58
"14,904",18,Female,association_football,DI,90,"5,400","2,365.31",28.84,0,4,0,1.58,21.33,10,19,3.82,5.84,26.28,52.19,398.84
"14,904",18,Female,association_football,DI,120,"7,200","1,713.69",18.14,0,3,0,0.86,22.26,11,7,4.51,6.24,14.28,54.48,215.35
"14,904",18,Female,association_football,DI,120,"7,200","9,726.34",162.55,30.63,18,4,4.86,24.09,49,66,4.69,5.27,81.05,58.96,"1,605.82"
"14,904",18,Female,association_football,DI,90,"5,400","5,180.93",9.17,0,1,0,3.45,20.42,44,37,4.8,5.01,57.57,49.98,688.97
"14,904",18,Female,association_football,DI,85,"5,100","3,962.31",161.95,7.81,15,1,2.8,22.7,17,8,5.41,4.55,46.62,55.55,498.93
"14,904",18,Female,association_football,DI,90,"5,400","3,280.22",8.09,0,1,0,2.19,20.52,20,20,4.92,5.6,36.45,50.21,389.02
"14,904",18,Female,association_football,DI,90,"5,400","5,160.84",42.36,0,6,0,3.44,21.75,25,34,4.77,6.95,57.34,53.22,974.15
"14,904",18,Female,association_football,DI,90,"5,400","3,220.46",9.38,0,2,0,2.15,20.32,24,17,5.61,5.15,35.78,49.73,372.71
"14,904",18,Female,association_football,DI,90,"5,400","4,443.98",40.63,0,6,0,2.96,20.97,27,37,5.15,6.09,49.38,51.31,546.85
"14,904",18,Female,association_football,DI,90,"5,400","5,012.60",58.45,67.63,8,4,3.34,26.1,35,29,4.62,5.3,55.7,63.88,627.26
"14,904",18,Female,association_football,DI,100,"6,000","4,638.42",94.69,12.94,10,1,2.78,23.98,23,33,4.35,6.51,46.38,58.69,819.36
"14,904",18,Female,association_football,DI,120,"7,200",478.97,0,0,0,0,0.24,9.58,0,0,0,0,3.99,23.44,24.81
"14,904",18,Female,association_football,DI,90,"5,400","4,798.76",70.63,43.6,6,3,3.2,24.97,34,35,5.28,5.34,53.32,61.11,628.25
"14,904",18,Female,association_football,DI,120,"7,200",449.91,0,0,0,0,0.22,8.96,0,0,0,0,3.75,21.94,35.69
"14,904",18,Female,association_football,DI,120,"7,200","5,895.99",77.08,13.35,13,2,2.95,23.45,32,23,4.84,5.88,49.13,57.38,897.47
"14,904",18,Female,association_football,DI,120,"7,200","6,053.28",0,0,0,0,3.03,19.11,42,53,5.69,6.02,50.44,46.76,780.14
"14,904",18,Female,association_football,DI,90,"5,400","5,672.26",151.04,19.21,16,2,3.78,23.55,34,43,4.87,5.31,63.03,57.64,"1,018.47"
"14,904",18,Female,association_football,DI,90,"5,400","2,808.63",19.32,0,4,0,1.87,20.87,13,28,4.8,6.05,31.21,51.07,530.48
"14,904",18,Female,association_football,DI,120,"7,200",494.18,0,0,0,0,0.25,7.03,0,0,0,0,4.12,17.2,31.36
"14,904",18,Female,association_football,DI,120,"7,200","6,910.95",50.96,43.77,7,2,3.46,25.57,87,58,6.35,6,57.59,62.58,994.88
"14,904",18,Female,association_football,DI,90,"5,400","3,757.53",17.04,0,4,0,2.51,20.42,19,25,4.43,5.04,41.75,49.98,533.96
"14,904",18,Female,association_football,DI,120,"7,200","2,761.49",201.8,"1,847.41",21,35,1.38,40.65,5,3,3.03,3.44,23.01,99.48,462.67
"15,055",20,Male,american_football,DI-FCS,80,"4,800","1,831.56",169.75,0,14,0,1.37,23.61,20,26,7.74,8.37,22.89,127.31,226.07
"15,055",20,Male,american_football,DI-FCS,95,"5,700","1,686.55",0,0,0,0,1.07,15.62,36,20,5.29,4.36,17.75,0,282.77
"15,055",20,Male,american_football,DI-FCS,80,"4,800","2,998.07",0,0,0,0,2.25,18.48,36,33,6.88,6.06,37.48,78.26,310.59
"15,055",20,Male,american_football,DI-FCS,106,"6,360","3,999.66",0,0,0,0,2.26,19.18,68,88,6.81,7.92,37.73,81.26,434.42
"15,055",20,Male,american_football,DI-FCS,130,"7,800","3,727.71",23.4,0,5,0,1.72,21.42,48,78,6.43,8.44,28.67,90.72,402.08
"15,055",20,Male,american_football,DI-FCS,137,"8,220","1,721.01",34.78,0,4,0,0.75,22.25,23,0,5.34,0,12.56,94.24,291.74
"15,055",20,Male,american_football,DI-FCS,90,"5,400","2,639.47",15.17,0,2,0,1.76,20.83,53,62,8.89,7.14,29.33,88.25,293.32
"15,055",20,Male,american_football,DI-FCS,100,"6,000","2,350.57",0,0,0,0,1.41,17.85,39,39,9.73,9.46,23.51,75.6,287.71
"15,370",18,Male,association_football,DI,120,"7,200","5,487.73",42.2,24.17,5,2,2.74,25.59,50,26,5.75,5.58,45.73,84.7,630.49
"15,370",18,Male,association_football,DI,90,"5,400","6,795.48",151.09,10.63,14,1,4.53,26.28,35,45,5.35,6.68,75.51,87,897.61
"15,370",18,Male,association_football,DI,90,"5,400","7,418.76",246.68,64.86,28,5,4.95,29.3,76,82,5.28,8.66,82.43,97,"1,164.06"
"15,370",18,Male,association_football,DI,90,"5,400","4,763.66",29.1,0,3,0,3.18,23.7,27,26,5.75,6.5,52.93,78.43,544.59
"15,370",18,Male,association_football,DI,90,"5,400","5,740.10",94.43,0,15,0,3.83,24.06,61,56,5.58,6.62,63.78,79.65,857.46
"15,370",18,Male,association_football,DI,80,"4,800","5,351.19",74.37,84.52,8,3,4.01,28.09,54,46,5.2,7.08,66.89,92.97,715.54
"15,370",18,Male,association_football,DI,90,"5,400",676.27,0,0,0,0,0.45,8.04,1,1,5.56,4.5,7.51,26.62,40.62
"15,370",18,Male,association_football,DI,95,"5,700","7,153.78",20.98,0,1,0,4.52,23.11,12,0,4.87,0,75.3,76.49,"1,110.70"
"15,370",18,Male,association_football,DI,100,"6,000","3,323.47",101.63,39.26,8,4,1.99,26.96,9,4,4.33,4.02,33.23,89.25,471.15
"15,370",18,Male,association_football,DI,83,"4,980","3,640.24",27.31,6.62,2,1,2.63,26.1,53,10,5.48,4.45,43.86,86.39,565.27
"15,370",18,Male,association_football,DI,90,"5,400","5,247.61",97.4,176.26,11,5,3.5,31.23,29,28,5.27,4.21,58.31,103.38,751.12
"15,370",18,Male,association_football,DI,90,"5,400","7,309",77.51,73.63,11,3,4.87,29.35,52,25,6.1,6.21,81.21,97.14,"1,121.51"
"15,370",18,Male,association_football,DI,125,"7,500","8,467.04",561.41,586.97,56,29,4.06,30.21,60,18,8.53,5.33,67.74,0,"1,261.02"
"15,370",18,Male,association_football,DI,120,"7,200","5,974.05",197.96,198.29,17,12,2.99,27.49,33,3,5.28,3.72,49.78,91,912.16
"15,370",18,Male,association_football,DI,100,"6,000","3,840.80",29.06,0,1,0,2.3,24.47,23,2,5.54,3.76,38.41,81,352.2
"15,370",18,Male,association_football,DI,120,"7,200","7,441.10",255.03,0,9,0,3.72,23.65,55,22,8.86,6.73,62.01,78.27,"1,189.48"
"15,370",18,Male,association_football,DI,120,"7,200","5,640.07",95,90.9,14,4,2.82,29.12,55,35,6.38,6.55,47,96.37,756.7
"15,370",18,Male,association_football,DI,195,"11,700","2,898.18",21.45,0,3,0,0.89,22.82,18,16,5.4,6.22,14.86,75.55,263.35
"15,370",18,Male,association_football,DI,120,"7,200","5,669.49",248.61,89.47,27,5,2.83,28.89,39,23,5.77,4.94,47.25,95.63,757.07
"15,370",18,Male,association_football,DI,90,"5,400","5,078.19",119.55,0,12,0,3.39,24.02,62,54,9.75,6.19,56.42,79.51,684.51
"15,496",22,Male,association_football,DI,91,"5,460","5,538.54",94.07,18.1,12,2,3.65,26.35,58,63,6.32,9.11,60.86,0,892.37
"15,725",19,Female,association_football,DI,90,"5,400","5,368.96",778.33,39.09,44,2,3.58,23.98,41,8,5.04,3.85,59.66,83.95,540.34
"15,725",19,Female,association_football,DI,75,"4,500","3,962.04",161.6,15.5,17,2,3.17,23.03,31,29,5.5,5.57,52.83,80.65,408.12
"15,725",19,Female,association_football,DI,120,"7,200","5,136.58",48.7,7.05,7,1,2.57,22.93,58,39,5.69,5.73,42.8,85.39,641
"15,725",19,Female,association_football,DI,90,"5,400","4,400.57",246.02,23.1,13,1,2.93,23.25,31,21,5.38,5.69,48.9,96.63,443.75
"15,725",19,Female,association_football,DI,90,"5,400","6,918.40",199.39,114.58,19,6,4.61,26.05,59,38,5.85,6.85,76.87,97,866.1
"15,725",19,Female,association_football,DI,90,"5,400","5,621.19",185.09,9.65,9,1,3.75,24.06,51,43,5.8,5.2,62.46,125.03,624.82
"15,725",19,Female,association_football,DI,90,"5,400","3,651.09",7.13,0,1,0,2.43,19.25,51,61,5.59,4.92,40.57,0,433.71
"15,725",19,Female,association_football,DI,90,"5,400","4,835.30",795.8,35.19,59,4,3.22,24.02,39,8,6,4.23,53.73,99.84,486.78
"15,725",19,Female,association_football,DI,90,"5,400","5,250.28",22.95,0,3,0,3.5,21.78,42,28,5.5,5.34,58.34,90.53,599.35
"15,725",19,Female,association_football,DI,95,"5,700","5,980.86",50.77,0,4,0,3.78,21.19,45,45,5.33,4.65,62.96,78.9,664.57
"15,725",19,Female,association_football,DI,50,"3,000","2,083.34",106.52,180.9,14,8,2.5,27.66,11,13,5.76,5.37,41.67,96.98,224.65
"15,725",19,Female,association_football,DI,100,"6,000","6,628.69",665.72,8.9,58,1,3.98,22.85,62,30,5.81,5.58,66.29,85.08,742.15
"15,725",19,Female,association_football,DI,120,"7,200","8,090.50",131.42,145.39,25,8,4.05,26.85,54,31,6.23,5.3,67.42,111.59,915.97
"15,725",19,Female,association_football,DI,100,"6,000","8,552.62",799.42,57.13,83,4,5.13,27.8,56,34,5.74,5.27,85.53,97.48,"1,149.77"
"15,725",19,Female,association_football,DI,90,"5,400","4,830.67",261.95,10.8,20,1,3.22,23.36,35,39,6.02,5,53.67,81.91,586.21
"15,725",19,Female,association_football,DI,70,"4,200","5,461.98",132.13,67.26,14,3,4.68,26.02,28,37,5.1,5.73,78.03,91.24,657.65
"15,725",19,Female,association_football,DI,60,"3,600","3,867.07",696,47.76,51,2,3.87,23.95,34,16,5.67,4.61,64.45,83.98,440.91
"15,725",19,Female,association_football,DI,100,"6,000","4,990.82",98.61,98.49,15,5,2.99,28.52,37,28,5.8,5.75,49.91,106.22,548.2
"15,725",19,Female,association_football,DI,90,"5,400","5,091.90",152.08,112.91,16,3,3.39,28.56,29,28,5.91,5.34,56.58,100.13,557.28
"15,725",19,Female,association_football,DI,90,"5,400","1,936.07",0,0,0,0,1.29,17.95,14,20,4.78,4.48,21.51,62.92,138.44
"15,959",19,Female,association_football,DI,95,"5,700","6,825.15",124.23,4.93,16,1,4.31,22.69,44,69,5.13,5.7,71.84,85.82,820.16
"15,959",19,Female,association_football,DI,75,"4,500","4,248.96",245.74,35.85,11,1,3.4,25.33,37,38,5.45,7.19,56.65,92.01,540.53
"15,959",19,Female,association_football,DI,90,"5,400","5,535.84",795.59,33.7,38,1,3.69,23.5,38,14,5.18,5.23,61.51,85.39,615.82
"15,959",19,Female,association_football,DI,90,"5,400","5,844.82",142.29,124.52,22,6,3.9,26.61,36,40,5.35,5.22,64.94,96.66,707.34
"15,959",19,Female,association_football,DI,100,"6,000","8,494.67",740.06,113.87,65,6,5.1,26.42,53,32,4.88,6.89,84.95,95.98,"1,192.27"
"15,959",19,Female,association_football,DI,90,"5,400","5,349.57",403.91,0,28,0,3.57,21.95,39,61,5.51,6.57,59.44,83.02,638.83
"15,959",19,Female,association_football,DI,70,"4,200","5,854.17",102.47,36.35,11,3,5.02,26.31,29,31,5.05,6.01,83.63,95.59,792.63
"15,959",19,Female,association_football,DI,60,"3,600","4,148.29",928.23,58.77,52,1,4.15,25.3,37,18,5.15,5.5,69.14,95.72,542.8
"15,959",19,Female,association_football,DI,100,"6,000","3,948.82",135.19,65.6,16,5,2.37,24.51,21,30,5.41,5.81,39.49,92.7,504.94
"15,959",19,Female,association_football,DI,90,"5,400",531.2,0,0,0,0,0.35,13.28,5,9,4.6,4.38,5.9,50.24,45.55
"15,959",19,Female,association_football,DI,50,"3,000","2,264.49",177.29,153.67,18,8,2.72,27.53,20,14,5.43,5.09,45.29,104.13,284.16
"15,959",19,Female,association_football,DI,100,"6,000","6,297.53",874.77,10.22,63,2,3.78,24.04,54,32,5.37,5.43,62.98,90.96,945.76
"15,959",19,Female,association_football,DI,120,"7,200","8,041.74",159.09,68.93,20,6,4.02,25.41,55,29,5.57,5.29,67.01,96.11,954.88
"15,959",19,Female,association_football,DI,120,"7,200","8,124.76",159.72,30.15,21,3,4.06,24.04,76,64,5.41,5.95,67.71,90.96,"1,058.27"
"15,959",19,Female,association_football,DI,90,"5,400","4,406.31",212.57,50.16,13,2,2.94,26.43,36,25,4.95,6.26,48.96,108.64,563.63
"15,959",19,Female,association_football,DI,90,"5,400","7,331.55",97.91,82.84,13,5,4.89,26.32,48,68,5.19,7.1,81.46,99.55,961.5
"15,959",19,Female,association_football,DI,90,"5,400","5,761.76",206.26,7.36,24,1,3.84,23.61,56,62,5.38,6.12,64.02,126.65,774.14
"15,959",19,Female,association_football,DI,90,"5,400","3,537.18",0,0,0,0,2.36,18.64,52,69,4.85,6.68,39.3,0,474.76
"15,959",19,Female,association_football,DI,90,"5,400","5,106.16",768.33,35.56,65,2,3.4,24.33,43,10,5.24,4.98,56.74,103.06,648.66
"15,959",19,Female,association_football,DI,90,"5,400","6,829.29",19.43,0,2,0,4.55,21.23,27,42,5.08,6.75,75.88,80.31,880.09
"17,076",22,Male,association_football,DI,90,"5,400","2,410.35",9.25,0,1,0,1.61,23.57,42,20,6.03,6.63,26.78,88.75,204.01
"17,076",22,Male,association_football,DI,90,"5,400","1,987.39",0,0,0,0,1.32,15.34,43,40,6,8.19,22.08,57.77,201.28
"17,076",22,Male,association_football,DI,90,"5,400","4,200.24",171.68,29.5,18,3,2.8,26.56,49,19,6.53,5.92,46.67,110.38,436.83
"17,076",22,Male,association_football,DI,106,"6,360","4,462.27",4.99,0,1,0,2.53,21.39,78,68,8.18,8.7,42.1,103.27,442.48
"17,076",22,Male,association_football,DI,115,"6,900","4,506.45",48.92,0,10,0,2.35,20.72,88,107,6.83,8.92,39.19,293.35,520.54
"17,076",22,Male,association_football,DI,101,"6,060","2,213.04",0,0,0,0,1.31,18.99,21,45,4.9,9.43,21.91,78.95,259.38
"17,076",22,Male,association_football,DI,92,"5,520","3,149.48",0,0,0,0,2.05,19.02,39,47,7.23,8.94,34.23,88.89,330.72
"17,076",22,Male,association_football,DI,92,"5,520","4,399.24",127.21,0,12,0,2.87,24.06,124,103,9.69,8.32,47.82,112.45,523.5
"17,076",22,Male,association_football,DI,85,"5,100","3,974.19",13.01,0,2,0,2.81,20.71,74,70,7.38,7.11,46.76,86.08,408.54
"17,375",22,Male,association_football,DI,85,"5,100","3,303.07",0,0,0,0,2.33,18.53,22,9,5.22,4.77,38.86,64.41,641.66
"17,375",22,Male,association_football,DI,53,"3,180","4,637.39",33.24,0,6,0,5.25,22.31,50,45,5.59,5.47,87.5,77.53,813.11
"17,375",22,Male,association_football,DI,79,"4,740","5,056.58",182.62,4.47,7,1,3.84,25.17,57,42,6.64,5.52,64.01,87.46,807.45
"17,375",22,Male,association_football,DI,155,"9,300","9,109.09",11.38,0,1,0,3.53,21.44,42,24,5.11,5.85,58.77,77.57,707.61
"17,375",22,Male,association_football,DI,85,"5,100","5,407.80",54.34,13.66,6,2,3.82,25.61,36,19,5.53,5.6,63.62,92.68,857.21
"17,375",22,Male,association_football,DI,74,"4,440","5,327.71",73.79,51.73,8,3,4.32,27.4,57,39,5.49,6.25,72,95.22,"1,206.61"
"17,375",22,Male,association_football,DI,80,"4,800","3,390.60",0,0,0,0,2.54,18.14,19,14,4.03,4.05,42.38,63.06,480.17
"17,375",22,Male,association_football,DI,66,"3,960","3,575.29",48.8,0,6,0,3.25,23.17,51,38,5.65,5.02,54.17,83.82,651.78
"17,375",22,Male,association_football,DI,75,"4,500","5,915.96",120.23,0,12,0,4.73,23.95,41,41,5.09,8.54,78.88,86.65,"1,312.82"
"17,375",22,Male,association_football,DI,84,"5,040","4,154.02",15.29,5.3,2,1,2.97,25.77,40,20,6.37,5.28,49.45,93.23,579.18
"17,375",22,Male,association_football,DI,71,"4,260","4,625.17",8.18,0,1,0,3.91,21.37,25,12,4.83,5.14,65.14,77.31,770.58
"17,375",22,Male,association_football,DI,54,"3,240","4,814.73",132.53,0,13,0,5.35,23.94,44,35,5.43,5.61,89.16,86.61,898.98
"17,375",22,Male,association_football,DI,100,"6,000","5,943.28",22.55,14.38,4,1,3.57,27.64,79,48,5.44,5.77,59.43,111.2,801.72
"17,375",22,Male,association_football,DI,75,"4,500","4,920.32",42.43,0,6,0,3.94,22.17,68,31,4.78,5.3,65.6,89.18,676.97
"17,375",22,Male,association_football,DI,90,"5,400","7,430.45",370.43,0,12,0,4.95,24.85,43,33,4.93,5.86,82.56,0,930.57
"17,375",22,Male,association_football,DI,55,"3,300","5,384.82",91.73,0,9,0,5.87,24.84,49,36,5.41,5.95,97.91,99.93,835.02
"17,375",22,Male,association_football,DI,65,"3,900","6,055.89",650.89,287.07,34,17,5.59,27.26,70,42,5.77,6.81,93.17,94.75,"1,067.01"
"17,375",22,Male,association_football,DI,78,"4,680","6,622.69",70.78,17.95,8,2,5.09,26.85,90,77,5.92,6.52,84.91,97.15,"1,279.84"
"17,375",22,Male,association_football,DI,120,"7,200","7,526.59",30.94,17.61,7,1,3.76,28.77,35,28,5.6,6.62,62.72,104.12,679.03
"17,375",22,Male,association_football,DI,95,"5,700","5,134.57",25.55,15.91,4,1,3.24,28.79,45,29,5.41,5.72,54.05,100.05,727.05
"17,375",22,Male,association_football,DI,79,"4,740","5,970.19",134.53,24.14,11,3,4.53,26.84,87,51,5.32,5.31,75.57,93.27,942.84
"17,375",22,Male,association_football,DI,74,"4,440","5,321.11",194.44,129.37,19,9,4.31,28.38,75,46,6.39,7.32,71.91,98.61,843.07
"17,375",22,Male,association_football,DI,66,"3,960","4,791.25",53.59,0,3,0,4.36,25.02,63,55,5.47,6.32,72.59,86.95,779.12
"17,375",22,Male,association_football,DI,90,"5,400","4,978.89",0,0,0,0,3.32,17.82,13,11,4.84,4.45,55.32,61.93,411.12
"17,941",21,Male,american_football,DI,100,"6,000","2,425.52",12.53,0,1,0,1.46,23.79,42,42,7.16,7.26,24.26,76.51,289.41
"17,941",21,Male,american_football,DI,80,"4,800","1,860.30",7.04,0,1,0,1.4,20.27,21,3,4.47,3.47,23.25,65.19,231.39
"17,941",21,Male,american_football,DI,100,"6,000","1,601.81",0,0,0,0,0.96,13.52,39,10,5.23,6.77,16.02,43.48,202.37
"17,941",21,Male,american_football,DI,100,"6,000","1,360.52",0,0,0,0,0.82,16.16,35,6,4.84,5.63,13.61,51.99,155.98
"17,941",21,Male,american_football,DI,105,"6,300","1,776.98",0,0,0,0,1.02,15.84,28,6,5.16,6.42,16.92,50.95,194.26
"17,941",21,Male,american_football,DI,80,"4,800","2,455.66",10.95,0,2,0,1.84,21.41,38,25,5.67,9.86,30.7,68.87,272.53
"17,941",21,Male,american_football,DI,105,"6,300","1,573.30",0,0,0,0,0.9,16.02,25,4,5.03,4.35,14.98,51.53,185.8
"17,941",21,Male,american_football,DI,153,"9,180","1,018.06",0,0,0,0,0.4,18.07,23,10,5.82,6.16,6.65,58.13,216.47
"17,941",21,Male,american_football,DI,112,"6,720","2,004.35",0,0,0,0,1.07,17.46,42,8,5.88,6.11,17.9,56.16,249.94
"17,941",21,Male,american_football,DI,80,"4,800","1,645.19",13.77,0,1,0,1.23,21.42,20,3,4.37,4.51,20.56,68.9,228.13
"17,941",21,Male,american_football,DI,100,"6,000","1,492.37",0,0,0,0,0.9,13.79,32,3,4.98,4.08,14.92,44.35,201.58
"17,941",21,Male,american_football,DI,110,"6,600","1,851.90",0,0,0,0,1.01,15.08,35,13,5.37,6.82,16.84,48.52,225.17
"17,941",21,Male,american_football,DI,105,"6,300","2,602.99",0,0,0,0,1.49,15.2,44,34,7,8.26,24.79,48.88,283.88
"17,941",21,Male,american_football,DI,100,"6,000","2,338.42",0,0,0,0,1.4,17.78,39,6,5,3.93,23.38,57.2,336.77
"17,941",21,Male,american_football,DI,85,"5,100","2,249.64",0,0,0,0,1.59,17.75,36,3,4.52,4.83,26.47,57.09,357.43
"17,941",21,Male,american_football,DI,112,"6,720","1,892.43",0,0,0,0,1.01,14.15,33,8,4.83,5.32,16.9,45.51,213.56
"17,941",21,Male,american_football,DI,112,"6,720","2,568.91",0,0,0,0,1.38,15.34,39,10,5.2,6.33,22.94,49.33,319.1
"17,941",21,Male,american_football,DI,94,"5,640","2,796.32",0,0,0,0,1.78,19.53,53,37,5.99,8.37,29.75,62.8,307.04
"17,941",21,Male,american_football,DI,85,"5,100","1,918.64",17.28,0,1,0,1.35,22.5,25,4,4.52,4.4,22.57,72.37,265.24
"17,941",21,Male,american_football,DI,95,"5,700","1,903.57",0,0,0,0,1.2,13.32,21,4,4.82,4.8,20.04,42.84,240.37
"17,941",21,Male,american_football,DI,111,"6,660","2,085.57",0,0,0,0,1.13,17.57,34,9,5.17,7.19,18.79,56.51,251.1
"17,941",21,Male,american_football,DI,90,"5,400","2,300.14",0,0,0,0,1.53,16.16,37,26,7.68,6.27,25.56,51.98,259.67
"17,941",21,Male,american_football,DI,80,"4,800","1,866.48",0,0,0,0,1.4,19.73,27,3,5.05,4.87,23.33,63.46,273.28
"17,941",21,Male,american_football,DI,105,"6,300","1,828.28",0,0,0,0,1.04,14.15,29,7,4.55,6.29,17.41,45.51,207.66
"17,941",21,Male,american_football,DI,180,"10,800","1,849.42",0,0,0,0,0.62,19.76,30,14,5.75,6.49,10.27,63.57,337.35
"17,941",21,Male,american_football,DI,70,"4,200","1,923.47",0,0,0,0,1.65,19.78,43,45,8.34,9.86,27.48,63.62,235.18
"17,941",21,Male,american_football,DI,109,"6,540","1,888.26",0,0,0,0,1.04,17.1,34,6,4.9,4,17.32,55,238.91
"17,941",21,Male,american_football,DI,80,"4,800","2,171.83",0,0,0,0,1.63,16.68,43,36,8.99,8.35,27.15,53.65,253.67
"17,941",21,Male,american_football,DI,123,"7,380","2,496.50",0,0,0,0,1.22,15.19,47,11,5.21,6.94,20.3,48.87,322.14
"17,941",21,Male,american_football,DI,172,"10,320","1,248.03",4.15,0,1,0,0.44,19.84,16,7,6.07,5.12,7.26,63.8,265.22
"17,941",21,Male,american_football,DI,74,"4,440","3,567.69",0,0,0,0,2.89,14.57,33,24,5.67,6.04,48.21,46.85,326.71
"17,941",21,Male,american_football,DI,73,"4,380","1,551.11",15.04,0,1,0,1.27,21.89,39,5,4.87,3.83,21.25,70.4,205.74
"17,941",21,Male,american_football,DI,96,"5,760","2,596.98",0,0,0,0,1.62,16.52,46,14,4.95,5.99,27.05,53.15,294.65
"17,941",21,Male,american_football,DI,172,"10,320",179.66,0,0,0,0,0.063,15.17,0,1,0,2.58,1.04,48.79,38.69
"17,941",21,Male,american_football,DI,91,"5,460","2,513.72",0,0,0,0,1.66,19.48,52,11,4.74,4.27,27.62,62.64,381.48
"17,941",21,Male,american_football,DI,80,"4,800","1,940.02",17.03,0,1,0,1.46,21.79,20,1,4.79,3.11,24.25,70.09,239.17
"17,941",21,Male,american_football,DI,95,"5,700","2,387.65",0,0,0,0,1.51,16.79,41,7,5.22,4.06,25.13,53.99,277.03
"17,941",21,Male,american_football,DI,105,"6,300","5,871.10",0,0,0,0,3.35,17.76,52,12,9.31,7.49,55.92,57.14,422.4
"17,941",21,Male,american_football,DI,91,"5,460","3,529.25",0,0,0,0,2.33,16.93,54,3,6,4.18,38.78,54.45,376.36
"17,941",21,Male,american_football,DI,77,"4,620","2,988.65",0,0,0,0,2.33,17.97,41,5,5.7,5.15,38.81,57.82,334.18
"17,941",21,Male,american_football,DI,90,"5,400","3,020.57",0,0,0,0,2.01,18.81,36,6,5.59,6.5,33.56,60.51,253.57
"17,941",21,Male,american_football,DI,82,"4,920","4,914.75",0,0,0,0,3.6,17.36,45,46,5.81,8.62,59.94,55.84,432.35
"17,941",21,Male,american_football,DI,184,"11,040","1,329.49",0,0,0,0,0.43,20.11,18,7,4.51,6.74,7.23,64.67,246.73
"17,941",21,Male,american_football,DI,86,"5,160","2,741.06",0,0,0,0,1.91,17.12,33,1,4.74,3.37,31.87,55.06,303.89
"17,941",21,Male,american_football,DI,124,"7,440","3,642.53",0,0,0,0,1.76,17.51,21,2,5.02,3.76,29.38,56.32,322.46
"17,941",21,Male,american_football,DI,61,"3,660","1,625.99",0,0,0,0,1.6,16.53,14,8,7.62,8.23,26.66,53.18,131.63
"17,941",21,Male,american_football,DI,97,"5,820","2,903.17",0,0,0,0,1.8,17.23,44,5,4.76,4.51,29.93,55.42,249.03
"17,941",21,Male,american_football,DI,114,"6,840","3,182.28",0,0,0,0,1.67,19.48,32,10,5.33,6.7,27.91,62.66,294.58
"17,941",21,Male,american_football,DI,120,"7,200","3,065.50",0,0,0,0,1.53,16.9,33,11,6.12,6.98,25.55,54.37,345.81
"17,941",21,Male,american_football,DI,66,"3,960","2,258.04",0,0,0,0,2.05,17.85,34,3,5.27,3.89,34.21,57.41,203.26
"17,941",21,Male,american_football,DI,145,"8,700","1,313.73",4.33,0,1,0,0.54,21.91,13,2,5.86,5.18,9.06,70.46,208.81
"17,941",21,Male,american_football,DI,65,"3,900","5,307.88",0,4.34,0,1,4.9,31.09,24,7,7.19,8.61,81.66,135.53,318.27
"17,941",21,Male,american_football,DI,180,"10,800","4,854.29",0,0,0,0,1.62,18.78,38,8,5.47,5.7,26.97,60.42,646.89
"17,941",21,Male,american_football,DI,97,"5,820","2,198.72",0,0,0,0,1.36,16.35,25,2,4.84,4.33,22.67,52.58,187.29
"17,941",21,Male,american_football,DI,67,"4,020","4,079.47",8.27,0,2,0,3.65,20.74,27,34,6.78,6.55,60.89,66.7,330.68
"17,941",21,Male,american_football,DI,10,600,412.6,0,0,0,0,2.48,15.94,2,0,4.09,0,41.26,51.27,46.97
"17,941",21,Male,american_football,DI,45,"2,700",802.01,0,0,0,0,1.07,16.46,13,9,4.23,5.3,17.82,52.95,81.64
"17,941",21,Male,american_football,DI,101,"6,060","2,981.10",0,0,0,0,1.77,16.41,27,4,5.35,6.41,29.52,74.48,288.36
"17,941",21,Male,american_football,DI,180,"10,800","1,068.61",0,0,0,0,0.36,17.17,18,5,5.54,5.28,5.94,55.23,201.14
"17,941",21,Male,american_football,DI,95,"5,700","5,531.18",4.2,0,1,0,3.49,19.66,38,23,6.25,8.27,58.22,63.23,408.96
"17,941",21,Male,american_football,DI,106,"6,360","2,051.76",0,0,0,0,1.16,16.34,40,16,5.31,6.34,19.36,52.57,292.08
"17,941",21,Male,american_football,DI,101,"6,060","2,725.64",0,0,0,0,1.62,13.76,19,4,5.37,4.34,26.99,62.45,153.8
"17,941",21,Male,american_football,DI,92,"5,520","2,872.55",0,0,0,0,1.87,19.88,37,8,5.18,6.11,31.22,63.93,260.79
"17,941",21,Male,american_football,DI,66,"3,960","1,725.94",57.94,0,5,0,1.57,24.36,23,4,5.9,5.13,26.15,78.34,179.44
"17,941",21,Male,american_football,DI,85,"5,100","1,917.25",0,0,0,0,1.35,15.26,35,3,5.08,4.18,22.56,49.1,220.1
"17,941",21,Male,american_football,DI,76,"4,560","1,988.78",7.68,0,1,0,1.57,20.77,27,1,4.57,2.68,26.17,66.81,240.25
"17,941",21,Male,american_football,DI,75,"4,500","4,984.12",0,0,0,0,3.99,22.94,30,8,9.98,9.03,66.45,104.14,288.77
"17,941",21,Male,american_football,DI,127,"7,620","2,947.12",10.59,0,1,0,1.39,20.62,22,8,5.86,5.79,23.21,89.9,317.26
"17,941",21,Male,american_football,DI,67,"4,020","4,255.79",20.83,0,1,0,3.81,21.08,38,0,4.88,0,63.52,0,691.95
"17,941",21,Male,american_football,DI,128,"7,680","3,722.24",0,0,0,0,1.74,18.32,37,15,5.6,6.56,29.08,79.86,439.64
"17,941",21,Male,american_football,DI,60,"3,600","3,955.86",0,0,0,0,3.96,22.03,88,19,9.82,7.42,65.93,104.51,324.79
"17,941",21,Male,american_football,DI,127,"7,620","3,706.56",5.03,0,1,0,1.75,20.48,45,11,9.25,9.57,29.19,92.98,263.96
"17,941",21,Male,american_football,DI,55,"3,300",952.77,41.84,0,7,0,1.04,21.2,10,3,5.68,5.41,17.32,68.19,98.67
"17,941",21,Male,american_football,DI,127,"7,620","3,596.44",0,0,0,0,1.7,20.51,48,14,9.85,8.14,28.32,93.11,236.09
"17,941",21,Male,american_football,DI,105,"6,300","3,360.47",0,0,0,0,1.92,19.6,37,4,5.18,6.89,32,88.99,373.32
"17,941",21,Male,american_football,DI,129,"7,740","4,355.33",5.88,0,1,0,2.03,21.01,40,4,5.26,3.52,33.76,95.38,523
"17,941",21,Male,american_football,DI,96,"5,760","3,302.72",0,0,0,0,2.06,18.24,41,2,4.45,3.88,34.4,79.51,293.82
"17,941",21,Male,american_football,DI,44,"2,640","1,836.01",4.89,0,1,0,2.5,21.62,58,22,7.07,5.86,41.73,69.53,237.84
"17,941",21,Male,american_football,DI,62,"3,720","1,169.04",99.54,0,15,0,1.13,23.52,10,2,5.77,4.75,18.86,75.67,138.43
"17,941",21,Male,american_football,DI,62,"3,720","1,847.34",30.72,0,6,0,1.79,22.33,38,23,7.5,9.25,29.8,71.81,225.57
"17,941",21,Male,american_football,DI,70,"4,200","1,572.51",44.3,10.26,5,2,1.35,25.55,25,11,7.05,7.13,22.46,82.18,177.44
"17,941",21,Male,american_football,DI,45,"2,700","2,322.10",130.18,0,24,0,3.1,22.38,26,9,5.48,6.1,51.6,71.99,248.17
"17,941",21,Male,american_football,DI,61,"3,660","1,826.65",30.13,0,3,0,1.8,22.99,31,13,6.2,7.46,29.95,73.94,213.4
"17,941",21,Male,american_football,DI,42,"2,520","2,221.02",78.23,0,17,0,3.17,20.96,29,8,6.63,6.97,52.88,67.41,228.21
"17,941",21,Male,american_football,DI,62,"3,720","1,942.82",58.36,0,10,0,1.88,22.35,37,13,8.53,6.52,31.34,71.9,238.11
"17,941",21,Male,american_football,DI,55,"3,300","1,784.69",18.86,0,4,0,1.95,20.43,50,25,8.23,5.3,32.45,65.72,222.87
"17,941",21,Male,american_football,DI,32,"1,920",995.69,4.42,0,1,0,1.87,20.22,9,2,4.59,6.03,31.12,65.04,98.8
"17,941",21,Male,american_football,DI,66,"3,960","1,841.56",81.2,0,7,0,1.67,23.74,28,19,6.29,5.15,27.9,76.37,220.56
"17,941",21,Male,american_football,DI,147,"8,820","1,014.71",0,0,0,0,0.41,17.71,14,5,6.33,6.1,6.9,56.97,188.26
"17,941",21,Male,american_football,DI,105,"6,300",873.76,0,0,0,0,0.5,16.09,2,2,4.01,6.92,8.32,51.75,60.76
"17,941",21,Male,american_football,DI,129,"7,740","3,194.61",0,0,0,0,1.49,17.54,32,2,4.89,4.07,24.76,79.64,308.23
"17,941",21,Male,american_football,DI,105,"6,300","5,806.28",0,0,0,0,3.32,17.65,35,14,6.3,5.88,55.3,56.76,386.6
"18,039",20,Male,american_football,DI-FCS,137,"8,220","2,035.87",320.42,167.9,29,9,0.89,29.45,24,6,6.76,4.13,14.86,115.71,370.53
"18,039",20,Male,american_football,DI-FCS,100,"6,000","2,294.52",4.39,0,1,0,1.38,20.78,43,35,7.16,7.19,22.95,70.56,243.96
"18,039",20,Male,american_football,DI-FCS,90,"5,400","2,499.24",45.26,0,7,0,1.67,22.31,65,72,8.89,8.54,27.77,75.76,338.83
"18,039",20,Male,american_football,DI-FCS,80,"4,800","1,812.72",191.99,4.35,12,1,1.36,25.32,18,20,6.64,8.22,22.66,85.97,219.66
"18,039",20,Male,american_football,DI-FCS,106,"6,360","4,828.81",90.57,0,11,0,2.73,25.05,79,99,9.8,9.55,45.55,85.06,550.5
"18,039",20,Male,american_football,DI-FCS,80,"4,800","3,115.53",15.86,0,3,0,2.34,23.13,34,41,7.59,7.44,38.94,90.88,347.2
"18,039",20,Male,american_football,DI-FCS,130,"7,800","3,489.26",78.36,0,6,0,1.61,24.37,47,38,6.74,9.06,26.84,95.77,353.86
"18,230",20,Male,american_football,DI-FCS,100,"6,000","4,520.43",230.89,17.15,24,2,2.71,26.69,92,88,9.92,8.02,45.2,81.01,561.9
"18,230",20,Male,american_football,DI-FCS,130,"7,800","5,432.04",346.74,165.75,30,16,2.51,32.52,76,118,9.05,7.71,41.78,106.12,628.17
"18,230",20,Male,american_football,DI-FCS,80,"4,800","3,508.96",62.41,0,7,0,2.63,22.79,86,36,9.32,6.7,43.86,74.36,374.96
"18,230",20,Male,american_football,DI-FCS,80,"4,800","1,755.62",178.94,158.23,16,8,1.32,32.94,29,51,7.46,7.84,21.95,101.29,227.13
"18,230",20,Male,american_football,DI-FCS,106,"6,360","5,588.61",490.16,240.32,52,17,3.16,30.59,110,135,8.75,9.46,52.72,94.04,701.32
"18,230",20,Male,american_football,DI-FCS,90,"5,400","3,220.82",169.04,5.28,22,1,2.15,25.36,71,96,9.81,9.55,35.79,76.99,413.49
"18,230",20,Male,american_football,DI-FCS,137,"8,220","1,714.68",301.08,186.93,34,13,0.75,31,23,5,6.48,3.9,12.52,95.3,274.76
"19,158",20,Male,american_football,DI-FCS,80,"4,800","4,210.10",75.83,0,6,0,3.16,23.15,79,50,6.94,7.33,52.63,76.43,462.83
"19,158",20,Male,american_football,DI-FCS,100,"6,000","2,218.56",9.58,0,1,0,1.33,20.81,41,47,9.12,8.07,22.19,68.69,265.42
"19,158",20,Male,american_football,DI-FCS,137,"8,220","1,694.41",324.73,93.53,26,7,0.74,28.15,24,5,5.27,3.76,12.37,92.91,303.9
"19,158",20,Male,american_football,DI-FCS,106,"6,360","5,914.94",378.32,14.92,38,3,3.35,26.45,108,107,9.3,8.63,55.8,87.29,684.59
"19,158",20,Male,american_football,DI-FCS,130,"7,800","5,192.82",328.83,103.24,35,8,2.4,30.3,112,92,8.53,9.64,39.94,100.05,730.8
"19,158",20,Male,american_football,DI-FCS,80,"4,800","2,068.66",211.23,73.26,22,8,1.55,30.28,39,39,9.25,9.62,25.86,121.7,271.34
"19,158",20,Male,american_football,DI-FCS,95,"5,700","1,334.58",39.25,0,6,0,0.84,20.99,48,28,5.69,5.46,14.05,0,260.44
"19,158",20,Male,american_football,DI-FCS,90,"5,400","3,140.29",116.49,0,11,0,2.09,23.32,81,78,9.17,9.01,34.89,76.95,422.99
"19,179",18,Female,association_football,DI,120,"7,200","4,090",0,0,0,0,2.04,18.32,41,37,6.78,5.21,34.08,44.73,500.64
"19,179",18,Female,association_football,DI,90,"5,400","3,235.05",45.31,10.77,3,1,2.16,24.52,20,23,5.82,6.05,35.94,59.88,520.63
"19,179",18,Female,association_football,DI,90,"5,400","7,137.91",113.49,0,17,0,4.76,21.64,28,53,6.08,7.09,79.31,51.18,"1,675.99"
"19,179",18,Female,association_football,DI,120,"7,200",333.35,0,0,0,0,0.17,9.68,0,0,0,0,2.78,22.91,45.14
"19,179",18,Female,association_football,DI,90,"5,400","1,110.84",0,0,0,0,0.74,18.18,8,4,5.73,4.17,12.34,43.01,184.89
"19,179",18,Female,association_football,DI,120,"7,200",334.35,0,0,0,0,0.17,5.94,0,0,0,0,2.79,14.05,20.05
"19,179",18,Female,association_football,DI,120,"7,200","4,785.51",54.62,4.74,8,1,2.39,23.15,50,45,6.2,5.74,39.88,54.76,912.77
"19,179",18,Female,association_football,DI,120,"7,200","1,494.21",24.89,0,4,0,0.75,21.24,31,31,5.13,7.32,12.45,50.25,305.52
"19,179",18,Female,association_football,DI,120,"7,200",958.81,0,0,0,0,0.48,11.99,3,0,4.23,0,7.99,28.36,155.99
"19,179",18,Female,association_football,DI,120,"7,200","2,453.04",21.5,0,4,0,1.23,20.99,26,23,5.6,7.58,20.44,49.65,529.31
"19,179",18,Female,association_football,DI,120,"7,200",369.97,0,0,0,0,0.18,7.63,0,0,0,0,3.08,18.05,21.92
"19,179",18,Female,association_football,DI,120,"7,200",414.26,0,0,0,0,0.21,10.58,0,0,0,0,3.45,25.04,69.32
"19,179",18,Female,association_football,DI,120,"7,200","6,438.13",52.67,32.13,9,3,3.22,24.37,64,54,5.5,6.58,53.65,57.66,"1,036.86"
"19,179",18,Female,association_football,DI,90,"5,400","1,505.08",0,0,0,0,1,15.53,7,4,5.7,5.43,16.72,36.75,199.33
"19,179",18,Female,association_football,DI,90,"5,400","7,862.54",99.44,36.62,11,4,5.24,24.52,34,53,5.89,6.23,87.36,58.01,"1,706.28"
"19,179",18,Female,association_football,DI,120,"7,200","2,819.80",41.19,0,6,0,1.41,20.6,18,21,5.58,8.21,23.5,48.73,428.53
"19,179",18,Female,association_football,DI,90,"5,400","10,574.48",163.83,4.87,20,1,7.05,23.22,49,54,5.74,6.93,117.49,54.93,"2,255.68"
"19,179",18,Female,association_football,DI,120,"7,200","3,030.09",0,0,0,0,1.52,19.39,9,18,5.5,5.14,25.25,47.36,359.44
"19,179",18,Female,association_football,DI,120,"7,200","7,587.57",76.71,0,13,0,3.79,22.43,57,50,6.14,6.81,63.23,54.78,"1,362.26"
"19,179",18,Female,association_football,DI,120,"7,200","5,025.41",158.15,"1,301.03",14,49,2.51,42.27,39,21,5.56,5.82,41.88,103.22,686.58
"19,179",18,Female,association_football,DI,120,"7,200",413.72,0,0,0,0,0.21,7.6,2,2,4.23,3.78,3.45,18.56,51.76
"19,179",18,Female,association_football,DI,120,"7,200",420.21,0,0,0,0,0.21,10.23,1,0,4.03,0,3.5,24.98,45.9
"19,179",18,Female,association_football,DI,90,"5,400","8,319.55",68.14,0,10,0,5.55,23.17,42,49,5.86,6.82,92.44,56.58,"1,829"
"19,179",18,Female,association_football,DI,90,"5,400","6,741.84",90.35,48.51,12,6,4.49,25.02,33,42,5.25,7.55,74.91,61.1,"1,458.06"
"19,179",18,Female,association_football,DI,120,"7,200","5,283.72",42.63,40.99,6,3,2.64,26.85,36,31,5.9,6.04,44.03,65.55,854.13
"19,179",18,Female,association_football,DI,120,"7,200","6,692.73",35.49,27.23,4,3,3.35,24.66,61,55,7.63,7.04,55.77,60.23,"1,149.37"
"19,179",18,Female,association_football,DI,90,"5,400","3,707.23",0,0,0,0,2.47,19.24,19,26,5.45,5.17,41.19,46.98,617.51
"19,179",18,Female,association_football,DI,120,"7,200","2,654.76",197.13,"1,811.19",20,38,1.33,40.91,2,5,2.81,3.63,22.12,99.89,468.32
"19,179",18,Female,association_football,DI,120,"7,200","7,764.97",347.49,"3,463.13",51,88,3.88,40.95,39,24,6.69,5.77,64.71,100.11,"1,194.97"
"19,179",18,Female,association_football,DI,90,"5,400","6,962.25",127.07,43.07,19,3,4.64,26.92,34,46,6.22,7.54,77.36,65.73,"1,499.70"
"19,179",18,Female,association_football,DI,90,"5,400","3,920.11",10.16,0,2,0,2.61,22.02,32,36,5.81,7.57,43.56,53.76,597.16
"19,179",18,Female,association_football,DI,85,"5,100","3,234.88",20.72,5.52,4,1,2.28,23.2,19,16,5.17,7.35,38.06,56.66,477.39
"19,179",18,Female,association_football,DI,90,"5,400","4,301.65",30.21,60.77,5,4,2.87,29.51,51,26,6.34,6.17,47.8,72.07,694.62
"19,179",18,Female,association_football,DI,90,"5,400","4,509.82",44.27,0,8,0,3.01,24.53,24,28,6.91,6.28,50.11,59.91,889.37
"19,179",18,Female,association_football,DI,90,"5,400","3,323.17",30,0,5,0,2.22,21.73,14,15,4.73,6.07,36.92,53.06,491.98
"19,179",18,Female,association_football,DI,90,"5,400","5,523.94",11.19,0,3,0,3.68,22.27,44,39,6.53,6.55,61.38,54.38,996.77
"19,179",18,Female,association_football,DI,90,"5,400","4,545.03",34.08,38.14,5,2,3.03,28.07,23,29,5.8,6.22,50.5,68.55,747.64
"19,179",18,Female,association_football,DI,120,"7,200","3,910.26",0,0,0,0,1.96,19.15,26,20,5.14,5.17,32.59,46.77,604.94
"19,179",18,Female,association_football,DI,120,"7,200","6,285.28",22.58,34.59,4,1,3.14,27.62,37,39,6.1,7.23,52.38,67.44,991.25
"19,179",18,Female,association_football,DI,95,"5,700","4,373.57",41.06,37.53,6,3,2.76,27.44,21,16,5.99,5.51,46.04,67.01,853.84
"19,179",18,Female,association_football,DI,90,"5,400","4,276.70",14.4,0,2,0,2.85,20.32,32,34,5.44,6.45,47.52,49.62,758.67
"19,179",18,Female,association_football,DI,95,"5,700","2,749.66",31.72,0,5,0,1.74,21.81,12,15,5.19,5.76,28.94,53.27,485.26
"19,179",18,Female,association_football,DI,90,"5,400",526.56,0,0,0,0,0.35,19.18,1,2,5.43,5.02,5.85,46.84,84.84
"19,179",18,Female,association_football,DI,90,"5,400","2,334.26",6.91,0,2,0,1.56,19.83,7,3,4.33,3.77,25.94,48.42,270.51
"19,179",18,Female,association_football,DI,120,"7,200","6,163.92",60.63,57.59,9,2,3.08,26.83,54,25,5.02,5.13,51.37,65.52,795.19
"19,179",18,Female,association_football,DI,120,"7,200","2,813.73",6.65,0,1,0,1.41,19.62,7,7,4.51,6.06,23.45,47.91,284.38
"19,179",18,Female,association_football,DI,120,"7,200",629.95,0,0,0,0,0.31,7.37,0,0,0,0,5.25,17.99,37.07
"19,179",18,Female,association_football,DI,120,"7,200",432.4,0,0,0,0,0.22,8.32,0,0,0,0,3.6,20.32,34.99
"19,179",18,Female,association_football,DI,120,"7,200","4,359.38",30.56,14.19,4,1,2.18,24.43,21,17,6.01,4.58,36.33,59.66,512.7
"19,510",21,Male,american_football,DI,70,"4,200","2,787.21",152.93,47.16,18,5,2.39,26.7,47,16,7.33,6.98,39.82,85.53,394.54
"19,510",21,Male,american_football,DI,70,"4,200","2,873.45",244.08,76.19,23,2,2.46,31.01,48,23,6.71,6.7,41.05,99.33,378.02
"19,510",21,Male,american_football,DI,70,"4,200","1,724.07",112.19,60.77,14,7,1.48,27.62,25,7,7.19,5.9,24.63,88.47,244.28
"19,510",21,Male,american_football,DI,70,"4,200","2,475.15",281.37,51.67,27,7,2.12,26.58,37,17,7.24,8.06,35.36,85.12,362.06
"19,510",21,Male,american_football,DI,70,"4,200","2,848.04",97.1,64.83,11,2,2.44,31.22,20,29,6.45,6.66,40.69,107.04,381.06
"19,510",21,Male,american_football,DI,330,"19,800","11,912.35",304.47,80.69,35,8,2.17,29.17,117,59,6.53,7.09,36.1,102.7,"1,156.71"
"19,510",21,Male,american_football,DI,130,"7,800","5,110.76",216.14,14.77,16,1,2.36,28.13,52,20,6.9,5.28,39.31,99.06,565.81
"19,510",21,Male,american_football,DI,150,"9,000","5,732.30",167.88,13.01,17,1,2.29,26.29,80,30,7.24,6.58,38.22,92.57,629.98
"19,510",21,Male,american_football,DI,70,"4,200","2,701.67",165.52,70.74,16,2,2.32,31.14,49,24,7.04,6.74,38.6,99.76,392.97
"19,510",21,Male,american_football,DI,150,"9,000","7,183.67",210.28,85.09,25,6,2.87,28.4,103,39,7.31,6.61,47.89,0,854.23
"20,057",20,Female,association_football,DI,90,"5,400","3,494.79",38.28,0,4,0,2.33,20.37,31,14,4.6,3.88,38.83,50.95,382.14
"20,057",20,Female,association_football,DI,90,"5,400",191.43,0,0,0,0,0.13,5.99,0,0,0,0,2.13,14.98,11.98
"20,057",20,Female,association_football,DI,90,"5,400","3,806.59",22,0,2,0,2.54,21.73,32,14,4.21,4.89,42.3,54.34,491.49
"20,057",20,Female,association_football,DI,90,"5,400","3,922.97",73.3,19.39,8,2,2.62,25.61,19,7,3.96,3.35,43.59,64.07,448.34
"20,057",20,Female,association_football,DI,90,"5,400",193.33,0,0,0,0,0.13,4.69,0,0,0,0,2.15,11.74,5.65
"20,057",20,Female,association_football,DI,90,"5,400",183.43,0,0,0,0,0.12,6.35,0,0,0,0,2.04,15.89,13.85
"20,057",20,Female,association_football,DI,90,"5,400",562.64,0,0,0,0,0.38,12.14,0,0,0,0,6.25,30.35,44.47
"20,057",20,Female,association_football,DI,73,"4,380","2,266.49",0,0,0,0,1.86,17.65,16,16,4.51,4.71,31.05,68.85,234.06
"20,057",20,Female,association_football,DI,76,"4,560","2,356.94",0,0,0,0,1.86,13.41,7,5,4.5,3.98,31.01,33.55,229.3
"20,057",20,Female,association_football,DI,90,"5,400","2,864.60",9.54,0,1,0,1.91,21.01,13,3,5.2,4.36,31.83,52.56,258.03
"20,057",20,Female,association_football,DI,70,"4,200","2,792.55",3.39,0,1,0,2.39,19.36,16,15,4.84,4.1,39.89,75.51,260.58
"20,057",20,Female,association_football,DI,60,"3,600","1,583.18",3.79,4.36,1,1,1.58,23.66,23,14,6.22,7.3,26.39,59.18,251.63
"20,057",20,Female,association_football,DI,60,"3,600","2,268.78",36.17,5.28,5,1,2.27,22.71,22,10,5.59,5.65,37.81,56.8,241.21
"20,057",20,Female,association_football,DI,80,"4,800","4,549.35",81.62,0,11,0,3.41,21.95,34,23,5.58,5.77,56.87,85.68,632
"20,057",20,Female,association_football,DI,23,"1,380","1,514.74",134.34,140.83,14,6,3.95,25.64,11,3,3.82,3.33,65.86,100.08,216.47
"20,057",20,Female,association_football,DI,28,"1,680",385.4,0,0,0,0,0.83,10.58,0,0,0,0,13.76,41.29,45.01
"20,057",20,Female,association_football,DI,60,"3,600","2,555.89",0,0,0,0,2.56,18.52,19,19,4.95,4.59,42.6,72.25,285.33
"20,057",20,Female,association_football,DI,60,"3,600","1,651.88",16.92,0,2,0,1.65,21.34,26,22,5.27,4.99,27.53,83.25,153.25
"20,057",20,Female,association_football,DI,90,"5,400","3,428.90",0,0,0,0,2.29,18.04,16,17,4.21,5.73,38.1,70.37,339.7
"20,057",20,Female,association_football,DI,100,"6,000","4,083.37",20.55,0,2,0,2.45,20.82,25,18,4.71,5.23,40.83,81.22,441.54
"20,057",20,Female,association_football,DI,40,"2,400","1,806.06",134.37,87.25,17,7,2.71,25.5,23,13,4.6,3.97,45.15,99.47,206.69
"20,057",20,Female,association_football,DI,101,"6,060","4,444.12",6.84,0,1,0,2.64,20.07,31,19,4.66,4.69,44,78.29,528.37
"20,057",20,Female,association_football,DI,74,"4,440","2,764.87",0,0,0,0,2.24,13.67,24,15,4.53,4.65,37.36,53.34,276.26
"20,057",20,Female,association_football,DI,90,"5,400","4,055.39",0,0,0,0,2.7,18.42,23,15,4.55,6.31,45.06,46.08,456.08
"20,057",20,Female,association_football,DI,110,"6,600","1,349.75",13.91,4.42,2,1,0.74,21.96,7,2,4.89,3.7,12.27,96.53,142.36
"20,057",20,Female,association_football,DI,90,"5,400","3,186.68",53.09,8.76,5,1,2.12,23.7,17,10,4.66,4.69,35.41,59.27,380.99
"20,057",20,Female,association_football,DI,91,"5,460",156.22,0,0,0,0,0.1,12.87,0,0,0,0,1.72,32.2,9.41
"20,057",20,Female,association_football,DI,90,"5,400","1,667.54",14.83,17,3,1,1.11,23.72,7,6,3.99,4.45,18.53,59.32,232.71
"20,057",20,Female,association_football,DI,90,"5,400","1,872.62",8.6,0,2,0,1.25,19.94,6,8,4.12,4.89,20.81,49.86,266.38
"20,057",20,Female,association_football,DI,95,"5,700","3,083.58",14.78,0,1,0,1.95,22.42,23,6,4.7,4.32,32.46,87.52,361.7
"20,057",20,Female,association_football,DI,77,"4,620","3,191.08",47.32,6.27,4,1,2.49,22.89,10,13,4.31,3.94,41.44,89.35,349.61
"20,057",20,Female,association_football,DI,110,"6,600","5,421.79",48.62,0,4,0,2.96,21.69,38,17,4.27,4.3,49.29,54.24,774.16
"20,057",20,Female,association_football,DI,90,"5,400","3,175.80",4.84,0,1,0,2.12,19.65,10,9,3.73,5.68,35.29,49.14,337.76
"20,057",20,Female,association_football,DI,90,"5,400",111.1,0,0,0,0,0.074,8.22,0,0,0,0,1.23,20.56,5.57
"20,397",22,Male,association_football,DI,120,"7,200","6,613.06",223.31,82.85,19,4,3.31,28.83,70,56,5.75,6.67,55.11,96.44,893.07
"20,397",22,Male,association_football,DI,130,"7,800","6,696.48",336.72,185,33,11,3.09,32.02,54,54,6.04,9.52,51.51,83.91,942.72
"20,397",22,Male,association_football,DI,108,"6,480","4,881.79",29.29,3.36,4,1,2.71,38.16,45,23,8.89,8.27,45.2,119.18,419.05
"20,397",22,Male,association_football,DI,60,"3,600","3,083.58",55.66,23.25,7,2,3.08,27.22,21,28,6,6.35,51.39,71.32,398.88
"20,397",22,Male,association_football,DI,139,"8,340","9,731.98",522.95,73.08,46,7,4.2,31.4,71,92,6.7,7.65,70.01,82.27,"1,795.78"
"20,397",22,Male,association_football,DI,80,"4,800","5,504.97",215.41,34.62,19,3,4.13,27.75,44,41,5.29,6.87,68.81,72.71,874.76
"20,397",22,Male,association_football,DI,103,"6,180","7,879.26",338.26,64.67,29,5,4.59,29.67,50,79,5.75,7.09,76.5,77.75,"1,455.94"
"20,397",22,Male,association_football,DI,97,"5,820","8,710.43",325.18,105.41,38,11,5.39,31.31,63,89,5.12,6.77,89.8,82.06,"1,396.25"
"20,397",22,Male,association_football,DI,110,"6,600","6,305.32",180.68,0,21,0,3.44,24.96,44,60,4.8,7.43,57.32,65.41,"1,125.45"
"20,397",22,Male,association_football,DI,71,"4,260","1,589.76",4.72,0,1,0,1.34,20.53,18,10,5.21,5.56,22.39,53.79,242.59
"20,397",22,Male,association_football,DI,81,"4,860","5,089.14",49.79,0,4,0,3.77,25.03,65,34,5.84,5.12,62.83,59.08,739.83
"20,397",22,Male,association_football,DI,51,"3,060","3,236.43",14.98,0,2,0,3.81,22.68,25,29,6.24,6.47,63.46,59.44,270.23
"20,397",22,Male,association_football,DI,99,"5,940","9,351.87",405.13,69.75,41,9,5.67,28.22,73,69,6.51,7.17,94.46,73.95,"1,643.35"
"20,397",22,Male,association_football,DI,96,"5,760","6,388.46",192.95,38.42,19,4,3.99,28.42,44,49,5.09,7.57,66.55,74.46,973.66
"20,397",22,Male,association_football,DI,105,"6,300","11,097.33",442.96,109.3,40,8,6.34,29.92,73,91,6.81,6.82,105.69,78.41,"2,071.14"
"20,397",22,Male,association_football,DI,92,"5,520","5,457.61",104.65,22.71,15,3,3.56,26.6,111,91,9.43,8.46,59.32,62.76,652.9
"20,397",22,Male,association_football,DI,101,"6,060","2,797.49",88.57,33.22,13,3,1.66,32.03,32,46,8.46,5.98,27.7,75.59,350.88
"20,397",22,Male,association_football,DI,85,"5,100","4,847.58",107.37,0,15,0,3.42,24.76,88,117,9.85,9.52,57.03,58.44,556.77
"20,397",22,Male,association_football,DI,90,"5,400","5,070.97",112.16,23.64,12,3,3.38,26.33,58,89,6.24,9.5,56.34,62.15,549.67
"20,397",22,Male,association_football,DI,90,"5,400","5,317.76",446.73,137.19,50,11,3.55,31.85,83,73,6.59,7.32,59.09,75.16,685.42
"20,397",22,Male,association_football,DI,90,"5,400","2,445.07",8.72,0,1,0,1.63,22.16,43,25,5.27,7.5,27.17,52.29,233.15
"20,397",22,Male,association_football,DI,75,"4,500","3,527.98",46.09,5.93,6,1,2.82,25.85,28,23,5.38,5.42,47.04,86.45,480.09
"20,397",22,Male,association_football,DI,103,"6,180","4,993.34",8.83,0,2,0,2.91,20.75,18,5,5.33,4.31,48.48,48.96,227.49
"20,397",22,Male,association_football,DI,80,"4,800","4,893.65",196.76,93.01,21,7,3.67,29.9,43,33,5.4,8.12,61.17,78.35,758.27
"20,397",22,Male,association_football,DI,94,"5,640","4,418.83",80.37,9.15,7,1,2.82,27.57,42,27,6.46,5.6,47.01,65.06,668.47
"20,397",22,Male,association_football,DI,90,"5,400","4,035.04",113.87,5.8,12,1,2.69,25.55,34,17,5.44,4.66,44.83,60.3,560.94
"20,397",22,Male,association_football,DI,111,"6,660","12,500.40",494.73,93.24,49,8,6.76,27.45,84,103,5.41,8.66,112.62,71.92,"2,532.52"
"20,397",22,Male,association_football,DI,111,"6,660","11,819.04",416.63,133.54,40,10,6.39,29.59,71,91,6.26,9.8,106.48,77.53,"2,087.99"
"20,397",22,Male,association_football,DI,110,"6,600","10,888.51",492.65,147.86,44,11,5.94,29.71,66,103,5.25,8.46,98.99,77.86,"2,259.04"
"20,397",22,Male,association_football,DI,105,"6,300","10,889.81",374.13,104.88,42,6,6.22,31.2,58,73,5.87,7.97,103.71,81.75,"1,828.18"
"20,397",22,Male,association_football,DI,109,"6,540","11,434.58",564.86,136.99,49,10,6.29,28.94,66,95,5.65,7.93,104.9,75.83,"1,995.60"
"20,397",22,Male,association_football,DI,115,"6,900","4,801.58",34.02,0,7,0,2.51,21.04,97,115,8.43,7.95,41.75,49.65,605.23
"20,397",22,Male,association_football,DI,111,"6,660","7,055.92",251.05,35.25,27,3,3.81,29.9,101,67,5.83,8.23,63.57,0,"1,084.16"
"20,397",22,Male,association_football,DI,95,"5,700","5,245.17",129.43,14.32,12,1,3.31,27.51,31,18,6.66,6.28,55.21,64.92,922.46
"20,397",22,Male,association_football,DI,105,"6,300","6,190.59",198.2,76.78,19,4,3.54,30.86,75,41,6.74,8.23,58.96,72.82,"1,039.17"
"20,397",22,Male,association_football,DI,304,"18,240","14,627.91",190.07,42.78,16,5,2.89,28.78,43,28,6.3,6.99,48.12,67.05,951.22
"20,397",22,Male,association_football,DI,297,"17,820","13,543.78",380.17,995.2,33,26,2.74,42.38,86,54,6.3,7.61,45.6,98.73,"1,423.62"
"20,397",22,Male,association_football,DI,92,"5,520","4,830.76",267.68,27.6,24,3,3.15,27.07,79,71,7.82,9.06,52.51,63.89,551.54
"20,397",22,Male,association_football,DI,113,"6,780","11,449.79",429.73,90.69,48,8,6.08,29.01,62,109,6.19,7.64,101.33,67.58,"2,254.78"
"20,397",22,Male,association_football,DI,83,"4,980","5,777.07",240.56,93.4,24,5,4.18,29.54,53,53,5.61,7.82,69.6,98.79,902.85
"20,397",22,Male,association_football,DI,60,"3,600","1,861.19",11.67,6.18,1,1,1.86,26.53,10,5,7.28,5.72,31.02,62.61,90.03
"20,397",22,Male,association_football,DI,95,"5,700","4,125.50",330.49,53.57,32,4,2.61,29.03,41,28,5.66,6.45,43.43,97.08,781.26
"20,420",18,Male,association_football,DI,105,"6,300","8,191.47",454.17,250.2,43,14,4.68,30.86,66,56,5.28,7.62,78.01,75.78,"1,343.88"
"20,420",18,Male,association_football,DI,100,"6,000","8,485.70",478.34,144.4,46,10,5.09,29.22,49,50,6.12,8.91,84.86,71.76,"1,217.87"
"20,420",18,Male,association_football,DI,100,"6,000","9,861.04",314.33,45.58,35,3,5.92,30.28,81,74,6.16,6.3,98.61,74.36,"1,786.86"
"20,420",18,Male,association_football,DI,100,"6,000","10,106.61",484.11,27.45,42,2,6.06,27.53,71,70,5.8,6.22,101.07,67.6,"1,553.27"
"20,420",18,Male,association_football,DI,109,"6,540","12,696.44",614.17,109.02,55,10,6.99,28.15,72,109,5.65,7.37,116.48,69.12,"2,223.45"
"20,420",18,Male,association_football,DI,100,"6,000","6,769.25",260.6,121.66,28,6,4.06,29.69,39,61,5.85,6.82,67.69,72.91,"1,137.17"
"20,420",18,Male,association_football,DI,91,"5,460","4,028.62",12.12,0,2,0,2.66,21.48,52,17,5.5,4.3,44.27,73.37,565.44
"20,420",18,Male,association_football,DI,120,"7,200","6,254.18",71.04,14.35,8,1,3.13,27.39,54,32,5.64,9.13,52.12,67.25,921.17
"20,420",18,Male,association_football,DI,100,"6,000","4,703.36",305.11,64.39,26,4,2.82,29.28,34,41,5.75,7.22,47.03,107.12,662.28
"20,420",18,Male,association_football,DI,120,"7,200","6,318.21",198.65,51.93,17,3,3.16,27.34,62,35,5.26,6.52,52.65,101.14,870.55
"20,420",18,Male,association_football,DI,120,"7,200","5,459.01",32.04,0,4,0,2.73,24.13,55,42,6.01,6.47,45.49,88.27,693.38
"20,420",18,Male,association_football,DI,120,"7,200","7,155.16",243.13,88.03,19,4,3.58,26.31,86,57,5.95,5.93,59.63,97.35,977.95
"20,420",18,Male,association_football,DI,90,"5,400",878.23,0,0,0,0,0.59,15.79,5,0,4.56,0,9.76,58.41,110.75
"20,420",18,Male,association_football,DI,95,"5,700","5,986.13",125.71,17.43,17,1,3.78,27.03,77,61,6.46,7.01,63.01,101.92,942.95
"20,420",18,Male,association_football,DI,120,"7,200","7,762.66",213.69,13.85,23,2,3.88,26.52,81,69,5.73,7.14,64.69,0,"1,239.04"
"20,420",18,Male,association_football,DI,120,"7,200","9,244.10",331.98,20.41,31,2,4.62,25.11,80,75,7.01,8.22,77.03,92.91,"1,522.07"
"20,420",18,Male,association_football,DI,100,"6,000","6,728.70",102.34,0,13,0,4.04,24.09,64,53,5.82,6.25,67.29,59.17,970.29
"20,420",18,Male,association_football,DI,95,"5,700","7,741.16",221.95,67.37,28,3,4.89,28.88,47,44,5.75,6.15,81.49,70.92,"1,179.62"
"20,420",18,Male,association_football,DI,121,"7,260","5,122.52",83.42,13.22,7,1,2.54,25.59,59,31,5.53,5.23,42.33,87.38,683.55
"20,420",18,Male,association_football,DI,100,"6,000","10,340.41",664.06,277.03,68,15,6.2,29.3,65,67,5.83,6.67,103.4,98.75,"1,731.17"
"20,420",18,Male,association_football,DI,120,"7,200","7,740.50",301.94,84.91,31,6,3.87,29.67,54,55,6.14,8.27,64.5,101.34,"1,158.94"
"20,420",18,Male,association_football,DI,120,"7,200","5,361.03",43.31,24.49,4,1,2.68,27.2,39,27,4.98,5.93,44.68,91.65,703.37
"20,420",18,Male,association_football,DI,120,"7,200","4,577.57",0,0,0,0,2.29,18.03,17,7,5.68,5.22,38.15,60.77,667.44
"20,420",18,Male,association_football,DI,120,"7,200","6,435.25",306.13,459.53,30,12,3.22,40.72,34,31,5.11,6.23,53.63,137.25,"1,153.86"
"20,420",18,Male,association_football,DI,120,"7,200","6,578.14",147.79,60.61,18,4,3.29,27.41,58,56,5.81,7.51,54.82,67.31,981.46
"20,420",18,Male,association_football,DI,120,"7,200","1,815.76",0,0,0,0,0.91,19.63,21,8,4.93,4.86,15.13,48.21,242.98
"20,420",18,Male,association_football,DI,120,"7,200","7,897.24",235.58,19.51,20,2,3.95,26.91,64,71,5.21,7.11,65.81,66.09,"1,105.95"
"20,420",18,Male,association_football,DI,90,"5,400","4,621.74",9.15,0,2,0,3.08,20.35,66,57,6.08,6.18,51.35,49.97,644.09
"20,420",18,Male,association_football,DI,120,"7,200","8,076.13",281.99,97.52,25,8,4.04,29.28,61,38,5.54,6.74,67.3,71.9,"1,233.03"
"20,420",18,Male,association_football,DI,95,"5,700","4,405.67",94.6,0,5,0,2.78,23.55,29,24,5.2,6.06,46.38,57.84,553.35
"20,420",18,Male,association_football,DI,110,"6,600","7,249.56",125.25,19.32,14,2,3.95,27.09,65,39,5.94,7.99,65.91,66.51,"1,040.85"
"20,420",18,Male,association_football,DI,75,"4,500","4,282.76",13.57,0,1,0,3.43,22.15,19,21,5.2,5.08,57.1,54.4,520.17
"20,420",18,Male,association_football,DI,90,"5,400","5,543.93",73.44,22.3,8,1,3.7,27.32,47,30,5.1,6.37,61.6,67.08,763.49
"20,420",18,Male,association_football,DI,90,"5,400","6,479.31",100.13,32.91,15,3,4.32,27.58,63,56,5.77,6.74,71.99,67.73,992.61
"20,420",18,Male,association_football,DI,90,"5,400","3,630.74",0,0,0,0,2.42,18.77,29,14,5.68,4.64,40.34,46.08,451.31
"20,420",18,Male,association_football,DI,90,"5,400","5,291.29",92.25,30.93,13,3,3.53,27.32,35,24,6.28,7.74,58.79,67.1,719.51
"20,420",18,Male,association_football,DI,80,"4,800","4,601.71",48.33,29.5,5,1,3.45,27.44,31,23,5.77,4.79,57.52,67.37,560.29
"20,420",18,Male,association_football,DI,90,"5,400","3,993.67",0,0,0,0,2.66,18.39,55,18,5.98,6.2,44.37,45.16,510.88
"20,420",18,Male,association_football,DI,68,"4,080","3,581.89",35.68,4.32,5,1,3.16,25.55,36,15,5.87,5.49,52.67,62.73,484.29
"20,420",18,Male,association_football,DI,95,"5,700","5,451.46",89.54,5.78,14,1,3.44,25.59,88,62,6.23,8.33,57.38,62.83,858.97
"20,420",18,Male,association_football,DI,95,"5,700","8,705.82",356.27,75.33,39,5,5.5,29.95,58,74,5.95,5.97,91.64,73.54,"1,347.07"
"20,420",18,Male,association_football,DI,95,"5,700","5,644.92",100.02,0,9,0,3.57,24.76,70,45,6.01,5.74,59.42,60.8,814.61
"20,420",18,Male,association_football,DI,80,"4,800","3,993.88",97.87,0,12,0,3,24.3,50,37,5.47,4.86,49.92,59.67,693.72
"20,420",18,Male,association_football,DI,95,"5,700","6,903.09",147.16,10.31,17,2,4.36,26.23,75,68,6.64,6.17,72.66,64.41,"1,062.77"
"20,420",18,Male,association_football,DI,95,"5,700","4,559.47",109.03,49.26,13,3,2.88,30.64,72,64,5.71,6.52,47.99,75.23,831.54
"20,420",18,Male,association_football,DI,100,"6,000","8,056.36",477.54,96.85,49,9,4.83,28.66,81,72,5.73,5.85,80.56,70.37,"1,388.05"
"20,420",18,Male,association_football,DI,83,"4,980","4,662.01",21.85,0,3,0,3.37,22.12,104,56,5.34,6.07,56.17,54.32,838.9
"20,420",18,Male,association_football,DI,100,"6,000","6,590.42",112.2,37.1,16,4,3.95,30.44,81,58,6.25,5.95,65.9,74.75,954.37
"20,420",18,Male,association_football,DI,95,"5,700","6,486.36",62.03,0,8,0,4.1,22.1,94,48,5.8,6.87,68.28,54.27,918.05
"20,420",18,Male,association_football,DI,90,"5,400","6,164.32",69.62,0,9,0,4.11,22.34,82,55,5.71,5.69,68.49,54.85,925.61
"20,420",18,Male,association_football,DI,90,"5,400","9,012.06",633.88,175.4,59,14,6.01,29.91,76,86,7.05,7.65,100.13,73.44,"1,396.12"
"20,430",22,Male,association_football,DI,104,"6,240","12,742.61",483.66,155.51,45,7,7.35,30.14,60,103,6.04,8.26,122.53,102.65,"2,187.63"
"20,430",22,Male,association_football,DI,79,"4,740","5,767.11",223.91,0,13,0,4.38,25.05,52,42,5.28,5.72,73,83.1,938.29
"20,430",22,Male,association_football,DI,95,"5,700","6,304.06",60.51,0,5,0,3.98,24.7,51,50,5.39,6.06,66.36,81.94,902.31
"20,430",22,Male,association_football,DI,91,"5,460","6,136.95",240.36,0,17,0,4.05,24.34,36,47,6.36,6.46,67.44,80.75,"1,102.21"
"20,430",22,Male,association_football,DI,80,"4,800","3,975.12",34.04,0,6,0,2.98,20.96,35,25,5.75,6.06,49.69,74.77,535.17
"20,430",22,Male,association_football,DI,74,"4,440","7,498.57",381.95,57.95,28,5,6.08,27.84,62,55,5.75,7.91,101.33,94.8,"1,276.09"
"20,430",22,Male,association_football,DI,85,"5,100","5,680.78",80.31,4.59,9,1,4.01,26.23,53,58,5.38,8.96,66.83,93.55,"1,064.64"
"20,430",22,Male,association_football,DI,155,"9,300","9,424.97",0,0,0,0,3.65,19.68,42,42,6.08,5.61,60.81,70.22,883.06
"20,430",22,Male,association_football,DI,76,"4,560","9,279.16",257.97,96.03,27,6,7.33,29.36,64,77,6.29,7.89,122.09,104.74,"1,578.76"
"20,430",22,Male,association_football,DI,79,"4,740","6,103.47",327.95,5.76,18,1,4.64,26.08,35,57,5.79,6.43,77.26,88.82,889.32
"20,430",22,Male,association_football,DI,117,"7,020","13,676.57",342.27,38.41,36,4,7.01,28.51,74,113,6.23,7.85,116.89,97.11,"2,398.38"
"20,430",22,Male,association_football,DI,85,"5,100","5,864.85",274.03,37.92,19,4,4.14,28.79,36,47,6.29,6.04,69,98.05,"1,059.27"
"20,430",22,Male,association_football,DI,118,"7,080","14,308.03",327.28,39.74,28,4,7.28,28.42,76,128,5.91,7.14,121.25,94.29,"2,657.90"
"20,430",22,Male,association_football,DI,90,"5,400","4,948.95",0,0,0,0,3.3,19.49,19,7,4.97,6.52,54.99,66.38,341.73
"20,430",22,Male,association_football,DI,74,"4,440","6,386.46",266.51,41.92,27,5,5.18,29.59,57,54,5.59,6.11,86.3,98.18,"1,021.75"
"20,430",22,Male,association_football,DI,78,"4,680","6,553.52",45.27,0,5,0,5.04,23.72,52,54,5.87,6.03,84.02,84.6,994.91
"20,430",22,Male,association_football,DI,120,"7,200","7,696.23",59.38,6.73,9,1,3.85,26.71,38,42,5.49,5.81,64.14,95.29,859.11
"20,430",22,Male,association_football,DI,55,"3,300","5,428.47",11.01,0,2,0,5.92,20.53,27,42,4.88,6.2,98.7,73.22,939.28
"20,430",22,Male,association_football,DI,90,"5,400","6,823.21",348.54,47.9,11,2,4.55,28.03,39,26,5.5,6.02,75.81,0,860.07
"20,430",22,Male,association_football,DI,75,"4,500","3,950.60",35.03,0,4,0,3.16,22.59,36,43,5.22,5.39,52.67,80.58,662.67
"20,430",22,Male,association_football,DI,106,"6,360","6,679.91",143.15,4.94,19,1,3.78,25.42,46,61,5.59,7.47,63.02,90.66,"1,126.16"
"20,430",22,Male,association_football,DI,84,"5,040","4,166.40",60.83,0,3,0,2.98,21.96,16,5,4.19,4.43,49.6,78.32,690.5
"20,430",22,Male,association_football,DI,75,"4,500","5,716.16",17.99,0,2,0,4.57,20.47,30,20,6.11,5.6,76.22,73.02,"1,010.65"
"20,430",22,Male,association_football,DI,66,"3,960","3,627.59",298.93,18.46,14,2,3.3,26.23,42,13,4.63,5.68,54.96,93.58,594.3
"20,430",22,Male,association_football,DI,39,"2,340","5,110.66",133.18,4.27,20,1,7.86,25.26,26,53,5.23,6.88,131.04,90.11,"1,024.91"
"20,484",22,Male,association_football,DI,90,"5,400","2,160.80",0,0,0,0,1.44,18.17,81,32,8.28,8.49,24.01,80.33,237.9
"20,484",22,Male,association_football,DI,92,"5,520","4,118.49",6.63,0,1,0,2.69,21.68,72,83,7.63,7.67,44.77,95.85,412.2
"20,484",22,Male,association_football,DI,106,"6,360","5,142.21",26.62,0,4,0,2.91,22.62,107,92,8.45,7.26,48.51,105.29,540.81
"20,484",22,Male,association_football,DI,90,"5,400","3,271.96",0,0,0,0,2.18,18.88,47,63,6.65,9.63,36.36,83.44,335.76
"20,484",22,Male,association_football,DI,115,"6,900","4,415.66",56.9,0,11,0,2.3,21.49,98,135,9.12,9.16,38.4,322.47,537.62
"20,484",22,Male,association_football,DI,90,"5,400","2,903.17",39.31,0,3,0,1.94,24.98,53,27,9.8,4.67,32.26,110.41,244.08
"20,484",22,Male,association_football,DI,101,"6,060","3,051.57",0,0,0,0,1.81,15.98,24,37,5.88,8.73,30.21,70.64,247.37
"20,484",22,Male,association_football,DI,85,"5,100","3,697.08",0,0,0,0,2.61,17.15,63,63,7.52,9.81,43.5,75.81,380.48
"20,484",22,Male,association_football,DI,80,"4,800","3,842.55",0,0,0,0,2.88,18.83,87,64,8.97,8.75,48.03,83.25,386.77
"20,484",22,Male,association_football,DI,90,"5,400","4,441.15",0,0,0,0,2.96,16.4,63,40,8.04,9.87,49.35,72.49,378.52
"20,484",22,Male,association_football,DI,92,"5,520","4,118.35",23.78,0,5,0,2.69,21,38,38,6.8,9.67,44.76,92.82,349.13
"20,562",18,Female,association_football,DI,120,"7,200",421.97,0,0,0,0,0.21,8.9,0,0,0,0,3.52,46.61,35.93
"20,562",18,Female,association_football,DI,120,"7,200",859.06,4.32,0,1,0,0.43,19.1,4,2,5.04,3.12,7.16,183.89,81.32
"20,562",18,Female,association_football,DI,90,"5,400",626.61,0,0,0,0,0.42,12.67,2,3,4.28,3.41,6.96,50.13,68.18
"20,562",18,Female,association_football,DI,120,"7,200","1,327.75",13.09,0,1,0,0.66,22.1,24,11,7.18,5.47,11.06,87.45,169.94
"20,562",18,Female,association_football,DI,120,"7,200","2,689",11.85,0,1,0,1.34,19.22,45,18,5.79,8.12,22.41,76.06,313.9
"20,562",18,Female,association_football,DI,120,"7,200",212.9,0,0,0,0,0.11,8.06,0,0,0,0,1.77,31.9,24.27
"20,562",18,Female,association_football,DI,120,"7,200","1,750.79",0,0,0,0,0.88,14.15,39,13,7.48,5.44,14.59,55.97,214.49
"20,562",18,Female,association_football,DI,120,"7,200",312.8,0,0,0,0,0.16,9.25,1,0,3.16,0,2.61,36.6,31.11
"20,562",18,Female,association_football,DI,120,"7,200","1,351.19",13.7,0,1,0,0.68,21.82,19,19,6.2,6.92,11.26,86.31,212.49
"20,562",18,Female,association_football,DI,120,"7,200",323.49,0,0,0,0,0.16,7.2,0,0,0,0,2.7,28.49,37.92
"20,562",18,Female,association_football,DI,90,"5,400","1,770.95",0,0,0,0,1.18,15.01,17,10,6.15,5.65,19.68,59.39,268.11
"20,562",18,Female,association_football,DI,120,"7,200","3,673.01",0,0,0,0,1.84,13.99,57,20,7.22,5.72,30.61,55.35,391.1
"20,562",18,Female,association_football,DI,90,"5,400",442.56,0,0,0,0,0.3,6.9,0,0,0,0,4.92,27.32,47.18
"20,562",18,Female,association_football,DI,90,"5,400",511.21,0,0,0,0,0.34,6.59,0,0,0,0,5.68,26.08,30.04
"20,562",18,Female,association_football,DI,120,"7,200","4,299.43",11.14,0,1,0,2.15,21.63,39,21,5.97,6.21,35.83,85.57,328.72
"20,562",18,Female,association_football,DI,120,"7,200","3,469.50",8.56,0,1,0,1.73,20.67,37,16,6.71,6.31,28.91,81.77,401.26
"20,562",18,Female,association_football,DI,120,"7,200",441.13,0,0,0,0,0.22,8.52,1,0,3.03,0,3.68,33.73,44.2
"20,562",18,Female,association_football,DI,120,"7,200","3,460.08",11.89,0,1,0,1.73,21.69,17,10,5.22,7.2,28.83,85.83,264.3
"20,562",18,Female,association_football,DI,120,"7,200","3,028.93",12.56,0,1,0,1.51,20.89,23,15,5.27,7.26,25.24,82.67,219.61
"20,562",18,Female,association_football,DI,120,"7,200",398.06,0,0,0,0,0.2,8.42,4,1,4.75,3.88,3.32,33.31,57.22
"20,562",18,Female,association_football,DI,90,"5,400",364.11,0,0,0,0,0.24,8.55,3,0,4.19,0,4.05,33.83,23.13
"20,562",18,Female,association_football,DI,90,"5,400","2,940.41",14.01,0,1,0,1.96,22.27,31,27,6.53,6.25,32.67,108.62,272.28
"20,562",18,Female,association_football,DI,90,"5,400",375.23,0,0,0,0,0.25,12.39,2,1,3.94,3.29,4.17,55.62,18.18
"20,562",18,Female,association_football,DI,90,"5,400","2,186.53",10.88,0,1,0,1.46,20.5,12,9,4.4,4.46,24.29,107.38,199.5
"20,562",18,Female,association_football,DI,90,"5,400",458.86,0,0,0,0,0.31,11.33,0,0,0,0,5.1,44.82,25.37
"20,562",18,Female,association_football,DI,85,"5,100",416.26,0,0,0,0,0.29,6.96,0,0,0,0,4.9,27.52,40.89
"20,562",18,Female,association_football,DI,90,"5,400","3,093.02",29.09,80.54,6,4,2.06,25.28,36,13,5.38,5.59,34.37,113.49,257.73
"20,562",18,Female,association_football,DI,120,"7,200",484.18,0,0,0,0,0.24,6.32,0,0,0,0,4.03,33.08,22.68
"20,562",18,Female,association_football,DI,120,"7,200",454.82,0,0,0,0,0.23,8.02,0,0,0,0,3.79,42.02,36.45
"20,562",18,Female,association_football,DI,95,"5,700",974.54,0,0,0,0,0.62,10.38,0,0,0,0,10.26,54.38,22.27
"20,562",18,Female,association_football,DI,120,"7,200",537.51,0,0,0,0,0.27,9.09,0,0,0,0,4.48,47.62,44.66
"20,562",18,Female,association_football,DI,120,"7,200",396.44,0,0,0,0,0.2,6.49,0,0,0,0,3.3,33.98,25.73
"20,562",18,Female,association_football,DI,120,"7,200",647.21,0,0,0,0,0.32,6.96,0,0,0,0,5.39,36.46,32.66
"20,562",18,Female,association_football,DI,120,"7,200",439.77,0,0,0,0,0.22,9.06,0,0,0,0,3.66,47.47,37.46
"20,562",18,Female,association_football,DI,90,"5,400",413.02,0,0,0,0,0.28,7.13,0,0,0,0,4.59,37.34,39.36
"20,602",21,Female,association_football,DI,60,"3,600","2,650.80",0,0,0,0,2.65,18.31,13,13,5.13,5.1,44.18,73.2,333.34
"20,602",21,Female,association_football,DI,60,"3,600","2,109.31",0,0,0,0,2.11,17.22,20,12,4.75,5.53,35.16,67.96,243.05
"20,602",21,Female,association_football,DI,61,"3,660","3,110.12",19.17,0,2,0,3.06,22.19,25,15,5.33,5.51,50.99,88.73,441.27
"20,602",21,Female,association_football,DI,60,"3,600","2,410.94",4.87,0,1,0,2.41,19.3,39,32,9.51,9.77,40.18,76.15,"1,108.41"
"20,602",21,Female,association_football,DI,55,"3,300","2,713.30",0,0,0,0,2.96,19.38,20,11,5.27,3.59,49.33,0,344.76
"20,602",21,Female,association_football,DI,95,"5,700","4,522.26",51.6,12.84,6,3,2.86,22.51,38,17,4.82,4.89,47.6,90.01,664.77
"20,602",21,Female,association_football,DI,65,"3,900","3,431.43",13.41,0,2,0,3.17,20.31,26,25,5.22,5.26,52.79,80.15,550.49
"20,602",21,Female,association_football,DI,120,"7,200","5,317.36",34.59,12.52,6,1,2.66,24.74,39,33,6.07,5.72,44.31,118.4,988.68
"20,602",21,Female,association_football,DI,110,"6,600","4,758.75",28.24,0,4,0,2.6,20.69,41,25,5.67,5.7,43.26,83.61,682.87
"20,602",21,Female,association_football,DI,100,"6,000","4,752.85",26.55,0,3,0,2.85,20.91,17,28,5.13,5.21,47.53,84.5,810.48
"20,602",21,Female,association_football,DI,95,"5,700","2,397.98",0,0,0,0,1.51,15.3,15,4,8.25,3.87,25.24,61.85,289.75
"20,602",21,Female,association_football,DI,62,"3,720","2,206.37",0,0,0,0,2.14,18.7,20,16,5.08,4.72,35.59,89.48,263.83
"20,602",21,Female,association_football,DI,120,"7,200","2,771.77",31.54,0,4,0,1.39,20.9,13,13,4.97,5.25,23.1,107.83,449.09
"20,602",21,Female,association_football,DI,83,"4,980","2,569.33",0,0,0,0,1.86,18.65,28,22,5.33,5.36,30.96,75.36,364.35
"20,602",21,Female,association_football,DI,83,"4,980","3,898.01",3.39,0,1,0,2.82,19.97,20,23,5,5.26,46.96,80.69,768.91
"20,602",21,Female,association_football,DI,66,"3,960","3,652.08",56.38,66.75,8,3,3.32,25.01,28,34,5.39,6.03,55.33,101.09,539.99
"20,602",21,Female,association_football,DI,78,"4,680","3,465.33",19.81,0,3,0,2.67,20.97,30,27,6,7.68,44.43,83.85,570.34
"20,602",21,Female,association_football,DI,109,"6,540","1,094.84",5.61,0,1,0,0.6,20.82,8,6,5.45,4.24,10.04,83.25,181.59
"20,602",21,Female,association_football,DI,65,"3,900","2,704.27",16.41,0,1,0,2.5,22.08,19,16,5.13,5.79,41.6,88.28,319.33
"20,602",21,Female,association_football,DI,105,"6,300","4,359.87",56.18,0,4,0,2.49,21.58,25,21,4.75,5.52,41.52,86.26,734.79
"20,602",21,Female,association_football,DI,104,"6,240","2,673.29",5.57,0,1,0,1.54,20.23,10,24,4.34,5.14,25.7,79.83,440.76
"20,602",21,Female,association_football,DI,61,"3,660","2,277.21",26.55,0,3,0,2.24,20.96,11,14,5.13,4.61,37.33,83.81,309.72
"20,602",21,Female,association_football,DI,94,"5,640","4,186.45",10.13,0,2,0,2.67,20.36,22,13,4.59,4.84,44.54,81.42,520.49
"20,602",21,Female,association_football,DI,120,"7,200","4,806.70",60.15,0,9,0,2.4,21.66,54,31,6.2,5.6,40.06,85.48,730.54
"20,602",21,Female,association_football,DI,105,"6,300","6,304.60",39.2,65.62,7,3,3.6,25.34,21,27,6.57,5.25,60.04,101.31,"1,062.62"
"20,602",21,Female,association_football,DI,97,"5,820","4,106.34",6.16,0,1,0,2.54,19.5,15,25,4.8,6.61,42.33,76.96,774.32
"20,602",21,Female,association_football,DI,87,"5,220","3,438.18",50.92,0,6,0,2.37,21.88,18,25,5.44,4.54,39.52,86.36,461.6
"20,602",21,Female,association_football,DI,36,"2,160","1,300.92",6.65,0,1,0,2.17,21.11,14,9,4.52,5.07,36.14,83.29,184.7
"20,602",21,Female,association_football,DI,107,"6,420","4,534.46",28.59,0,4,0,2.54,20.13,18,26,5.69,5.8,42.38,79.43,758.12
"20,602",21,Female,association_football,DI,100,"6,000","3,697.73",0,0,0,0,2.22,18.58,17,27,4.56,6.47,36.98,73.32,567.36
"20,602",21,Female,association_football,DI,70,"4,200","3,331.48",6,0,1,0,2.86,19.23,42,26,9.02,9.29,47.59,75.9,"1,847.70"
"20,602",21,Female,association_football,DI,106,"6,360","2,289.59",29.4,0,3,0,1.3,21.54,11,8,4.77,5.08,21.6,50.34,370.36
"20,602",21,Female,association_football,DI,60,"3,600","2,036.86",0,0,0,0,2.04,16.44,24,9,4.63,4.68,33.95,64.88,299.48
"20,602",21,Female,association_football,DI,108,"6,480","2,174.31",23.18,0,4,0,1.21,19.58,11,15,3.88,6.31,20.13,77.28,379.58
"20,602",21,Female,association_football,DI,110,"6,600","1,443.27",0,0,0,0,0.79,18.87,6,11,4.23,5.84,13.12,74.46,206.67
"20,602",21,Female,association_football,DI,75,"4,500","3,807.59",32.92,7.24,5,1,3.05,23.18,61,33,8.72,8.65,50.77,91.47,"1,986.89"
"20,602",21,Female,association_football,DI,111,"6,660","1,887.21",31.33,0,3,0,1.02,21.37,12,9,4.98,4.08,17,50.18,302.37
"20,602",21,Female,association_football,DI,75,"4,500","2,653.86",0,0,0,0,2.12,17.31,30,15,4.54,4.97,35.38,68.32,311.61
"20,602",21,Female,association_football,DI,112,"6,720","3,358.61",38.47,8.48,4,2,1.8,22.89,14,21,4.74,5.03,29.99,90.31,586.82
"20,602",21,Female,association_football,DI,60,"3,600","2,131.71",0,0,0,0,2.13,15.05,8,4,4.33,3.94,35.53,59.38,242.03
"20,602",21,Female,association_football,DI,60,"3,600","1,390.22",7.92,934.21,1,22,1.39,42.58,0,2,0,2.93,23.17,168.05,245.82
"20,602",21,Female,association_football,DI,112,"6,720",117.55,0,0,0,0,0.063,14.67,2,3,4.4,3.1,1.05,34.44,19.43
"20,602",21,Female,association_football,DI,53,"3,180","3,532.56",278.13,86.23,23,6,4,25.97,23,7,5.53,4.23,66.65,60.99,670.56
"20,602",21,Female,association_football,DI,75,"4,500","5,329.88",15.09,0,2,0,4.26,20.51,45,53,8.29,6.52,71.07,48.16,536.09
"20,602",21,Female,association_football,DI,75,"4,500","4,305.89",13.92,0,3,0,3.44,20.7,45,54,9.05,9.03,57.41,48.61,434.41
"20,602",21,Female,association_football,DI,75,"4,500","5,054.04",75.45,13.37,11,1,4.04,24.73,48,38,6.48,7.55,67.39,58.08,482.69
"20,820",18,Male,association_football,DI,90,"5,400","8,869.62",70.6,0,7,0,5.91,22.48,47,40,5.56,6.61,98.55,85.87,"1,520.97"
"20,820",18,Male,association_football,DI,90,"5,400","4,431.65",0,0,0,0,2.95,18.36,37,24,5.18,4.63,49.24,70.13,567.25
"20,820",18,Male,association_football,DI,90,"5,400","4,813.38",92.4,0,3,0,3.21,24.27,30,32,4.76,5.67,53.48,92.7,603.94
"20,820",18,Male,association_football,DI,95,"5,700",104.22,0,0,0,0,0.066,4.24,0,0,0,0,1.1,15.93,4.39
"20,820",18,Male,association_football,DI,120,"7,200","10,095.43",196.5,6.77,12,1,5.05,25.92,78,59,5.17,7.14,84.13,98.99,"1,563.22"
"20,820",18,Male,association_football,DI,91,"5,460","3,741.17",28.11,0,3,0,2.47,21.06,37,6,5.75,4.52,41.11,80.46,520.1
"20,820",18,Male,association_football,DI,121,"7,260","6,618.05",86.63,5.59,4,1,3.28,24.89,61,16,5.54,4.93,54.69,95.05,799.64
"20,820",18,Male,association_football,DI,120,"7,200","8,050.68",196.68,9.3,17,1,4.03,25.59,82,44,5.02,5.68,67.09,96.12,"1,177.04"
"20,820",18,Male,association_football,DI,92,"5,520","10,156.59",218.51,24.15,20,1,6.62,27.74,73,59,6.95,7.97,110.4,99.29,"1,631.07"
"20,820",18,Male,association_football,DI,100,"6,000","8,891.12",126.97,0,14,0,5.33,24.23,66,60,5.63,6.6,88.91,86.72,"1,446.91"
"20,820",18,Male,association_football,DI,100,"6,000","9,005.17",232.15,17.93,20,2,5.4,27.58,51,54,5.87,7.2,90.05,98.73,"1,282"
"20,820",18,Male,association_football,DI,100,"6,000","9,410.61",235.15,51.65,21,3,5.65,27.94,43,49,5.77,6.99,94.11,104.92,"1,448.66"
"20,820",18,Male,association_football,DI,101,"6,060","10,251.67",225.1,37.4,19,2,6.09,26.63,53,65,5.14,6.76,101.5,101.7,"1,824.77"
"20,820",18,Male,association_football,DI,80,"4,800","5,283.68",78.6,0,2,0,3.96,23.54,28,33,4.87,4.94,66.05,84.25,662.92
"20,820",18,Male,association_football,DI,95,"5,700","7,321.75",76.02,0,7,0,4.62,23.86,72,45,6.02,5.28,77.07,91.13,"1,173.89"
"20,820",18,Male,association_football,DI,120,"7,200","7,982.99",45.91,0,5,0,3.99,22.05,73,58,5.67,5.7,66.52,84.21,"1,258.51"
"20,820",18,Male,association_football,DI,120,"7,200","6,275.96",39.27,0,6,0,3.14,22.15,84,38,5.13,6.01,52.3,84.58,841.04
"20,820",18,Male,association_football,DI,100,"6,000","9,124.82",151.24,8.1,15,1,5.47,25.49,61,58,5.42,6.27,91.25,97.37,"1,506.29"
"20,820",18,Male,association_football,DI,90,"5,400","1,051.30",0,0,0,0,0.7,19.17,3,0,4.37,0,11.68,73.2,102.57
"20,820",18,Male,association_football,DI,120,"7,200","5,823.42",79.1,5.6,3,1,2.91,25.06,51,45,5.21,5.47,48.53,94.1,804.7
"20,820",18,Male,association_football,DI,120,"7,200","5,874.13",0,0,0,0,2.94,17.24,31,13,5.32,4.95,48.95,61.71,827.66
"20,820",18,Male,association_football,DI,120,"7,200","5,714.73",7.27,0,1,0,2.86,22.68,25,17,5.61,5.99,47.62,81.18,566.27
"20,820",18,Male,association_football,DI,120,"7,200","7,938.56",45,12.28,7,1,3.97,26.04,63,40,5.54,7.87,66.15,93.19,"1,149.43"
"20,820",18,Male,association_football,DI,60,"3,600","2,132.33",16.91,0,1,0,2.13,21.4,7,3,4.89,3.95,35.54,76.6,231.48
"20,820",18,Male,association_football,DI,120,"7,200","2,055.51",19.75,0,1,0,1.03,22.45,16,6,4.79,4.23,17.13,80.37,292.85
"20,820",18,Male,association_football,DI,120,"7,200","7,970.49",155.29,0,9,0,3.99,24.38,48,52,5.44,6.18,66.42,87.27,"1,110"
"20,820",18,Male,association_football,DI,90,"5,400","5,258.57",9.94,0,2,0,3.51,20.54,58,54,5.81,6.02,58.43,73.53,714.2
"20,820",18,Male,association_football,DI,120,"7,200","9,065.84",226,20.64,18,1,4.53,26.04,61,48,6.54,5.47,75.55,93.19,"1,372.98"
"20,820",18,Male,association_football,DI,120,"7,200","6,755.17",87.49,0,9,0,3.38,24.7,53,29,5.46,6.83,56.29,88.41,"1,054.74"
"20,820",18,Male,association_football,DI,95,"5,700","5,060.99",110.83,0,5,0,3.2,23.19,45,29,5.3,4.94,53.27,83.01,619.84
"20,820",18,Male,association_football,DI,110,"6,600","8,003.85",91.78,0,7,0,4.37,24.57,60,33,5.92,4.98,72.76,87.96,"1,175.56"
"20,820",18,Male,association_football,DI,75,"4,500","5,160.17",0,0,0,0,4.13,19.71,46,30,5.07,5.76,68.8,70.55,717.74
"20,820",18,Male,association_football,DI,90,"5,400","6,245.08",52.03,0,5,0,4.16,23.51,30,32,4.85,5.57,69.39,84.15,747.8
"20,820",18,Male,association_football,DI,90,"5,400","3,956.26",16.23,0,1,0,2.64,23.35,23,16,5.12,4.62,43.96,83.59,440.57
"20,820",18,Male,association_football,DI,90,"5,400","4,758.10",15.2,0,2,0,3.17,22.15,46,27,5.24,5.36,52.87,79.28,559.66
"20,820",18,Male,association_football,DI,90,"5,400","6,198.13",63.82,0,7,0,4.13,23.88,47,39,5.78,5.94,68.87,85.47,808.14
"20,820",18,Male,association_football,DI,125,"7,500","3,678.29",107.37,0,6,0,1.77,24.56,20,4,5.65,5.53,29.43,0,353.25
"20,820",18,Male,association_football,DI,90,"5,400","5,650.78",178.69,16.73,13,1,3.77,25.94,67,38,5.5,7.06,62.79,105.61,786.22
"20,820",18,Male,association_football,DI,120,"7,200","6,150.98",281.57,49.71,29,6,3.08,26.18,66,33,9.92,6.11,51.26,100.94,749.89
"20,820",18,Male,association_football,DI,120,"7,200","9,650.61",232.73,0,17,0,4.83,23.74,57,61,5.59,4.88,80.42,90.68,"1,477.28"
"20,820",18,Male,association_football,DI,120,"7,200","5,936.89",113.62,0,6,0,2.97,24.89,62,11,5.73,5.47,49.47,95.09,750.54
"20,820",18,Male,association_football,DI,195,"11,700","7,968.54",174.22,7.95,19,1,2.45,24.79,45,48,6.22,7.58,40.86,94.67,"1,150.42"
"20,820",18,Male,association_football,DI,120,"7,200","8,471.67",118.8,0,11,0,4.24,22.71,32,30,5.53,5.17,70.6,86.75,"1,293.86"
"20,820",18,Male,association_football,DI,120,"7,200","7,164.63",118.78,0,14,0,3.58,22.51,55,41,5.73,6.16,59.71,85.99,957.81
"20,820",18,Male,association_football,DI,120,"7,200","6,931.50",46.02,0,6,0,3.47,21.43,58,49,5.15,6.28,57.76,81.86,894.37
"20,820",18,Male,association_football,DI,120,"7,200","6,026.34",33.58,0,6,0,3.01,20.87,41,26,5.64,5.43,50.22,79.73,824.44
"20,820",18,Male,association_football,DI,120,"7,200","7,606.87",67.28,0,5,0,3.8,23.9,37,28,6.23,5.36,63.39,91.27,"1,010.75"
"20,820",18,Male,association_football,DI,120,"7,200","5,346.19",143.06,4.38,7,1,2.67,24.28,33,8,4.99,4.76,44.55,92.75,692.68
"20,820",18,Male,association_football,DI,120,"7,200","7,554.45",164.75,31.4,11,3,3.78,25.46,44,50,5.17,7.33,62.95,97.23,"1,060.97"
"20,820",18,Male,association_football,DI,95,"5,700","9,209.22",204.87,30.46,22,4,5.82,25.65,50,56,5.84,6.44,96.94,96.33,"1,732.28"
"21,777",19,Female,association_football,DI,95,"5,700","6,153.79",3.6,0,1,0,3.89,19.08,43,51,4.78,5.03,64.78,77.22,844.13
"21,777",19,Female,association_football,DI,50,"3,000","2,188.70",205.57,152.64,19,8,2.63,27.19,13,8,5.27,3.8,43.77,105.67,305.64
"21,777",19,Female,association_football,DI,100,"6,000","5,275.39",228.92,0,32,0,3.17,20.82,49,29,5.31,5.1,52.75,84.25,899.03
"21,777",19,Female,association_football,DI,120,"7,200","8,034.99",117.92,71.9,17,7,4.02,24.71,57,40,6.09,5.56,66.96,110.28,"1,191.11"
"21,777",19,Female,association_football,DI,90,"5,400","7,304.88",61.18,0,5,0,4.87,22.5,46,40,5.38,5.14,81.17,91.03,"1,073.06"
"21,777",19,Female,association_football,DI,90,"5,400","5,849.45",108.15,0,10,0,3.9,22.22,55,50,5.18,6.41,64.99,117.88,942.4
"21,777",19,Female,association_football,DI,90,"5,400","3,192.18",0,0,0,0,2.13,18.85,45,54,5.76,5.51,35.47,0,433.27
"21,777",19,Female,association_football,DI,90,"5,400","4,932.78",373.82,0,50,0,3.29,22.41,39,3,5.59,3.35,54.81,100.86,738.34
"21,777",19,Female,association_football,DI,90,"5,400","5,458.34",0,0,0,0,3.64,17.99,37,36,5.29,5.51,60.65,80.27,740.51
"21,777",19,Female,association_football,DI,75,"4,500","3,998.49",76.55,13.64,8,1,3.2,23.6,27,26,4.71,5.62,53.31,86.78,516.91
"21,777",19,Female,association_football,DI,90,"5,400","5,347.30",383.73,3.92,42,1,3.56,22.66,33,5,5.19,3.2,59.41,83.32,862.51
"21,777",19,Female,association_football,DI,90,"5,400","3,396.31",35.05,97.51,7,3,2.26,26.72,13,19,5.12,5.81,37.74,98.25,506.52
"21,777",19,Female,association_football,DI,100,"6,000","8,530.57",363.01,36.01,42,3,5.12,24.28,47,20,5.33,7.52,85.31,89.28,"1,351.46"
"21,777",19,Female,association_football,DI,90,"5,400","6,273.21",142.96,0,14,0,4.18,22.02,46,56,5.42,6.35,69.7,85.58,844.63
"21,777",19,Female,association_football,DI,70,"4,200","5,160.88",47.09,13.5,6,2,4.42,24.24,13,24,4.93,5.94,73.73,89.12,722.8
"21,777",19,Female,association_football,DI,60,"3,600","3,880.03",376.07,0,38,0,3.88,22.02,35,17,5.69,5.09,64.67,85.57,655.03
"21,777",19,Female,association_football,DI,100,"6,000","4,893.54",63.37,73.97,13,4,2.94,25.73,29,27,5.71,7.15,48.94,104.13,587.83
"21,777",19,Female,association_football,DI,90,"5,400","1,045.62",0,0,0,0,0.7,17.28,3,5,3.68,4.36,11.62,67.16,96.35
"21,777",19,Female,association_football,DI,60,"3,600","1,696.38",13.37,0,2,0,1.7,19.45,38,57,5.71,6.04,28.27,78.7,330.08
"21,859",20,Female,association_football,DI,110,"6,600","4,214.88",136.95,108.36,15,5,2.3,26.31,29,28,5.4,5.1,38.32,105.87,509.98
"21,859",20,Female,association_football,DI,90,"5,400","3,493.03",59.89,0,5,0,2.33,22.42,40,26,5.04,4.75,38.81,55.25,476.1
"21,859",20,Female,association_football,DI,90,"5,400","1,195.35",92.62,12.85,8,1,0.8,24.41,5,4,3.88,5.13,13.28,60.15,189.96
"21,859",20,Female,association_football,DI,92,"5,520","2,572.58",108.66,26.99,12,2,1.68,26.19,8,21,4,5.43,27.96,64.54,352.78
"21,859",20,Female,association_football,DI,90,"5,400","2,039.37",13.52,0,1,0,1.36,20.18,10,5,4.08,4.45,22.66,49.72,247.96
"21,859",20,Female,association_football,DI,110,"6,600","4,251.83",34.19,17.83,3,1,2.32,24.39,47,38,6.13,6.1,38.65,60.1,710.62
"21,859",20,Female,association_football,DI,100,"6,000","4,568.89",117.96,40.04,14,4,2.74,24.33,17,28,6.41,5.82,45.69,59.95,626.12
"21,859",20,Female,association_football,DI,110,"6,600","4,746.99",52.23,0,6,0,2.59,22.34,58,39,5.02,5.77,43.15,55.04,842.72
"21,859",20,Female,association_football,DI,100,"6,000","1,448.87",14.57,22.5,2,1,0.87,26.02,8,7,4.69,5.2,14.49,64.12,233.7
"21,859",20,Female,association_football,DI,77,"4,620","2,968.94",14.96,0,2,0,2.31,21.46,14,12,4.63,4.21,38.56,80.89,400.44
"21,859",20,Female,association_football,DI,70,"4,200","1,458.98",0,0,0,0,1.25,13.9,1,0,3.31,0,20.84,34.25,168.35
"21,859",20,Female,association_football,DI,100,"6,000","3,769.55",74.54,0,9,0,2.26,20.82,32,33,6.09,9.06,37.7,51.3,441.82
"21,859",20,Female,association_football,DI,104,"6,240","6,422.44",304.61,111.34,35,10,3.71,25.24,26,44,5.32,7.25,61.75,62.19,974.92
"21,859",20,Female,association_football,DI,90,"5,400",831.18,41.75,0,2,0,0.55,22.28,1,4,4.34,7.24,9.24,54.89,134.83
"21,859",20,Female,association_football,DI,120,"7,200","6,101.18",104.18,68.07,12,7,3.05,24.92,29,30,4.97,6.64,50.84,94.7,739.58
"21,859",20,Female,association_football,DI,105,"6,300","2,641.60",35.49,0,5,0,1.51,22.91,18,20,4.58,5.49,25.16,87.05,302.33
"21,859",20,Female,association_football,DI,90,"5,400","3,966.91",45.05,0,7,0,2.64,20.79,24,25,6.59,6.93,44.08,51.24,546.74
"21,859",20,Female,association_football,DI,100,"6,000","1,807.67",0,0,0,0,1.08,18.27,13,12,9.99,9.67,18.08,45.01,234.25
"21,859",20,Female,association_football,DI,78,"4,680","3,446.50",12.84,12.76,3,1,2.65,23.28,25,22,5.07,5.21,44.19,93.67,433.41
"21,859",20,Female,association_football,DI,90,"5,400",935.16,39.2,10.19,3,1,0.62,23.26,9,9,4.84,4.47,10.39,57.32,200.94
"21,859",20,Female,association_football,DI,75,"4,500",724.57,0,0,0,0,0.58,12.24,0,0,0,0,9.66,49.26,68.3
"21,859",20,Female,association_football,DI,105,"6,300","3,058.19",40.06,0,6,0,1.75,22.22,31,29,5.37,5.76,29.13,89.41,395.36
"21,859",20,Female,association_football,DI,123,"7,380","6,736.25",274.92,85.25,33,11,3.29,24.86,50,47,9.56,5,54.77,0,875.06
"21,859",20,Female,association_football,DI,120,"7,200","6,549.77",249.59,23.98,20,2,3.27,23.47,24,18,5.22,5.49,54.58,57.84,"1,078.54"
"21,859",20,Female,association_football,DI,60,"3,600","1,750.97",0,0,0,0,1.75,15.46,13,5,4.52,3.9,29.18,38.09,188.87
"21,859",20,Female,association_football,DI,80,"4,800","3,620.34",82.87,26.16,9,1,2.72,24.53,33,27,5.08,5.96,45.25,60.44,449.55
"21,859",20,Female,association_football,DI,91,"5,460","1,202.13",71.96,16.74,9,1,0.79,24.08,7,9,4.96,4.6,13.21,59.34,207.02
"21,859",20,Female,association_football,DI,99,"5,940","3,441.40",5.98,0,1,0,2.09,19.39,22,14,4.83,5.63,34.76,48.34,334.26
"21,859",20,Female,association_football,DI,116,"6,960","6,879.10",104.37,32.21,16,4,3.56,26.12,49,60,6.05,7.66,59.3,64.35,"1,254.52"
"21,859",20,Female,association_football,DI,100,"6,000","3,960.41",3.19,6.63,1,1,2.38,23.96,28,13,5.66,5.81,39.6,91.05,447.72
"21,859",20,Female,association_football,DI,90,"5,400","2,593.79",62.8,9.28,6,1,1.73,22.86,16,7,4.79,4.37,28.82,56.34,319.06
"21,859",20,Female,association_football,DI,110,"6,600","2,375.85",0,0,0,0,1.3,17.25,10,9,4.19,4.32,21.6,42.51,266.67
"21,859",20,Female,association_football,DI,105,"6,300","4,471.14",37.07,0,4,0,2.55,23.82,31,23,4.57,5.77,42.58,90.53,575.49
"21,859",20,Female,association_football,DI,60,"3,600","2,318.08",78.71,5.1,10,1,2.32,22.79,33,20,5.71,6.34,38.63,56.16,359.11
"21,859",20,Female,association_football,DI,60,"3,600","1,727.90",9.29,5.02,2,1,1.73,24.93,16,13,6.08,6.14,28.8,61.43,192.99
"21,859",20,Female,association_football,DI,70,"4,200","2,572.59",0,0,0,0,2.21,18.41,34,17,6.1,5.18,36.75,69.4,354.06
"21,859",20,Female,association_football,DI,90,"5,400","2,668.94",0,0,0,0,1.78,18.71,14,9,5.01,5.05,29.65,46.1,387.56
"21,859",20,Female,association_football,DI,90,"5,400","3,917.41",10.32,0,1,0,2.61,22.19,32,18,5.6,6.62,43.53,54.67,632.05
"21,859",20,Female,association_football,DI,76,"4,560","2,229.50",15.64,0,2,0,1.76,20.85,11,7,4.41,5.3,29.34,51.39,215.71
"21,859",20,Female,association_football,DI,90,"5,400","2,049.12",66.03,11.43,10,2,1.37,25.4,20,18,5.78,8.95,22.77,62.59,322.76
"21,859",20,Female,association_football,DI,90,"5,400",176.99,0,0,0,0,0.12,8.58,0,0,0,0,1.97,21.15,15.81
"21,859",20,Female,association_football,DI,90,"5,400","3,342.24",49.86,5.73,3,1,2.23,22.62,11,8,4.27,4.56,37.14,55.73,378.43
"21,859",20,Female,association_football,DI,90,"5,400","4,195.41",73.46,24.44,10,2,2.8,26.53,32,46,4.61,5.69,46.62,65.37,580.64
"22,022",21,Male,american_football,DI,42,"2,520","2,477.25",911.11,13.19,53,3,3.54,25.37,23,7,5.27,5.33,58.98,82.29,267.41
"22,022",21,Male,american_football,DI,62,"3,720","2,656.20",322.94,18.03,44,2,2.57,26.68,68,43,7.28,6.08,42.84,86.56,357.81
"22,022",21,Male,american_football,DI,55,"3,300","1,993.93",111.77,0,16,0,2.18,22.64,57,35,7.65,5.84,36.25,73.44,239.66
"22,022",21,Male,american_football,DI,52,"3,120","1,896.10",225.11,0,25,0,2.19,25.02,36,28,7.87,8.56,36.46,81.16,244.88
"22,022",21,Male,american_football,DI,66,"3,960","2,010.36",231.55,50.97,24,4,1.83,29.37,22,3,5.71,5.15,30.46,95.28,198.33
"22,022",21,Male,american_football,DI,32,"1,920","1,248.58",139.07,0,18,0,2.34,24.92,21,16,6.96,8.37,39.02,80.84,156
"22,022",21,Male,american_football,DI,51,"3,060","2,093.56",669.63,113.06,58,20,2.46,27.61,27,7,6.28,6.3,41.05,89.57,246.1
"22,022",21,Male,american_football,DI,66,"3,960","1,968.63",161.75,77.01,21,5,1.79,30.83,28,8,7.67,9.54,29.83,100.53,209.84
"22,022",21,Male,american_football,DI,60,"3,600","1,534.03",269.41,5.58,25,1,1.53,26.75,32,22,6.01,5.69,25.57,86.79,183.37
"22,022",21,Male,american_football,DI,55,"3,300","2,291.42",343.83,4.63,41,1,2.5,26.51,51,37,9.98,8.73,41.66,85.99,292.78
"22,022",21,Male,american_football,DI,77,"4,620","1,833.69",4.44,0,1,0,1.43,21.1,41,18,9.5,6.21,23.81,68.45,188.96
"22,022",21,Male,american_football,DI,66,"3,960","2,162.29",178.05,55.12,18,5,1.97,30.66,41,12,6.62,5.42,32.76,99.47,251.04
"22,022",21,Male,american_football,DI,45,"2,700",589.7,0,0,0,0,0.79,14.72,12,3,5.03,3.88,13.1,47.76,53.75
"22,022",21,Male,american_football,DI,105,"6,300","2,413.25",0,0,0,0,1.38,18.4,41,10,6.27,6.58,22.98,59.69,206.08
"22,022",21,Male,american_football,DI,80,"4,800","1,460.28",0,0,0,0,1.1,13.63,34,11,5.96,5.45,18.25,44.21,148.49
"22,022",21,Male,american_football,DI,77,"4,620","1,994.94",0,0,0,0,1.55,16.5,54,16,6.75,5.71,25.91,53.53,188.18
"22,022",21,Male,american_football,DI,130,"7,800","2,882.27",17.42,0,3,0,1.33,20.56,56,22,5.91,5.63,22.17,66.69,286.37
"22,022",21,Male,american_football,DI,44,"2,640","2,107.05",64.84,0,10,0,2.87,22.73,74,38,7.36,9.79,47.89,73.75,294.32
"22,022",21,Male,american_football,DI,62,"3,720","1,514.64",202.95,25.09,20,3,1.47,26.75,29,15,8.05,7.15,24.43,86.78,213.01
"22,022",21,Male,american_football,DI,62,"3,720","2,395.17",203.68,0,29,0,2.32,24.09,40,29,8.86,7.5,38.63,78.16,303.17
"22,022",21,Male,american_football,DI,70,"4,200","2,190.30",168.09,48.31,19,7,1.88,29.7,36,16,6.66,6.43,31.29,96.35,258.58
"22,022",21,Male,american_football,DI,45,"2,700","2,676.36",960.81,10.41,65,2,3.57,25.13,34,7,6.24,4.88,59.47,81.51,310.14
"22,022",21,Male,american_football,DI,61,"3,660","2,584.84",404.23,29.94,50,5,2.54,26.88,56,50,9.59,7.12,42.37,87.21,342.72
"22,303",21,Male,american_football,DI,32,"1,920","1,091.67",172.63,4.28,14,1,2.05,25.23,12,2,5.24,3.14,34.11,70.67,97.28
"22,303",21,Male,american_football,DI,45,"2,700","1,126.33",0,0,0,0,1.5,16.76,21,11,5.75,5.12,25.03,46.95,100.75
"22,303",21,Male,american_football,DI,66,"3,960","2,048.48",237.68,117.05,18,6,1.86,34.68,26,9,5.7,7.52,31.04,97.12,217.73
"22,303",21,Male,american_football,DI,55,"3,300","2,114.77",365.98,76.07,38,10,2.31,28.21,40,24,6.9,5.08,38.45,79.01,235.27
"22,303",21,Male,american_football,DI,60,"3,600","1,635.62",320.81,46.51,31,6,1.64,27.85,34,18,8.11,6.76,27.26,78,212.14
"22,303",21,Male,american_football,DI,66,"3,960","2,121.01",246.36,133.56,29,12,1.93,35.7,23,4,5.92,3.83,32.14,102.96,199.24
"22,303",21,Male,american_football,DI,51,"3,060","2,281.93",910.04,59.44,49,10,2.68,26.26,17,4,5.9,3.96,44.74,73.54,264.72
"22,303",21,Male,american_football,DI,66,"3,960","1,896.69",321.58,47.52,25,4,1.72,31.63,28,8,6.15,6.33,28.74,88.6,229.1
"22,303",21,Male,american_football,DI,52,"3,120","1,962.08",330.15,77.53,33,10,2.26,27.72,31,20,8.78,8.6,37.73,77.63,217.95
"22,303",21,Male,american_football,DI,55,"3,300","2,363.86",169.79,13.35,22,2,2.58,25.9,57,29,7.96,5.33,42.98,72.55,250.92
"22,303",21,Male,american_football,DI,62,"3,720","2,453.56",412.43,28.08,44,4,2.37,28.83,57,46,6.93,5.79,39.57,80.75,303.18
"22,303",21,Male,american_football,DI,42,"2,520","2,543.98",991.29,4.23,97,1,3.63,25.4,19,7,6.99,5.79,60.57,71.15,356.92
"22,303",21,Male,american_football,DI,61,"3,660","2,433.75",478.3,60.51,46,7,2.39,28.87,42,30,6.69,5.72,39.9,80.86,269.3
"22,303",21,Male,american_football,DI,45,"2,700","2,648.88",850.2,0,91,0,3.53,24.95,32,1,5.39,2.95,58.86,69.88,340.15
"22,303",21,Male,american_football,DI,70,"4,200","1,978.61",276.58,115.77,22,5,1.7,34.42,21,8,6.09,5.76,28.27,96.41,194.08
"22,303",21,Male,american_football,DI,62,"3,720","2,637.21",406.15,64.49,40,9,2.55,28.02,36,22,8.84,8.93,42.54,78.48,289.56
"22,303",21,Male,american_football,DI,62,"3,720","1,488.68",286.63,45.84,26,5,1.44,28.7,21,6,7.81,4.88,24.01,80.38,177.71
"22,303",21,Male,american_football,DI,44,"2,640","2,322.73",197.24,0,24,0,3.17,24.61,84,37,8.75,5.99,52.79,68.93,297.25
"22,303",21,Male,american_football,DI,130,"7,800","3,579.97",55.4,0,7,0,1.65,21.9,61,13,6.5,5.26,27.54,61.33,312.92
"22,303",21,Male,american_football,DI,77,"4,620","1,896.83",0,0,0,0,1.48,16.36,37,25,5.23,6.05,24.63,45.82,190.3
"22,303",21,Male,american_football,DI,80,"4,800","2,121.37",0,0,0,0,1.59,18.09,22,11,5.16,7.22,26.52,50.66,170.55
"22,303",21,Male,american_football,DI,140,"8,400","4,750.59",143.37,98.43,13,5,2.04,33.28,71,34,7.13,5.89,33.93,93.22,436.98
"22,303",21,Male,american_football,DI,105,"6,300","3,080.60",38.84,0,7,0,1.76,22.57,45,19,6.42,4.84,29.34,63.2,279.16
"22,362",18,Male,association_football,DI,100,"6,000","3,522.34",103.68,27.75,10,2,2.11,29.38,26,33,5.39,6.74,35.22,92.65,639.68
"22,362",18,Male,association_football,DI,95,"5,700","7,290.46",159.31,29.97,20,3,4.6,27.03,107,88,7.2,7.39,76.74,85.24,"1,325.36"
"22,362",18,Male,association_football,DI,120,"7,200","7,755.46",195.4,37.14,23,4,3.88,28.76,111,64,6.37,6.5,64.63,90.7,"1,353.15"
"22,362",18,Male,association_football,DI,120,"7,200","5,942.74",84.23,0,9,0,2.97,23.52,77,48,6.24,6.51,49.52,74.17,876.58
"22,362",18,Male,association_football,DI,90,"5,400",100.19,0,0,0,0,0.067,8.55,1,0,2.75,0,1.11,26.97,2.19
"22,362",18,Male,association_football,DI,91,"5,460","2,558.34",0,0,0,0,1.69,18.01,31,2,5.79,4.22,28.11,56.8,314.2
"22,362",18,Male,association_football,DI,121,"7,260","5,355.53",62.76,0,4,0,2.66,22.85,59,32,6.88,5.66,44.26,72.08,821.34
"22,362",18,Male,association_football,DI,101,"6,060","6,541.72",212.68,47.68,24,4,3.89,27.11,54,63,5.54,8.08,64.77,85.48,"1,136.76"
"22,362",18,Male,association_football,DI,100,"6,000","8,510.01",568.09,112.24,51,9,5.11,30.15,70,61,5.84,9.4,85.1,75.12,"1,645.08"
"22,362",18,Male,association_football,DI,120,"7,200","6,233.05",148.08,4.32,11,1,3.12,26.34,99,47,9.01,6.14,51.94,83.08,933.48
"22,362",18,Male,association_football,DI,120,"7,200","8,583.07",340.96,223.92,40,12,4.29,31.71,90,77,6.41,6.09,71.53,104.12,"1,382.20"
"22,362",18,Male,association_football,DI,100,"6,000","7,054.57",116.11,22.65,13,2,4.23,27.45,136,63,6.47,5.81,70.55,68.4,"1,144.95"
"22,362",18,Male,association_football,DI,120,"7,200","5,258.93",290.5,66.62,29,5,2.63,30.46,67,40,5.93,7.59,43.82,112.24,773.18
"22,362",18,Male,association_football,DI,90,"5,400","5,005.88",154.94,20.54,17,3,3.34,27.1,68,52,6.27,5.59,55.62,99.86,713.85
"22,362",18,Male,association_football,DI,125,"7,500","8,225.21",431.58,36.72,38,4,3.95,27.13,119,71,6.45,7.64,65.8,0,"1,251.02"
"22,362",18,Male,association_football,DI,195,"11,700","8,067.82",292.11,136.61,36,12,2.48,28.94,87,73,7.17,5.99,41.37,91.26,"1,214.82"
"22,362",18,Male,association_football,DI,100,"6,000","4,501.71",291.92,35.87,27,5,2.7,28.31,42,45,5.26,8.42,45.02,70.54,722.85
"22,362",18,Male,association_football,DI,120,"7,200","8,206.72",340.96,67.1,35,5,4.1,29.89,100,48,6.3,6.1,68.39,94.27,"1,451.39"
"22,362",18,Male,association_football,DI,120,"7,200","7,712.65",229.08,456.28,25,10,3.86,40.14,62,38,6.31,5.63,64.27,126.58,920.49
"22,362",18,Male,association_football,DI,120,"7,200","5,896.62",24.26,0,3,0,2.95,22.65,78,59,6.48,7.12,49.14,56.43,907.9
"22,362",18,Male,association_football,DI,120,"7,200","4,023.14",130.95,70.39,18,6,2.01,28.4,36,29,6.24,7.13,33.53,70.75,656.8
"22,362",18,Male,association_football,DI,95,"5,700","3,403.51",43.05,0,4,0,2.15,21.59,3,1,4.55,4.14,35.83,53.8,501.2
"22,362",18,Male,association_football,DI,110,"6,600","2,591.79",0,0,0,0,1.41,12.09,2,0,3.58,0,23.56,30.12,164.54
"22,362",18,Male,association_football,DI,75,"4,500","3,397.69",244.01,17.03,9,2,2.72,25.45,2,0,3.7,0,45.3,63.41,530.38
"22,362",18,Male,association_football,DI,90,"5,400","5,937.19",226.17,91.15,30,6,3.96,29.68,67,47,6.03,7.63,65.97,73.94,905.45
"22,362",18,Male,association_football,DI,90,"5,400","4,163.60",44.3,0,3,0,2.78,25.05,48,30,5.67,5.59,46.26,62.41,545.64
"22,362",18,Male,association_football,DI,90,"5,400","5,711.84",232.16,0,25,0,3.81,25.08,73,55,6.45,6.44,63.46,62.49,850.56
"22,362",18,Male,association_football,DI,80,"4,800","4,917.10",131.86,28.45,7,1,3.69,27.51,67,43,6.44,5.6,61.46,68.53,671.28
"22,362",18,Male,association_football,DI,90,"5,400","4,550.80",40.13,0,4,0,3.03,21.75,79,36,5.95,6.38,50.56,54.2,598.85
"22,362",18,Male,association_football,DI,105,"6,300","8,613.50",374.74,75.97,35,9,4.92,29.24,85,74,5.92,6.94,82.03,72.84,"1,266.11"
"22,362",18,Male,association_football,DI,68,"4,080","4,029.51",101.15,0,13,0,3.56,24.37,60,23,7.12,5.43,59.26,60.71,530.08
"22,362",18,Male,association_football,DI,95,"5,700","5,955.85",66.41,0,7,0,3.76,24.37,115,76,6.38,6.22,62.69,60.71,863.34
"22,362",18,Male,association_football,DI,95,"5,700","8,498.66",365.08,101.35,38,6,5.37,29.85,90,81,6.39,6.42,89.46,74.37,"1,283.38"
"22,362",18,Male,association_football,DI,95,"5,700","5,731.51",130.48,0,14,0,3.62,24.48,99,69,7,7,60.33,61,939.28
"22,362",18,Male,association_football,DI,80,"4,800","4,063.64",73.88,0,8,0,3.05,24.23,62,51,6.77,5.51,50.8,60.36,706.23
"22,362",18,Male,association_football,DI,95,"5,700","6,664.30",99.23,0,9,0,4.21,24.63,100,69,6.03,6.95,70.15,61.37,968.94
"22,362",18,Male,association_football,DI,95,"5,700","5,038.56",118.46,0,11,0,3.18,24.91,87,66,6.36,6.66,53.04,62.07,961.84
"22,362",18,Male,association_football,DI,100,"6,000","7,827.82",348.56,109.68,34,9,4.7,31.32,91,79,6.17,6.95,78.28,78.03,"1,358.50"
"22,362",18,Male,association_football,DI,100,"6,000","6,386.31",107.74,0,10,0,3.83,25.08,124,69,6.15,6.77,63.86,62.5,948.94
"22,362",18,Male,association_football,DI,95,"5,700","6,812.80",76.79,0,7,0,4.3,24.93,115,69,6.06,6.31,71.71,62.11,"1,113.12"
"22,362",18,Male,association_football,DI,90,"5,400","6,778.63",105.04,7.75,11,1,4.52,27.13,101,73,6.47,6.99,75.32,67.58,"1,152.78"
"22,362",18,Male,association_football,DI,90,"5,400","8,135.42",387.16,108.53,42,9,5.42,30.19,91,111,6.78,6.36,90.39,75.23,"1,524.73"
"22,362",18,Male,association_football,DI,95,"5,700","8,145.03",368.47,120.35,32,6,5.14,30.39,72,70,6.9,6.87,85.74,75.73,"1,523.81"
"22,362",18,Male,association_football,DI,120,"7,200","8,476.04",254.81,190.41,29,12,4.24,31.22,81,49,8.91,8.98,70.63,98.46,"1,354.63"
"22,362",18,Male,association_football,DI,120,"7,200","6,144.47",139.74,8.26,17,1,3.07,26.19,97,57,5.74,7.02,51.2,82.59,975.14
"22,362",18,Male,association_football,DI,120,"7,200","5,680.39",187.37,0,17,0,2.84,24.33,81,47,6.16,7.18,47.34,76.74,767.46
"22,362",18,Male,association_football,DI,120,"7,200","6,433.25",168.36,0,16,0,3.22,23.7,84,71,5.96,8.9,53.61,74.74,827.93
"22,362",18,Male,association_football,DI,120,"7,200","7,504.25",311.91,141.79,36,12,3.75,28.89,83,49,6.34,7.69,62.54,91.11,"1,105.60"
"22,362",18,Male,association_football,DI,120,"7,200","6,079.62",288.21,55.06,25,6,3.04,27.31,56,25,6.93,4.83,50.66,86.13,854.16
"22,362",18,Male,association_football,DI,120,"7,200","7,467.78",256.99,45.77,20,6,3.73,26.11,93,78,6.07,6.31,62.23,82.33,"1,015.76"
"22,362",18,Male,association_football,DI,95,"5,700","9,177.75",425.76,74.63,42,4,5.8,29.9,79,92,5.77,7.41,96.61,94.3,"1,855.57"
"22,362",18,Male,association_football,DI,90,"5,400","7,951.37",311.44,52.66,29,3,5.3,30.25,72,51,6.68,6.3,88.35,95.41,"1,390.21"
"22,362",18,Male,association_football,DI,90,"5,400","4,823.96",138.18,44.58,18,4,3.22,28.28,76,50,6.13,5.66,53.6,89.19,729.88
"22,362",18,Male,association_football,DI,90,"5,400","4,834.74",162.01,10.23,12,1,3.22,25.5,53,36,6.22,5.29,53.72,80.43,693.51
"22,362",18,Male,association_football,DI,95,"5,700","1,337.54",40.2,15.66,5,1,0.84,28.19,13,8,5.67,4.3,14.08,88.89,210.8
"22,362",18,Male,association_football,DI,120,"7,200","8,954.39",361.03,37.24,36,4,4.48,27.41,124,91,6.46,7.34,74.62,86.43,"1,577.17"
"22,402",18,Male,association_football,DI,120,"7,200","8,279.66",323.45,42.95,30,3,4.14,30.24,35,27,5.17,6.11,69,104.78,"1,279.15"
"22,402",18,Male,association_football,DI,195,"11,700","8,465.02",238.51,16.42,18,2,2.6,26,49,46,6.93,7.34,43.41,90.08,"1,247.61"
"22,402",18,Male,association_football,DI,120,"7,200","5,738.32",102.02,7.22,6,1,2.87,26.63,47,17,4.75,4.68,47.82,92.25,748.71
"22,402",18,Male,association_football,DI,120,"7,200","9,488.36",358.91,181.98,38,10,4.74,28.86,60,44,6.39,8.68,79.07,101.09,"1,472.56"
"22,402",18,Male,association_football,DI,120,"7,200","5,454.37",155.2,0,15,0,2.73,24.56,42,22,5.61,5.82,45.45,86.02,775.26
"22,402",18,Male,association_football,DI,90,"5,400","6,199.74",185.5,37.56,13,3,4.13,26.96,60,46,5.47,7.15,68.89,94.42,975.56
"22,402",18,Male,association_football,DI,125,"7,500","8,573.06",194.68,67.36,21,4,4.12,28.55,86,55,5.89,6.85,68.58,0,"1,175.30"
"22,402",18,Male,association_football,DI,100,"6,000","7,245.98",387.85,42.57,36,3,4.35,27.82,35,42,5.52,7.33,72.46,67.77,"1,214.96"
"22,402",18,Male,association_football,DI,100,"6,000","1,470.48",47.19,13.78,5,1,0.88,26.84,10,6,4.86,4.42,14.7,88.74,235.81
"22,402",18,Male,association_football,DI,101,"6,060","3,205.56",83.7,8.8,8,1,1.9,26.18,22,24,5.06,7.05,31.74,86.57,499.69
"22,402",18,Male,association_football,DI,121,"7,260","6,750.89",17.82,0,2,0,3.35,24.3,68,53,5.11,5.4,55.79,80.35,946.27
"22,402",18,Male,association_football,DI,120,"7,200","6,051.74",114.81,18.25,13,2,3.03,25.63,52,29,5.5,6.23,50.43,84.74,805.38
"22,402",18,Male,association_football,DI,91,"5,460","4,056.34",0,0,0,0,2.67,20.23,59,22,6.12,7.21,44.58,66.9,545.2
"22,402",18,Male,association_football,DI,120,"7,200","7,245.39",69.49,8.9,6,1,3.62,25.67,38,19,4.51,5.22,60.38,62.53,"1,151.13"
"22,402",18,Male,association_football,DI,121,"7,260","2,839.67",0,0,0,0,1.41,18.41,18,3,4.79,4.21,23.47,60.88,253.4
"22,402",18,Male,association_football,DI,120,"7,200","5,719.14",6.66,0,2,0,2.86,20.41,44,28,5.15,8.52,47.66,67.5,792.43
"22,402",18,Male,association_football,DI,120,"7,200","8,797.14",174.73,19.89,16,1,4.4,26.86,52,56,6.05,6.7,73.31,88.8,"1,361.43"
"22,402",18,Male,association_football,DI,95,"5,700","6,693.29",119.9,13.91,14,2,4.23,25.84,41,26,5.4,6.19,70.46,85.44,"1,059.10"
"22,402",18,Male,association_football,DI,120,"7,200","8,872.75",198.61,23.74,15,2,4.44,26.33,53,35,6.09,5.85,73.94,87.06,"1,384.82"
"22,402",18,Male,association_football,DI,95,"5,700",136.48,0,0,0,0,0.086,5.81,0,0,0,0,1.44,19.2,6.62
"22,402",18,Male,association_football,DI,90,"5,400","6,010.72",85.51,11.85,5,2,4.01,25.68,38,29,6.62,5.5,66.79,84.91,790.45
"22,402",18,Male,association_football,DI,90,"5,400","5,159.96",176.93,0,13,0,3.44,24.86,44,35,4.86,6.98,57.33,86.11,744.55
"22,402",18,Male,association_football,DI,90,"5,400","1,813.59",55.36,8.31,5,1,1.21,25.83,5,4,4.67,4.99,20.15,85.42,184.83
"22,402",18,Male,association_football,DI,120,"7,200","6,938.68",193.47,0,17,0,3.47,24.96,58,55,5.89,6.4,57.82,82.52,"1,052.59"
"22,402",18,Male,association_football,DI,95,"5,700","2,780.66",148.09,43.79,15,3,1.76,30.13,14,8,4.68,8.18,29.27,99.61,479.07
"22,402",18,Male,association_football,DI,120,"7,200","7,807.19",207.87,36.46,15,2,3.9,26.84,63,35,5.88,6.35,65.06,88.75,"1,124.95"
"22,402",18,Male,association_football,DI,120,"7,200","8,513.73",177.49,20.88,20,2,4.26,27.53,56,43,4.84,6.21,70.95,91.04,"1,264.68"
"22,402",18,Male,association_football,DI,120,"7,200","6,493.91",45.94,0,6,0,3.25,22.21,59,44,6.79,6.31,54.12,73.44,896.65
"22,402",18,Male,association_football,DI,90,"5,400","5,663.44",11.97,0,1,0,3.78,22.74,41,28,5.14,7.91,62.93,55.39,717.7
"22,402",18,Male,association_football,DI,110,"6,600","8,637.36",98.3,5.09,11,1,4.71,25.29,61,33,5.06,6.38,78.52,61.6,"1,439.83"
"22,402",18,Male,association_football,DI,95,"5,700","5,657.56",147.97,12.55,12,1,3.57,25.96,56,41,5.33,6.58,59.55,63.23,781.64
"22,402",18,Male,association_football,DI,120,"7,200","8,770.12",224.86,35.23,14,2,4.39,28.28,55,30,4.97,5.46,73.08,68.89,"1,358.91"
"22,402",18,Male,association_football,DI,90,"5,400","5,893.40",63.3,0,6,0,3.93,24.78,41,51,5.14,6.5,65.48,60.36,856.17
"22,402",18,Male,association_football,DI,120,"7,200","8,841.50",257.43,40.36,21,3,4.42,26.81,53,51,5.68,6.2,73.68,65.31,"1,424.90"
"22,402",18,Male,association_football,DI,120,"7,200","1,996.15",13.8,0,1,0,1,22.09,15,4,4.71,4.09,16.63,53.81,287.42
"22,402",18,Male,association_football,DI,120,"7,200","7,917.88",152.78,0,15,0,3.96,23.4,52,46,5.56,6.52,65.98,56.99,"1,158.62"
"22,402",18,Male,association_football,DI,120,"7,200","5,884.93",195.56,361.37,23,10,2.94,41.05,30,26,6.44,5.36,49.04,135.75,"1,164.08"
"22,402",18,Male,association_football,DI,120,"7,200","7,299.31",75.83,0,8,0,3.65,24.51,60,46,5.31,5.49,60.83,81.05,"1,042.03"
"22,402",18,Male,association_football,DI,120,"7,200","8,565.88",201.67,5.79,18,1,4.28,26.15,53,42,5.11,7.17,71.38,86.46,"1,292.51"
"22,402",18,Male,association_football,DI,53,"3,180","6,867.83",319.09,40.91,36,3,7.77,28.46,33,38,5.26,7.04,129.58,69.32,"1,295.88"
"22,402",18,Male,association_football,DI,100,"6,000","10,446.82",535.48,205.93,44,13,6.27,31.32,39,55,5.75,7.62,104.47,76.29,"1,622.12"
"22,402",18,Male,association_football,DI,100,"6,000","9,253.25",498.22,64.58,42,5,5.55,29.98,38,58,5.84,6.62,92.53,73.04,"1,673.31"
"23,901",22,Male,association_football,DI,54,"3,240","5,055.14",119.11,0,11,0,5.62,23.82,30,31,5.52,5.7,93.61,93.28,928.69
"23,901",22,Male,association_football,DI,79,"4,740","5,186.56",69.72,0,3,0,3.94,24.23,52,16,4.77,4.84,65.65,87.03,737.1
"23,901",22,Male,association_football,DI,74,"4,440","5,836.90",244.27,50.75,16,4,4.73,27.84,63,37,7.02,6.2,78.88,109.01,959.75
"23,901",22,Male,association_football,DI,66,"3,960","5,493.73",94.11,0,11,0,4.99,24.07,65,41,5.75,5.65,83.24,94.26,878.08
"23,901",22,Male,association_football,DI,75,"4,500","5,176.87",95.34,0,8,0,4.14,24.87,39,31,4.97,6.57,69.02,97.36,859.23
"23,901",22,Male,association_football,DI,84,"5,040","4,841.25",4.97,0,1,0,3.46,20.82,50,20,5.74,5.56,57.63,81.51,797.14
"23,901",22,Male,association_football,DI,71,"4,260","3,696.87",84.72,0,5,0,3.12,24.61,24,10,5.47,6.83,52.07,96.36,531.14
"23,901",22,Male,association_football,DI,90,"5,400","7,525.68",297.55,14.51,8,3,5.02,25.54,27,20,5.33,5.53,83.62,0,847.36
"23,901",22,Male,association_football,DI,100,"6,000","5,471.97",12.87,0,3,0,3.28,20.36,56,43,5.29,6.04,54.72,79.73,779.28
"23,901",22,Male,association_football,DI,75,"4,500","5,030.80",64.44,0,8,0,4.02,24.18,40,23,5.14,5.03,67.08,94.7,776.7
"23,901",22,Male,association_football,DI,95,"5,700","3,416.07",35.5,0,3,0,2.16,24.4,25,14,5.21,5.79,35.96,87.66,503.29
"24,038",22,Male,association_football,DI,91,"5,460","5,436.24",113.04,13.5,12,1,3.58,27.11,62,64,5.17,5.77,59.74,0,799.42
"24,589",22,Male,association_football,DI,65,"3,900","6,373.01",689.46,177.7,31,15,5.88,27.85,71,57,5.59,6.96,98.05,99.49,"1,384.76"
"24,589",22,Male,association_football,DI,120,"7,200","8,045.46",65.31,0,6,0,4.02,24.94,26,33,5.54,5.35,67.05,89.11,757.4
"24,589",22,Male,association_football,DI,101,"6,060","2,539.76",76.83,29.46,7,1,1.51,27.99,24,35,4.83,7.05,25.15,101.59,488.79
"24,589",22,Male,association_football,DI,55,"3,300","5,229.25",179.83,0,13,0,5.7,24.72,54,61,6.08,6.29,95.08,89.74,"1,033.54"
"24,589",22,Male,association_football,DI,90,"5,400","5,151.38",432.11,27.21,17,2,3.43,27.55,50,38,5.88,5.64,57.24,0,"1,024.80"
"24,589",22,Male,association_football,DI,75,"4,500","3,622.64",28.24,0,5,0,2.9,20.38,36,25,4.93,7.51,48.3,73.98,553.43
"24,589",22,Male,association_football,DI,78,"4,680","6,087.57",105.7,6.88,12,1,4.68,25.86,52,58,5.83,5.8,78.05,92.38,935.02
"24,589",22,Male,association_football,DI,48,"2,880","4,700.17",0,0,0,0,5.88,13.98,3,3,4.98,5.95,97.92,49.96,"1,518.48"
"24,589",22,Male,association_football,DI,53,"3,180","4,892.03",42.12,0,6,0,5.54,21.24,43,39,4.99,5.87,92.3,75.89,785.72
"24,589",22,Male,association_football,DI,111,"6,660","3,505.28",146.8,25.89,16,2,1.89,27.41,36,35,5.61,5.17,31.58,99.48,652.85
"24,589",22,Male,association_football,DI,100,"6,000","6,124.37",45.74,0,6,0,3.67,22.42,85,66,5.78,5.7,61.24,81.39,965.94
"24,589",22,Male,association_football,DI,54,"3,240","5,126.03",74.2,29.19,11,2,5.7,27.59,49,51,5.82,6.31,94.93,98.58,"1,044.80"
"24,589",22,Male,association_football,DI,71,"4,260","3,990.88",39.61,0,7,0,3.37,20.7,41,34,5.43,6.58,56.21,73.97,559.53
"24,589",22,Male,association_football,DI,84,"5,040","4,240.45",24.99,0,3,0,3.03,22.98,40,33,5.68,6.37,50.48,82.11,554.79
"24,589",22,Male,association_football,DI,75,"4,500","5,729.66",80.62,0,7,0,4.58,24.41,54,57,5.88,6.36,76.4,87.22,976.54
"24,589",22,Male,association_football,DI,66,"3,960","3,516.70",28.8,0,3,0,3.2,21.61,50,29,5.6,5.6,53.28,77.21,525.12
"24,589",22,Male,association_football,DI,17,"1,020","2,075.95",88.28,0,6,0,7.33,24.11,27,24,4.77,6.56,122.11,86.15,393.11
"24,589",22,Male,association_football,DI,80,"4,800","3,798.42",43.66,0,3,0,2.85,23.06,18,24,5.16,5.86,47.48,82.4,500.4
"24,589",22,Male,association_football,DI,74,"4,440","5,386.54",75.52,54.3,9,3,4.37,27.82,61,50,6.07,6.8,72.79,99.4,870.37
"24,589",22,Male,association_football,DI,85,"5,100","5,488.55",132.26,0,14,0,3.87,24.32,57,53,5.38,6.25,64.57,86.89,908.07
"24,589",22,Male,association_football,DI,79,"4,740","6,159.19",302.27,0,15,0,4.68,24.54,64,54,6.09,6.44,77.96,87.7,"1,017.73"
"24,589",22,Male,association_football,DI,155,"9,300","8,609.33",89.44,49.6,13,4,3.33,27.3,70,53,5.26,6.3,55.54,97.55,958.96
"24,744",20,Male,american_football,DI-FCS,100,"6,000","3,150.88",0,0,0,0,1.89,19.78,42,42,6.62,8.52,31.51,81.23,335.06
"24,744",20,Male,american_football,DI-FCS,80,"4,800","2,313.69",187.51,0,12,0,1.74,24.35,46,31,8.34,9.26,28.92,114.23,263.83
"24,744",20,Male,american_football,DI-FCS,95,"5,700","1,563.72",35.59,0,5,0,0.99,21.31,49,25,5.48,6.16,16.46,0,253.26
"24,744",20,Male,american_football,DI-FCS,80,"4,800","4,048.83",12.72,0,2,0,3.04,21.21,69,42,9.82,7.2,50.61,87.13,492.99
"24,744",20,Male,american_football,DI-FCS,106,"6,360","4,264.77",8.24,0,2,0,2.41,20.52,84,79,9.42,8.91,40.23,84.28,533.38
"24,744",20,Male,american_football,DI-FCS,130,"7,800","4,796.05",48.14,0,6,0,2.21,23.8,81,89,8.16,9.99,36.89,97.77,613.61
"24,744",20,Male,american_football,DI-FCS,137,"8,220","1,742.34",144.1,0,15,0,0.76,22.64,24,3,4.93,3.74,12.72,93.01,301.2
"24,744",20,Male,american_football,DI-FCS,90,"5,400","3,185.41",21.84,0,4,0,2.12,20.68,40,59,9.09,7.67,35.39,84.94,343
"24,950",20,Male,american_football,DI-FCS,130,"7,800","5,591.41",222.58,4.58,21,1,2.58,25.74,109,124,9.78,9.44,43.01,107.31,769.99
"24,950",20,Male,american_football,DI-FCS,106,"6,360","5,003.43",240.34,0,24,0,2.83,24.73,81,123,6.79,9.98,47.2,90.97,630.14
"24,950",20,Male,american_football,DI-FCS,90,"5,400","2,877.72",73.19,0,10,0,1.92,23.39,78,78,8.82,8.29,31.97,86.05,409.93
"24,950",20,Male,american_football,DI-FCS,100,"6,000","3,077.23",4.12,0,1,0,1.85,21,46,45,6.78,9.41,30.77,77.25,356.95
"24,950",20,Male,american_football,DI-FCS,137,"8,220","1,822.12",332.28,35.05,24,3,0.8,27.18,23,2,5.67,3.06,13.3,105.6,277.37
"24,950",20,Male,american_football,DI-FCS,95,"5,700","1,591.71",27.57,0,2,0,1.01,22.1,44,30,5.56,4.81,16.75,0,281.9
"25,203",19,Female,association_football,DI,95,"5,700","3,925.79",0,0,0,0,2.48,18.51,10,6,4.36,3.59,41.32,272.15,422.98
"25,203",19,Female,association_football,DI,100,"6,000",173,0,0,0,0,0.1,6.8,1,1,4.43,3.83,1.73,0,7.61
"25,203",19,Female,association_football,DI,50,"3,000","1,919.75",154.79,12.05,9,2,2.3,22.74,14,14,4.62,5.11,38.39,121.65,216.76
"25,203",19,Female,association_football,DI,90,"5,400",441.24,0,0,0,0,0.29,10.72,0,0,0,0,4.9,57.36,30.93
"25,203",19,Female,association_football,DI,60,"3,600","2,652.33",0,0,0,0,2.65,18.69,8,4,4.36,4.27,44.21,100.99,368.25
"25,203",19,Female,association_football,DI,70,"4,200","2,131.99",0,0,0,0,1.83,16.29,6,10,4.45,4.73,30.46,71.66,263.17
"25,203",19,Female,association_football,DI,100,"6,000","4,858.54",275.75,0,30,0,2.92,21.06,25,2,4.94,3.53,48.59,92.64,533.78
"25,203",19,Female,association_football,DI,90,"5,400","3,693.25",72.48,11.54,6,2,2.46,22.76,14,15,5.02,5.12,41.04,100.11,402.23
"25,203",19,Female,association_football,DI,90,"5,400","4,572.07",218.52,0,20,0,3.05,20.68,19,8,4.77,4.93,50.8,90.84,570.21
"25,203",19,Female,association_football,DI,75,"4,500","2,794.25",28.66,0,4,0,2.24,21.27,14,19,4.69,5.65,37.26,93.45,260.01
"27,574",21,Male,american_football,DI,70,"4,200","1,736.28",105.39,13.56,8,3,1.49,25.6,22,3,6.14,4.37,24.8,85,247.15
"27,574",21,Male,american_football,DI,70,"4,200","3,033.68",110.64,63,12,2,2.6,29.29,19,27,5.8,6.29,43.34,0,420.95
"27,574",21,Male,american_football,DI,70,"4,200","2,787.61",100.61,62.68,10,2,2.39,30.12,36,17,6.65,6.25,39.82,102.84,425.47
"27,574",21,Male,american_football,DI,70,"4,200","2,892.21",278.24,38.28,23,3,2.48,28.72,28,15,7.28,6.69,41.32,98.08,402.97
"27,574",21,Male,american_football,DI,70,"4,200","3,847.81",188.56,33.59,22,5,3.3,26.04,64,27,6.4,5.38,54.97,86.45,578.14
"27,574",21,Male,american_football,DI,70,"4,200","3,072.05",125.04,76.15,14,2,2.63,29.67,43,15,6.31,5.42,43.89,98.52,430.48
"27,841",19,Female,association_football,DI,100,"6,000",147.06,0,0,0,0,0.088,6.65,0,0,0,0,1.47,0,8.78
"28,009",20,Female,association_football,DI,78,"4,680","4,976.22",25.63,0,4,0,3.83,20.77,38,38,4.96,6.25,63.8,88.78,688.71
"28,009",20,Female,association_football,DI,75,"4,500",681.58,0,0,0,0,0.55,10.75,0,0,0,0,9.09,45.95,69.78
"28,009",20,Female,association_football,DI,105,"6,300","2,921.67",4.53,0,1,0,1.67,19.5,17,17,4.72,5.2,27.83,83.32,400.11
"28,009",20,Female,association_football,DI,123,"7,380","6,689.97",135.81,16.05,9,2,3.26,23.4,22,27,5.17,5.01,54.39,0,"1,040.45"
"28,009",20,Female,association_football,DI,120,"7,200","6,898.45",260.66,26.23,18,2,3.45,23.44,23,19,5.11,5.1,57.49,57.8,"1,060.73"
"28,009",20,Female,association_football,DI,105,"6,300","4,183.30",8.49,0,2,0,2.39,19.77,37,34,4.28,5.79,39.84,79.19,616.58
"28,009",20,Female,association_football,DI,110,"6,600","2,596.67",0,0,0,0,1.42,18.5,18,27,4.79,5.25,23.61,45.61,331.91
"28,009",20,Female,association_football,DI,60,"3,600","1,599.27",0,0,0,0,1.6,18.24,3,1,3.11,3.09,26.65,44.99,166.88
"28,009",20,Female,association_football,DI,80,"4,800","3,434.55",46.2,0,5,0,2.58,20.64,20,26,4.67,4.12,42.93,50.9,453.85
"28,009",20,Female,association_football,DI,99,"5,940","3,599.07",16.68,0,4,0,2.18,19.44,23,13,4.13,5.68,36.35,76.21,382.54
"28,009",20,Female,association_football,DI,116,"6,960","6,664.23",134.48,70.72,13,3,3.45,24.92,30,27,4.63,5.01,57.45,61.44,"1,021.94"
"28,009",20,Female,association_football,DI,100,"6,000","4,571.82",35.82,13.37,6,2,2.74,23.18,23,24,5.24,6.03,45.72,92.84,566.11
"28,009",20,Female,association_football,DI,90,"5,400","3,558.55",20.33,0,2,0,2.37,20.03,17,10,4.38,4.72,39.54,49.39,524.53
"28,009",20,Female,association_football,DI,90,"5,400",149,0,0,0,0,0.099,7.77,0,0,0,0,1.66,19.17,7.3
"28,009",20,Female,association_football,DI,110,"6,600","3,319.51",82.4,21.8,9,4,1.81,23.76,9,7,5.17,4.93,30.18,58.59,438.38
"28,009",20,Female,association_football,DI,101,"6,060","4,556.14",16.04,0,2,0,2.71,20.97,43,38,5.13,5.19,45.11,80.12,578.6
"28,009",20,Female,association_football,DI,70,"4,200","2,561.44",7.54,0,2,0,2.2,19.59,10,14,5.09,4.31,36.59,76.8,242.68
"28,009",20,Female,association_football,DI,60,"3,600","1,689.02",33.21,0,3,0,1.69,22.38,14,9,5.33,5.09,28.15,55.19,160.59
"28,009",20,Female,association_football,DI,40,"2,400","1,718.76",152.12,143.19,22,8,2.58,25.77,30,24,5.39,4.62,42.97,98.42,202.95
"28,009",20,Female,association_football,DI,60,"3,600","2,652.22",78.16,4.47,10,1,2.65,22.52,34,10,5.68,6.21,44.2,55.53,317.99
"28,009",20,Female,association_football,DI,23,"1,380","1,492.69",101.35,181.4,13,6,3.89,26.18,11,4,4.33,3.48,64.9,102.61,232.9
"28,009",20,Female,association_football,DI,28,"1,680","1,667.05",0,0,0,0,3.57,14.24,2,12,3.56,3.92,59.54,55.82,334.95
"28,009",20,Female,association_football,DI,60,"3,600","2,560.33",0,0,0,0,2.56,17.1,32,28,4.83,6.09,42.67,65.32,329.12
"28,009",20,Female,association_football,DI,60,"3,600","1,567.72",17.76,0,2,0,1.57,19.95,24,27,5.31,6.18,26.13,76.21,212.56
"28,009",20,Female,association_football,DI,90,"5,400","2,373.12",6.08,0,1,0,1.58,19.66,21,15,4.47,5.52,26.37,75.11,292.36
"28,009",20,Female,association_football,DI,100,"6,000","4,656.59",37.61,0,4,0,2.79,21.62,24,19,4.25,5.92,46.57,82.59,534.68
"28,009",20,Female,association_football,DI,90,"5,400","4,993.19",120.05,31.32,15,3,3.33,24.58,24,31,4.63,5.47,55.48,60.61,668.16
"28,009",20,Female,association_football,DI,90,"5,400","4,173.65",10.71,18.35,2,1,2.78,25.51,15,36,5.03,5.71,46.37,62.91,662.71
"28,009",20,Female,association_football,DI,90,"5,400","3,615.93",29.86,34.79,6,2,2.41,25.24,11,19,4.48,4.99,40.18,62.23,492.56
"28,009",20,Female,association_football,DI,90,"5,400","4,060.55",22.3,0,2,0,2.71,21.48,24,27,4.61,5.52,45.12,52.96,594.25
"28,009",20,Female,association_football,DI,90,"5,400","3,018.12",38.86,31.05,5,2,2.01,23.59,11,14,5.06,6.31,33.53,58.16,362.76
"28,009",20,Female,association_football,DI,90,"5,400","3,314.81",11.25,0,2,0,2.21,20.24,18,23,4.39,5.32,36.83,49.92,417.49
"28,009",20,Female,association_football,DI,90,"5,400","3,611.45",7.59,0,2,0,2.41,19.16,20,14,5.25,4.3,40.13,47.23,500.35
"28,009",20,Female,association_football,DI,90,"5,400","3,985.34",23.91,7.15,4,1,2.66,23.2,42,33,4.81,5.67,44.28,57.21,526.14
"28,009",20,Female,association_football,DI,73,"4,380","2,200.42",0,0,0,0,1.81,16.85,11,9,4.31,5.81,30.14,64.37,264.4
"28,009",20,Female,association_football,DI,90,"5,400","4,620.12",3.79,0,1,0,3.08,19.41,17,38,4.75,5.25,51.33,47.87,601.27
"28,009",20,Female,association_football,DI,90,"5,400","3,176.84",9.8,0,1,0,2.12,20.05,15,22,4.69,6.29,35.3,49.44,380.73
"28,009",20,Female,association_football,DI,90,"5,400","3,482.45",80.52,0,7,0,2.32,21.92,29,28,4.89,6.14,38.69,54.05,431.74
"28,009",20,Female,association_football,DI,110,"6,600","4,258.94",62.42,11.96,9,2,2.32,23.47,23,30,4.45,6.97,38.72,57.87,584.48
"28,009",20,Female,association_football,DI,90,"5,400",908.23,33.52,25.99,5,2,0.61,24.41,2,4,3.65,4.05,10.09,60.19,112.88
"28,009",20,Female,association_football,DI,90,"5,400",608.43,15.08,0,1,0,0.41,21.58,3,5,4.33,4.79,6.76,53.21,105.38
"28,009",20,Female,association_football,DI,90,"5,400","2,888.11",7.89,0,1,0,1.93,20.29,17,10,4.4,4.55,32.09,50.02,432.47
"28,009",20,Female,association_football,DI,110,"6,600","5,209.04",94.99,26.94,13,3,2.84,25.06,26,46,4.56,5.9,47.35,61.79,828.36
"28,009",20,Female,association_football,DI,100,"6,000","3,326.37",35.71,0,4,0,2,21.34,6,13,4.26,4.99,33.26,52.62,425.76
"28,009",20,Female,association_football,DI,105,"6,300","3,340.45",67.22,4.42,9,1,1.91,22.07,9,14,5.14,5.41,31.81,54.42,571.5
"28,009",20,Female,association_football,DI,70,"4,200","1,795.13",0,0,0,0,1.54,13.37,0,0,0,0,25.64,32.96,155.63
"28,009",20,Female,association_football,DI,95,"5,700","3,145.67",13.23,0,1,0,1.99,22.16,19,14,5.16,6.05,33.11,86.86,406.24
"28,009",20,Female,association_football,DI,100,"6,000","3,461.96",15.85,0,2,0,2.08,21.24,27,16,5.38,4.82,34.62,52.38,435.23
"28,009",20,Female,association_football,DI,104,"6,240","1,902.31",38.08,75.52,7,4,1.1,25.15,4,16,3.82,7.29,18.29,62.03,302.33
"28,009",20,Female,association_football,DI,120,"7,200","4,154.60",43.89,0,4,0,2.08,21.96,11,11,4.36,5.45,34.62,87.93,551.41
"28,009",20,Female,association_football,DI,105,"6,300","2,787.94",40.06,0,4,0,1.59,21.23,18,15,4.99,5.81,26.55,85.01,355.57
"28,009",20,Female,association_football,DI,110,"6,600","3,914.99",147.36,98.56,17,3,2.14,24.97,20,26,5.07,7.23,35.59,106.71,490.83
"28,009",20,Female,association_football,DI,100,"6,000","1,955.48",0,0,0,0,1.17,15.84,13,12,4.56,4.49,19.55,39.06,244.52
"28,120",20,Male,american_football,DI-FCS,80,"4,800","2,838.32",86.76,0,8,0,2.13,23.42,70,31,9.56,6.34,35.48,85.97,301.27
"28,120",20,Male,american_football,DI-FCS,95,"5,700","1,424.01",65.59,0,9,0,0.9,21.96,46,27,5.96,5.76,14.99,0,266.23
"28,120",20,Male,american_football,DI-FCS,106,"6,360","5,789.72",537.73,44.11,43,5,3.28,27.7,110,138,9.44,9.56,54.62,91.23,712.31
"28,120",20,Male,american_football,DI-FCS,130,"7,800","5,456.81",350.98,140.27,35,10,2.52,30.36,98,74,8.75,9.84,41.98,111.47,671.04
"28,120",20,Male,american_football,DI-FCS,137,"8,220","1,738.93",323.48,97.63,28,8,0.76,27.83,22,2,6.24,2.62,12.69,91.65,340.25
"28,120",20,Male,american_football,DI-FCS,90,"5,400","3,161.90",205.77,0,23,0,2.11,24.65,70,95,8.47,7.6,35.13,81.19,417.25
"28,212",21,Male,american_football,DI,66,"3,960","2,253.90",223.57,79.68,18,8,2.05,29.73,30,10,5.89,9.78,34.15,98.1,279.64
"28,212",21,Male,american_football,DI,77,"4,620","3,062.36",400.2,51.69,45,7,2.39,28.64,64,34,6.77,4.81,39.77,94.51,311.9
"28,212",21,Male,american_football,DI,62,"3,720","1,560.39",217.23,0,22,0,1.51,25,20,4,7.54,8.02,25.17,82.5,167.64
"28,212",21,Male,american_football,DI,45,"2,700","2,725.11","1,271.24",25.34,75,5,3.63,27.25,33,7,6.55,5.04,60.56,89.94,337.58
"28,212",21,Male,american_football,DI,55,"3,300","2,253.30",364.56,0,37,0,2.46,24.92,46,22,7.18,4.27,40.97,82.23,261.37
"28,212",21,Male,american_football,DI,60,"3,600","1,597.26",294.24,14.13,30,3,1.6,26.21,40,23,9.04,5.43,26.62,86.48,213.93
"28,212",21,Male,american_football,DI,66,"3,960","2,179.87",239.31,97.22,20,8,1.98,30.3,30,11,6.72,6.44,33.03,101.94,251.2
"28,212",21,Male,american_football,DI,51,"3,060","2,150.23",974.9,5.35,65,1,2.53,26.05,21,7,8.38,4.98,42.16,85.96,266.65
"28,212",21,Male,american_football,DI,32,"1,920","1,195.78",147.45,0,18,0,2.24,23.84,12,3,6.41,5.56,37.37,78.69,138.5
"28,212",21,Male,american_football,DI,66,"3,960","1,965.95",238.99,88.1,26,9,1.79,27.92,25,16,7.42,7.79,29.79,92.14,245.18
"28,212",21,Male,american_football,DI,52,"3,120","1,894.88",306.24,20.75,33,3,2.19,26.57,32,19,7.36,8.42,36.44,87.68,227.36
"28,212",21,Male,american_football,DI,55,"3,300","2,623.53",347.11,41.9,34,6,2.86,27.51,71,46,8.08,5.89,47.7,90.78,326.07
"28,212",21,Male,american_football,DI,62,"3,720","2,388.09",389.89,15.64,44,3,2.31,25.8,50,32,6.92,4.73,38.52,85.14,290.08
"28,212",21,Male,american_football,DI,42,"2,520","2,441.07","1,150.93",13.42,75,3,3.49,25.71,31,5,6.55,5.91,58.12,84.86,320.62
"28,212",21,Male,american_football,DI,105,"6,300","3,822.73",287.17,0,26,0,2.18,24.87,80,38,6.69,6.33,36.41,82.08,376.08
"28,212",21,Male,american_football,DI,140,"8,400","5,201.48",383,58.46,38,7,2.23,27.46,102,63,6.87,7.9,37.15,90.63,504.54
"28,212",21,Male,american_football,DI,61,"3,660","2,403.82",407.49,11.16,44,1,2.36,26.26,45,34,6.76,4.74,39.41,86.66,271.25
"28,212",21,Male,american_football,DI,62,"3,720","1,367.71",264.44,38.7,22,4,1.32,28.8,25,11,9.23,6.72,22.06,95.04,178.78
"28,212",21,Male,american_football,DI,80,"4,800","2,301.57",0,0,0,0,1.73,17.77,46,18,7.27,4.4,28.77,58.65,209.6
"28,212",21,Male,american_football,DI,77,"4,620","2,616.17",0,0,0,0,2.04,19.53,59,19,6.54,4.74,33.98,64.46,230.86
"28,212",21,Male,american_football,DI,45,"2,700","1,402.36",16.43,0,3,0,1.87,20.96,28,14,5.86,4.86,31.16,69.17,134.37
"28,212",21,Male,american_football,DI,130,"7,800","5,164.14",406.08,75.93,50,6,2.38,27.92,108,68,6.71,7.63,39.72,92.15,526.69
"28,212",21,Male,american_football,DI,44,"2,640","2,265.31",259.88,36.81,27,4,3.09,27.1,62,34,7.79,6.8,51.48,89.45,277.15
"28,299",18,Female,association_football,DI,120,"7,200","4,419.58",69.47,0,6,0,2.21,21.53,22,23,5.01,6.42,36.83,52.92,636.23
"28,299",18,Female,association_football,DI,90,"5,400","4,500.72",8.67,0,1,0,3,20.6,77,65,5.81,5.76,50.01,50.66,705.09
"28,299",18,Female,association_football,DI,95,"5,700","7,670.46",132.52,0,13,0,4.84,21.96,31,58,4.78,6.39,80.74,53.98,"1,449.52"
"28,299",18,Female,association_football,DI,90,"5,400","4,636.73",5.62,0,1,0,3.09,19.65,37,40,5.56,6.86,51.52,48.3,805.74
"28,299",18,Female,association_football,DI,95,"5,700","7,196.55",106.54,4.4,11,1,4.55,22.43,27,49,4.9,6.27,75.75,55.15,"1,276.96"
"28,299",18,Female,association_football,DI,90,"5,400","3,901.60",13.39,0,2,0,2.6,20.04,25,23,4.63,5.77,43.35,49.26,627.38
"28,299",18,Female,association_football,DI,120,"7,200","5,910.07",35.03,41.88,7,3,2.96,24.48,47,47,5.56,6.44,49.25,60.18,925.84
"28,299",18,Female,association_football,DI,120,"7,200","4,124.69",16.96,0,3,0,2.06,20.97,27,26,5.04,6.4,34.37,51.54,536.7
"28,299",18,Female,association_football,DI,100,"6,000","4,368",55.1,14.75,7,2,2.62,23.54,14,24,4.86,5.73,43.68,57.88,732.83
"28,299",18,Female,association_football,DI,90,"5,400","4,418.08",59.93,49.89,5,2,2.95,24.54,41,40,4.79,5.31,49.09,60.32,581.91
"28,299",18,Female,association_football,DI,90,"5,400","4,822.01",87.33,34.32,7,4,3.21,23.65,30,41,5.91,7.14,53.58,58.15,707.86
"28,299",18,Female,association_football,DI,90,"5,400","5,291.01",49.02,0,6,0,3.53,21.16,50,59,4.95,7.87,58.79,52.02,897.14
"28,299",18,Female,association_football,DI,90,"5,400","1,745.85",0,0,0,0,1.16,18.5,15,16,4.7,4.67,19.4,43.7,289.79
"28,299",18,Female,association_football,DI,120,"7,200","2,143.27",8.42,0,2,0,1.07,19.62,26,23,4.61,5.58,17.86,46.34,334.66
"28,299",18,Female,association_football,DI,120,"7,200","6,635.32",123.66,58.76,13,2,3.32,24.47,53,37,5.19,6.52,55.29,60.16,984.37
"28,299",18,Female,association_football,DI,90,"5,400","2,283.53",9.27,0,1,0,1.52,19.44,10,6,5.49,4.55,25.37,47.79,206.86
"28,299",18,Female,association_football,DI,120,"7,200","4,290.59",46.57,0,6,0,2.15,21.4,40,32,5.39,5.97,35.75,52.61,515.29
"28,299",18,Female,association_football,DI,150,"9,000","8,100.35",60.7,0,8,0,3.24,22.06,55,69,4.7,5.9,54,54.22,"1,331.42"
"28,299",18,Female,association_football,DI,120,"7,200","5,396.78",36.74,0,6,0,2.7,20.86,30,45,5.27,6.51,44.97,51.28,729.85
"28,299",18,Female,association_football,DI,120,"7,200","6,455.50",69.11,11.46,9,1,3.23,23,57,56,5.75,6.34,53.8,56.53,"1,009.17"
"28,299",18,Female,association_football,DI,120,"7,200","6,312.05",64.55,0,9,0,3.16,20.49,45,51,5.28,5.95,52.6,50.37,971.1
"28,299",18,Female,association_football,DI,90,"5,400","5,087.01",42.55,40.2,5,2,3.39,24.52,56,53,5.02,5.63,56.52,60.28,783.95
"28,299",18,Female,association_football,DI,90,"5,400","1,189.96",16.02,0,2,0,0.79,21.31,5,6,4.21,5.56,13.22,50.34,147.97
"28,299",18,Female,association_football,DI,120,"7,200","4,937.08",183.45,56.01,24,6,2.47,24.55,25,45,5.62,7.53,41.14,57.99,936.31
"28,299",18,Female,association_football,DI,120,"7,200","6,118.08",127.39,31.26,11,4,3.06,23.94,62,52,5.65,5.64,50.98,56.54,"1,115.27"
"28,299",18,Female,association_football,DI,120,"7,200","2,081.31",31.64,0,6,0,1.04,20.27,35,32,5.1,5.61,17.34,47.87,355.12
"28,299",18,Female,association_football,DI,120,"7,200","2,269.59",51.02,0,4,0,1.13,21.78,25,15,4.86,4.94,18.91,51.44,352.88
"28,299",18,Female,association_football,DI,120,"7,200","2,310.18",23.79,10.43,3,1,1.16,35.6,30,20,5.73,9.51,19.25,84.09,363.3
"28,299",18,Female,association_football,DI,120,"7,200","4,099.25",33.47,0,3,0,2.05,21.82,21,18,4.39,4.58,34.16,51.53,682.37
"28,299",18,Female,association_football,DI,90,"5,400","4,662.33",181.47,70.65,11,4,3.11,25.67,28,38,4.71,5.93,51.8,60.62,764.55
"28,299",18,Female,association_football,DI,120,"7,200","1,642.26",12.77,0,1,0,0.82,20.99,14,14,5.17,4.52,13.69,49.57,235.5
"28,299",18,Female,association_football,DI,90,"5,400","5,102.81",29.26,0,5,0,3.4,19.8,33,44,4.84,7.43,56.7,46.76,968.58
"28,299",18,Female,association_football,DI,120,"7,200","7,759.84",94.36,73.48,11,3,3.88,25.48,57,73,5.35,6.72,64.67,60.18,"1,286.58"
"28,299",18,Female,association_football,DI,90,"5,400","3,911.80",78.27,0,7,0,2.61,21.5,20,33,4.86,6,43.46,50.77,645.8
"28,299",18,Female,association_football,DI,90,"5,400","2,094.29",5.62,0,1,0,1.4,19.43,9,11,4.33,5.04,23.27,45.89,279
"28,299",18,Female,association_football,DI,90,"5,400","6,577.34",138.89,14.51,13,2,4.38,23.37,31,52,5.3,6.03,73.08,55.2,"1,231.12"
"28,299",18,Female,association_football,DI,120,"7,200","5,829.16",45.28,0,6,0,2.91,21.5,35,68,4.58,6.19,48.58,50.77,999.46
"28,299",18,Female,association_football,DI,120,"7,200","2,720.28",16.64,4.43,3,1,1.36,22.5,22,23,4.4,5.88,22.67,53.15,345
"28,299",18,Female,association_football,DI,90,"5,400","4,839.84",159.39,30.72,16,2,3.23,24.73,16,38,4.64,6.25,53.78,58.4,911.86
"28,299",18,Female,association_football,DI,120,"7,200","2,373.91",5.97,0,1,0,1.19,19.47,10,9,4.42,5.33,19.78,47.87,262.21
"28,299",18,Female,association_football,DI,120,"7,200","9,876.30",102.93,10.75,13,2,4.94,22.94,58,74,4.74,5.4,82.3,56.39,"1,743.83"
"28,299",18,Female,association_football,DI,120,"7,200","5,443.49",153.97,"1,285.91",15,45,2.72,42.34,41,25,4.45,6.18,45.36,104.09,669.77
"28,299",18,Female,association_football,DI,120,"7,200","6,873.86",46.96,4,5,1,3.44,22.52,47,33,5.04,5.36,57.28,55.36,"1,086.68"
"28,299",18,Female,association_football,DI,120,"7,200","5,986.88",5.64,0,1,0,2.99,19.84,34,48,4.69,5.76,49.89,48.77,816.97
"28,299",18,Female,association_football,DI,90,"5,400","4,681.63",39.83,0,5,0,3.12,21.61,24,33,5.2,6.32,52.02,53.14,885.35
"28,299",18,Female,association_football,DI,120,"7,200","6,475.05",6.7,0,1,0,3.24,20.34,34,37,4.7,5.17,53.96,50,999.43
"28,299",18,Female,association_football,DI,90,"5,400",907.87,18.52,0,1,0,0.61,21.38,1,5,3.76,3.54,10.09,52.56,173.13
"28,299",18,Female,association_football,DI,120,"7,200","4,813.16",12.89,0,3,0,2.41,19.77,17,24,5.13,6.04,40.11,48.61,714.89
"28,299",18,Female,association_football,DI,120,"7,200","7,019.99",64.15,36.95,7,5,3.51,24.42,57,70,5.63,6.06,58.5,60.04,"1,123.97"
"28,299",18,Female,association_football,DI,90,"5,400","3,896.35",97.74,19.89,11,2,2.6,25.29,31,48,4.5,7.08,43.29,62.17,642.95
"28,299",18,Female,association_football,DI,120,"7,200","2,715.67",187.46,"1,817.24",19,39,1.36,40.68,4,4,3.05,3.09,22.63,166.17,451.04
"28,299",18,Female,association_football,DI,120,"7,200",609.95,0,0,0,0,0.3,13.15,0,1,0,3.01,5.08,32.33,49.26
"28,299",18,Female,association_football,DI,90,"5,400","6,812.69",96.82,6.05,11,1,4.54,23.4,30,52,5.28,6.14,75.7,57.54,"1,321.82"
"28,299",18,Female,association_football,DI,85,"5,100","1,849.19",26.62,0,2,0,1.31,21.32,23,20,4.09,5.07,21.76,52.41,237.24
"28,299",18,Female,association_football,DI,90,"5,400","1,613.62",0,0,0,0,1.08,17.3,3,1,4,4.49,17.93,42.53,121
"28,299",18,Female,association_football,DI,90,"5,400","7,402.85",192.71,20.44,20,3,4.94,22.92,27,51,5.62,7.98,82.25,56.35,"1,378.01"
"28,299",18,Female,association_football,DI,90,"5,400","3,544.05",14.21,0,2,0,2.36,20.26,30,26,5.2,6.01,39.38,49.82,486.37
"28,299",18,Female,association_football,DI,90,"5,400","4,395.36",28.03,0,5,0,2.93,20.31,37,37,5.1,7.34,48.84,49.94,610.75
"28,299",18,Female,association_football,DI,105,"6,300","9,518.56",241.12,10.72,21,1,5.44,23.39,40,60,5.21,6.15,90.65,57.5,"1,801.34"
"28,299",18,Female,association_football,DI,120,"7,200","4,252.46",67.24,0,7,0,2.13,21.88,23,20,4.64,6.16,35.44,53.78,536.51
"28,747",20,Female,association_football,DI,90,"5,400","7,048.66",153.59,11.48,19,2,4.7,24.02,42,41,5.18,4.72,78.32,58.82,"1,266.15"
"28,747",20,Female,association_football,DI,90,"5,400","2,854.76",58.66,0,7,0,1.9,22.64,26,9,4.33,4.55,31.72,55.43,367.56
"28,747",20,Female,association_football,DI,110,"6,600","4,085.15",79.24,3.88,4,1,2.23,22.08,27,10,4.89,5.31,37.14,54.05,462.42
"28,747",20,Female,association_football,DI,110,"6,600","2,799.97",5.25,0,1,0,1.53,19.4,25,18,6.61,4.74,25.45,47.49,452.76
"28,747",20,Female,association_football,DI,95,"5,700","3,244.47",4.45,0,1,0,2.05,19.81,29,16,4.5,5.33,34.15,72.46,361.67
"28,747",20,Female,association_football,DI,77,"4,620","3,327.51",44.26,12.25,6,2,2.59,22.77,13,12,5.11,4.33,43.21,83.27,373.95
"28,747",20,Female,association_football,DI,100,"6,000","7,318.01",195.46,51.78,23,7,4.39,24.56,25,33,4.8,6.25,73.18,60.14,970.91
"28,747",20,Female,association_football,DI,90,"5,400","3,470.40",25.92,0,4,0,2.31,22.05,36,22,5.27,5.42,38.56,80.63,476.02
"28,747",20,Female,association_football,DI,100,"6,000","2,821.20",16.73,21.89,2,1,1.69,26.06,6,2,4.49,4.61,28.21,63.8,206.29
"28,747",20,Female,association_football,DI,110,"6,600","4,777.94",58.71,5.05,8,1,2.61,22.38,30,26,6.1,4.59,43.44,54.81,639.09
"28,747",20,Female,association_football,DI,92,"5,520","6,673.96",143.85,68.19,20,6,4.35,27.34,26,29,4.98,4.85,72.54,66.94,"1,035.73"
"28,747",20,Female,association_football,DI,110,"6,600","4,112.09",25.49,0,3,0,2.24,20.61,24,12,4.9,4.16,37.38,50.47,494.91
"28,747",20,Female,association_football,DI,90,"5,400","7,031.40",111.01,16.33,16,2,4.69,27.01,33,40,6.67,5.94,78.13,66.13,"1,556.22"
"28,747",20,Female,association_football,DI,70,"4,200","3,246.90",0,0,0,0,2.78,19.06,23,16,5.77,5.63,46.38,46.67,427.91
"28,747",20,Female,association_football,DI,90,"5,400","5,683.04",107.21,0,9,0,3.79,22.16,36,30,4.71,7.91,63.14,54.25,802.07
"28,747",20,Female,association_football,DI,90,"5,400","7,265.56",296.96,77.11,34,9,4.84,24.61,52,50,5.36,6.31,80.73,89.99,"1,341.79"
"28,747",20,Female,association_football,DI,90,"5,400","4,599.15",51.91,8.83,8,1,3.07,23.02,53,45,6.63,9.08,51.1,84.19,623.82
"28,747",20,Female,association_football,DI,90,"5,400","5,438.73",217.9,48.24,26,6,3.63,23.78,58,51,5.51,7.49,60.43,86.97,"1,025.55"
"28,747",20,Female,association_football,DI,90,"5,400","6,850.42",234.44,68.74,31,9,4.57,27.28,45,56,6.84,6.01,76.12,99.78,"1,319.16"
"28,747",20,Female,association_football,DI,76,"4,560","2,599.24",0,0,0,0,2.05,17.73,18,10,4.56,4.47,34.2,64.83,362.17
"28,747",20,Female,association_football,DI,90,"5,400","2,888.56",3.4,3.86,1,1,1.93,23.39,25,19,5.45,5.22,32.1,85.54,382.09
"28,747",20,Female,association_football,DI,91,"5,460","7,629.19",217.26,24.4,26,2,5.03,23.73,61,62,6.68,6.02,83.84,86.78,"1,621.94"
"28,747",20,Female,association_football,DI,80,"4,800","3,149.98",156.5,80.92,13,5,2.36,24.72,26,11,5.03,5.76,39.37,105.81,408.95
"28,747",20,Female,association_football,DI,90,"5,400","5,228.59",116.26,30.53,16,4,3.49,24.73,35,28,5.46,5.81,58.1,90.46,"1,126.93"
"28,747",20,Female,association_football,DI,120,"7,200","6,080.86",168.38,6.6,13,1,3.04,23.37,22,12,5.54,4.09,50.67,0,720.48
"28,747",20,Female,association_football,DI,100,"6,000","3,490.54",495.03,98.71,23,9,2.09,24.76,29,15,5.95,5.08,34.91,100.14,478.82
"28,774",19,Female,association_football,DI,75,"4,500","4,125.66",99.91,0,7,0,3.3,22.04,28,26,5.62,5.22,55.01,82.79,503.59
"28,774",19,Female,association_football,DI,90,"5,400","5,518.04",154.64,0,10,0,3.68,22.09,34,5,5.11,3.57,61.31,82.96,657.66
"28,774",19,Female,association_football,DI,90,"5,400","5,286.57",38.28,91.85,6,4,3.52,26.63,28,36,5.28,5.64,58.74,102.01,717.02
"28,774",19,Female,association_football,DI,100,"6,000","8,956.19",371.56,19.89,37,2,5.37,24.83,61,24,4.98,4.46,89.56,95.14,"1,176.09"
"28,774",19,Female,association_football,DI,90,"5,400","6,032.12",56.55,0,10,0,4.02,21.43,47,48,5.17,5.36,67.02,84.57,805.17
"28,774",19,Female,association_football,DI,70,"4,200","4,803.77",83.57,0,10,0,4.12,22.46,18,17,4.03,5.07,68.63,86.07,611.24
"28,774",19,Female,association_football,DI,60,"3,600","3,956.44",181.54,0,22,0,3.96,20.4,33,16,5.06,5.18,65.94,80.51,575.98
"28,774",19,Female,association_football,DI,60,"3,600","1,516.12",0,0,0,0,1.52,17.17,32,47,4.79,5.74,25.27,67.75,304.54
"28,774",19,Female,association_football,DI,100,"6,000","4,735.13",166.36,32.46,19,5,2.84,25.34,40,36,5.35,6.37,47.35,103.87,564.82
"28,774",19,Female,association_football,DI,90,"5,400","1,540.80",0,0,0,0,1.03,17.35,4,2,3.25,3.49,17.12,68.46,135.76
"28,774",19,Female,association_football,DI,95,"5,700","6,128.39",8.95,0,2,0,3.87,19.27,33,37,4.33,5.11,64.51,78.99,772.54
"28,774",19,Female,association_football,DI,60,"3,600","1,611.69",0,0,0,0,1.61,18.8,34,58,5.31,5.07,26.86,77.04,335.18
"28,774",19,Female,association_football,DI,50,"3,000","1,970.98",134.94,100.85,17,8,2.37,26.1,13,13,5.59,5.03,39.42,103,217.67
"28,774",19,Female,association_football,DI,100,"6,000","6,526.12",77.69,0,10,0,3.92,20.43,49,27,5.19,4.5,65.26,83.72,972.39
"28,774",19,Female,association_football,DI,120,"7,200","7,968.07",204.43,59.49,21,7,3.98,24.4,40,35,4.99,5.25,66.4,109.77,950.11
"28,774",19,Female,association_football,DI,120,"7,200","6,913.31",131.56,14.13,18,3,3.46,23.34,62,41,5.54,5.69,57.61,95.65,890.3
"28,774",19,Female,association_football,DI,90,"5,400","4,641.47",127.06,0,12,0,3.09,21.3,41,27,4.93,6.25,51.57,95.85,511.73
"28,774",19,Female,association_football,DI,90,"5,400","7,778.05",43.46,13.41,6,2,5.19,23.53,41,48,4.91,5.79,86.42,96.44,"1,011.64"
"28,774",19,Female,association_football,DI,90,"5,400","5,194.92",209.46,0,18,0,3.46,22.23,38,10,5,4.28,57.72,101.71,646.9
"28,774",19,Female,association_football,DI,90,"5,400","2,722.29",0,0,0,0,1.81,17.12,31,43,4.61,6.63,30.25,0,374.85
"28,774",19,Female,association_football,DI,90,"5,400","5,841.71",82.38,0,6,0,3.89,21.85,17,19,5.49,4.89,64.91,127.63,580.59
"28,774",19,Female,association_football,DI,90,"5,400","5,800.50",18.05,0,3,0,3.87,19.8,27,34,4.81,5.39,64.45,89.08,650.78
"28,884",18,Female,association_football,DI,120,"7,200",299.88,0,0,0,0,0.15,9.22,0,0,0,0,2.5,35.02,33.88
"28,884",18,Female,association_football,DI,90,"5,400",572.32,0,0,0,0,0.38,12.92,1,7,4.48,4.78,6.36,49.11,107.43
"28,884",18,Female,association_football,DI,120,"7,200",150.98,0,0,0,0,0.075,11.71,2,0,3.98,0,1.26,52.78,4.3
"28,884",18,Female,association_football,DI,120,"7,200","3,828.79",24.69,0,3,0,1.91,21.59,29,30,5.4,6.17,31.91,97.31,457.6
"28,884",18,Female,association_football,DI,120,"7,200","3,957.90",5.61,0,1,0,1.98,19.48,60,14,5.72,3.95,32.98,87.83,460.4
"28,884",18,Female,association_football,DI,150,"9,000","4,378.77",15.24,0,2,0,1.75,20.72,33,35,5.23,4.98,29.19,93.39,575.04
"28,884",18,Female,association_football,DI,120,"7,200","5,391.74",62.49,3.88,7,1,2.7,22.18,53,39,7.14,6.47,44.93,100.6,615.49
"28,884",18,Female,association_football,DI,120,"7,200","4,019.40",150.91,76.94,20,7,2.01,25.74,29,35,5.57,5.48,33.5,97.81,617.19
"28,884",18,Female,association_football,DI,120,"7,200",424.46,0,0,0,0,0.21,12.36,0,0,0,0,3.54,55.7,27.02
"28,884",18,Female,association_football,DI,120,"7,200",571.09,0,0,0,0,0.29,8.53,0,0,0,0,4.76,38.46,36.4
"28,884",18,Female,association_football,DI,90,"5,400",470.22,0,0,0,0,0.31,9.6,0,0,0,0,5.22,43.26,34.95
"28,884",18,Female,association_football,DI,90,"5,400","2,776.56",0,0,0,0,1.85,18.34,14,17,4.94,4.85,30.85,82.7,329.13
"28,884",18,Female,association_football,DI,120,"7,200",464.44,0,0,0,0,0.23,6.36,0,0,0,0,3.87,28.68,30.5
"28,884",18,Female,association_football,DI,120,"7,200",535.16,0,0,0,0,0.27,7.27,0,0,0,0,4.46,32.76,19.32
"28,884",18,Female,association_football,DI,90,"5,400",617.85,0,0,0,0,0.41,14.33,2,0,4.75,0,6.86,64.58,54.98
"28,884",18,Female,association_football,DI,85,"5,100",416.89,0,0,0,0,0.29,6.51,0,0,0,0,4.9,29.36,26.76
"28,884",18,Female,association_football,DI,90,"5,400",429.22,0,0,0,0,0.29,6.75,0,0,0,0,4.77,30.43,22.79
"28,884",18,Female,association_football,DI,120,"7,200",322.12,0,0,0,0,0.16,5.63,0,0,0,0,2.68,25.38,15.2
"28,884",18,Female,association_football,DI,120,"7,200","3,554.33",10.66,0,2,0,1.78,19.93,18,12,7.95,5.53,29.62,89.83,391.42
"28,884",18,Female,association_football,DI,120,"7,200",442.54,0,0,0,0,0.22,7.56,0,0,0,0,3.69,34.07,34.89
"28,884",18,Female,association_football,DI,120,"7,200","4,901.11",37.62,13.84,5,1,2.45,25.07,35,24,5.37,5.97,40.84,113.04,600.27
"28,884",18,Female,association_football,DI,90,"5,400","3,743.58",12.84,0,2,0,2.5,22.38,50,42,5.51,5.61,41.6,89.25,457.12
"28,884",18,Female,association_football,DI,120,"7,200",326.27,0,0,0,0,0.16,8.1,1,0,5.41,0,2.72,32.3,40.77
"28,884",18,Female,association_football,DI,120,"7,200","4,924.42",30.35,0,5,0,2.46,21.38,51,40,6.49,5.13,41.04,85.28,668.27
"28,884",18,Female,association_football,DI,120,"7,200","3,830.37",0,0,0,0,1.92,18.72,39,33,5.49,5.68,31.92,74.66,545.57
"28,884",18,Female,association_football,DI,120,"7,200",328.61,0,0,0,0,0.16,6.34,0,0,0,0,2.74,25.27,37.7
"28,884",18,Female,association_football,DI,120,"7,200","4,967.31",38.48,50.35,5,3,2.48,26.32,50,38,4.76,5.5,41.39,104.95,749.45
"28,884",18,Female,association_football,DI,120,"7,200","3,094.43",48.06,5.7,6,1,1.55,22.05,23,15,4.49,4.37,25.79,99.4,319.75
"28,884",18,Female,association_football,DI,90,"5,400","1,240.22",6.23,0,1,0,0.83,20.12,5,1,4.28,3.59,13.78,76.47,141.85
"29,142",18,Male,association_football,DI,90,"5,400","3,282.45",12.43,0,2,0,2.19,22.31,42,28,6.12,7.92,36.47,76.17,443.15
"29,142",18,Male,association_football,DI,90,"5,400","8,256.07",506.25,34.36,45,3,5.5,27.28,59,87,6.71,6.83,91.73,90.16,"1,390.57"
"29,142",18,Male,association_football,DI,90,"5,400","6,781",27.58,14.19,4,1,4.52,27.02,78,60,5.63,5.84,75.34,89.3,"1,025.96"
"29,142",18,Male,association_football,DI,95,"5,700","7,349.64",78.11,0,8,0,4.64,24.89,111,100,6.8,6.2,77.36,82.27,"1,147.53"
"29,142",18,Male,association_football,DI,100,"6,000","7,393.81",148.73,26.72,16,3,4.44,26.18,109,94,6.19,6.85,73.94,86.52,"1,140.99"
"29,142",18,Male,association_football,DI,100,"6,000","8,173.48",244.84,36.67,24,3,4.9,28.19,67,64,5.82,7.56,81.73,93.16,"1,390.56"
"29,142",18,Male,association_football,DI,95,"5,700","5,360.31",55.62,0,6,0,3.39,25.09,87,69,6.4,6.9,56.42,82.93,928.41
"29,142",18,Male,association_football,DI,95,"5,700","7,374.47",80.64,16.88,11,2,4.66,26.05,98,90,6.09,7.23,77.63,86.1,"1,069.14"
"29,142",18,Male,association_football,DI,95,"5,700","5,785.49",94.8,11.2,11,1,3.65,27.22,75,57,7.18,6.19,60.9,89.96,853.18
"29,142",18,Male,association_football,DI,95,"5,700","9,266.62",259.58,24.31,23,3,5.85,26.23,57,63,5.45,7.51,97.54,86.67,"1,397.58"
"29,142",18,Male,association_football,DI,95,"5,700","6,059.09",73.09,0,8,0,3.83,24.74,90,55,5.86,6.85,63.78,81.75,878.38
"29,142",18,Male,association_football,DI,105,"6,300","8,588.95",346.07,53.92,29,4,4.91,28.98,59,58,5.53,6.82,81.8,95.78,"1,279.94"
"29,142",18,Male,association_football,DI,90,"5,400",746.09,0,0,0,0,0.5,5.85,0,0,0,0,8.29,19.33,40.91
"29,142",18,Male,association_football,DI,80,"4,800","4,849.88",111.84,74.95,10,4,3.64,28.27,39,36,5.49,6.47,60.62,93.44,668.52
"29,142",18,Male,association_football,DI,90,"5,400","5,406.61",149.43,27.05,14,3,3.6,27.03,55,44,5.27,7.47,60.07,89.32,774.65
"29,142",18,Male,association_football,DI,90,"5,400","5,022.70",46.83,10.28,5,1,3.35,26.7,54,54,5.88,6.26,55.81,88.26,691.98
"29,142",18,Male,association_football,DI,90,"5,400","7,062.83",163.49,27.24,18,3,4.71,26.42,77,99,5.57,7.51,78.48,87.32,"1,041.78"
"29,142",18,Male,association_football,DI,90,"5,400","6,222.40",165.38,0,15,0,4.15,24.53,54,44,5.85,6.12,69.14,81.07,851.94
"29,142",18,Male,association_football,DI,75,"4,500","4,871",70.13,0,6,0,3.9,24.07,35,45,5.7,6.88,64.95,79.55,717.56
"29,142",18,Male,association_football,DI,110,"6,600","7,884.48",193.75,14.88,23,1,4.3,26.5,85,79,6.44,7.51,71.68,87.59,"1,325.17"
"29,142",18,Male,association_football,DI,95,"5,700","5,009.60",102.93,72.95,10,3,3.16,28.28,53,48,5.31,6.64,52.73,93.47,696.58
"29,142",18,Male,association_football,DI,120,"7,200","7,915.17",371.06,105.04,32,7,3.96,29.52,68,62,5.66,6.56,65.96,100.34,"1,461.59"
"29,142",18,Male,association_football,DI,90,"5,400","5,492.35",96.34,0,12,0,3.66,22.06,86,58,6.33,7.52,61.03,72.92,875.76
"29,142",18,Male,association_football,DI,120,"7,200","8,568.47",195.86,119.69,23,8,4.28,30.26,71,86,5.92,6.59,71.4,102.5,"1,354.98"
"29,142",18,Male,association_football,DI,120,"7,200","1,653.56",21.6,14.37,3,1,0.83,26.34,19,6,4.94,4.37,13.78,89.53,266.44
"29,142",18,Male,association_football,DI,60,"3,600","1,715.35",15.18,0,1,0,1.72,22.78,11,3,4.89,3.41,28.59,77.45,174.25
"29,142",18,Male,association_football,DI,120,"7,200","7,470.43",205.1,0,19,0,3.74,24.68,57,49,6.33,6.08,62.25,83.9,"1,209.23"
"29,142",18,Male,association_football,DI,120,"7,200","6,278.06",246.08,5.06,27,1,3.14,25.11,77,59,5.58,6.17,52.32,85.34,898.86
"29,142",18,Male,association_football,DI,120,"7,200","6,659.47",60.44,4.3,8,1,3.33,25.34,81,66,6.82,8.05,55.5,86.12,"1,065.28"
"29,142",18,Male,association_football,DI,120,"7,200","6,558.46",192.15,53.12,20,2,3.28,29.42,69,50,5.8,7.35,54.65,100.44,984.48
"29,142",18,Male,association_football,DI,120,"7,200","6,024.84",273.16,33.99,27,4,3.01,28.13,57,37,5.8,5.61,50.21,96.04,999.71
"29,142",18,Male,association_football,DI,28,"1,680","2,822.45",198.08,0,15,0,6.05,24.61,20,31,5.46,8.7,100.8,81.34,530.65
"29,142",18,Male,association_football,DI,100,"6,000","1,635.19",91.24,0,7,0,0.98,24.86,9,4,5.52,5.25,16.35,84.5,238.07
"29,142",18,Male,association_football,DI,101,"6,060","2,002.80",40.54,16.85,4,1,1.19,28.8,8,7,4.33,6.28,19.83,98.34,225.71
"29,142",18,Male,association_football,DI,121,"7,260","5,042.99",56.49,6.95,7,1,2.5,26.29,59,34,6.72,7.45,41.68,89.75,683.82
"29,142",18,Male,association_football,DI,91,"5,460","3,556.25",18.73,23.42,3,1,2.34,27.72,57,19,5.71,7.57,39.08,94.63,547.02
"29,142",18,Male,association_football,DI,120,"7,200","6,680.93",143.5,34.27,17,3,3.34,28.11,54,41,5.58,5.82,55.67,95.56,"1,196.01"
"29,142",18,Male,association_football,DI,120,"7,200","5,124.10",84.91,0,12,0,2.56,23.6,55,27,6.4,6.74,42.7,80.59,740.2
"29,142",18,Male,association_football,DI,120,"7,200","7,591.76",74.69,22.51,9,1,3.8,27.28,75,59,6.12,6.92,63.26,93.14,"1,295.15"
"29,142",18,Male,association_football,DI,95,"5,700","7,054.07",96.79,0,11,0,4.46,23.23,86,79,6.57,6.77,74.25,79.31,"1,272.82"
"29,142",18,Male,association_football,DI,120,"7,200","8,320.30",173.6,120.78,22,5,4.16,28.37,79,63,5.95,6.84,69.34,96.85,"1,400.48"
"29,142",18,Male,association_football,DI,95,"5,700","1,638.29",145.53,0,9,0,1.03,25.22,13,17,5.11,6.15,17.25,86.11,273.11
"29,142",18,Male,association_football,DI,90,"5,400","4,879.87",109.92,41.69,11,4,3.25,28.05,52,28,5.87,7.8,54.22,95.78,677.79
"29,142",18,Male,association_football,DI,90,"5,400","5,218.11",154.16,49.09,14,5,3.48,28.64,30,43,5.97,6.4,57.98,97.79,687.25
"29,142",18,Male,association_football,DI,95,"5,700","8,053.88",462.88,38.84,37,5,5.09,27.52,56,82,5.3,6.97,84.78,93.94,"1,619.80"
"29,142",18,Male,association_football,DI,120,"7,200","5,541.31",113.74,113.47,11,6,2.77,29.28,66,29,5.14,5.21,46.18,99.98,796.43
"29,142",18,Male,association_football,DI,120,"7,200",454.2,0,0,0,0,0.23,20.3,0,0,0,0,3.79,69.32,38.94
"29,142",18,Male,association_football,DI,120,"7,200","7,311.61",161.94,18.92,17,2,3.66,27.89,62,50,5.4,7.32,60.93,95.21,"1,044.79"
"29,142",18,Male,association_football,DI,120,"7,200","5,752.82",91.01,21.46,11,2,2.88,26.74,38,40,6.18,6.62,47.94,91.28,867.06
"29,142",18,Male,association_football,DI,120,"7,200","3,583.55",17.98,4.94,2,1,1.79,25.38,25,5,5.67,3.93,29.86,86.64,368.24
"29,142",18,Male,association_football,DI,120,"7,200","2,852.94",54.01,0,8,0,1.43,22.79,10,10,5.24,4.55,23.77,77.8,431.01
"29,142",18,Male,association_football,DI,120,"7,200","1,103.32",0,0,0,0,0.55,6.71,0,0,0,0,9.19,22.92,48.85
"29,142",18,Male,association_football,DI,195,"11,700","8,379.96",126.55,52.33,14,2,2.58,27.97,52,43,6.59,6.28,42.97,95.48,"1,232.13"
"29,142",18,Male,association_football,DI,120,"7,200","5,755.25",75.09,73,10,4,2.88,28.85,67,24,5.68,5.7,47.96,98.5,847.48
"29,142",18,Male,association_football,DI,120,"7,200","9,394.10",334.35,59.46,31,6,4.7,28.89,86,88,5.86,8.98,78.28,98.64,"1,460.30"
"29,142",18,Male,association_football,DI,100,"6,000","6,218.75",94.11,15.02,15,2,3.73,25.78,97,57,5.88,6.31,62.19,85.21,936.42
"29,142",18,Male,association_football,DI,120,"7,200","5,502.25",228.35,27.45,27,3,2.75,27.4,54,33,5.43,6.76,45.85,93.53,854.16
"29,142",18,Male,association_football,DI,90,"5,400","5,293.83",73.67,60.1,8,4,3.53,27.97,59,64,6.28,7.25,58.82,95.51,762.78
"29,142",18,Male,association_football,DI,125,"7,500","7,701.41",208.21,110.53,22,6,3.7,29.29,75,51,5.29,9.75,61.61,0,"1,224.62"
"29,142",18,Male,association_football,DI,95,"5,700","8,045.97",191.16,24.8,17,1,5.08,28.77,38,45,5.09,7.83,84.69,95.1,"1,174.71"
"29,153",20,Male,american_football,DI-FCS,80,"4,800","4,303.84",45.43,0,8,0,3.23,23.61,105,50,9.73,6.94,53.8,73.6,554.44
"29,153",20,Male,american_football,DI-FCS,80,"4,800","2,246.74",132.86,213.71,17,10,1.69,32.07,36,50,9.41,9.54,28.08,113.81,294.57
"29,153",20,Male,american_football,DI-FCS,106,"6,360","6,274.86",615.16,123.89,42,11,3.55,27.61,134,131,8.69,8.04,59.2,86.08,785.82
"29,153",20,Male,american_football,DI-FCS,130,"7,800","6,451.51",431.58,151.13,50,14,2.98,30.38,113,126,7.41,7.78,49.63,94.73,825.72
"29,153",20,Male,american_football,DI-FCS,137,"8,220","1,666.71",282.3,147.01,31,9,0.73,30.85,21,5,7.39,3.34,12.17,96.19,343.36
"29,153",20,Male,american_football,DI-FCS,100,"6,000","5,575.30",357.32,98.98,38,10,3.35,30.59,109,94,9.24,6.75,55.75,95.36,697.59
"29,153",20,Male,american_football,DI-FCS,90,"5,400","3,144.86",163.24,0,25,0,2.1,24.67,64,85,7.69,9.82,34.94,76.92,414.12
"29,153",20,Male,american_football,DI-FCS,95,"5,700","1,439.67",34.14,0,4,0,0.91,22.07,48,29,6.81,6.37,15.15,0,328.57
"29,299",20,Male,american_football,DI-FCS,90,"5,400","2,975.08",95.4,0,11,0,1.98,22.73,55,70,7.62,9.02,33.06,72.86,339.57
"29,299",20,Male,american_football,DI-FCS,100,"6,000","4,177.38",65.61,0,9,0,2.51,24.38,79,79,8.76,8.73,41.77,78.14,482.04
"29,299",20,Male,american_football,DI-FCS,130,"7,800","4,867.17",360.35,37.43,27,6,2.25,27.29,68,62,9.97,7.25,37.44,87.49,526.04
"29,299",20,Male,american_football,DI-FCS,106,"6,360","4,654.01",508.08,4.35,33,1,2.63,25.13,65,68,8.75,8.24,43.91,80.54,461.63
"29,299",20,Male,american_football,DI-FCS,80,"4,800","2,833.91",55.9,0,6,0,2.13,22.19,46,29,7.58,6.14,35.42,71.14,261.65
"29,299",20,Male,american_football,DI-FCS,95,"5,700","1,336.07",3.43,0,1,0,0.84,20.02,49,17,6.16,4.87,14.06,0,232.97
"29,299",20,Male,american_football,DI-FCS,80,"4,800","1,646.81",140.74,173.23,19,11,1.24,31.2,19,23,6.71,7.91,20.59,123.96,224.35
"29,299",20,Male,american_football,DI-FCS,137,"8,220","1,574.92",274.83,72.67,24,7,0.69,29.84,24,2,6.74,4.39,11.5,95.67,274.7
"30,170",20,Male,american_football,DI-FCS,137,"8,220","1,645.20",67.2,0,6,0,0.72,21.64,21,1,5.24,3.55,12.01,95.68,285.81
"30,170",20,Male,american_football,DI-FCS,130,"7,800","3,834.05",42.87,0,9,0,1.77,22.61,71,76,8.42,9.72,29.49,124.33,518.69
"30,170",20,Male,american_football,DI-FCS,80,"4,800","3,641.97",0,0,0,0,2.73,18.19,49,44,6.09,6.55,45.52,0,377.49
"30,170",20,Male,american_football,DI-FCS,100,"6,000","2,106.81",0,0,0,0,1.26,17.06,36,31,8.53,6.64,21.07,75.44,221.46
"30,170",20,Male,american_football,DI-FCS,90,"5,400","2,504.56",0,0,0,0,1.67,19.49,41,69,6.89,9.61,27.83,86.21,274.76
"30,384",21,Male,american_football,DI,112,"6,720","4,191.23",221.42,48.16,26,4,2.25,27.54,61,33,6.84,6.92,37.42,92.23,631.25
"30,384",21,Male,american_football,DI,112,"6,720","3,949.03",178.28,62.26,22,4,2.12,28.04,51,25,7.78,7.13,35.26,93.92,646.15
"30,384",21,Male,american_football,DI,85,"5,100","2,438.05",226,0,16,0,1.72,24.98,34,11,6.01,6.81,28.68,83.67,458.07
"30,384",21,Male,american_football,DI,100,"6,000","3,234.94",135.7,0,17,0,1.94,24.23,43,14,7.77,6.68,32.35,64.46,436.1
"30,384",21,Male,american_football,DI,105,"6,300","3,054.86",98.03,0,12,0,1.75,24.05,81,48,8.84,7.28,29.09,80.55,381.11
"30,384",21,Male,american_football,DI,110,"6,600","3,810.97",132.97,20.52,14,2,2.08,28.76,50,21,6.8,9.22,34.65,76.53,530.96
"30,384",21,Male,american_football,DI,112,"6,720","4,227.12",191.93,16.68,19,3,2.26,26.24,56,28,7.83,6.21,37.74,87.89,652.19
"30,384",21,Male,american_football,DI,105,"6,300","1,892.85",42.49,247.37,5,1,1.08,37.58,11,2,6.12,3.95,18.03,125.87,204.39
"30,384",21,Male,american_football,DI,80,"4,800","1,798.02",13.19,0,2,0,1.35,21.16,36,40,7.89,8.35,22.48,56.3,213.23
"30,384",21,Male,american_football,DI,90,"5,400","2,870.55",73.28,11.47,11,2,1.91,26.39,73,34,9.82,9.68,31.9,70.22,346.98
"30,384",21,Male,american_football,DI,105,"6,300","4,023.11",170.06,32.85,19,1,2.3,28.26,53,15,7.41,7.21,38.32,75.19,618.21
"30,384",21,Male,american_football,DI,100,"6,000","2,940.32",133.15,4.22,11,1,1.76,25.16,40,16,6.08,6.39,29.4,66.95,419.4
"30,384",21,Male,american_football,DI,100,"6,000","3,060.28",198.15,22.18,16,2,1.84,25.96,45,22,6.28,7.67,30.6,69.06,491.97
"30,384",21,Male,american_football,DI,80,"4,800","1,250.57",0,0,0,0,0.94,18.07,13,2,5.52,3.66,15.63,48.08,171.64
"30,384",21,Male,american_football,DI,100,"6,000","2,389.27",14.33,0,1,0,1.43,22.75,49,41,8.12,9.7,23.89,60.53,266.28
"30,384",21,Male,american_football,DI,90,"5,400","2,597.99",40.16,5.41,7,1,1.73,25.28,83,54,9.96,9.29,28.87,67.26,359.04
"30,384",21,Male,american_football,DI,100,"6,000","3,169.68",85.24,6.5,10,1,1.9,25.7,40,17,6.14,5.89,31.7,68.39,468.22
"30,384",21,Male,american_football,DI,90,"5,400","2,430.51",172.94,49.37,24,6,1.62,27.05,48,42,6.34,7.12,27.01,71.97,303.73
"30,384",21,Male,american_football,DI,100,"6,000","3,221.37",232.98,27.54,24,3,1.93,26.71,46,20,6.96,7.89,32.21,71.07,474.01
"30,384",21,Male,american_football,DI,80,"4,800","1,546.60",33.42,0,4,0,1.16,22.25,25,11,6.04,4.4,19.33,59.2,245.7
"30,384",21,Male,american_football,DI,105,"6,300","2,586.41",56.73,25.22,10,1,1.48,28.62,8,6,5.35,5.43,24.63,98.42,180.53
"30,384",21,Male,american_football,DI,45,"2,700","1,139.79",0,0,0,0,1.52,16.96,18,13,5.21,4.34,25.33,45.12,93.41
"30,384",21,Male,american_football,DI,106,"6,360","4,323.48",206.95,41.12,22,3,2.45,28.15,50,30,6.63,7.82,40.79,74.9,687.77
"30,384",21,Male,american_football,DI,105,"6,300","3,497.30",216.2,66.09,23,3,2,29.36,70,34,6.59,7.37,33.31,78.11,322.64
"30,384",21,Male,american_football,DI,140,"8,400","4,319.53",262.92,62.01,26,6,1.85,28.43,55,26,7.61,8.1,30.85,75.65,379.79
"30,384",21,Male,american_football,DI,80,"4,800","2,104.53",0,0,0,0,1.58,19.6,41,11,7.38,5.02,26.31,52.15,169.4
"30,384",21,Male,american_football,DI,77,"4,620","2,040.98",0,0,0,0,1.59,17.01,50,26,8.33,4.91,26.51,45.26,187.45
"30,384",21,Male,american_football,DI,130,"7,800","4,731.20",269.12,81.27,32,9,2.18,29.29,96,46,6.76,8.68,36.39,77.92,463.73
"30,384",21,Male,american_football,DI,44,"2,640","1,996.28",178.77,10.92,21,2,2.72,26.16,68,33,8.47,8.34,45.37,69.6,273.95
"30,384",21,Male,american_football,DI,62,"3,720","1,493.38",257.7,17.64,24,2,1.45,27.65,23,6,7.23,5.62,24.09,73.57,178.41
"30,384",21,Male,american_football,DI,62,"3,720","2,598.04",284.84,13.97,33,3,2.51,25.87,41,31,6.53,8.33,41.9,68.83,290.97
"30,384",21,Male,american_football,DI,70,"4,200","2,024.82",241.16,52.4,19,5,1.74,31.24,29,18,5.93,6.04,28.93,83.12,234.86
"30,384",21,Male,american_football,DI,45,"2,700","2,617","1,182.33",13.99,76,3,3.49,25.61,29,10,7.64,5.6,58.16,68.14,310.96
"30,384",21,Male,american_football,DI,61,"3,660","2,433.89",446.38,6.04,46,1,2.39,26.02,44,37,7.07,5.56,39.9,69.24,283.34
"30,384",21,Male,american_football,DI,42,"2,520","2,459.29","1,082.76",53.51,68,10,3.51,28.67,22,12,8.58,6.46,58.55,76.28,316.95
"30,384",21,Male,american_football,DI,62,"3,720","2,354.73",395.74,13.14,38,1,2.28,26.9,50,30,7.64,8.4,37.98,71.57,275.02
"30,384",21,Male,american_football,DI,55,"3,300","2,423.28",192.77,4.53,28,1,2.64,25.61,84,46,7.43,5.85,44.06,68.15,331.75
"30,384",21,Male,american_football,DI,32,"1,920","1,190.92",165.08,0,13,0,2.23,24.62,14,6,5.72,7.07,37.22,65.51,130.8
"30,384",21,Male,american_football,DI,50,"3,000","2,330.02",197.89,16.22,18,1,2.8,27.31,33,6,6.71,6.19,46.6,93.91,295.97
"30,384",21,Male,american_football,DI,65,"3,900","4,564.09",0,0,0,0,4.21,21.63,18,4,9.9,7.15,70.22,74.37,228.75
"30,384",21,Male,american_football,DI,180,"10,800","4,189.59",87.91,0,8,0,1.4,24.01,25,1,5.89,3.04,23.28,82.58,399.23
"30,384",21,Male,american_football,DI,97,"5,820","3,371.01",14.18,0,3,0,2.09,20.89,14,0,5,0,34.75,71.85,260.85
"30,384",21,Male,american_football,DI,67,"4,020","2,628.48",81.45,0,12,0,2.35,21.76,47,35,6.35,8.01,39.23,74.83,268.14
"30,384",21,Male,american_football,DI,67,"4,020","5,125.25","1,471.96",0,57,0,4.59,25.11,53,8,7.03,5.81,76.5,0,827.94
"30,384",21,Male,american_football,DI,55,"3,300","2,121.82",360.65,11.03,38,2,2.31,25.52,41,24,7.14,6.1,38.58,67.91,251.26
"30,384",21,Male,american_football,DI,60,"3,600","4,277.58",0,0,0,0,4.28,19.54,46,16,8.78,5.86,71.29,77.84,281.06
"30,384",21,Male,american_football,DI,127,"7,620","9,216.92",77.79,42.64,13,6,4.35,29.08,101,33,9.55,9.88,72.57,115.82,669.11
"30,384",21,Male,american_football,DI,105,"6,300","4,834.70",315.39,24.52,21,3,2.76,28.21,48,15,7.33,9.13,46.04,97.03,567.09
"30,384",21,Male,american_football,DI,10,600,692.17,0,0,0,0,4.15,18.57,4,1,4.14,3.47,69.22,63.85,63.55
"30,384",21,Male,american_football,DI,92,"5,520","3,940.63",239.22,0,28,0,2.57,23.7,53,10,6.56,5.29,42.83,81.5,407.32
"30,384",21,Male,american_football,DI,85,"5,100","2,598.22",45.11,0,4,0,1.83,23.87,44,16,7.23,5.84,30.57,63.51,365.67
"30,384",21,Male,american_football,DI,66,"3,960","2,172.69",170.1,29.89,16,4,1.98,27.83,32,19,6.9,6.67,32.92,74.05,276.06
"30,384",21,Male,american_football,DI,77,"4,620","2,253.87",173.38,17.16,21,2,1.76,29.44,47,32,7.05,8.07,29.27,78.33,244.77
"30,384",21,Male,american_football,DI,77,"4,620","3,013.01",32.96,0,4,0,2.35,23.09,33,6,6.37,4.86,39.13,79.4,350.8
"30,384",21,Male,american_football,DI,90,"5,400","3,534.22",217.26,31.5,20,2,2.36,27.51,36,10,6.61,4.15,39.27,92.13,398.71
"30,384",21,Male,american_football,DI,82,"4,920","4,162.89",83.02,0,13,0,3.05,22.47,72,62,9.91,9.34,50.77,77.29,453
"30,384",21,Male,american_football,DI,86,"5,160","3,787.78",105.93,26.72,11,2,2.64,26.97,38,11,6.53,7.1,44.04,92.76,435.39
"30,384",21,Male,american_football,DI,124,"7,440","3,636.09",0,0,0,0,1.76,19.1,14,0,5.68,0,29.32,65.7,272.72
"30,384",21,Male,american_football,DI,127,"7,620","10,393.72",24.25,10.61,5,2,4.91,27.78,94,39,9.93,9.73,81.84,95.55,666.22
"30,384",21,Male,american_football,DI,61,"3,660","3,976.99",0,0,0,0,3.91,19.28,47,49,7.47,9.06,65.2,66.32,365.24
"30,384",21,Male,american_football,DI,97,"5,820","3,879.67",235.96,142.41,29,8,2.4,28.83,29,2,6,3.52,40,99.14,373.63
"30,384",21,Male,american_football,DI,114,"6,840","4,620.85",110.38,0,8,0,2.43,24.94,37,16,6.33,6.89,40.53,83.54,463.78
"30,384",21,Male,american_football,DI,120,"7,200","4,091.50",144.83,14.54,20,2,2.05,25.64,30,5,6.37,5.93,34.1,88.16,422.59
"30,384",21,Male,american_football,DI,66,"3,960","3,459.35",211.48,0,33,0,3.14,22.35,46,5,6.08,3.03,52.41,76.85,389.21
"30,384",21,Male,american_football,DI,66,"3,960","2,103.07",193.63,63.13,15,4,1.91,32.14,30,11,6.25,5.83,31.86,85.52,236.72
"30,384",21,Male,american_football,DI,80,"4,800","1,887.32",132.16,61.52,12,4,1.42,28.15,34,11,6.94,5.98,23.59,94.28,279.95
"30,384",21,Male,american_football,DI,105,"6,300","2,507.05",217.85,133.79,23,6,1.43,29.16,31,14,7.16,7.41,23.88,97.66,348.42
"30,384",21,Male,american_football,DI,70,"4,200","1,763.36",103.92,0,14,0,1.51,22.34,75,61,6.54,6.86,25.19,59.43,273.93
"30,384",21,Male,american_football,DI,109,"6,540","3,935.59",333.85,0,35,0,2.17,24.7,54,15,6.49,5.34,36.11,82.71,503.54
"30,384",21,Male,american_football,DI,80,"4,800","2,084.03",216.26,0,27,0,1.56,24.27,74,53,6.73,7.97,26.05,64.56,290.42
"30,384",21,Male,american_football,DI,123,"7,380","2,520.39",152.51,27.11,12,2,1.23,27.25,34,6,5.39,5.05,20.49,91.27,302.89
"30,384",21,Male,american_football,DI,74,"4,440","1,943.85",103.91,0,17,0,1.58,23.44,35,18,9.94,3.85,26.27,78.49,292.67
"30,384",21,Male,american_football,DI,73,"4,380","2,006.53",170.45,0,22,0,1.65,22.68,34,1,5.89,2.99,27.49,75.96,303.76
"30,384",21,Male,american_football,DI,108,"6,480","3,036.25",51.41,0,5,0,1.69,23.83,18,10,7.04,9.21,28.11,79.81,265.98
"30,384",21,Male,american_football,DI,91,"5,460","3,672.89",112.39,63.06,12,3,2.42,29.86,41,7,6.32,3.74,40.36,102.69,423.29
"30,384",21,Male,american_football,DI,111,"6,660","4,174.23",189.9,26.48,24,3,2.26,27.18,52,24,7.27,7.46,37.61,91.03,677.13
"30,384",21,Male,american_football,DI,95,"5,700","3,117.63",179.41,7.26,16,1,1.97,25.52,43,21,7.19,6,32.82,85.48,528.6
"30,384",21,Male,american_football,DI,85,"5,100","1,817.06",19.43,0,3,0,1.28,21.67,26,11,5.52,6.24,21.38,72.58,286.1
"30,384",21,Male,american_football,DI,94,"5,640","3,190.47",92.72,45.7,17,2,2.04,28.75,72,52,8.05,9.99,33.94,76.51,393.8
"30,392",21,Male,american_football,DI,127,"7,620","5,070.49",104.29,0,16,0,2.4,25.63,55,18,7.61,5.35,39.93,91.54,739.06
"30,392",21,Male,american_football,DI,112,"6,720","3,992.40",6.36,0,1,0,2.14,20.23,83,22,7.01,8.58,35.65,68.55,575.79
"30,392",21,Male,american_football,DI,180,"10,800","2,534.41",52.18,0,4,0,0.84,24.77,64,17,6.61,6.49,14.08,83.92,472.01
"30,392",21,Male,american_football,DI,94,"5,640","2,670.21",0,0,0,0,1.7,17.44,72,23,8.86,8.01,28.41,59.08,305.35
"30,392",21,Male,american_football,DI,85,"5,100","3,571.31",10.25,0,1,0,2.52,21.67,58,20,6.54,5.5,42.02,73.43,627.77
"30,392",21,Male,american_football,DI,95,"5,700","3,452.28",0,0,0,0,2.18,18.58,71,25,6.55,6.04,36.34,62.94,517.97
"30,392",21,Male,american_football,DI,111,"6,660","3,925.30",31.13,0,5,0,2.12,24.48,72,26,6.34,9.9,35.36,82.94,593.64
"30,392",21,Male,american_football,DI,90,"5,400","3,122.42",4.39,0,1,0,2.08,21.11,81,48,9.54,9.05,34.69,71.51,368.13
"30,392",21,Male,american_football,DI,285,"17,100","4,185.90",155.6,7.25,20,1,0.88,25.27,74,37,6.66,9.76,14.69,85.63,"1,048.72"
"30,392",21,Male,american_football,DI,80,"4,800","3,601.92",0,0,0,0,2.7,18.68,59,12,5.81,5.69,45.02,63.31,634.61
"30,392",21,Male,american_football,DI,105,"6,300","3,745.29",0,0,0,0,2.14,19.44,66,17,6.66,6.33,35.67,65.87,530.56
"30,392",21,Male,american_football,DI,180,"10,800","2,853.49",11.29,0,3,0,0.95,20.99,56,24,7.03,7.32,15.85,71.11,506.22
"30,392",21,Male,american_football,DI,70,"4,200","2,161.60",0,0,0,0,1.85,19.67,56,32,6.44,8.94,30.88,66.65,264.38
"30,392",21,Male,american_football,DI,109,"6,540","4,266.96",6.05,0,1,0,2.35,21.38,93,23,6.17,7.54,39.15,72.45,628.97
"30,392",21,Male,american_football,DI,80,"4,800","2,231.10",0,0,0,0,1.67,18.33,48,26,7.86,7.06,27.89,62.11,241.17
"30,392",21,Male,american_football,DI,123,"7,380","4,460.43",50.38,11.76,5,1,2.18,28.44,95,32,7.49,8.47,36.26,96.36,663.22
"30,392",21,Male,american_football,DI,172,"10,320","3,308.34",58.44,6.77,5,1,1.15,26.17,64,23,6.78,8.49,19.23,88.68,572.2
"30,392",21,Male,american_football,DI,74,"4,440","4,481.63",4.58,0,1,0,3.63,20.49,62,37,9.63,5.75,60.56,69.42,385.03
"30,392",21,Male,american_football,DI,73,"4,380","2,811.75",0,0,0,0,2.31,19.04,53,18,6.04,5.13,38.52,64.53,463.05
"30,392",21,Male,american_football,DI,105,"6,300","6,834.11",7.94,0,2,0,3.91,21.21,64,31,5.98,7.15,65.09,71.85,544.86
"30,392",21,Male,american_football,DI,90,"5,400","3,142.51",95.91,0,7,0,2.1,22.56,66,14,9.02,5.42,34.92,76.43,519.94
"30,392",21,Male,american_football,DI,96,"5,760","3,435.43",8.48,0,2,0,2.15,20.27,63,20,5.97,5.6,35.79,68.67,478.65
"30,392",21,Male,american_football,DI,172,"10,320","2,170.11",47.51,0,4,0,0.76,22.74,56,12,7.32,6.33,12.62,77.06,408.7
"30,392",21,Male,american_football,DI,112,"6,720","3,480.47",30.23,0,4,0,1.86,23.08,45,17,5.66,7.77,31.08,78.19,470.36
"30,392",21,Male,american_football,DI,85,"5,100","3,520.68",62.61,0,5,0,2.49,23.11,58,12,6.68,4.73,41.42,78.31,576.14
"30,392",21,Male,american_football,DI,91,"5,460","2,969.57",0,0,0,0,1.96,19.55,74,9,5.75,3.98,32.63,66.23,495.58
"30,392",21,Male,american_football,DI,80,"4,800","3,261.98",0,0,0,0,2.45,16.92,41,7,5.24,5.73,40.77,57.34,474.79
"30,392",21,Male,american_football,DI,95,"5,700","3,372.56",0,0,0,0,2.13,19.43,65,15,6.68,9.13,35.5,65.82,477.12
"30,392",21,Male,american_football,DI,108,"6,480","4,863.72",55.18,0,6,0,2.7,23.57,39,15,6.41,6.58,45.03,79.85,431.9
"30,392",21,Male,american_football,DI,105,"6,300","6,767.79",12.48,0,2,0,3.87,22.1,80,35,6.63,6.08,64.46,74.89,561.77
"30,392",21,Male,american_football,DI,91,"5,460","3,841.69",0,0,0,0,2.53,19.15,74,10,5.54,4.56,42.22,64.9,493.56
"30,392",21,Male,american_football,DI,77,"4,620","4,277.22",46.65,0,6,0,3.33,21.86,62,16,6.36,6,55.55,74.05,555.62
"30,392",21,Male,american_football,DI,90,"5,400","3,363.25",133.8,64.66,18,4,2.24,27.48,55,35,6.35,6.21,37.37,93.12,440.87
"30,392",21,Male,american_football,DI,82,"4,920","2,912.51",0,0,0,0,2.13,17.21,39,12,7.27,6.55,35.52,61.48,271.5
"30,392",21,Male,american_football,DI,184,"11,040","2,814.10",50.5,11.42,8,1,0.92,27.32,59,25,7.04,8.3,15.29,92.58,538.85
"30,392",21,Male,american_football,DI,86,"5,160","3,501.66",0,0,0,0,2.44,29.51,68,6,8.15,9.13,40.72,105.4,504.05
"30,392",21,Male,american_football,DI,124,"7,440","3,566.73",0,0,0,0,1.73,18.27,30,20,6.19,6.93,28.76,65.24,331.61
"30,392",21,Male,american_football,DI,61,"3,660","1,093.72",0,0,0,0,1.08,17.39,16,17,6.59,9.85,17.93,62.09,118.83
"30,392",21,Male,american_football,DI,114,"6,840","4,865.32",3.4,0,1,0,2.56,19.91,87,17,6.38,7.5,42.68,67.48,549.81
"30,392",21,Male,american_football,DI,145,"8,700","1,742.71",25.24,0,3,0,0.72,22.77,33,14,6.17,8.61,12.02,81.32,261.1
"30,392",21,Male,american_football,DI,65,"3,900","5,397.79",0,0,0,0,4.98,26.12,13,9,9.99,8.8,83.04,93.26,327.28
"30,392",21,Male,american_football,DI,180,"10,800","3,974.99",9.55,18.66,2,1,1.32,27.55,31,5,6.15,3.9,22.08,98.38,385.65
"30,392",21,Male,american_football,DI,97,"5,820","4,400.34",35.27,9.28,5,1,2.72,27.31,68,24,6.03,5.61,45.36,97.54,518.06
"30,392",21,Male,american_football,DI,67,"4,020","3,875.34",0,0,0,0,3.47,20.97,52,44,6.93,9.76,57.84,74.89,355.84
"30,392",21,Male,american_football,DI,10,600,475.13,0,0,0,0,2.85,16.11,5,1,4.48,3.46,47.51,57.54,55.99
"30,392",21,Male,american_football,DI,96,"5,760","3,878.71",13.86,0,2,0,2.42,21.9,49,15,5.8,4.78,40.4,78.22,441.04
"30,392",21,Male,american_football,DI,129,"7,740","5,437.71",54.47,0,8,0,2.53,21.08,63,19,6.02,4.74,42.15,75.29,669.58
"30,392",21,Male,american_football,DI,105,"6,300","4,272.72",23.56,13.81,4,1,2.44,27.38,50,17,6.95,8.49,40.69,97.79,548.64
"30,392",21,Male,american_football,DI,100,"6,000","3,399.17",58.03,0,7,0,2.04,22.61,89,12,6.73,5.9,33.99,76.6,556.49
"30,392",21,Male,american_football,DI,105,"6,300","2,746.90",0,0,0,0,1.57,18.31,81,38,7.49,6.7,26.16,62.02,314.76
"30,392",21,Male,american_football,DI,110,"6,600","3,699.66",21.92,0,3,0,2.02,23.72,74,31,6.61,7.12,33.63,80.38,554.3
"30,392",21,Male,american_football,DI,100,"6,000","3,762.42",11.71,0,2,0,2.26,21.13,74,21,6.07,7.51,37.62,71.6,518.97
"30,392",21,Male,american_football,DI,80,"4,800","3,066.72",16.06,0,2,0,2.3,21.02,50,9,5.66,4.84,38.33,71.23,443.02
"30,392",21,Male,american_football,DI,112,"6,720","4,159.22",0,0,0,0,2.23,18.22,68,8,6.57,5.94,37.14,61.72,585.61
"30,392",21,Male,american_football,DI,153,"9,180","2,417.22",31.66,5.79,5,1,0.95,26.96,50,22,6.99,7,15.8,91.36,441.31
"30,392",21,Male,american_football,DI,105,"6,300","3,270.31",0,0,0,0,1.87,17.42,49,15,6.22,5.92,31.15,59.04,401.04
"30,392",21,Male,american_football,DI,80,"4,800","2,723.72",0,0,0,0,2.04,18.99,58,28,9.06,6.41,34.05,64.35,305.84
"30,392",21,Male,american_football,DI,157,"9,420","2,348.57",15.72,6.61,2,1,0.9,25.27,52,20,7.21,9.05,14.96,85.63,455.38
"30,392",21,Male,american_football,DI,105,"6,300","3,775.96",7.67,0,2,0,2.16,22.03,65,19,7.26,7.74,35.96,74.65,528.16
"30,392",21,Male,american_football,DI,100,"6,000","3,494.04",10.33,0,1,0,2.1,20.27,52,11,6.45,5.18,34.94,68.67,473.8
"30,392",21,Male,american_football,DI,100,"6,000","3,666.97",11.24,0,2,0,2.2,20.23,67,20,6.53,7,36.67,68.55,523.15
"30,392",21,Male,american_football,DI,80,"4,800","3,383.09",0,0,0,0,2.54,15.57,48,7,5.53,4.36,42.29,52.75,449.76
"30,392",21,Male,american_football,DI,100,"6,000","3,192.98",0,0,0,0,1.92,19.47,82,56,9.76,9.22,31.93,65.98,381.63
"30,392",21,Male,american_football,DI,90,"5,400","3,201.18",8.74,0,1,0,2.13,21.79,95,59,9.27,6.93,35.57,73.83,392.25
"30,392",21,Male,american_football,DI,147,"8,820","2,363.96",63.46,17.71,7,2,0.96,28.33,48,20,8.05,6.96,16.08,96,458.01
"30,392",21,Male,american_football,DI,100,"6,000","3,302.01",0,0,0,0,1.98,18.94,94,16,7.15,5.38,33.02,64.16,485.36
"30,392",21,Male,american_football,DI,90,"5,400","1,832.23",3.83,0,1,0,1.22,20.62,52,27,6.16,6.31,20.36,69.85,231.48
"30,392",21,Male,american_football,DI,100,"6,000","2,725.18",0,0,0,0,1.64,16.93,64,39,6.92,9.77,27.25,57.38,310.32
"30,392",21,Male,american_football,DI,162,"9,720","2,071.87",17.17,0,2,0,0.77,23.11,43,18,7.16,5.77,12.79,78.31,415.98
"30,392",21,Male,american_football,DI,60,"3,600","1,652.71",313.17,8.8,29,1,1.65,26.93,36,28,6.49,5.64,27.55,91.24,207.26
"30,392",21,Male,american_football,DI,66,"3,960","1,979.05",135.23,26.82,18,3,1.8,28.29,37,14,7.31,6.3,29.99,95.85,214.94
"30,392",21,Male,american_football,DI,127,"7,620","10,261.56",6.15,0,1,0,4.85,27.09,110,34,9.73,6.86,80.8,96.75,680.04
"30,392",21,Male,american_football,DI,127,"7,620","10,079.27",12.72,0,3,0,4.76,23.15,83,24,9.9,4.84,79.36,82.66,604.98
"30,392",21,Male,american_football,DI,60,"3,600","4,638.71",0,4.04,0,1,4.64,28,40,14,6.17,5.87,77.31,121,268.72
"30,392",21,Male,american_football,DI,128,"7,680","4,659.39",69.95,0,7,0,2.18,24.46,77,20,6.31,6.98,36.4,87.35,564.83
"30,392",21,Male,american_football,DI,67,"4,020","4,189.87",710.21,0,60,0,3.75,23.14,29,0,5.55,0,62.54,0,668.35
"30,392",21,Male,american_football,DI,55,"3,300","2,151.04",354.62,11.54,41,1,2.35,26.48,49,27,7.51,9.42,39.11,89.73,256.34
"30,392",21,Male,american_football,DI,75,"4,500","6,238.43",0,0,0,0,4.99,24.31,37,10,9.56,8.96,83.18,86.8,373.23
"30,392",21,Male,american_football,DI,77,"4,620","1,798.59",0,0,0,0,1.4,18.44,51,11,6.08,4.1,23.36,62.47,176.02
"30,392",21,Male,american_football,DI,76,"4,560","2,609.15",8.63,0,1,0,2.06,21.85,43,10,5.1,5.75,34.33,74.04,363.79
"30,392",21,Male,american_football,DI,66,"3,960","1,905.95",95.45,23.21,14,3,1.73,27.41,28,7,6.6,4.19,28.88,92.87,193.23
"30,392",21,Male,american_football,DI,85,"5,100","2,608.63",0,0,0,0,1.84,16.99,77,3,5.85,3.92,30.69,57.57,398.71
"30,392",21,Male,american_football,DI,92,"5,520","4,451.71",17.27,0,3,0,2.9,21.03,53,11,6.26,7.71,48.39,75.09,518.69
"30,392",21,Male,american_football,DI,101,"6,060","4,026.60",24.07,0,3,0,2.39,22.45,30,13,6.13,5.78,39.87,80.18,345.45
"30,392",21,Male,american_football,DI,95,"5,700","6,381.17",21.7,5.52,3,1,4.03,27.54,50,18,6.79,8.3,67.17,93.3,506.46
"30,392",21,Male,american_football,DI,106,"6,360","3,888.55",12.24,0,1,0,2.2,23.65,80,27,7.3,6.01,36.68,80.14,568.32
"30,392",21,Male,american_football,DI,101,"6,060","3,767.11",21.42,11.51,3,2,2.24,25.69,40,10,6.55,4.72,37.3,91.74,446.17
"30,392",21,Male,american_football,DI,45,"2,700","1,007.92",0,0,0,0,1.34,13.5,35,16,5.81,5.08,22.4,45.76,106.83
"30,392",21,Male,american_football,DI,129,"7,740","3,901.11",0,0,0,0,1.81,19.43,65,10,6.17,4.58,30.24,69.4,498.89
"30,392",21,Male,american_football,DI,105,"6,300","2,615.62",0,0,0,0,1.49,15.92,9,4,6.39,4.24,24.91,56.86,189.15
"30,392",21,Male,american_football,DI,51,"3,060","2,236.94",663.68,69.82,45,11,2.63,26.29,31,5,9.72,5.53,43.86,89.08,254.53
"30,392",21,Male,american_football,DI,32,"1,920","1,221.11",73.63,0,14,0,2.29,21.59,15,9,7.67,5.62,38.16,73.16,140.18
"30,392",21,Male,american_football,DI,66,"3,960","1,871.34",156.84,36.86,21,3,1.7,28.23,26,9,6.58,4.19,28.35,95.67,208.35
"30,392",21,Male,american_football,DI,52,"3,120","1,880.70",197.07,0,24,0,2.17,23.28,38,25,7.23,7.68,36.17,78.88,217.89
"30,392",21,Male,american_football,DI,55,"3,300","2,055.87",78.19,0,11,0,2.24,22.99,66,29,6.26,7.06,37.38,77.9,270.22
"30,392",21,Male,american_football,DI,62,"3,720","2,487.80",335.36,6.09,41,1,2.41,26.8,56,42,7.17,5.63,40.13,90.81,324.21
"30,392",21,Male,american_football,DI,42,"2,520","2,420.69",668.28,0,70,0,3.46,23.17,27,4,8.97,4.17,57.64,78.5,255.4
"30,392",21,Male,american_football,DI,61,"3,660","2,517.36",348.06,8.32,39,1,2.48,25.81,48,33,7.42,6.25,41.27,87.46,310.59
"30,392",21,Male,american_football,DI,45,"2,700","2,649.41",742.29,0,52,0,3.53,23.46,28,2,5.74,3.28,58.88,79.48,280.98
"30,392",21,Male,american_football,DI,70,"4,200","2,081.69",114.15,34.66,15,3,1.78,28.55,22,19,5.45,6.6,29.74,96.72,234.9
"30,392",21,Male,american_football,DI,62,"3,720","2,522.66",197.43,0,25,0,2.44,23.17,51,38,6.23,7.66,40.69,78.52,292.93
"30,392",21,Male,american_football,DI,62,"3,720","1,483.38",154.69,0,15,0,1.44,25.02,28,10,8.53,5.01,23.93,84.76,173.65
"30,392",21,Male,american_football,DI,44,"2,640","1,796.51",65.54,5.3,9,1,2.45,25.29,69,26,6.72,5.81,40.83,85.69,240.03
"30,392",21,Male,american_football,DI,130,"7,800","3,224.26",44.15,0,5,0,1.49,23.94,82,29,7.11,5.58,24.8,81.1,322.81
"30,392",21,Male,american_football,DI,77,"4,620","1,986.52",4.62,0,1,0,1.55,20.33,57,23,5.84,5.57,25.8,68.89,202.54
"30,392",21,Male,american_football,DI,80,"4,800","1,839.66",0,0,0,0,1.38,19.55,58,17,5.09,9.91,23,66.25,187.16
"30,392",21,Male,american_football,DI,140,"8,400","2,972.55",6.23,0,1,0,1.27,22.21,63,21,5.9,6.75,21.23,75.25,284.34
"30,392",21,Male,american_football,DI,105,"6,300","2,375.55",0,0,0,0,1.36,17.3,53,15,6.65,4.84,22.62,58.63,218.96
"30,797",20,Male,american_football,DI-FCS,137,"8,220","1,615.36",289.57,85.59,24,6,0.71,28.57,21,3,6.46,3.51,11.79,95.12,316.98
"30,797",20,Male,american_football,DI-FCS,90,"5,400","3,034.36",137.72,0,18,0,2.02,24.21,66,79,8.86,8.73,33.72,78.56,382.88
"30,797",20,Male,american_football,DI-FCS,100,"6,000","4,549.23",220.24,8.27,26,1,2.73,27.02,117,126,9.92,9.86,45.49,87.67,600.38
"30,797",20,Male,american_football,DI-FCS,130,"7,800","5,569.07",262.59,81.06,26,6,2.57,30.03,114,108,9.75,8.47,42.84,118.62,754.35
"30,797",20,Male,american_football,DI-FCS,106,"6,360","5,133.12",411.41,29.67,43,5,2.91,28.15,107,98,8.02,7.92,48.43,93.73,590.52
"30,797",20,Male,american_football,DI-FCS,80,"4,800","1,749.20",145.82,114.9,18,9,1.31,30.82,35,49,9.76,8,21.86,102.62,256.79
"30,797",20,Male,american_football,DI-FCS,95,"5,700","1,258.69",20.34,0,4,0,0.79,20.66,40,15,5.74,5.17,13.25,0,223.95
"30,797",20,Male,american_football,DI-FCS,80,"4,800","4,708.29",61.06,0,8,0,3.53,22.05,70,51,7.1,8.03,58.85,87.09,518.14
"31,875",22,Male,association_football,DI,101,"6,060","11,132.92",314.62,96.24,34,10,6.61,30.3,83,100,5.81,8.16,110.23,105.91,"1,590.17"
"31,875",22,Male,association_football,DI,90,"5,400","6,126.29",323.46,5.14,10,1,4.08,25.3,52,28,5.66,4.67,68.07,0,787.2
"31,875",22,Male,association_football,DI,75,"4,500","4,464.39",17.29,0,2,0,3.57,21.34,62,46,5.99,7.55,59.53,84.35,604.38
"31,875",22,Male,association_football,DI,104,"6,240","10,571.29",342.47,71.3,32,6,6.1,29.24,86,103,5.71,6.68,101.65,92.97,"1,563.05"
"31,875",22,Male,association_football,DI,106,"6,360","10,083.78",272.33,107,25,7,5.71,28.61,81,79,5.67,7.49,95.13,113.11,"1,504.51"
"31,875",22,Male,association_football,DI,111,"6,660","11,595.08",219,17.98,20,1,6.27,28.42,85,88,5.4,6.72,104.46,99.32,"1,697.55"
"31,875",22,Male,association_football,DI,101,"6,060","11,239.93",404.09,126.38,41,7,6.68,29.26,94,101,6.14,8.5,111.29,96.56,"1,648"
"31,875",22,Male,association_football,DI,71,"4,260","4,498.79",50.5,0,7,0,3.8,23.1,50,50,6.2,7.35,63.36,76.23,788.5
"31,875",22,Male,association_football,DI,74,"4,440","5,898.75",310.39,28.71,28,4,4.78,26.13,83,77,7.74,7,79.71,83.06,"1,005.20"
"31,875",22,Male,association_football,DI,95,"5,700","6,206.25",99.14,0,13,0,3.92,23.19,72,65,6.27,7.17,65.33,73.72,951.39
"31,875",22,Male,association_football,DI,79,"4,740","5,740.15",175.05,0,10,0,4.36,23.89,51,54,5.9,7.03,72.66,75.95,904.18
"31,875",22,Male,association_football,DI,53,"3,180","2,754.04",0,0,0,0,3.12,14.77,20,14,4.9,5.22,51.96,46.96,384.59
"31,875",22,Male,association_football,DI,105,"6,300","11,794.86",553.59,145.55,54,9,6.74,29.7,80,111,5.63,7.86,112.33,94.41,"1,768.86"
"31,875",22,Male,association_football,DI,84,"5,040","3,799.11",14.08,0,1,0,2.71,23.63,31,23,5.88,6.86,45.23,75.14,553.96
"31,875",22,Male,association_football,DI,75,"4,500","5,855.19",62.27,0,8,0,4.68,22.37,64,56,5.38,7.76,78.07,71.13,997.19
"31,875",22,Male,association_football,DI,66,"3,960","3,343.10",45.45,9.23,6,2,3.04,25.27,53,46,5.27,6.65,50.65,80.34,526.53
"31,875",22,Male,association_football,DI,25,"1,500","2,795.62",94.64,31.85,10,2,6.71,30.21,25,28,5.54,8.1,111.82,96.06,440.97
"31,875",22,Male,association_football,DI,80,"4,800","4,350.11",7.99,0,1,0,3.26,21.21,44,33,5.12,5.39,54.38,67.44,679.32
"31,875",22,Male,association_football,DI,74,"4,440","6,557.26",343.53,20.96,19,2,5.32,26,57,65,5.9,6.63,88.61,82.67,"1,239.76"
"31,875",22,Male,association_football,DI,85,"5,100","5,937",170.52,34.19,14,2,4.19,27.41,59,66,6.08,5.83,69.85,87.15,847.1
"31,875",22,Male,association_football,DI,155,"9,300","9,481.95",45.3,0,5,0,3.67,22.11,61,53,6.3,7.08,61.17,70.29,830.49
"31,875",22,Male,association_football,DI,78,"4,680","6,247.71",78.42,0,12,0,4.81,22.76,80,67,5.31,6.42,80.1,72.37,"1,055.49"
"31,875",22,Male,association_football,DI,117,"7,020","12,281.52",306.6,68.57,31,4,6.3,28.27,111,121,5.74,8.13,104.97,89.87,"1,803.91"
"31,875",22,Male,association_football,DI,85,"5,100","5,741.07",155.5,26.71,14,4,4.05,26.34,50,51,5.72,6.55,67.54,83.75,925.31
"31,875",22,Male,association_football,DI,127,"7,620","13,563.21",461.48,58.58,40,4,6.41,29.68,94,115,6.5,8,106.8,94.37,"2,434.64"
"31,875",22,Male,association_football,DI,90,"5,400","4,780.13",0,0,0,0,3.19,18.39,29,18,4.98,7.07,53.11,58.46,345.78
"31,875",22,Male,association_football,DI,112,"6,720","12,557.27",356.16,89.48,39,5,6.73,31.45,103,111,5.88,7.57,112.12,103.79,"1,900.03"
"31,875",22,Male,association_football,DI,120,"7,200","6,896.87",10.13,0,1,0,3.45,22.51,48,19,5.84,5.02,57.47,71.57,905.37
"32,263",18,Female,association_football,DI,120,"7,200","6,466.06",37.59,37.62,6,1,3.23,26.86,56,26,6.31,6.65,53.88,65.59,799.62
"32,263",18,Female,association_football,DI,90,"5,400","4,579.27",62.7,82.13,10,3,3.05,27.87,36,17,5.08,5.6,50.88,68.05,607.75
"32,263",18,Female,association_football,DI,120,"7,200","2,490.60",19.48,0,2,0,1.25,22.12,20,11,4.72,4.17,20.76,54,252.55
"32,263",18,Female,association_football,DI,90,"5,400","4,561.26",22.55,0,3,0,3.04,20.79,35,23,4.69,5.15,50.68,50.76,566.97
"32,263",18,Female,association_football,DI,100,"6,000",506.89,0,0,0,0,0.3,13.52,3,0,4.9,0,5.07,33,45.82
"32,263",18,Female,association_football,DI,90,"5,400","4,291.90",31.79,76.91,6,4,2.86,27.65,25,10,5.26,6.3,47.69,67.52,489.29
"32,263",18,Female,association_football,DI,90,"5,400","3,912.64",38.11,0,7,0,2.61,21.1,29,25,5.27,6.24,43.47,51.52,453.01
"32,263",18,Female,association_football,DI,90,"5,400","2,695.07",12.56,0,2,0,1.8,20.33,10,8,4.7,4.65,29.95,49.65,293.24
"32,263",18,Female,association_football,DI,90,"5,400",283.98,0,0,0,0,0.19,11.78,0,0,0,0,3.16,28.76,17.78
"32,263",18,Female,association_football,DI,85,"5,100","2,345.08",12.16,0,1,0,1.66,22.43,26,10,4.14,4.57,27.59,54.77,248.39
"32,263",18,Female,association_football,DI,120,"7,200","7,470.88",388.68,"3,719.67",53,98,3.74,40.81,26,16,4.77,5.49,62.26,99.63,"1,090.54"
"32,263",18,Female,association_football,DI,120,"7,200","2,780.06",194.3,"1,789.15",22,36,1.39,40.96,2,3,3.18,3.53,23.17,100.37,451.45
"32,263",18,Female,association_football,DI,90,"5,400","3,693.19",33.39,0,4,0,2.46,21.93,23,13,4.6,5.24,41.04,53.54,486.49
"32,263",18,Female,association_football,DI,120,"7,200","6,604.15",42.67,50.99,4,2,3.3,26.49,57,30,5.87,6.5,55.03,64.67,820.84
"32,263",18,Female,association_football,DI,120,"7,200","4,250.03",30.99,0,3,0,2.13,21.32,17,14,4.48,5.86,35.42,52.06,481.8
"32,263",18,Female,association_football,DI,120,"7,200","6,365.75",22.13,0,3,0,3.18,22,38,23,5.56,4.2,53.05,53.72,812.15
"32,263",18,Female,association_football,DI,120,"7,200","5,443.63",0,0,0,0,2.72,18.82,36,25,4.83,4.33,45.36,45.96,597.07
"32,263",18,Female,association_football,DI,120,"7,200","5,601.57",18.75,0,2,0,2.8,21.27,28,9,4.77,4.67,46.68,51.93,765.25
"32,263",18,Female,association_football,DI,120,"7,200","8,030.98",118.43,44.34,14,3,4.02,24.73,52,25,4.53,4.21,66.92,60.38,"1,039.72"
"32,263",18,Female,association_football,DI,90,"5,400",880.95,0,0,0,0,0.59,10.56,4,2,3.91,3.13,9.79,25.79,74.18
"32,263",18,Female,association_football,DI,120,"7,200","2,347",8.49,0,1,0,1.17,20.65,5,4,4.12,4.38,19.56,50.42,185.11
"32,263",18,Female,association_football,DI,120,"7,200","5,484.17",8.38,0,2,0,2.74,19.2,34,17,6.25,6.13,45.7,46.88,752.31
"32,263",18,Female,association_football,DI,120,"7,200","2,623.43",8.84,0,1,0,1.31,20.21,25,15,5.58,4.84,21.86,49.34,264.14
"32,263",18,Female,association_football,DI,90,"5,400",743.78,0,0,0,0,0.5,12.05,5,0,4.41,0,8.26,29.43,72.83
"32,263",18,Female,association_football,DI,90,"5,400","4,340.28",6.61,0,1,0,2.89,20.16,33,17,4.81,4.46,48.23,49.23,505.77
"32,263",18,Female,association_football,DI,90,"5,400","1,065.41",0,0,0,0,0.71,12.77,0,0,0,0,11.84,31.19,73.26
"32,263",18,Female,association_football,DI,120,"7,200","5,818.31",31.33,79.97,6,3,2.91,28.24,32,16,5.11,4.59,48.49,68.95,696.79
"32,263",18,Female,association_football,DI,90,"5,400","3,792.18",18.82,0,3,0,2.53,19.73,21,13,4.54,3.96,42.14,48.17,565.84
"32,263",18,Female,association_football,DI,120,"7,200",313.94,0,0,0,0,0.16,9.11,0,0,0,0,2.62,22.24,34.57
"32,263",18,Female,association_football,DI,120,"7,200","5,153.78",28.24,0,3,0,2.58,22.1,40,30,5.5,5.27,42.95,53.97,773.9
"32,263",18,Female,association_football,DI,120,"7,200","2,012.51",0,0,0,0,1.01,18.97,20,13,4.89,5.55,16.77,46.32,282.39
"32,263",18,Female,association_football,DI,120,"7,200","3,591.38",6.08,0,1,0,1.8,19.3,36,17,5.58,4.71,29.93,47.11,517.74
"32,263",18,Female,association_football,DI,120,"7,200",161.23,0,0,0,0,0.081,6.84,0,0,0,0,1.34,16.7,18.45
"32,263",18,Female,association_football,DI,120,"7,200","4,562.56",45.24,31.83,3,1,2.28,26.35,36,13,4.95,3.8,38.02,64.34,666
"32,263",18,Female,association_football,DI,120,"7,200","4,543.47",147.39,76.15,18,6,2.27,26.32,28,27,6,5.25,37.86,64.25,688.68
"32,263",18,Female,association_football,DI,90,"5,400","1,131.47",4.98,0,1,0,0.75,19.76,3,1,4.69,3.5,12.57,48.26,127.03
"32,263",18,Female,association_football,DI,90,"5,400",398.37,0,0,0,0,0.27,8.62,0,0,0,0,4.43,21.05,14.5
"32,263",18,Female,association_football,DI,120,"7,200",348.04,0,0,0,0,0.17,9.79,0,0,0,0,2.9,23.91,39.42
"32,263",18,Female,association_football,DI,90,"5,400",566.54,0,0,0,0,0.38,10.19,1,0,2.67,0,6.29,24.87,61.02
"32,263",18,Female,association_football,DI,120,"7,200",254.04,0,0,0,0,0.13,12.78,0,0,0,0,2.12,31.2,32.38
"32,263",18,Female,association_football,DI,90,"5,400","4,415.66",46.04,29.42,5,2,2.94,25.32,46,4,5.26,3.77,49.06,61.81,540.56
"32,263",18,Female,association_football,DI,120,"7,200","5,763.12",22.14,0,3,0,2.88,20.13,43,25,6.18,6.77,48.03,49.16,726.62
"32,263",18,Female,association_football,DI,120,"7,200","4,589.48",26.3,0,4,0,2.29,20.47,45,21,5.79,5.72,38.25,49.99,529.86
"32,263",18,Female,association_football,DI,150,"9,000","6,566.40",3.32,0,1,0,2.63,20.04,50,27,5.42,5.44,43.78,48.92,888
"32,263",18,Female,association_football,DI,120,"7,200","4,996.61",50.92,0,5,0,2.5,22.98,46,16,5.81,4.19,41.64,56.1,590.98
"32,263",18,Female,association_football,DI,120,"7,200","3,657.30",41.84,0,6,0,1.83,21.63,18,11,5.29,4.4,30.48,52.8,415.32
"32,263",18,Female,association_football,DI,120,"7,200","3,616.94",8.69,0,1,0,1.81,20.63,18,12,4.36,6.19,30.14,50.38,432.49
"32,263",18,Female,association_football,DI,120,"7,200","6,005.70",70.9,65.65,9,2,3,26.56,34,13,5.23,5.02,50.05,64.84,709.86
"32,263",18,Female,association_football,DI,90,"5,400","1,784.12",68.11,27.01,11,1,1.19,24.12,10,1,5.12,3.24,19.82,58.89,203.89
"32,263",18,Female,association_football,DI,90,"5,400","3,374.76",8.88,0,1,0,2.25,21,42,23,5.64,4.57,37.5,51.28,418.28
"32,263",18,Female,association_football,DI,95,"5,700",161.72,0,0,0,0,0.1,5.13,0,0,0,0,1.7,12.51,8.75
"32,263",18,Female,association_football,DI,90,"5,400","2,498.28",4.33,0,1,0,1.67,19.27,18,6,4.83,4.83,27.76,47.04,301.94
"32,263",18,Female,association_football,DI,95,"5,700",364.26,0,0,0,0,0.23,5.53,0,0,0,0,3.83,13.49,10.69
"32,263",18,Female,association_football,DI,90,"5,400","4,332.81",70.56,0,8,0,2.89,21.81,26,17,4.88,5.67,48.14,53.25,536.72
"32,263",18,Female,association_football,DI,90,"5,400","2,691.65",0,0,0,0,1.79,19.27,18,6,4.71,4.42,29.91,47.04,321.08
"32,697",22,Male,association_football,DI,101,"6,060","3,849.68",59.36,21.5,8,3,2.29,27.4,43,73,6.9,9.05,38.12,88.39,419.79
"32,697",22,Male,association_football,DI,90,"5,400","3,494.92",211.2,128.79,27,10,2.33,30.55,62,60,7.06,8.41,38.83,98.55,391.27
"32,697",22,Male,association_football,DI,90,"5,400","2,186.10",4.05,0,1,0,1.46,20.16,41,17,6.36,6.31,24.29,65.03,189.95
"32,697",22,Male,association_football,DI,90,"5,400","1,862.30",0,0,0,0,1.24,19.77,26,23,7.63,8.92,20.69,63.79,198.16
"32,697",22,Male,association_football,DI,80,"4,800","3,899.21",43.61,0,7,0,2.92,24.47,73,72,7.86,9.81,48.74,78.95,433.93
"32,697",22,Male,association_football,DI,85,"5,100","5,310.49",77.95,8.96,11,1,3.75,25.77,67,99,9.98,7.39,62.48,83.15,558.84
"32,697",22,Male,association_football,DI,92,"5,520","5,657.28",106.97,22.03,12,2,3.69,28.52,95,104,8.9,9.87,61.49,91.99,624
"32,697",22,Male,association_football,DI,92,"5,520","4,732.34",123.36,0,14,0,3.09,24.79,81,77,6.55,9,51.44,79.96,477.25
"32,697",22,Male,association_football,DI,304,"18,240","5,941.31",0,0,0,0,1.17,16.21,28,11,4.61,4.42,19.54,37.81,224.46
"32,697",22,Male,association_football,DI,105,"6,300","6,127.31",133.25,116.21,15,4,3.5,29.61,74,58,6.53,6.29,58.36,95.53,820.05
"32,697",22,Male,association_football,DI,115,"6,900","6,472.31",63.27,16.31,7,1,3.38,28.34,74,63,5.43,5.55,56.28,91.43,873.02
"32,697",22,Male,association_football,DI,95,"5,700","5,914.91",265.35,13.77,21,2,3.74,26.68,72,46,5.23,7.67,62.26,86.08,852.01
"32,697",22,Male,association_football,DI,85,"5,100","5,077.82",123.03,48.57,15,3,3.58,27.39,60,46,5.83,7.12,59.74,88.36,688.11
"32,697",22,Male,association_football,DI,106,"6,360","6,123.57",113.9,5.22,9,1,3.47,26.02,85,102,8.35,9.08,57.77,83.93,634.44
"32,697",22,Male,association_football,DI,111,"6,660","7,905.03",275.43,63.22,26,6,4.27,27.31,62,65,6.05,5.85,71.22,88.11,"1,106.72"
"32,697",22,Male,association_football,DI,111,"6,660","10,108.38",306.78,71.91,30,5,5.46,29.78,93,95,5.78,7.61,91.07,100.87,"1,585.25"
"32,697",22,Male,association_football,DI,110,"6,600","9,403.33",240.28,119.72,30,6,5.13,31,72,72,6.44,6.54,85.48,104.99,"1,406.13"
"32,697",22,Male,association_football,DI,105,"6,300","2,187.49",80.3,0,10,0,1.25,23.54,23,26,5.76,6.92,20.83,79.74,318.36
"32,697",22,Male,association_football,DI,110,"6,600",172.17,0,0,0,0,0.094,10.25,1,0,3.01,0,1.57,34.72,12.36
"32,697",22,Male,association_football,DI,120,"7,200","6,352.17",199.46,93.5,20,4,3.18,29.53,58,54,5.41,9.94,52.93,103.26,935.12
"32,697",22,Male,association_football,DI,105,"6,300","5,990.22",166.01,19.64,18,2,3.42,26.4,67,53,5.87,7.31,57.05,92.32,857.83
"32,697",22,Male,association_football,DI,93,"5,580","7,636.60",223.75,24.64,19,1,4.93,27.72,64,65,5.58,6.99,82.11,89.42,"1,016.08"
"32,697",22,Male,association_football,DI,105,"6,300","5,038.05",208.95,4.29,21,1,2.88,25.18,57,40,5.85,6.98,47.98,81.23,644.86
"32,697",22,Male,association_football,DI,70,"4,200","3,959.36",12.33,0,2,0,3.39,21.14,73,33,5.6,7,56.56,68.19,593.3
"32,697",22,Male,association_football,DI,105,"6,300",386.31,0,0,0,0,0.22,20.33,2,4,3.57,3.82,3.68,77.05,39.45
"32,697",22,Male,association_football,DI,99,"5,940",252.45,0,0,0,0,0.15,14.62,4,3,5.08,3.56,2.55,55.41,25.59
"32,697",22,Male,association_football,DI,51,"3,060","2,878.16",0,0,0,0,3.39,16.21,8,5,3.89,3.38,56.43,61.43,131.16
"32,697",22,Male,association_football,DI,111,"6,660",236.67,0,0,0,0,0.13,13.69,1,2,3.98,3.47,2.13,47.89,14.94
"32,697",22,Male,association_football,DI,81,"4,860","4,544.06",96.22,14.8,10,1,3.37,26.49,51,35,5.53,6.72,56.1,85.46,619.09
"32,697",22,Male,association_football,DI,71,"4,260","3,680.79",52.23,0,6,0,3.11,22.7,40,46,6.33,6.28,51.84,0,479.51
"32,697",22,Male,association_football,DI,110,"6,600",909.16,78.1,161.52,8,6,0.5,28.59,2,1,4.08,3.83,8.27,103.51,116.91
"32,697",22,Male,association_football,DI,80,"4,800","4,427.71",125.8,34.1,15,3,3.32,27.63,47,36,6.71,6.43,55.35,104.68,639.47
"32,697",22,Male,association_football,DI,115,"6,900","5,427.68",68.15,0,11,0,2.83,24.26,101,128,9.99,8.19,47.2,78.26,593.43
"32,697",22,Male,association_football,DI,113,"6,780","10,821.16",372.94,89.21,39,7,5.75,29.03,90,98,6.96,7.27,95.76,67.69,"1,628.32"
"32,741",21,Male,american_football,DI,330,"19,800","10,155.38",10.63,0,2,0,1.85,21.58,19,10,7.28,7.75,30.77,95.38,624.75
"32,741",21,Male,american_football,DI,130,"7,800","5,045.67",0,0,0,0,2.33,19.69,42,13,5.58,4.83,38.81,87.03,564.58
"32,741",21,Male,american_football,DI,150,"9,000","5,601.54",11.94,0,1,0,2.24,22.63,41,16,5.35,5.25,37.34,116.97,560.76
"32,741",21,Male,american_football,DI,70,"4,200","2,918.39",264.09,71.17,21,2,2.5,29.86,63,34,6.5,6.39,41.69,95.16,484.11
"32,741",21,Male,american_football,DI,150,"9,000","6,364.81",0,0,0,0,2.55,19.34,63,25,6.15,4.78,42.43,0,631.59
"32,741",21,Male,american_football,DI,70,"4,200","2,617.75",274.1,132.92,30,11,2.24,28.19,48,14,6.24,4.87,37.4,89.82,447.54
"32,741",21,Male,american_football,DI,70,"4,200","2,721.70",167.27,80.77,19,2,2.33,31.38,30,37,7.22,5.22,38.88,138.7,386.86
"32,741",21,Male,american_football,DI,70,"4,200","3,710.28",419.37,66.16,36,4,3.18,27.75,63,18,6.56,6,53,88.42,598.03
"32,741",21,Male,american_football,DI,70,"4,200","3,069.67",252.75,91.54,24,2,2.63,31.3,52,43,6.99,5.95,43.85,99.75,463.16
"32,741",21,Male,american_football,DI,70,"4,200","1,676.18",172.39,118.5,18,7,1.44,28.65,33,8,6.31,6.25,23.95,91.3,274.66
"33,103",21,Male,american_football,DI,140,"8,400","4,684.85",135.21,71.95,16,4,2.01,31.11,99,48,7.3,5.56,33.46,94.85,492.54
"33,103",21,Male,american_football,DI,45,"2,700","2,010.16",36.72,0,4,0,2.68,21.96,56,35,5.55,4.28,44.67,66.94,194.63
"33,103",21,Male,american_football,DI,32,"1,920","1,211.55",233.68,11.92,19,2,2.27,25.5,12,5,6,3.92,37.86,77.75,146.82
"33,103",21,Male,american_football,DI,66,"3,960","2,114.64",235.67,109.23,26,10,1.92,30.89,32,10,6.63,5.14,32.04,94.16,259.61
"33,103",21,Male,american_football,DI,52,"3,120","1,952.28",329.33,26.89,29,5,2.25,26.25,39,22,9.6,7.17,37.54,80.01,241.51
"33,103",21,Male,american_football,DI,70,"4,200","2,167.42",232.19,84.45,20,7,1.86,32.8,27,7,6.34,4.58,30.96,101.35,221.13
"33,103",21,Male,american_football,DI,62,"3,720","2,394.97",314.18,15.72,30,3,2.32,26.15,44,34,7.41,6.53,38.63,79.72,288.21
"33,103",21,Male,american_football,DI,62,"3,720","1,422.69",300.63,29.51,16,3,1.38,27.43,21,5,8.33,5.04,22.95,83.63,170.44
"33,103",21,Male,american_football,DI,44,"2,640","1,995.40",160.94,0,23,0,2.72,23.47,61,23,7.59,7.31,45.35,71.54,232.46
"33,103",21,Male,american_football,DI,130,"7,800","5,682.11",272.46,46.77,36,5,2.62,29.14,142,68,7.31,8.4,43.71,88.82,600.81
"33,103",21,Male,american_football,DI,77,"4,620","3,068.55",0,0,0,0,2.39,19.68,66,25,5.39,5.29,39.85,60,263.95
"33,103",21,Male,american_football,DI,80,"4,800","2,901.23",0,0,0,0,2.18,18.83,59,48,6.69,5.07,36.27,57.39,258.5
"33,103",21,Male,american_football,DI,105,"6,300","3,826.68",204.46,47.37,18,4,2.19,28.22,87,43,6.61,8.24,36.44,86.04,425.46
"33,103",21,Male,american_football,DI,55,"3,300","2,469.11",292.56,0,33,0,2.69,25.04,80,35,6.8,7.1,44.89,76.34,311.06
"33,103",21,Male,american_football,DI,62,"3,720","2,549.15",471.86,21.14,45,4,2.47,27.2,45,28,7.59,7.61,41.12,82.91,284.18
"33,103",21,Male,american_football,DI,42,"2,520","2,585.07","1,178.52",115,68,18,3.69,26.93,31,8,7.14,5.46,61.55,82.09,351.49
"33,103",21,Male,american_football,DI,61,"3,660","2,445.93",449.46,51.76,45,7,2.41,28.19,44,43,7.66,9.63,40.1,85.95,316.2
"33,103",21,Male,american_football,DI,66,"3,960","1,939.81",235.8,59.07,16,6,1.76,31.91,30,13,7.45,8.59,29.39,97.28,227.98
"33,103",21,Male,american_football,DI,77,"4,620","2,861.29",115.11,31.38,14,1,2.23,30.41,68,43,6.45,7.47,37.16,92.72,294.51
"33,103",21,Male,american_football,DI,55,"3,300","2,267.69",403.94,14.02,41,1,2.47,27.08,37,29,7.35,6.23,41.23,82.54,281.57
"33,103",21,Male,american_football,DI,60,"3,600","1,646.95",383.33,144.06,40,17,1.65,28.51,38,17,6.84,4.54,27.45,86.92,225.68
"33,103",21,Male,american_football,DI,66,"3,960","2,011.01",242.05,84.3,23,8,1.83,32.37,33,14,7.09,7.16,30.47,98.67,239.68
"33,103",21,Male,american_football,DI,51,"3,060","2,476.90",870.87,277.84,50,34,2.91,28.51,17,5,6.6,3.49,48.57,86.91,289.12
"33,103",21,Male,american_football,DI,45,"2,700","2,782.08","1,062.20",196.32,81,24,3.71,28.95,28,11,7.09,4.26,61.82,88.27,383.37
"33,793",20,Male,american_football,DI-FCS,137,"8,220","1,765.28",337.98,0,20,0,0.77,24.84,24,1,5.42,3.12,12.89,88.92,332.31
"33,793",20,Male,american_football,DI-FCS,100,"6,000","3,160.43",0,0,0,0,1.9,19.32,50,52,9.5,9.43,31.6,69.14,371.69
"33,793",20,Male,american_football,DI-FCS,90,"5,400","3,272.90",45.49,0,7,0,2.18,22.41,78,90,9.69,7.62,36.37,80.22,428.99
"33,793",20,Male,american_football,DI-FCS,95,"5,700","1,706.25",20.9,0,3,0,1.08,21.17,48,34,4.87,5.83,17.96,0,361.71
"33,793",20,Male,american_football,DI-FCS,80,"4,800","2,054.71",192.9,43.03,17,3,1.54,27.93,37,33,8.97,6.16,25.68,122.12,281.85
"33,793",20,Male,american_football,DI-FCS,130,"7,800","4,623.75",235.62,5.19,19,1,2.13,25.48,108,112,8.09,8.05,35.57,91.22,640.96
"33,793",20,Male,american_football,DI-FCS,106,"6,360","4,095.29",244.82,0,30,0,2.32,23.46,89,74,9.29,8.44,38.63,83.99,530.65
"33,793",20,Male,american_football,DI-FCS,80,"4,800","3,562.70",18.08,0,3,0,2.67,21.27,75,82,7.94,7.49,44.53,76.13,468.49
"33,948",20,Male,american_football,DI-FCS,80,"4,800","1,557.05",128.85,233.74,20,12,1.17,31.98,34,38,9.03,8.59,19.46,151.59,232.93
"33,948",20,Male,american_football,DI-FCS,90,"5,400","2,859.62",200.27,5.06,25,1,1.91,25.15,74,86,8.13,9.48,31.77,78.63,406.01
"33,948",20,Male,american_football,DI-FCS,100,"6,000","4,796.64",154.15,29.17,20,2,2.88,29.79,111,84,9.66,9.65,47.97,93.15,600.83
"33,948",20,Male,american_football,DI-FCS,137,"8,220","1,814.32",316.79,189.93,30,11,0.79,28.87,21,6,6.76,4.52,13.24,90.28,349.38
"33,948",20,Male,american_football,DI-FCS,130,"7,800","5,985.98",323.5,105.09,40,11,2.76,30.19,148,127,8.47,9.24,46.05,94.4,895.12
"33,948",20,Male,american_football,DI-FCS,80,"4,800","3,758.57",102.54,0,10,0,2.82,23.06,87,83,8.82,9.81,46.98,72.11,522.33
"33,948",20,Male,american_football,DI-FCS,95,"5,700","1,405.55",16.51,0,2,0,0.89,21.1,46,26,5.88,6.24,14.8,0,311.61
"34,155",20,Male,american_football,DI-FCS,95,"5,700","1,502.28",67.93,0,8,0,0.95,24.12,43,32,5.95,6.79,15.81,0,280.46
"34,155",20,Male,american_football,DI-FCS,130,"7,800","4,569.50",481.3,97.71,32,14,2.11,27.57,65,67,9.85,8.4,35.15,94.13,564.33
"34,155",20,Male,american_football,DI-FCS,137,"8,220","1,948.56",343.8,176.98,35,13,0.85,29.12,23,7,6.92,3.63,14.22,99.44,375.57
"34,155",20,Male,american_football,DI-FCS,100,"6,000","4,200.84",389.2,51.5,33,6,2.52,27.97,85,57,7.5,8.73,42.01,96.04,475.71
"34,155",20,Male,american_football,DI-FCS,106,"6,360","4,385.73",553.3,184.84,53,17,2.48,28.81,82,100,8.42,8.18,41.37,98.91,554.79
"34,533",22,Male,association_football,DI,91,"5,460","5,609.59",95.29,36.29,10,2,3.7,29.34,59,68,5.7,6.85,61.64,0,808.21
"36,400",19,Female,association_football,DI,90,"5,400","4,112.46",90.3,0,5,0,2.74,21.93,37,24,5.08,6.2,45.69,95.88,557.2
"36,400",19,Female,association_football,DI,90,"5,400","6,786.14",81.87,21.17,8,4,4.52,23.02,56,49,5.87,6.52,75.4,87.03,858.59
"36,400",19,Female,association_football,DI,90,"5,400","5,507.95",101.21,9.14,15,2,3.67,22.87,52,60,5.34,6.84,61.2,129.76,716.97
"36,400",19,Female,association_football,DI,90,"5,400","3,255.92",0,0,0,0,2.17,17.63,46,61,5.38,5.62,36.18,0,481.46
"36,400",19,Female,association_football,DI,90,"5,400","4,716.31",221.56,0,20,0,3.14,21.2,38,10,4.94,4.24,52.4,92.71,737.36
"36,400",19,Female,association_football,DI,90,"5,400","5,527.80",48.57,0,7,0,3.69,21.89,46,38,5.65,6,61.42,95.73,677.53
"36,400",19,Female,association_football,DI,95,"5,700","5,490.41",15.36,0,3,0,3.47,19.93,31,35,5.77,6.61,57.79,75.34,730.07
"36,400",19,Female,association_football,DI,90,"5,400","3,120.11",273.71,21.2,45,4,2.08,25.53,29,12,7.41,6.11,34.67,94.71,790.28
"36,400",19,Female,association_football,DI,75,"4,500","4,168.69",159.75,11.65,14,1,3.33,23.2,23,25,4.82,7.17,55.58,86.07,571.66
"36,400",19,Female,association_football,DI,90,"5,400",246.01,0,0,0,0,0.16,7.77,0,0,0,0,2.73,29.18,9.39
"36,400",19,Female,association_football,DI,100,"6,000","4,653.94",112.75,92.41,13,6,2.79,26.63,34,31,4.88,6.27,46.54,100.67,508.84
"36,400",19,Female,association_football,DI,60,"3,600","3,895.96",199.85,0,21,0,3.9,20.3,33,17,5.46,5.12,64.93,76.24,528.39
"36,400",19,Female,association_football,DI,70,"4,200","4,814.01",109.33,31.77,14,3,4.13,25.71,31,29,4.94,5.05,68.77,95.37,653.94
"36,400",19,Female,association_football,DI,90,"5,400","4,129.72",54.47,0,8,0,2.75,20.66,39,51,5.65,6.5,45.89,77.6,535.07
"36,400",19,Female,association_football,DI,100,"6,000","7,937.91",135.72,65.43,21,4,4.76,26.11,52,48,5.58,5.57,79.38,96.87,"1,009.89"
"36,400",19,Female,association_football,DI,90,"5,400","4,790.14",90.72,84.45,13,5,3.19,26.75,31,30,4.85,5.95,53.22,99.23,572.08
"36,400",19,Female,association_football,DI,60,"3,600","1,613.03",9.6,0,1,0,1.61,20.44,36,57,5.14,5.14,26.88,77.28,319.8
"36,400",19,Female,association_football,DI,50,"3,000","2,022.07",141.31,101.11,14,5,2.43,26.96,13,14,4.47,6.48,40.44,101.24,240.66
"36,400",19,Female,association_football,DI,100,"6,000","5,931.69",397.62,8.31,45,1,3.56,23.5,45,21,5.58,4.57,59.32,88.85,838.75
"36,400",19,Female,association_football,DI,120,"7,200","4,383.85",44.75,6.03,6,1,2.19,23.31,59,41,5.47,6.22,36.53,88.13,509.12
"36,400",19,Female,association_football,DI,120,"7,200","7,694.71",245.62,149.12,31,13,3.85,26.45,51,43,5.67,6.4,64.12,115.65,888.82
"36,726",21,Male,american_football,DI,130,"7,800","4,011.86",80.27,40.38,8,2,1.85,27.82,27,5,5.67,4.96,30.86,104.12,497.21
"36,726",21,Male,american_football,DI,150,"9,000","4,663.40",59.92,0,4,0,1.87,25,39,9,5.45,4.98,31.09,0,505.69
"36,726",21,Male,american_football,DI,70,"4,200","2,789.88",226.65,73.6,21,2,2.39,30.34,47,16,6.42,6.26,39.86,100.15,387.22
"36,726",21,Male,american_football,DI,150,"9,000","4,592.63",81.1,40.1,8,2,1.84,26.72,69,13,5.47,4.88,30.62,106.87,536.34
"36,726",21,Male,american_football,DI,330,"19,800","9,323.42",152.65,13.43,11,1,1.7,26.32,73,19,6.01,6.53,28.25,94.62,746.61
"36,726",21,Male,american_football,DI,70,"4,200","2,759.56",131.81,68.32,16,2,2.37,30.3,30,24,7.01,6.22,39.42,108.92,431.58
"36,726",21,Male,american_football,DI,70,"4,200","2,663.83",293.95,96.29,28,8,2.28,29.31,34,16,6.84,6.11,38.05,96.74,425.98
"36,726",21,Male,american_football,DI,70,"4,200","1,667.32",159.41,37.83,15,4,1.43,26.67,24,12,6.18,5.57,23.82,87.88,266.7
"36,726",21,Male,american_football,DI,70,"4,200","2,873.29",254.64,101.18,19,5,2.46,30.89,46,25,6.54,5.94,41.05,101.79,460.03
"36,726",21,Male,american_football,DI,70,"4,200","2,465.29",258.4,33.61,18,3,2.11,26.71,32,16,6.34,6,35.22,86.49,364.39
"36,754",18,Female,association_football,DI,120,"7,200",498.81,0,0,0,0,0.25,5.82,0,0,0,0,4.16,46,19.94
"36,754",18,Female,association_football,DI,120,"7,200",406.37,0,0,0,0,0.2,11.33,0,0,0,0,3.39,51.57,47.89
"36,754",18,Female,association_football,DI,120,"7,200",451.14,0,0,0,0,0.23,9.89,1,0,3.58,0,3.76,44.99,45.66
"36,754",18,Female,association_football,DI,90,"5,400",601.7,0,0,0,0,0.4,10.4,0,1,0,4.6,6.69,82.22,51.78
"36,754",18,Female,association_football,DI,120,"7,200",483.22,0,0,0,0,0.24,6.38,0,0,0,0,4.03,29.05,41.63
"36,754",18,Female,association_football,DI,120,"7,200",398.67,0,0,0,0,0.2,8.69,5,3,5.55,5.17,3.32,39.53,63.78
"36,754",18,Female,association_football,DI,85,"5,100","3,278.34",20.33,0,2,0,2.31,21.85,23,8,6.11,3.8,38.57,99.44,380.62
"36,754",18,Female,association_football,DI,90,"5,400","1,930.04",195.63,0,14,0,1.29,21.97,26,4,5.04,4,21.44,173.72,232.97
"36,754",18,Female,association_football,DI,90,"5,400","2,270.82",23.67,0,4,0,1.51,20.36,13,3,4.88,3.83,25.23,92.63,209.96
"36,754",18,Female,association_football,DI,90,"5,400","3,736.24",12.54,0,2,0,2.49,20,18,18,5.1,5.17,41.51,91.01,434.16
"36,754",18,Female,association_football,DI,120,"7,200",379.63,0,0,0,0,0.19,7.82,0,0,0,0,3.16,35.57,35.24
"36,754",18,Female,association_football,DI,90,"5,400",457.55,0,0,0,0,0.31,7.12,0,0,0,0,5.08,32.39,55.17
"36,754",18,Female,association_football,DI,120,"7,200",613.25,0,0,0,0,0.31,7.6,0,0,0,0,5.11,60.05,41.11
"36,754",18,Female,association_football,DI,120,"7,200",416.92,0,0,0,0,0.21,12.65,1,0,3.55,0,3.47,125.55,26.68
"36,754",18,Female,association_football,DI,120,"7,200",459.82,0,0,0,0,0.23,7.17,1,0,2.59,0,3.83,56.72,33.23
"36,754",18,Female,association_football,DI,90,"5,400",463.87,0,0,0,0,0.31,7.86,0,0,0,0,5.15,62.14,33.4
"36,754",18,Female,association_football,DI,120,"7,200",567.18,0,0,0,0,0.28,6.82,0,0,0,0,4.73,53.91,35.51
"36,754",18,Female,association_football,DI,120,"7,200",440.15,0,0,0,0,0.22,6.94,0,0,0,0,3.67,54.89,35.82
"36,754",18,Female,association_football,DI,120,"7,200",440.25,0,0,0,0,0.22,10.08,1,0,4.28,0,3.67,79.65,33.65
"36,754",18,Female,association_football,DI,120,"7,200",543.43,0,0,0,0,0.27,6.48,0,0,0,0,4.53,29.5,48.49
"36,754",18,Female,association_football,DI,120,"7,200",434.9,0,0,0,0,0.22,7.92,0,0,0,0,3.62,36.06,44.19
"36,754",18,Female,association_football,DI,120,"7,200",113,0,0,0,0,0.057,4.99,0,0,0,0,0.94,22.72,5.15
"36,754",18,Female,association_football,DI,120,"7,200",462.19,0,0,0,0,0.23,6.73,0,0,0,0,3.85,30.62,22.97
"36,754",18,Female,association_football,DI,90,"5,400",472.29,0,0,0,0,0.31,7.62,0,0,0,0,5.25,34.7,29.4
"36,754",18,Female,association_football,DI,120,"7,200",522.22,0,0,0,0,0.26,10.44,1,0,3.37,0,4.35,47.53,43.83
"36,754",18,Female,association_football,DI,120,"7,200",391.91,0,0,0,0,0.2,9.93,1,1,3.4,4.08,3.27,45.18,47.99
"36,754",18,Female,association_football,DI,120,"7,200",428.13,0,0,0,0,0.21,7.28,0,0,0,0,3.57,33.11,22.65
"36,837",21,Female,association_football,DI,112,"6,720","5,730.42",0,0,0,0,3.07,17.85,29,26,6.3,7.98,51.16,41.6,709.12
"36,837",21,Female,association_football,DI,60,"3,600","1,644.11",4.85,0,1,0,1.64,20.41,17,7,6.11,5.36,27.4,82.59,252.65
"36,837",21,Female,association_football,DI,55,"3,300","2,062.35",0,0,0,0,2.25,15.46,10,12,5.07,6.38,37.5,37.84,201.75
"36,837",21,Female,association_football,DI,120,"7,200","2,785.19",37.86,0,6,0,1.39,20.63,44,11,5.38,3.76,23.21,118.09,353.04
"36,837",21,Female,association_football,DI,110,"6,600","3,218.26",0,0,0,0,1.76,17.32,47,16,6.1,4.57,29.26,83.95,387.96
"36,837",21,Female,association_football,DI,100,"6,000","3,713.41",0,0,0,0,2.23,18.15,0,0,0,0,37.13,88,557.81
"36,837",21,Female,association_football,DI,95,"5,700","1,660.97",0,0,0,0,1.05,14.09,13,2,4.87,5.8,17.48,68.33,160.5
"36,837",21,Female,association_football,DI,62,"3,720","2,819.72",0,0,0,0,2.73,17.47,16,1,5.96,5,45.48,112.95,430.27
"36,837",21,Female,association_football,DI,120,"7,200",686.26,0,0,0,0,0.34,13.24,6,1,4.85,3.37,5.72,64.21,60.38
"36,837",21,Female,association_football,DI,83,"4,980","2,432.12",7.43,0,2,0,1.76,19.32,42,33,5.59,5.64,29.3,93.68,387.8
"36,837",21,Female,association_football,DI,83,"4,980","1,426.48",53.63,9.57,6,1,1.03,24.71,8,1,5.4,2.74,17.19,119.8,241.63
"36,837",21,Female,association_football,DI,60,"3,600","3,546.28",0,0,0,0,3.55,20.25,14,7,5.68,5.74,59.1,81.93,633.39
"36,837",21,Female,association_football,DI,91,"5,460","1,960.45",71.09,0,8,0,1.29,21.2,32,11,5.79,3.71,21.54,85.78,299.79
"36,837",21,Female,association_football,DI,53,"3,180","3,434.82",142.84,37.41,14,4,3.89,23.93,19,2,5.18,3.98,64.81,55.76,668.66
"36,837",21,Female,association_football,DI,75,"4,500","3,357.42",0,0,0,0,2.69,14.54,53,37,7.01,9.75,44.77,33.88,290.99
"36,837",21,Female,association_football,DI,75,"4,500","3,423.32",0,0,0,0,2.74,13.17,34,31,5.87,8.24,45.64,30.69,285.49
"36,837",21,Female,association_football,DI,75,"4,500","2,627.17",0,0,0,0,2.1,13.6,39,46,9.05,6.98,35.03,31.69,242.52
"36,837",21,Female,association_football,DI,75,"4,500","2,243.85",0,0,0,0,1.8,17.16,19,13,7.82,8.49,29.92,39.99,149.78
"36,837",21,Female,association_football,DI,120,"7,200","3,517.26",17.85,0,3,0,1.76,20.62,53,25,6.15,7.17,29.31,83.45,500.83
"36,837",21,Female,association_football,DI,97,"5,820","4,299.96",0,0,0,0,2.66,15.91,24,10,6.59,6.84,44.33,64.39,437.63
"36,837",21,Female,association_football,DI,100,"6,000","2,956.34",0,0,0,0,1.77,18.48,33,18,6.18,6.98,29.56,74.78,337.57
"36,837",21,Female,association_football,DI,106,"6,360",106.04,0,0,0,0,0.06,6.06,1,0,3.4,0,1,24.5,10.25
"36,837",21,Female,association_football,DI,60,"3,600","1,094.07",0,0,0,0,1.09,12.41,12,6,5.02,5.39,18.23,50.22,130.31
"36,837",21,Female,association_football,DI,112,"6,720",695.14,0,0,0,0,0.37,12.61,2,0,4.19,0,6.21,51.03,56.75
"36,837",21,Female,association_football,DI,60,"3,600","2,643.47",0,0,0,0,2.64,17.65,34,9,5.09,6.29,44.06,71.44,367.03
"36,837",21,Female,association_football,DI,60,"3,600","1,516.44",7.68,945.36,1,19,1.52,42.91,8,1,5.51,3.27,25.27,173.65,277.65
"36,837",21,Female,association_football,DI,111,"6,660","3,041.30",0,0,0,0,1.64,16.55,26,12,5.23,5.31,27.4,38.56,284.04
"36,837",21,Female,association_football,DI,60,"3,600","2,884.80",144.79,55.38,13,3,2.88,25.67,15,3,5.68,4.11,48.08,59.82,498.05
"36,929",20,Male,american_football,DI-FCS,95,"5,700","1,403.43",5.96,0,1,0,0.89,21.02,44,29,6.11,5.71,14.77,0,265.25
"36,929",20,Male,american_football,DI-FCS,80,"4,800","3,231.61",68.92,0,6,0,2.42,24.99,75,39,8.34,6.83,40.4,95.68,349.2
"36,929",20,Male,american_football,DI-FCS,130,"7,800","4,921.16",277.96,90.85,34,10,2.27,31.57,101,110,8.63,9.79,37.86,120.89,733.14
"36,929",20,Male,american_football,DI-FCS,100,"6,000","2,319.83",14.21,0,2,0,1.39,22.5,60,52,9.33,9.51,23.2,71.25,351.65
"36,929",20,Male,american_football,DI-FCS,137,"8,220","1,753.40",277.32,146.57,27,13,0.77,29.12,23,5,5.74,4.69,12.8,92.25,349.59
"36,929",20,Male,american_football,DI-FCS,90,"5,400","3,012.58",179.37,0,24,0,2.01,24.91,77,91,9.84,8.72,33.47,78.9,419.65
"36,929",20,Male,american_football,DI-FCS,80,"4,800","1,878.31",130.98,166.25,17,12,1.41,31.35,32,51,7.82,8.04,23.48,99.3,271.86
"36,929",20,Male,american_football,DI-FCS,106,"6,360","4,194.52",454.86,18.56,58,3,2.37,26.66,97,114,8.74,9.88,39.57,84.46,575.37
"37,322",20,Female,association_football,DI,90,"5,400","9,079.81",278.49,227.77,32,14,6.05,28.73,39,43,6.28,5.04,100.89,70.87,"1,589.39"
"37,322",20,Female,association_football,DI,120,"7,200","6,198.98",131.78,69.33,14,6,3.1,26.7,30,28,5.29,5.1,51.66,90.94,791.74
"37,322",20,Female,association_football,DI,105,"6,300","3,193.42",33.43,12.27,4,1,1.82,23.81,20,20,5.32,6.48,30.41,81.1,342.15
"37,322",20,Female,association_football,DI,110,"6,600","5,061.70",92.25,176.4,16,8,2.76,29.36,35,30,6.24,6.37,46.02,106.78,637.93
"37,322",20,Female,association_football,DI,100,"6,000","2,357.24",0,0,0,0,1.41,18.95,16,10,4.73,4.8,23.57,46.76,307.06
"37,322",20,Female,association_football,DI,78,"4,680","4,698.20",40.08,0,6,0,3.61,21.91,29,32,5.72,6.1,60.23,79.7,726.82
"37,322",20,Female,association_football,DI,75,"4,500",816.58,0,0,0,0,0.65,12.49,3,0,3.74,0,10.89,45.44,83.63
"37,322",20,Female,association_football,DI,105,"6,300","3,499.24",43.42,0,7,0,2,21.57,25,15,5.45,5.69,33.33,78.46,415.2
"37,322",20,Female,association_football,DI,105,"6,300","5,049.39",155.49,85.85,22,8,2.89,25.12,25,26,5.41,5.63,48.09,61.97,868.44
"37,322",20,Female,association_football,DI,123,"7,380","8,087.13",166.86,79.62,22,6,3.94,27.5,41,28,5.85,5.87,65.75,0,"1,101.61"
"37,322",20,Female,association_football,DI,100,"6,000","8,912.78",370.46,147.31,44,16,5.35,26.17,28,39,6.26,7.92,89.13,64.58,"1,278.80"
"37,322",20,Female,association_football,DI,70,"4,200","1,879.76",0,0,0,0,1.61,14.77,4,0,3.61,0,26.85,36.45,179.09
"37,322",20,Female,association_football,DI,99,"5,940","3,490.29",32.39,0,5,0,2.12,21.78,18,22,4.82,5.88,35.26,71.56,364.09
"37,322",20,Female,association_football,DI,116,"6,960","6,281.71",107.58,57.47,12,1,3.25,27.79,22,22,5.03,6.39,54.15,68.56,886.85
"37,322",20,Female,association_football,DI,100,"6,000","4,870.95",42.01,15.21,8,1,2.92,25.91,28,26,6.72,6.36,48.71,88.26,581.79
"37,322",20,Female,association_football,DI,90,"5,400","7,105.88",238.38,269.13,30,14,4.74,30.43,42,54,5.26,7.02,78.95,75.09,"1,035.07"
"37,322",20,Female,association_football,DI,110,"6,600","3,278.37",43.69,6.04,4,1,1.79,23.19,13,11,4.76,5.67,29.8,57.22,389.95
"37,322",20,Female,association_football,DI,90,"5,400","3,958.09",43.57,8.65,9,1,2.64,24.02,33,11,5.38,5.41,43.98,59.25,538.48
"37,322",20,Female,association_football,DI,76,"4,560","2,759.80",9.64,11.04,2,1,2.18,22.96,12,10,4.86,4.48,36.31,56.66,244.5
"37,322",20,Female,association_football,DI,90,"5,400","4,101.18",57.26,16.89,8,2,2.73,24.76,34,18,4.86,5.22,45.57,61.1,542.74
"37,322",20,Female,association_football,DI,90,"5,400","2,674.20",4.35,9.99,1,1,1.78,24.25,10,16,4.59,4.82,29.71,59.83,293.32
"37,322",20,Female,association_football,DI,60,"3,600",189.15,0,0,0,0,0.19,6.2,0,0,0,0,3.15,15.29,13.04
"37,322",20,Female,association_football,DI,110,"6,600","5,565.92",149.27,66.52,18,6,3.04,25.4,51,36,4.7,5.47,50.6,62.68,835.16
"37,322",20,Female,association_football,DI,100,"6,000","6,338.26",109.86,109.4,13,6,3.8,26.6,22,38,5.4,5.48,63.38,65.63,798.25
"37,322",20,Female,association_football,DI,90,"5,400",183.02,0,0,0,0,0.12,4.54,0,0,0,0,2.03,11.2,12.88
"37,322",20,Female,association_football,DI,110,"6,600","3,260.01",12.95,4.34,2,1,1.78,22.86,44,37,7.03,5.93,29.64,56.39,486.98
"37,322",20,Female,association_football,DI,91,"5,460","7,327.88",217.2,114.99,27,8,4.83,27.17,43,48,4.63,4.85,80.53,67.02,"1,088.43"
"37,322",20,Female,association_football,DI,80,"4,800","3,637.81",83.03,29.19,6,1,2.73,27.42,33,16,6.19,4.72,45.47,67.66,430.13
"37,322",20,Female,association_football,DI,60,"3,600","1,664.64",3.62,0,1,0,1.66,18.97,8,1,4.59,2.96,27.74,46.8,171.32
"37,322",20,Female,association_football,DI,90,"5,400","5,574.37",153.55,86.24,21,8,3.72,27.63,24,35,5.35,6.34,61.94,68.18,866.63
"37,322",20,Female,association_football,DI,120,"7,200","6,252.99",294.13,189.25,29,11,3.13,25.91,21,16,6.82,4.9,52.11,63.94,819.51
"37,322",20,Female,association_football,DI,104,"6,240","7,773.68",154.93,191.22,23,12,4.48,30.2,37,43,5.92,9.8,74.75,74.51,"1,283.46"
"37,322",20,Female,association_football,DI,90,"5,400","1,131.04",28.02,12.14,4,1,0.75,23.95,6,6,4.15,4.69,12.57,59.09,185.36
"37,322",20,Female,association_football,DI,90,"5,400","8,312.14",402.54,225.32,44,20,5.54,27.99,46,66,5.53,7.72,92.36,69.05,"1,267.82"
"37,322",20,Female,association_football,DI,90,"5,400","4,844.45",200.36,37.99,20,4,3.23,24.34,30,16,5.45,5.72,53.83,60.06,706.48
"37,322",20,Female,association_football,DI,105,"6,300","4,781.72",42.03,25.71,7,2,2.73,26.43,52,31,5.54,5.29,45.54,90.03,689.79
"37,322",20,Female,association_football,DI,90,"5,400","3,800.42",48.8,27.56,8,2,2.53,25.06,54,25,5.31,6.31,42.23,61.84,503.33
"37,322",20,Female,association_football,DI,90,"5,400","8,505.37",349,210.05,40,17,5.67,28.63,41,43,5.46,6.76,94.5,70.65,"1,316.75"
"37,322",20,Female,association_football,DI,90,"5,400","5,850.78",137.25,58.57,14,3,3.9,26.47,24,31,4.76,6.06,65.01,65.31,751.8
"37,322",20,Female,association_football,DI,90,"5,400","7,073.56",278.28,137.26,36,10,4.72,26.73,33,38,5.87,5.05,78.6,65.94,"1,058.33"
"37,322",20,Female,association_football,DI,90,"5,400","3,811.52",75.91,12.71,8,1,2.54,23.5,25,22,5.75,5.9,42.35,57.99,465.19
"37,322",20,Female,association_football,DI,100,"6,000","3,951.18",69.29,62.89,12,5,2.37,27.23,32,23,7.51,7.32,39.51,67.17,451.16
"37,322",20,Female,association_football,DI,90,"5,400","7,755.94",247.27,156.17,32,17,5.17,26.39,48,56,5.21,7.75,86.18,65.11,"1,231.26"
"37,322",20,Female,association_football,DI,90,"5,400",203.88,0,0,0,0,0.14,7.84,0,0,0,0,2.27,19.35,14.31
"37,496",21,Male,american_football,DI,70,"4,200","3,100.32",327.11,107.12,33,2,2.66,32.88,59,35,7.67,5.77,44.29,103.14,454.4
"37,496",21,Male,american_football,DI,70,"4,200","1,813.21",194.8,95.31,19,6,1.55,27.45,29,9,7.27,3.57,25.9,86.11,280.65
"37,496",21,Male,american_football,DI,70,"4,200","2,770.41",284.92,181.16,32,13,2.37,28,39,18,7.02,5.38,39.58,87.82,449.57
"37,496",21,Male,american_football,DI,70,"4,200","2,875.65",188.34,80.17,18,2,2.46,31.88,35,33,6.27,5.78,41.08,107.01,446.9
"37,496",21,Male,american_football,DI,330,"19,800","14,201.23",457.04,52.86,45,6,2.58,29.79,101,43,6.9,9.93,43.03,104.39,"1,394.20"
"37,496",21,Male,american_football,DI,130,"7,800","5,850.62",277.84,90.36,31,8,2.7,28.04,54,21,6.71,7.05,45,98.25,737.92
"37,496",21,Male,american_football,DI,150,"9,000","5,891.24",284.24,88.22,29,9,2.36,28.07,57,19,6.54,7.54,39.27,98.34,730.57
"37,496",21,Male,american_football,DI,70,"4,200","2,943.71",261.63,116.59,28,5,2.52,31.1,56,38,7.5,5.84,42.05,97.54,448.36
"37,496",21,Male,american_football,DI,150,"9,000","6,886.10",309.84,53.5,30,5,2.75,28.54,77,23,7.65,7,45.91,0,770.84
"37,496",21,Male,american_football,DI,70,"4,200","3,717.25",433.28,101.96,38,10,3.19,27.57,59,26,6.69,7.06,53.1,83.83,532.52
"38,294",22,Male,association_football,DI,53,"3,180","3,553.12",0,0,0,0,4.02,19.18,19,10,4.88,4.91,67.04,60.81,451.48
"38,294",22,Male,association_football,DI,83,"4,980","11,132.53",238.75,56.22,25,4,8.05,27.04,46,49,5.84,5.99,134.13,85.74,"1,779.28"
"38,294",22,Male,association_football,DI,120,"7,200","9,910.58",181.19,11.33,13,1,4.96,25.87,20,28,4.85,6.26,82.59,82.02,876.87
"38,294",22,Male,association_football,DI,101,"6,060","13,885.37",556.16,61.59,63,6,8.25,29.66,58,79,5.92,6.52,137.48,105,"2,138.71"
"38,294",22,Male,association_football,DI,55,"3,300","6,185.84",31.7,0,2,0,6.75,24.6,21,39,5.5,7.12,112.47,"1,345.28","1,145.60"
"38,294",22,Male,association_football,DI,75,"4,500",363.03,0,0,0,0,0.29,1.83,0,0,0,0,4.84,0,2.41
"38,294",22,Male,association_football,DI,111,"6,660","11,938.40",263.44,39.1,26,3,6.45,28.25,49,56,5.99,6.92,107.55,114.81,"1,769.03"
"38,294",22,Male,association_football,DI,101,"6,060","13,275.67",509.3,112.69,49,7,7.89,31.54,78,89,5.91,7.43,131.44,106.34,"2,195.81"
"38,294",22,Male,association_football,DI,71,"4,260","4,921.76",153.6,23.93,13,2,4.16,26.2,36,30,5.13,6.53,69.32,83.09,673.84
"38,294",22,Male,association_football,DI,75,"4,500","7,788.08",122.23,25.29,12,1,6.23,28.93,42,63,5.19,6.33,103.84,91.75,"1,219.30"
"38,294",22,Male,association_football,DI,66,"3,960","3,713.47",48.98,0,7,0,3.38,24.42,36,30,5.75,5.15,56.26,77.44,457
"38,294",22,Male,association_football,DI,84,"5,040","11,595.82",464.7,0,37,0,8.28,25.03,44,71,5.86,8.56,138.05,79.38,"2,153.97"
"38,294",22,Male,association_football,DI,111,"6,660","14,504.18",527.93,38.94,53,4,7.84,29.85,69,110,5.65,6.51,130.67,94.66,"2,485.67"
"38,294",22,Male,association_football,DI,80,"4,800","4,058.43",0,0,0,0,3.04,19.08,18,18,5.08,5.8,50.73,60.51,419.96
"38,294",22,Male,association_football,DI,74,"4,440","8,085.51",346.14,60.35,24,3,6.56,26.7,51,59,5.64,6.48,109.26,84.67,"1,240.83"
"38,294",22,Male,association_football,DI,85,"5,100","6,953.70",103.9,16.84,11,1,4.91,27.29,34,39,4.94,4.84,81.81,86.54,967.99
"38,294",22,Male,association_football,DI,96,"5,760","12,783.61",406.02,13.44,38,1,7.99,27.15,59,77,5.69,7.9,133.16,86.11,"2,149.85"
"38,294",22,Male,association_football,DI,79,"4,740","7,277.39",223.21,0,15,0,5.53,23.64,31,46,5.31,6.14,92.12,74.95,"1,078.71"
"38,294",22,Male,association_football,DI,60,"3,600","7,991.50",237.82,15.22,27,1,7.99,27.3,32,41,5.74,7.06,133.19,86.55,"1,285.95"
"38,294",22,Male,association_football,DI,85,"5,100","4,864.41",151.94,28.77,11,3,3.43,25.5,26,17,5.26,7.33,57.23,80.87,675.72
"38,294",22,Male,association_football,DI,91,"5,460","6,412.60",199.27,24.35,14,1,4.23,27.86,37,39,5.23,6.13,70.47,88.36,"1,002.23"
"38,294",22,Male,association_football,DI,95,"5,700","6,823.95",107.75,8.61,11,1,4.31,25.6,47,37,5.36,5.18,71.83,81.18,882.81
"38,294",22,Male,association_football,DI,79,"4,740","6,815.65",144.29,14.08,8,1,5.18,28.07,36,47,6.29,6.4,86.27,89.01,965.33
"38,294",22,Male,association_football,DI,74,"4,440","6,994.73",248.87,12.05,17,2,5.67,25.38,44,45,5.86,6.31,94.52,80.49,"1,031.34"
"38,294",22,Male,association_football,DI,104,"6,240","13,490.48",571.11,50.1,48,5,7.78,26.65,67,100,6.18,7.56,129.72,84.5,"2,314.09"
"38,294",22,Male,association_football,DI,75,"4,500","9,904.20",368.89,31.85,34,2,7.92,26.56,53,77,5.68,6.29,132.06,84.24,"1,785.15"
"38,294",22,Male,association_football,DI,90,"5,400","5,436.82",0,0,0,0,3.62,19.41,15,15,5.26,5.26,60.41,61.55,310.13
"38,727",20,Female,association_football,DI,100,"6,000","5,284.53",42.05,0,4,0,3.17,21.81,23,33,5.78,6.58,52.85,89.02,584.79
"38,727",20,Female,association_football,DI,104,"6,240","10,067.69",180.24,45.02,25,5,5.81,24.93,43,71,5.5,6.36,96.8,61.36,"1,379.69"
"38,727",20,Female,association_football,DI,120,"7,200","6,524.77",57.45,0,5,0,3.26,22.17,19,22,4.36,4.99,54.37,90.47,858.32
"38,727",20,Female,association_football,DI,105,"6,300","3,310.16",55.83,4.85,8,1,1.89,22.07,21,25,4.7,6.42,31.53,90.1,340.4
"38,727",20,Female,association_football,DI,110,"6,600","4,632.59",112.06,84.75,13,3,2.53,24.5,16,19,5.96,5.3,42.11,101.38,483.36
"38,727",20,Female,association_football,DI,78,"4,680","5,052.72",12.05,0,2,0,3.89,19.79,26,35,4.53,5.03,64.78,81.87,716.42
"38,727",20,Female,association_football,DI,75,"4,500",859.67,0,0,0,0,0.69,13.43,2,1,3.12,3.05,11.46,55.56,88.1
"38,727",20,Female,association_football,DI,105,"6,300","3,571.04",3.46,0,1,0,2.04,19.16,24,27,5.29,6.71,34.01,79.28,428
"38,727",20,Female,association_football,DI,123,"7,380","7,734.75",163.92,41.93,22,2,3.77,24.17,27,22,4.87,4.8,62.88,0,"1,072.03"
"38,727",20,Female,association_football,DI,90,"5,400","7,369.98",185.76,60.17,29,11,4.91,24.17,42,54,5.98,8.39,81.89,59.49,"1,246.73"
"38,727",20,Female,association_football,DI,60,"3,600","1,936.89",0,0,0,0,1.94,16.25,7,1,5.29,3.71,32.28,40,186.27
"38,727",20,Female,association_football,DI,91,"5,460","8,029.87",93.77,22.54,15,3,5.29,25.68,64,59,6.78,6.75,88.24,63.21,"1,358.95"
"38,727",20,Female,association_football,DI,99,"5,940","4,309.96",69.51,0,8,0,2.61,22.31,23,25,5.62,5.12,43.53,72.58,433.98
"38,727",20,Female,association_football,DI,116,"6,960","6,658.33",59.42,0,4,0,3.44,22.1,18,20,4.61,5.62,57.4,54.4,829.21
"38,727",20,Female,association_football,DI,100,"6,000","3,743.69",6.93,0,1,0,2.25,20.54,25,12,5.7,7.81,37.44,50.58,400.4
"38,727",20,Female,association_football,DI,90,"5,400","4,540.31",159.64,20.17,16,3,3.03,24.1,41,32,5.38,6.61,50.45,59.33,686.06
"38,727",20,Female,association_football,DI,110,"6,600","3,925.16",52.24,6.57,7,1,2.14,22.73,25,26,4.54,5.38,35.68,55.96,486.08
"38,727",20,Female,association_football,DI,90,"5,400","5,206.26",143.21,65,15,5,3.47,25.42,35,45,5.01,7.87,57.85,62.57,666.02
"38,727",20,Female,association_football,DI,105,"6,300","4,963.37",0,0,0,0,2.84,18.93,20,29,4.67,6.13,47.27,77.28,641.81
"38,727",20,Female,association_football,DI,110,"6,600","4,943.96",16.41,0,3,0,2.7,21.18,30,30,5.28,6.05,44.95,52.13,799.93
"38,727",20,Female,association_football,DI,100,"6,000","6,397.76",80.67,5.83,12,1,3.84,22.38,30,40,4.75,6.2,63.98,55.1,653.19
"38,727",20,Female,association_football,DI,110,"6,600","5,016.60",24.72,7.7,3,1,2.74,22.72,25,30,4.3,5.94,45.61,55.93,619.49
"38,727",20,Female,association_football,DI,90,"5,400","3,599.91",51.17,6.58,7,1,2.4,22.78,22,17,5.09,5.81,40,56.08,491.36
"38,727",20,Female,association_football,DI,92,"5,520","8,327.90",205.56,40.88,23,5,5.43,24.18,44,48,4.47,5.95,90.52,59.51,"1,278.47"
"38,727",20,Female,association_football,DI,90,"5,400","7,747.46",222.44,31.85,22,4,5.16,23.56,30,58,4.67,7.65,86.08,57.99,"1,002.62"
"38,727",20,Female,association_football,DI,90,"5,400","7,732.90",163.14,4.03,21,1,5.16,22.39,36,49,4.6,5.34,85.92,55.13,993.17
"38,727",20,Female,association_football,DI,70,"4,200","3,441.84",9.78,0,2,0,2.95,19.61,23,21,5.19,5.93,49.17,48.27,403.02
"38,727",20,Female,association_football,DI,90,"5,400","7,099.36",153.97,0,14,0,4.73,21.74,20,39,4.63,6.45,78.88,53.53,868.63
"38,727",20,Female,association_football,DI,90,"5,400","9,471.15",220.72,84.22,30,5,6.31,25.16,45,67,5.21,7.35,105.23,61.94,"1,280.22"
"38,727",20,Female,association_football,DI,90,"5,400","3,508.49",71.68,21.04,8,4,2.34,23.22,39,26,5.99,7.49,38.98,57.15,498.71
"38,727",20,Female,association_football,DI,90,"5,400","4,452.76",101.33,50.7,15,3,2.97,25.99,30,32,5.6,7.47,49.48,63.99,680.66
"38,727",20,Female,association_football,DI,90,"5,400","8,155.15",322.12,138.03,34,13,5.44,25.81,47,59,5.01,7.01,90.61,63.54,"1,009.19"
"38,727",20,Female,association_football,DI,90,"5,400","3,033.12",13.91,0,2,0,2.02,21.5,28,30,5.74,5.6,33.7,52.93,423.57
"38,727",20,Female,association_football,DI,90,"5,400","6,321.87",204.26,31.83,28,3,4.21,30.73,44,60,8.13,9.44,70.24,75.66,"1,312.97"
"38,727",20,Female,association_football,DI,76,"4,560","2,376.66",3.85,0,1,0,1.88,19.83,10,5,4.99,4.43,31.27,48.8,291.63
"38,727",20,Female,association_football,DI,90,"5,400","3,895.22",3.15,0,1,0,2.6,19.54,25,26,5.11,5.72,43.28,48.11,503.35
"38,727",20,Female,association_football,DI,90,"5,400","3,646.01",14.9,0,3,0,2.43,21.97,51,38,6.41,6.26,40.51,54.09,465.6
"38,727",20,Female,association_football,DI,105,"6,300","9,380.11",244.03,50.42,30,4,5.36,26.04,26,74,4.54,6.43,89.33,64.09,"1,367.70"
"38,727",20,Female,association_football,DI,100,"6,000","10,192.60",205.45,66.86,24,6,6.12,24.23,39,49,4.82,5.91,101.93,59.64,"1,171.57"
"39,236",20,Male,american_football,DI-FCS,90,"5,400","3,589.47",12.53,0,2,0,2.39,20.62,69,77,8.99,8.52,39.88,81.09,438.92
"39,236",20,Male,american_football,DI-FCS,95,"5,700","1,800.65",0,0,0,0,1.14,16.34,37,26,4.94,4.98,18.95,0,338.61
"39,236",20,Male,american_football,DI-FCS,137,"8,220","1,692.99",75.01,0,11,0,0.74,22.07,24,0,5.02,0,12.36,86.78,318.53
"39,236",20,Male,american_football,DI-FCS,80,"4,800","2,727.90",144.9,5.13,13,1,2.05,25.43,36,26,6.76,8.62,34.1,126.17,300.27
"39,236",20,Male,american_football,DI-FCS,80,"4,800","4,586.54",4.14,0,1,0,3.44,19.89,48,64,9.64,7.02,57.33,78.21,538.09
"39,236",20,Male,american_football,DI-FCS,106,"6,360","5,656.95",7.28,0,1,0,3.2,22.84,83,81,8.18,6.37,53.37,89.82,636.04
"39,236",20,Male,american_football,DI-FCS,130,"7,800","5,227.42",7.33,0,1,0,2.41,21.54,59,68,9.36,9.91,40.21,84.69,594.6
"39,236",20,Male,american_football,DI-FCS,100,"6,000","3,449.93",0,0,0,0,2.07,17.7,88,50,8.42,7.65,34.5,69.59,436.06
"39,348",22,Male,association_football,DI,91,"5,460","4,894.62",21.57,0,2,0,3.23,22.18,35,41,5.2,5.24,53.79,0,752.63
"39,547",22,Male,association_football,DI,91,"5,460","4,814.07",8.13,7.41,1,1,3.17,26.39,45,30,5.36,5.74,52.9,0,693.48
"40,132",20,Male,american_football,DI-FCS,90,"5,400","2,606.21",194.36,4.37,24,1,1.74,25.26,58,76,8.9,9.88,28.96,88.59,347.72
"40,132",20,Male,american_football,DI-FCS,80,"4,800","1,802.16",281.49,0,13,0,1.35,24.85,21,22,7.33,8,22.53,88.43,186.47
"40,132",20,Male,american_football,DI-FCS,95,"5,700","1,408.58",14.94,0,2,0,0.89,22.03,44,33,6.11,6.02,14.83,0,235.23
"40,132",20,Male,american_football,DI-FCS,80,"4,800","4,496.71",24.91,0,3,0,3.37,22.45,66,34,6.53,6.56,56.21,79.87,474.27
"40,132",20,Male,american_football,DI-FCS,137,"8,220","1,632.62",282.12,131.5,29,9,0.72,28.51,21,5,6.5,3.76,11.92,101.46,314.97
"40,132",20,Male,american_football,DI-FCS,106,"6,360","4,615.24",573.03,73.36,48,8,2.61,28.09,114,131,9.38,7.75,43.54,98.52,603.8
"40,132",20,Male,american_football,DI-FCS,130,"7,800","5,521.79",454.68,22.33,36,3,2.55,26.44,82,100,9.8,8.8,42.48,94.1,668.84
"40,132",20,Male,american_football,DI-FCS,100,"6,000","3,076.61",193,58.59,19,4,1.85,27.69,52,44,8.12,7.39,30.77,97.11,327.29
"40,544",21,Male,american_football,DI,130,"7,800","5,538.21",215.98,51.71,21,4,2.56,27.17,56,21,6.27,4.65,42.6,95.16,573.56
"40,544",21,Male,american_football,DI,150,"9,000","6,301.99",205.2,116.55,22,7,2.52,28.55,67,29,6.86,6.89,42.01,111.3,646.83
"40,544",21,Male,american_football,DI,150,"9,000","6,471.41",180.37,6.53,15,1,2.59,25.65,76,20,5.75,6.21,43.14,0,582.85
"40,544",21,Male,american_football,DI,330,"19,800","11,487.95",382.95,105.95,42,9,2.09,29.49,92,66,6.32,9.52,34.81,103.29,"1,046.82"
"40,553",21,Female,association_football,DI,83,"4,980","3,674.98",64.96,11.99,6,2,2.66,23.02,35,36,4.93,5.09,44.28,95.02,514.56
"40,553",21,Female,association_football,DI,60,"3,600","1,977.48",0,0,0,0,1.98,18.42,23,14,4.48,5.09,32.96,68.26,217.3
"40,553",21,Female,association_football,DI,60,"3,600","2,394.59",32.98,0,6,0,2.39,20.62,16,22,5.34,6.3,39.91,72.85,303.14
"40,553",21,Female,association_football,DI,61,"3,660","2,952.14",0,0,0,0,2.9,19.61,34,17,5.02,6.47,48.4,72.66,414.1
"40,553",21,Female,association_football,DI,55,"3,300","2,803.01",4.04,0,1,0,3.06,19.95,22,11,4.67,4.44,50.96,48.91,369.69
"40,553",21,Female,association_football,DI,65,"3,900","3,497.75",32.31,0,4,0,3.23,21.53,32,24,5.36,6.93,53.81,79.78,510.75
"40,553",21,Female,association_football,DI,120,"7,200","4,655.37",20.75,10.16,3,1,2.33,24.23,41,24,5.38,5.78,38.79,120.12,548.75
"40,553",21,Female,association_football,DI,110,"6,600","4,020.53",28.07,0,5,0,2.19,20.32,34,32,5.21,5.76,36.55,83.85,498.54
"40,553",21,Female,association_football,DI,100,"6,000","4,999.23",114.34,14.79,13,2,3,22.95,26,39,4.46,6.2,49.99,94.73,709.23
"40,553",21,Female,association_football,DI,95,"5,700","2,288.92",0,0,0,0,1.45,16.19,10,9,7.59,9.27,24.09,66.8,245.8
"40,553",21,Female,association_football,DI,62,"3,720","2,586.49",8.92,0,2,0,2.5,19.9,25,29,5.51,6.56,41.72,98.62,370.64
"40,553",21,Female,association_football,DI,120,"7,200","1,631.49",8.93,0,2,0,0.82,20.17,26,13,4.43,4.75,13.6,49.47,209.88
"40,553",21,Female,association_football,DI,83,"4,980","2,572.09",0,0,0,0,1.86,19.16,30,26,5.12,5.3,30.99,79.09,325.64
"40,553",21,Female,association_football,DI,90,"5,400",281.52,0,0,0,0,0.19,5.78,0,0,0,0,3.13,23.84,6.52
"40,553",21,Female,association_football,DI,60,"3,600","2,432.02",24.78,21.04,4,2,2.43,25.12,16,7,5.46,5.45,40.53,93.08,308.03
"40,553",21,Female,association_football,DI,66,"3,960","3,552.28",46.29,87.17,8,3,3.23,26.99,25,29,4.7,5.38,53.82,107.43,498.9
"40,553",21,Female,association_football,DI,91,"5,460","4,325.80",170.62,6.53,21,1,2.85,23.07,64,45,5.94,5.11,47.54,85.5,600.17
"40,553",21,Female,association_football,DI,61,"3,660","3,747.99",183.21,0,18,0,3.69,21.88,55,43,4.89,6.15,61.44,81.08,594.79
"40,553",21,Female,association_football,DI,94,"5,640","3,953.07",28.06,0,4,0,2.52,20.88,37,16,5.16,4.64,42.05,77.37,528.04
"40,553",21,Female,association_football,DI,120,"7,200","4,545.62",66.69,0,9,0,2.27,22.77,50,27,5.34,6.29,37.88,84.36,617.99
"40,553",21,Female,association_football,DI,105,"6,300","6,118.70",106.98,69.31,13,3,3.5,26.75,30,33,4.71,5.18,58.27,99.13,"1,000.44"
"40,553",21,Female,association_football,DI,97,"5,820","5,021.61",79.59,18.81,12,1,3.11,23.53,35,26,4.74,5.48,51.77,87.17,815.7
"40,553",21,Female,association_football,DI,87,"5,220","3,184.26",57.48,0,7,0,2.2,21.14,24,19,4.75,4.63,36.6,78.32,425.62
"40,553",21,Female,association_football,DI,36,"2,160","1,449.57",16.78,0,3,0,2.42,20.59,17,17,5.34,4.84,40.27,76.31,187.37
"40,553",21,Female,association_football,DI,107,"6,420",730.18,0,0,0,0,0.41,9.84,0,0,0,0,6.82,36.46,33.76
"40,553",21,Female,association_football,DI,70,"4,200","2,722.56",54.47,0,8,0,2.33,22.08,23,21,8.44,6.39,38.89,81.8,514.34
"40,553",21,Female,association_football,DI,106,"6,360",391.92,0,0,0,0,0.22,14.43,1,0,3.4,0,3.7,53.45,38.22
"40,553",21,Female,association_football,DI,60,"3,600","2,375.93",43.61,13.38,4,1,2.38,23.51,30,23,5.12,5.89,39.6,87.13,318.71
"40,553",21,Female,association_football,DI,108,"6,480","7,715.30",255.37,19.46,31,3,4.29,23.24,38,60,5.77,6.65,71.44,86.11,"1,170.26"
"40,553",21,Female,association_football,DI,75,"4,500","3,942.78",195.08,0,15,0,3.15,22.2,25,13,5.05,4.33,52.57,82.26,499.54
"40,553",21,Female,association_football,DI,111,"6,660",592.96,0,0,0,0,0.32,13.94,3,2,4.37,3.13,5.34,32.52,40.2
"40,553",21,Female,association_football,DI,75,"4,500","2,711.30",33.66,0,4,0,2.17,20.82,20,15,4.56,6.08,36.15,77.14,348.87
"40,553",21,Female,association_football,DI,112,"6,720",754.84,0,0,0,0,0.4,13.43,2,3,5.27,3.81,6.74,49.77,61.21
"40,553",21,Female,association_football,DI,60,"3,600","2,689.64",13.06,78.52,3,3,2.69,28.31,21,12,4.69,5.21,44.83,104.9,326.37
"40,553",21,Female,association_football,DI,60,"3,600","1,398.88",11.73,928.36,2,20,1.4,42.87,2,0,4.25,0,23.31,151.44,251.04
"40,553",21,Female,association_football,DI,60,"3,600","3,141.59",203.02,56.25,24,3,3.14,26.37,20,4,5.05,3.56,52.36,61.51,533.23
"40,553",21,Female,association_football,DI,53,"3,180","3,663.34",343.36,96.03,33,7,4.15,26.3,21,15,5.23,4.63,69.12,61.34,632.95
"40,553",21,Female,association_football,DI,75,"4,500","5,012.27",41.19,30.95,7,4,4.01,23.69,40,41,5.63,5.68,66.83,55.27,482.27
"40,553",21,Female,association_football,DI,75,"4,500","4,207.22",26.1,0,4,0,3.37,21.37,48,64,8.46,6.07,56.1,49.84,387.8
"40,553",21,Female,association_football,DI,75,"4,500","4,887.71",200.87,76.57,23,8,3.91,25.86,53,48,7.61,9.96,65.17,60.31,483.77
"40,553",21,Female,association_football,DI,75,"4,500","4,610.99",152.28,25.22,16,2,3.69,25.38,50,45,4.54,5.84,61.48,59.19,444.29
"40,867",22,Male,association_football,DI,105,"6,300",134.36,0,0,0,0,0.077,5.96,0,0,0,0,1.28,13.97,13.04
"40,867",22,Male,association_football,DI,111,"6,660","12,300.68",327.38,0,27,0,6.65,24.81,57,60,5.51,6.8,110.82,81.9,"1,664.84"
"40,867",22,Male,association_football,DI,51,"3,060","2,794.55",3.32,0,1,0,3.29,21.52,27,17,7.19,6.38,54.8,71.03,281.88
"40,867",22,Male,association_football,DI,105,"6,300","11,356.17",184.21,0,18,0,6.49,25.24,68,62,5.58,8.62,108.15,83.31,"1,674.53"
"40,867",22,Male,association_football,DI,109,"6,540","11,939.41",326.51,11.87,34,1,6.57,26.1,70,85,5.58,7.57,109.54,86.15,"1,700.91"
"40,867",22,Male,association_football,DI,105,"6,300","4,984.54",195.01,9.82,17,2,2.85,25.36,59,37,5.99,6.3,47.47,59.48,740.23
"40,867",22,Male,association_football,DI,93,"5,580","7,043.34",125.48,10.71,13,1,4.54,26.46,61,61,5.52,8.24,75.73,62.05,869.32
"40,867",22,Male,association_football,DI,105,"6,300","5,635.01",59.57,0,8,0,3.22,24.22,48,44,5.76,6.2,53.67,79.94,775.74
"40,867",22,Male,association_football,DI,120,"7,200","6,350.59",61.78,0,7,0,3.18,24.79,53,30,5.62,7.3,52.92,81.83,747.55
"40,867",22,Male,association_football,DI,110,"6,600","11,104.41",342.96,56.32,31,6,6.06,28.44,61,64,5.69,6.17,100.95,93.89,"1,547.44"
"40,867",22,Male,association_football,DI,105,"6,300","12,230.99",219.7,0,19,0,6.99,24.6,85,70,6.7,6.38,116.49,81.21,"1,499.86"
"40,867",22,Male,association_football,DI,110,"6,600","10,811.40",202.54,51.71,21,3,5.9,28.71,65,68,5.75,9.53,98.29,94.79,"1,598.28"
"40,867",22,Male,association_football,DI,111,"6,660","11,534.65",247.21,56.5,26,5,6.23,28.2,64,67,5.6,8.42,103.92,93.07,"1,645.70"
"40,867",22,Male,association_football,DI,106,"6,360","6,155.86",100.94,0,14,0,3.48,24.63,76,91,7.02,9.88,58.07,57.77,650.02
"40,867",22,Male,association_football,DI,85,"5,100","4,661.83",66.18,0,5,0,3.29,23.82,44,34,5.42,5.56,54.85,55.88,638.31
"40,867",22,Male,association_football,DI,95,"5,700","6,348",51.24,0,8,0,4.01,21.6,50,50,5.46,6.45,66.82,50.67,904.37
"40,867",22,Male,association_football,DI,101,"6,060","5,231.19",181.01,19.51,20,2,3.11,25.67,75,45,6.02,6.4,51.79,60.21,800.4
"40,867",22,Male,association_football,DI,297,"17,820","17,178.17",778.48,"1,688.98",51,37,3.47,42.64,142,96,7.54,8.42,57.84,99.75,"2,016.03"
"40,867",22,Male,association_football,DI,92,"5,520","5,194.13",235.32,13.05,20,1,3.39,26.91,77,78,7.36,9.67,56.46,63.11,583.71
"40,867",22,Male,association_football,DI,92,"5,520","5,616.91",108.99,0,12,0,3.66,24.72,89,84,7.93,9.47,61.05,57.97,601.99
"40,867",22,Male,association_football,DI,101,"6,060","3,322.19",102.25,5.88,13,1,1.97,25.75,51,45,7.55,8.01,32.89,60.39,408.02
"40,867",22,Male,association_football,DI,85,"5,100","5,370.83",102.4,9.25,12,2,3.79,26.43,76,72,7.81,9.94,63.19,61.99,538.07
"40,867",22,Male,association_football,DI,80,"4,800","4,189.75",31.51,0,4,0,3.14,22.73,88,82,7.94,10,52.37,53.3,468.7
"40,867",22,Male,association_football,DI,90,"5,400","6,239.59",228,5.13,23,1,4.16,25.13,87,89,9.77,9.17,69.33,58.94,678.61
"40,867",22,Male,association_football,DI,90,"5,400","5,642.78",518.32,80.22,64,8,3.76,29.38,86,78,9.64,8.83,62.7,68.91,675.1
"40,867",22,Male,association_football,DI,90,"5,400","3,203.10",14.06,0,2,0,2.14,22.2,73,45,6.14,6.47,35.59,52.07,314.53
"40,867",22,Male,association_football,DI,90,"5,400","4,228.68",146.58,27.3,18,2,2.82,27.7,65,67,6.25,6.57,46.99,64.97,432.25
"40,867",22,Male,association_football,DI,111,"6,660","6,658.29",98.21,0,10,0,3.6,24.8,86,57,6.08,5.86,59.98,0,927.61
"40,867",22,Male,association_football,DI,113,"6,780","11,951.24",374.57,59.94,37,4,6.35,28.02,63,70,5.24,6.14,105.76,65.55,"1,685.72"
"40,867",22,Male,association_football,DI,83,"4,980","6,282.12",191.18,0,15,0,4.54,25.35,43,43,5.49,9.97,75.69,102.22,824.64
"40,867",22,Male,association_football,DI,60,"3,600","1,885.65",0,0,0,0,1.89,17.45,9,6,4.56,3.49,31.43,40.92,78.45
"40,867",22,Male,association_football,DI,103,"6,180","5,207.24",8.04,0,1,0,3.03,22.72,20,9,5.6,4.9,50.56,53.28,235.9
"40,867",22,Male,association_football,DI,115,"6,900","4,769.76",104.65,0,17,0,2.49,21.19,84,102,9.18,9.42,41.48,49.7,522.3
"40,867",22,Male,association_football,DI,90,"5,400","4,529.31",40.45,0,3,0,3.02,23.39,47,22,5.2,6.72,50.33,54.85,559.58
"40,867",22,Male,association_football,DI,90,"5,400","4,447.54",28.89,0,4,0,2.97,23.18,49,76,8.6,9.91,49.42,54.36,466.83
"40,867",22,Male,association_football,DI,94,"5,640","4,096.26",39.72,0,3,0,2.61,22.17,25,18,5.71,8.43,43.58,51.98,472.67
"40,867",22,Male,association_football,DI,80,"4,800","4,326.21",22.99,0,3,0,3.24,22.06,40,24,5.57,6.18,54.08,72.81,562.74
"40,867",22,Male,association_football,DI,75,"4,500","3,721.96",112.18,0,6,0,2.98,25.01,31,19,6.11,6.23,49.63,90.46,458.91
"40,867",22,Male,association_football,DI,95,"5,700","7,405.21",338.06,65.47,29,3,4.68,27.65,51,57,5.4,10,77.95,109.07,"1,137.93"
"40,867",22,Male,association_football,DI,120,"7,200","6,425.11",131.45,0,13,0,3.21,24.04,72,45,6.02,5.66,53.54,86.94,826.61
"40,867",22,Male,association_football,DI,130,"7,800","7,999.60",279.39,73.43,32,5,3.69,30.29,78,52,5.3,6.04,61.54,109.57,"1,069.01"
"40,867",22,Male,association_football,DI,108,"6,480","3,642.83",0,3.99,0,1,2.02,26.52,31,21,5.69,7.36,33.73,87.55,307.15
"40,867",22,Male,association_football,DI,60,"3,600","2,460.28",0,0,0,0,2.46,19.7,42,32,4.86,6.22,41,65.04,347.45
"40,867",22,Male,association_football,DI,139,"8,340","9,077.81",374.65,47.24,34,6,3.92,29,56,76,5.43,9.35,65.31,95.72,"1,418.49"
"40,867",22,Male,association_football,DI,80,"4,800","5,027.33",70.71,26.64,9,3,3.77,26.8,40,40,4.93,6.96,62.84,88.46,665.6
"40,867",22,Male,association_football,DI,103,"6,180","12,258.60",476.82,91.87,40,7,7.14,28.25,69,93,5.62,6.46,119.02,93.24,"2,004.56"
"40,867",22,Male,association_football,DI,97,"5,820","11,622.65",566.7,74.64,52,9,7.19,27.35,72,97,5.95,6.06,119.82,90.3,"1,670.38"
"40,867",22,Male,association_football,DI,96,"5,760","11,444.62",343.69,29.57,36,2,7.15,26.7,63,63,5.55,7.52,119.21,88.13,"1,460.12"
"40,867",22,Male,association_football,DI,110,"6,600","12,128.94",274.83,16.73,26,2,6.62,26.65,61,88,6.59,7.47,110.26,87.99,"1,710.82"
"40,867",22,Male,association_football,DI,71,"4,260",987.53,0,0,0,0,0.83,11.98,9,2,5.78,4.99,13.91,39.56,89.64
"40,867",22,Male,association_football,DI,81,"4,860","4,711.90",37.01,0,5,0,3.49,24.36,54,33,5.93,6.49,58.17,57.13,590.4
"40,867",22,Male,association_football,DI,99,"5,940","11,110.64",433.38,73.47,40,7,6.73,30.02,64,75,5.44,7.53,112.23,99.09,"1,811.66"
"41,042",20,Male,american_football,DI-FCS,106,"6,360","5,533.92",473.38,186.45,45,19,3.13,28.61,118,126,9.76,9.85,52.21,87.52,707.54
"41,042",20,Male,american_football,DI-FCS,130,"7,800","5,981.51",280.81,145.52,36,13,2.76,32.69,95,117,9.63,8.42,46.01,101.49,798.78
"41,042",20,Male,american_football,DI-FCS,100,"6,000","5,587.99",111.44,34.17,16,3,3.35,28.03,128,104,9.26,8.23,55.88,85.72,713.81
"41,042",20,Male,american_football,DI-FCS,95,"5,700","1,507.43",44.4,0,6,0,0.95,22.25,43,35,6.09,6.39,15.87,0,270.42
"41,042",20,Male,american_football,DI-FCS,90,"5,400","3,021.24",166.45,9.56,22,1,2.01,26.04,61,93,7.89,7.6,33.57,79.66,365.19
"41,042",20,Male,american_football,DI-FCS,80,"4,800","4,169.95",50.6,0,6,0,3.13,24.05,95,68,9.19,7.6,52.12,74.65,544.74
"41,042",20,Male,american_football,DI-FCS,80,"4,800","2,160.57",139.72,170.41,15,9,1.62,32.21,42,44,6.83,9.46,27.01,113.82,272.65
"41,100",19,Female,association_football,DI,50,"3,000","2,368.95",214.88,146.98,22,9,2.84,27.54,14,18,6.15,5.48,47.38,106.09,314.34
"41,100",19,Female,association_football,DI,100,"6,000","6,425.46","1,153.38",96.08,57,11,3.86,24.11,58,22,6.21,4.77,64.25,92.87,961.17
"41,100",19,Female,association_football,DI,120,"7,200","8,311.71",215.11,120.58,27,9,4.16,25.96,42,26,5.22,5.61,69.26,105.78,"1,029.85"
"41,100",19,Female,association_football,DI,120,"7,200","6,845.85",41.22,11.21,6,1,3.42,24.69,48,34,5.05,5.63,57.05,95.1,929.84
"41,100",19,Female,association_football,DI,90,"5,400","4,578.63",357.1,45.72,24,2,3.05,24.54,43,30,5.75,6.79,50.87,100.75,597.41
"41,100",19,Female,association_football,DI,90,"5,400","7,229.52",75.76,7.27,9,1,4.82,23.04,39,22,4.22,5.44,80.33,88.75,946.95
"41,100",19,Female,association_football,DI,100,"6,000","8,753.04",616.82,77.94,67,3,5.25,26.45,57,28,5.53,5.38,87.53,96.03,"1,546.48"
"41,100",19,Female,association_football,DI,90,"5,400","3,776.28",9.82,0,3,0,2.52,19.47,55,63,5.53,6.66,41.96,0,583.95
"41,100",19,Female,association_football,DI,90,"5,400","5,024.53",973.52,48.82,93,2,3.35,24.36,42,16,5.63,4.94,55.83,109.8,777.25
"41,100",19,Female,association_football,DI,90,"5,400","6,390.32",15.65,0,2,0,4.26,20.72,51,34,5.57,5.77,71,84.44,880.37
"41,100",19,Female,association_football,DI,90,"5,400","6,203.63",87.1,94.92,16,3,4.14,26.9,35,34,5.78,4.69,68.93,97.66,806.8
"41,100",19,Female,association_football,DI,75,"4,500","3,730.93",148.9,24.31,11,2,2.98,23.34,20,20,5.66,5.95,49.75,84.73,511.92
"41,100",19,Female,association_football,DI,90,"5,400","5,664.57",139.42,0,10,0,3.78,22.18,51,34,5.52,5.2,62.94,113.94,740.11
"41,100",19,Female,association_football,DI,70,"4,200","5,481.62",57.83,5.68,8,1,4.7,23.6,16,17,4.99,4.42,78.31,85.7,793.14
"41,100",19,Female,association_football,DI,60,"3,600","3,796.32",583.17,49.54,56,4,3.8,24.3,32,20,6.02,5.9,63.27,93.59,712.64
"41,100",19,Female,association_football,DI,100,"6,000","4,569.42",60.79,72.43,11,4,2.74,25.96,30,26,5.73,6.29,45.69,100,629.85
"41,100",19,Female,association_football,DI,90,"5,400",964.22,0,0,0,0,0.64,15,1,5,2.79,3.73,10.71,57.77,87.23
"41,100",19,Female,association_football,DI,95,"5,700","6,239.58",54.79,0,9,0,3.94,21.26,51,48,5.19,5.63,65.68,81.89,833.66
"41,100",19,Female,association_football,DI,60,"3,600",717.45,0,0,0,0,0.72,5.64,0,0,0,0,11.96,21.73,49.57
"41,720",21,Male,american_football,DI,147,"8,820",861.68,36.98,68.4,6,2,0.35,33.48,6,5,5.03,4.8,5.86,96.07,162.85
"41,720",21,Male,american_football,DI,90,"5,400","2,558.09",77.35,0,8,0,1.71,24.2,59,61,6.77,9.31,28.42,69.46,341.25
"41,720",21,Male,american_football,DI,100,"6,000","2,283.39",55.28,0,7,0,1.37,23.94,44,55,6.1,8.81,22.83,68.7,314.6
"41,720",21,Male,american_football,DI,162,"9,720","1,609.09",196.36,259.9,20,7,0.6,35.17,15,5,6.38,7.17,9.93,100.93,366.94
"41,720",21,Male,american_football,DI,60,"3,600","1,511.54",252.33,19.71,24,1,1.51,28.86,26,17,6.41,8.12,25.19,82.05,182.2
"41,720",21,Male,american_football,DI,66,"3,960","2,053.31",150.23,59.02,18,5,1.87,32.94,20,13,5.03,5.6,31.11,93.65,210.97
"41,720",21,Male,american_football,DI,51,"3,060","2,220",811.24,32.77,63,6,2.61,26.68,20,6,6.17,5.93,43.53,75.85,263.04
"41,720",21,Male,american_football,DI,32,"1,920","1,142.59",86.54,0,10,0,2.14,22.57,17,2,8.31,4.27,35.71,64.18,116.34
"41,720",21,Male,american_football,DI,66,"3,960","1,767.83",188.74,61.46,16,5,1.61,30.3,24,8,5.65,5.19,26.79,86.13,187.9
"41,720",21,Male,american_football,DI,52,"3,120","1,842.35",232.52,0,27,0,2.13,24.8,33,18,8.18,8.21,35.43,70.51,203.85
"41,720",21,Male,american_football,DI,55,"3,300","2,232.33",238.17,15.63,29,3,2.44,26.26,63,43,6.6,7.42,40.59,74.68,282.77
"41,720",21,Male,american_football,DI,62,"3,720","2,316",298.49,16.62,37,1,2.24,27.44,46,36,7.35,6.43,37.35,78.01,258.79
"41,720",21,Male,american_football,DI,42,"2,520","2,560.26","1,189.95",28.06,59,5,3.66,25.88,19,1,4.89,3.86,60.96,73.57,293.65
"41,720",21,Male,american_football,DI,61,"3,660","2,290.52",288.98,9.66,34,1,2.25,26.13,40,33,7.56,6.31,37.55,74.28,249.41
"41,720",21,Male,american_football,DI,45,"2,700","2,711.88","1,259.81",86.03,66,16,3.62,26.15,22,5,6.08,6.47,60.26,74.35,314.55
"41,720",21,Male,american_football,DI,70,"4,200","1,844.58",143.52,57.49,12,3,1.58,32,19,9,5.21,5.76,26.35,90.98,178.21
"41,720",21,Male,american_football,DI,62,"3,720","2,361.70",152.77,0,18,0,2.29,24.89,32,24,6.9,8.49,38.09,70.75,246.58
"41,720",21,Male,american_football,DI,62,"3,720","1,329.62",195.36,4.42,17,1,1.29,25.56,18,5,8.31,5.5,21.45,72.68,146.72
"41,720",21,Male,american_football,DI,105,"6,300","1,770.20",20.08,47.13,3,3,1.01,28.98,4,6,5.21,4.69,16.86,90.38,104.71
"41,720",21,Male,american_football,DI,45,"2,700",808.92,0,0,0,0,1.08,19.88,15,10,7.46,7.06,17.98,56.53,82.65
"41,720",21,Male,american_football,DI,180,"10,800","1,033.53",57.4,205.61,7,5,0.34,34.85,10,5,5.61,6.69,5.74,104.88,197.41
"41,720",21,Male,american_football,DI,101,"6,060","4,602.67",50.6,19.63,8,2,2.73,26.54,83,32,5.85,9.55,45.57,93.97,668.22
"41,720",21,Male,american_football,DI,106,"6,360","4,144.02",97.38,64.86,12,4,2.35,28.62,67,44,5.95,7.33,39.09,82.13,599.86
"41,720",21,Male,american_football,DI,95,"5,700","6,725.09",150.34,16.88,18,2,4.25,27.51,69,42,6.59,6.57,70.79,83.56,603.7
"41,720",21,Male,american_football,DI,101,"6,060","4,466.86",103.67,4.77,15,1,2.65,24.8,74,49,7.26,6.36,44.23,87.79,491.03
"41,720",21,Male,american_football,DI,92,"5,520","2,068.83",25.98,0,3,0,1.35,22.78,26,12,6.01,6.38,22.49,71.04,278.18
"41,720",21,Male,american_football,DI,85,"5,100","3,202.29",115.6,31.95,10,2,2.26,26.35,47,19,6.16,6.01,37.67,75.62,417.67
"41,720",21,Male,american_football,DI,66,"3,960","2,068.65",139.3,57.57,13,6,1.88,28.97,22,7,6.22,5.1,31.34,82.37,212.55
"41,720",21,Male,american_football,DI,76,"4,560","2,940.64",133.93,17.7,13,1,2.32,26.53,48,27,5.66,5.41,38.69,80.58,387.84
"41,720",21,Male,american_football,DI,77,"4,620","2,076.79",142.95,26.95,14,4,1.62,29.18,43,28,6.53,8.01,26.97,82.96,210.36
"41,720",21,Male,american_football,DI,75,"4,500","3,309.10",0,0,0,0,2.65,20.73,38,16,9.79,8.17,44.12,73.39,234.39
"41,720",21,Male,american_football,DI,127,"7,620","4,883.80",148.01,136.56,18,7,2.31,31.78,84,47,6.28,8.43,38.46,112.52,617.38
"41,720",21,Male,american_football,DI,55,"3,300","2,063.04",334.42,0,42,0,2.25,24.73,41,27,7.19,4.91,37.51,70.31,233.17
"41,720",21,Male,american_football,DI,67,"4,020","4,084.33","1,336.89",345.56,36,17,3.66,28.05,37,10,7.43,3.53,60.96,0,731.57
"41,720",21,Male,american_football,DI,128,"7,680","6,014.93",210.83,69.49,21,4,2.82,28.1,95,56,7.4,6.92,46.99,88.4,890.44
"41,720",21,Male,american_football,DI,60,"3,600","5,124.21",21.16,0,2,0,5.12,21.94,65,35,9.27,9.05,85.4,78.2,356.4
"41,720",21,Male,american_football,DI,127,"7,620","8,803.80",67.99,18.76,13,3,4.16,26.3,139,85,9.8,9.79,69.32,93.75,708.32
"41,720",21,Male,american_football,DI,127,"7,620","9,978.45",63.21,28.19,10,3,4.71,28.17,158,70,8.49,9.02,78.57,100.43,718.46
"41,720",21,Male,american_football,DI,105,"6,300","5,191.20",157.06,55.58,17,3,2.97,28.25,102,56,6.2,5.67,49.44,100.27,818.33
"41,720",21,Male,american_football,DI,129,"7,740","6,698.79",169.9,15.14,22,2,3.12,27,115,54,6.39,6.1,51.93,95.6,948.12
"41,720",21,Male,american_football,DI,96,"5,760","5,667.10",166.98,84.5,23,4,3.54,29.48,81,35,6.44,5.46,59.03,92.75,742.12
"41,720",21,Male,american_football,DI,10,600,491.25,0,0,0,0,2.95,17.69,5,0,6.44,0,49.13,55.17,50.24
"41,720",21,Male,american_football,DI,67,"4,020","3,187.28",103.9,35.74,11,3,2.85,27.1,34,39,8.9,9.04,47.57,84.52,326.43
"41,720",21,Male,american_football,DI,97,"5,820","5,045.98",58.3,0,7,0,3.12,23.23,63,26,7.18,6.7,52.02,73.1,663.38
"41,720",21,Male,american_football,DI,180,"10,800","6,740.03",157.41,174.89,20,7,2.25,31.89,92,50,6.6,7.01,37.44,100.35,895.43
"41,720",21,Male,american_football,DI,65,"3,900","4,776.60",14.17,0,2,0,4.41,21.29,34,9,9.91,4.2,73.49,66.97,316.32
"41,720",21,Male,american_football,DI,145,"8,700","2,505.55",91.71,345.21,15,11,1.04,32.39,28,17,6.06,6.21,17.28,101,394.31
"41,720",21,Male,american_football,DI,66,"3,960","3,159.74",106.64,29.96,13,2,2.87,26.52,39,23,6.81,5.39,47.87,83.16,411.42
"41,720",21,Male,american_football,DI,120,"7,200","5,435.59",170.02,137.47,21,5,2.72,32.03,66,30,6.56,6.17,45.3,100.43,863.66
"41,720",21,Male,american_football,DI,114,"6,840","2,697.94",87.63,74.83,11,4,1.42,27.88,24,12,6.12,6.5,23.67,86.07,319.56
"41,720",21,Male,american_football,DI,97,"5,820","5,268.32",128.01,100.4,17,5,3.26,29.18,48,22,6.32,5.7,54.31,91.1,587.42
"41,720",21,Male,american_football,DI,61,"3,660","3,876.40",48.04,0,4,0,3.81,23.42,18,18,8.55,7.44,63.55,73.12,303.33
"41,720",21,Male,american_football,DI,124,"7,440","2,930.70",19.93,38.53,2,2,1.42,32.07,20,12,5.41,5.64,23.63,100.12,333.87
"41,720",21,Male,american_football,DI,86,"5,160","4,039.58",125.85,0,13,0,2.82,23.61,36,10,5.99,5.7,46.97,72.89,451.23
"41,720",21,Male,american_football,DI,184,"11,040","1,632.03",117.02,219.77,17,7,0.53,33.23,20,14,5.53,8.55,8.87,100.92,277.84
"41,720",21,Male,american_football,DI,82,"4,920","5,128.80",89.47,0,9,0,3.75,25.19,49,33,9.09,8.89,62.55,78.55,423.68
"41,720",21,Male,american_football,DI,90,"5,400","1,709.25",52.82,0,6,0,1.14,23.13,29,7,6.17,4.49,18.99,71.41,229.37
"41,720",21,Male,american_football,DI,77,"4,620","4,312.19",167.38,14.71,12,1,3.36,28.36,53,23,6.21,5.13,56,87.57,472.53
"41,720",21,Male,american_football,DI,91,"5,460","3,418.63",109.61,40.85,14,3,2.25,29.19,40,15,6.62,5.97,37.57,90.13,392.64
"41,720",21,Male,american_football,DI,105,"6,300","7,638.67",184.71,94.66,23,8,4.36,28.34,81,57,6.45,5.93,72.75,85.28,719.25
"41,720",21,Male,american_football,DI,108,"6,480","2,939.01",80.35,66.82,9,4,1.63,29.52,7,8,5.99,5.57,27.21,91.13,185.14
"41,720",21,Male,american_football,DI,95,"5,700","1,663.33",56.31,0,7,0,1.05,23.68,24,13,6.82,5.45,17.51,73.12,256.65
"41,720",21,Male,american_football,DI,80,"4,800","1,748.09",113.19,18.14,8,1,1.31,25.17,24,9,5.79,5.38,21.85,77.72,244.08
"41,720",21,Male,american_football,DI,91,"5,460","3,115.57",72.43,0,8,0,2.05,23.98,33,14,5.93,5.35,34.24,72.16,426.5
"41,720",21,Male,american_football,DI,172,"10,320","2,023.97",223.7,187.51,26,7,0.71,32.92,28,15,7.1,7.32,11.77,101.65,403.76
"41,720",21,Male,american_football,DI,96,"5,760","4,556.17",122.94,17.88,15,2,2.85,28.87,66,40,5.79,8.79,47.46,86.89,694.14
"41,720",21,Male,american_football,DI,90,"5,400","3,485.14",215.54,75.17,18,4,2.32,27.94,42,20,6.3,7.86,38.72,84.87,499.93
"41,720",21,Male,american_football,DI,105,"6,300","7,509.65",138.51,123.99,20,9,4.29,30.07,69,50,7.35,8.83,71.52,91.32,707.09
"41,720",21,Male,american_football,DI,73,"4,380","3,101.90",143.38,19.18,14,2,2.55,26.86,50,23,5.69,4.76,42.49,80.82,439.68
"41,720",21,Male,american_football,DI,74,"4,440","4,561.59",151.69,24.09,20,2,3.7,28.17,59,45,5.98,8.93,61.64,84.79,403.07
"41,720",21,Male,american_football,DI,172,"10,320","1,472.80",137.29,157.6,15,5,0.51,32.98,23,14,5.32,6.35,8.56,99.24,246.53
"41,720",21,Male,american_football,DI,123,"7,380","5,460.12",208.8,102.28,26,10,2.66,29.09,80,44,6.83,6.6,44.39,87.54,872.31
"41,720",21,Male,american_football,DI,80,"4,800","2,258.26",112.79,9.92,14,2,1.69,26.02,55,31,6.34,8.26,28.23,74.68,261.25
"41,720",21,Male,american_football,DI,109,"6,540","4,636.25",164.42,77.88,21,5,2.55,29.74,69,41,7.01,5.66,42.53,89.49,780.88
"41,720",21,Male,american_football,DI,70,"4,200","2,947.75",137.25,39.9,20,3,2.53,30.3,82,69,8.05,6.88,42.11,86.94,386.3
"41,720",21,Male,american_football,DI,180,"10,800","1,720.68",123.73,262.37,14,8,0.57,32.76,18,10,4.91,9.81,9.56,98.59,340.96
"41,720",21,Male,american_football,DI,105,"6,300","3,367.18",184.66,58.02,24,6,1.92,29.9,51,26,6.29,6.69,32.07,85,331.81
"41,720",21,Male,american_football,DI,140,"8,400","5,087.50",251.69,190.07,35,11,2.18,31.33,75,45,6.26,6.71,36.34,89.09,515.83
"41,720",21,Male,american_football,DI,80,"4,800","2,285.84",5.96,0,1,0,1.71,20.3,51,18,5.66,6.37,28.57,57.72,207.33
"41,720",21,Male,american_football,DI,77,"4,620","2,037.80",5.29,0,1,0,1.59,20.56,46,22,4.98,4.88,26.46,58.46,162.68
"41,720",21,Male,american_football,DI,130,"7,800","4,689.67",296.38,102.96,34,9,2.16,29.27,88,49,6.95,8.34,36.07,83.23,496.77
"41,720",21,Male,american_football,DI,44,"2,640","1,934.44",154.76,0,18,0,2.64,24.51,61,33,7.5,7.41,43.96,69.69,239.4
"41,720",21,Male,american_football,DI,105,"6,300","4,871.47",67.44,19.73,9,2,2.78,27.29,79,36,6.31,5.49,46.39,82.12,752.5
"41,720",21,Male,american_football,DI,80,"4,800","3,788.21",114.08,10.75,11,2,2.84,25.49,44,23,5.15,5.94,47.35,76.71,546.22
"41,720",21,Male,american_football,DI,285,"17,100","2,562.94",135.97,222.76,19,7,0.54,33.08,23,15,6.27,9.49,8.99,99.57,645.95
"41,720",21,Male,american_football,DI,90,"5,400","2,467.36",104.08,12.03,11,1,1.64,28.46,48,20,7.38,7.76,27.42,81.68,269.02
"41,720",21,Male,american_football,DI,111,"6,660","5,069.39",90.63,94.13,13,4,2.74,29.02,73,29,6.35,7.75,45.67,87.32,745.4
"41,720",21,Male,american_football,DI,95,"5,700","4,535.48",49.43,5.79,7,1,2.86,25.56,63,32,6.56,5.86,47.74,76.92,696.59
"41,720",21,Male,american_football,DI,85,"5,100","4,263.31",114.95,16.13,11,2,3.01,25.92,56,32,6.38,6.65,50.16,78.01,656.53
"41,720",21,Male,american_football,DI,94,"5,640","2,121.32",113.55,0,12,0,1.35,23.79,47,21,5.82,6.32,22.57,68.26,264.62
"41,720",21,Male,american_football,DI,112,"6,720","4,968.34",224.36,40.43,23,3,2.66,30.38,75,41,6.1,5.97,44.36,87.19,713
"41,720",21,Male,american_football,DI,112,"6,720","4,545.21",162.05,49.79,19,5,2.43,28.12,70,46,6.1,6.48,40.58,80.68,658.04
"41,720",21,Male,american_football,DI,85,"5,100","4,359.57",298.66,42.85,21,3,3.08,31.03,58,26,6.16,5.02,51.29,89.05,634.84
"41,720",21,Male,american_football,DI,105,"6,300","2,293.04",107.88,4.5,11,1,1.31,25.9,36,24,6.22,8.98,21.84,74.33,274.96
"41,720",21,Male,american_football,DI,110,"6,600","4,990.15",182.57,26.6,15,2,2.72,26.68,72,44,6.51,5.65,45.36,76.55,727.93
"41,720",21,Male,american_football,DI,100,"6,000","3,622.36",134.84,17.13,10,2,2.17,25.78,31,19,5.24,7.48,36.22,73.97,461.55
"41,720",21,Male,american_football,DI,80,"4,800","3,376.67",52.99,0,7,0,2.53,21.6,46,19,5.75,5.07,42.21,61.98,429.86
"41,720",21,Male,american_football,DI,112,"6,720","4,449.40",145.87,81.5,16,5,2.38,28.51,58,35,6.2,6.4,39.73,81.82,655.14
"41,720",21,Male,american_football,DI,153,"9,180","1,063.69",25.78,94.27,4,3,0.42,32.15,10,7,5.66,8.48,6.95,92.25,176.56
"41,720",21,Male,american_football,DI,105,"6,300","4,441.76",162.4,22.58,20,2,2.54,28.12,56,40,5.81,6.48,42.3,80.68,664.96
"41,720",21,Male,american_football,DI,80,"4,800","2,581.16",131.16,31.69,15,4,1.94,27.05,57,30,7.64,5.48,32.26,77.63,326.56
"41,720",21,Male,american_football,DI,157,"9,420","1,063.51",98.61,197.31,14,5,0.41,33.19,13,8,5.95,5.06,6.77,95.25,214.85
"41,720",21,Male,american_football,DI,105,"6,300","4,844.13",254.17,81.14,29,6,2.77,29.2,64,38,6.67,6.11,46.13,83.78,699.86
"41,720",21,Male,american_football,DI,100,"6,000","4,303.58",161.02,56.27,19,4,2.58,28.87,64,39,6.77,7.15,43.04,82.85,612.4
"41,720",21,Male,american_football,DI,100,"6,000","3,834.82",141.92,23.32,18,2,2.3,28.55,60,40,6.21,5.27,38.35,81.92,530.16
"41,720",21,Male,american_football,DI,80,"4,800","3,778.83",159.75,22.57,16,2,2.83,26.78,42,26,5.76,4.88,47.24,76.86,596.08
"41,720",21,Male,american_football,DI,100,"6,000","2,606.66",135.49,0,10,0,1.56,24.24,47,52,7.82,8.67,26.07,69.56,340.07
"41,720",21,Male,american_football,DI,159,"9,540","1,015.72",115.66,147.45,12,5,0.38,32.36,10,5,6.21,9.28,6.39,92.87,213.63
"41,720",21,Male,american_football,DI,90,"5,400","1,902.80",107.23,0,10,0,1.27,24.05,43,41,6.65,8.08,21.14,69.01,272.78
"41,720",21,Male,american_football,DI,100,"6,000","3,821.37",137.5,0,10,0,2.29,23.8,55,18,7.38,4.68,38.21,68.29,585.42
"41,837",20,Female,association_football,DI,40,"2,400","1,856.82",155.47,229.96,22,10,2.79,27.57,36,32,5.99,5.39,46.42,92.76,258.55
"41,837",20,Female,association_football,DI,90,"5,400","2,889.73",0,0,0,0,1.93,17.56,21,14,6.05,4.74,32.11,59.1,289.59
"41,837",20,Female,association_football,DI,60,"3,600","1,700.29",44.21,15.59,6,1,1.7,24.62,30,24,5.67,5.66,28.34,82.85,187.18
"41,837",20,Female,association_football,DI,60,"3,600","3,069.88",0,0,0,0,3.07,17.81,29,28,5.19,5.85,51.16,66.63,363.54
"41,837",20,Female,association_football,DI,23,"1,380","1,588.14",96.89,251.02,16,11,4.14,29.72,14,10,5.33,4.11,69.05,111.18,295.6
"41,837",20,Female,association_football,DI,110,"6,600","4,581",60.03,14.85,8,3,2.5,23.03,36,34,5.16,5.96,41.65,56.8,587.17
"41,837",20,Female,association_football,DI,95,"5,700","3,423.39",37.69,4.07,6,1,2.16,23.55,28,15,5.33,5.22,36.04,88.11,403.23
"41,837",20,Female,association_football,DI,70,"4,200","1,726.28",0,0,0,0,1.48,13.29,0,0,0,0,24.66,32.77,135.34
"41,837",20,Female,association_football,DI,123,"7,380",134.37,0,0,0,0,0.066,12.2,0,1,0,4.88,1.09,0,13.82
"41,837",20,Female,association_football,DI,99,"5,940","3,524.22",11.29,0,2,0,2.14,21.28,14,13,5.06,5.88,35.6,79.6,301.47
"41,837",20,Female,association_football,DI,100,"6,000","3,915.63",8.23,0,1,0,2.35,20.95,29,17,5.51,5.88,39.16,171.68,388.6
"41,837",20,Female,association_football,DI,110,"6,600","3,005.41",36.24,66.28,5,3,1.64,26.73,5,6,4.51,4.73,27.32,65.92,321.38
"42,326",20,Male,american_football,DI-FCS,80,"4,800","4,290.56",66.96,15.01,10,2,3.22,26.82,77,37,6.75,8.41,53.63,118.24,447.28
"42,326",20,Male,american_football,DI-FCS,95,"5,700","1,357.31",63.62,0,7,0,0.86,22.68,42,35,6.43,5.73,14.29,0,303.07
"43,317",22,Male,association_football,DI,110,"6,600","11,127.98",566.55,106.86,52,8,6.07,29.27,67,99,5.58,9.53,101.16,95.62,"1,860.02"
"43,317",22,Male,association_football,DI,105,"6,300",142.17,0,0,0,0,0.081,6.2,0,0,0,0,1.35,14.43,11.02
"43,317",22,Male,association_football,DI,95,"5,700","6,861.26",115.6,0,14,0,4.33,24.29,59,60,5.5,6.53,72.22,56.53,"1,091.69"
"43,317",22,Male,association_football,DI,85,"5,100","5,636",80.69,15.24,8,1,3.98,26.54,52,45,6.65,6.16,66.31,61.75,806.45
"43,317",22,Male,association_football,DI,106,"6,360","5,811.75",193.79,21.1,22,3,3.29,26.74,75,74,6.11,9.84,54.83,62.22,620.88
"43,317",22,Male,association_football,DI,111,"6,660","9,510.94",325.9,21.47,30,3,5.14,25.71,67,68,5.7,8.53,85.68,83.98,"1,561.15"
"43,317",22,Male,association_football,DI,90,"5,400","4,210.56",29.83,0,4,0,2.81,21.62,78,68,6.55,6.44,46.78,50.31,407.09
"43,317",22,Male,association_football,DI,90,"5,400","5,894.39",165.88,12.96,25,2,3.93,26.48,88,98,6.8,8.27,65.49,61.63,644.85
"43,317",22,Male,association_football,DI,80,"4,800","4,570.57",29.22,0,4,0,3.43,25.09,89,71,7.7,7.48,57.13,58.38,450.99
"43,317",22,Male,association_football,DI,90,"5,400","5,241",115.52,0,14,0,3.49,23.78,81,87,6.83,9.15,58.23,55.34,557.85
"43,317",22,Male,association_football,DI,90,"5,400","4,765.56",113.06,15.76,12,1,3.18,26.87,49,46,5.05,7.06,52.95,62.53,590.91
"43,317",22,Male,association_football,DI,115,"6,900","4,224.51",129.57,0,23,0,2.2,22.2,86,84,6.7,9.75,36.73,51.66,478.73
"43,317",22,Male,association_football,DI,80,"4,800","4,463.55",56.85,16.66,7,1,3.35,27.88,46,28,5.55,7.69,55.79,91.07,576.7
"43,317",22,Male,association_football,DI,95,"5,700","7,466.49",193.59,42.13,17,3,4.72,27.01,42,69,6,8.55,78.59,98.16,"1,420.74"
"43,317",22,Male,association_football,DI,90,"5,400","3,835.91",0,0,0,0,2.56,18.5,20,15,6,6.1,42.62,60.43,178.59
"43,317",22,Male,association_football,DI,90,"5,400","4,189.10",212.5,46.17,20,3,2.79,30.66,70,68,9.59,8.12,46.55,71.34,434.56
"43,317",22,Male,association_football,DI,103,"6,180","4,955.69",15.02,0,2,0,2.89,21.26,18,12,5.12,3.89,48.11,49.47,233.37
"43,317",22,Male,association_football,DI,60,"3,600","1,988.28",0,0,0,0,1.99,10.84,7,0,4.7,0,33.14,25.22,67.86
"43,317",22,Male,association_football,DI,83,"4,980","5,675.02",228.02,39.6,21,3,4.1,27.52,36,39,5.3,5.33,68.37,101.79,819.85
"43,317",22,Male,association_football,DI,113,"6,780","11,168.47",319.56,71.8,31,6,5.93,28.11,76,85,5.97,6.54,98.84,65.45,"1,977.65"
"43,317",22,Male,association_football,DI,111,"6,660","7,731.28",143.08,13.95,16,2,4.18,26.43,80,83,5.68,6.75,69.65,0,"1,193.32"
"43,317",22,Male,association_football,DI,85,"5,100","4,790.70",128.71,18.14,19,1,3.38,28.68,70,73,7.38,7.39,56.36,66.73,492.75
"43,317",22,Male,association_football,DI,101,"6,060","4,014.64",120.23,34.67,18,2,2.38,28.16,64,60,6.95,8.85,39.75,65.52,432.81
"43,317",22,Male,association_football,DI,92,"5,520","4,093.89",83.22,4.43,10,1,2.67,25.16,53,68,7.2,9.39,44.5,58.54,455.53
"43,317",22,Male,association_football,DI,92,"5,520","4,564.92",223.12,15.9,19,2,2.98,26.49,49,70,5.37,8.72,49.62,61.63,465.16
"43,317",22,Male,association_football,DI,297,"17,820","18,993.17",478.3,"1,990.68",35,31,3.84,42.97,84,88,7.45,9.87,63.95,100.07,"1,765.35"
"43,317",22,Male,association_football,DI,304,"18,240","19,622.17",453.99,0,40,0,3.87,25.08,109,73,5.8,6.72,64.55,58.4,"2,274.90"
"43,317",22,Male,association_football,DI,120,"7,200","7,605.11",232.14,16.44,20,3,3.8,25.38,83,83,5.57,6.06,63.38,92.2,"1,111"
"43,317",22,Male,association_football,DI,130,"7,800","8,335.01",335.88,67,34,6,3.85,27.88,73,67,4.91,8.3,64.12,101.31,"1,212.30"
"43,317",22,Male,association_football,DI,108,"6,480","4,927.90",6.24,0,1,0,2.74,20.21,35,27,7.1,6.87,45.63,72.5,412.1
"43,317",22,Male,association_football,DI,60,"3,600","2,801.45",24.37,0,4,0,2.8,22.96,32,34,5.48,5.14,46.69,82.34,376.95
"43,317",22,Male,association_football,DI,139,"8,340","8,069.22",266.24,0,19,0,3.48,26.78,75,57,6.5,8.92,58.05,96.05,"1,468.64"
"43,317",22,Male,association_football,DI,80,"4,800","5,584.92",192.58,61.83,19,5,4.19,29.2,50,49,5.31,6.49,69.81,103.11,826.52
"43,317",22,Male,association_football,DI,103,"6,180","7,899.63",510.22,60.9,42,5,4.6,28.32,51,66,5.49,8.09,76.7,96.98,"1,510.72"
"43,317",22,Male,association_football,DI,97,"5,820","8,088.41",470.77,47.22,44,4,5,28.03,45,66,5.37,5.88,83.39,96,"1,416.87"
"43,317",22,Male,association_football,DI,71,"4,260","1,906.04",20.45,0,3,0,1.61,22.59,29,13,6.1,6.51,26.85,77.38,240.16
"43,317",22,Male,association_football,DI,81,"4,860","4,853.97",95.8,22.05,8,1,3.6,28.17,50,34,7.75,6.97,59.93,65.55,666.82
"43,317",22,Male,association_football,DI,111,"6,660","8,196.54",390.88,38.72,39,3,4.43,27.71,50,56,5.66,7.18,73.84,90.53,"1,278.36"
"43,317",22,Male,association_football,DI,51,"3,060",639.03,0,0,0,0,0.75,7.69,0,0,0,0,12.53,25.12,64.05
"43,317",22,Male,association_football,DI,99,"5,940","9,454.01",276.43,81,32,8,5.73,28.31,54,78,5.79,7.15,95.5,96.95,"1,727.08"
"43,317",22,Male,association_football,DI,105,"6,300","4,597.08",113.84,29.75,10,2,2.63,30.61,23,29,5.82,8.86,43.78,104.84,744.98
"43,317",22,Male,association_football,DI,109,"6,540","6,350.13",205.32,23.08,20,3,3.5,26.43,57,65,6.41,7.34,58.26,86.36,992.44
"43,317",22,Male,association_football,DI,70,"4,200","4,190.29",0,0,0,0,3.59,19.41,58,33,5.45,5.83,59.86,45.17,582.17
"43,317",22,Male,association_football,DI,105,"6,300","5,324.67",124.59,0,14,0,3.04,25.06,61,38,6.15,6.38,50.71,58.31,773.22
"43,317",22,Male,association_football,DI,105,"6,300","6,124.53",87.98,4.44,8,1,3.5,26.45,59,74,5.66,6.45,58.33,86.42,900.2
"43,317",22,Male,association_football,DI,120,"7,200","7,470.02",177.52,28.75,21,4,3.74,26.59,71,59,5.62,8.07,62.25,86.85,"1,034.55"
"43,317",22,Male,association_football,DI,110,"6,600","9,273.49",339.24,58.95,32,4,5.06,29.58,71,67,5.63,7.2,84.3,96.64,"1,490.99"
"43,317",22,Male,association_football,DI,105,"6,300","9,509.49",363.85,21.76,33,2,5.43,28.98,71,84,5.92,6.74,90.57,94.67,"1,305.24"
"43,317",22,Male,association_football,DI,110,"6,600","11,554.45",237.73,29.12,23,3,6.3,27.01,75,83,6.18,6.53,105.04,88.25,"2,071.14"
"43,549",19,Female,association_football,DI,50,"3,000","2,136.36",191.21,139.68,21,9,2.56,26.67,11,13,5.09,5.83,42.73,103.22,267.73
"43,549",19,Female,association_football,DI,100,"6,000","5,777.06",232.76,0,39,0,3.47,22.08,55,14,5.66,5.77,57.77,85.44,954.32
"43,549",19,Female,association_football,DI,90,"5,400","5,635.74",180,0,12,0,3.76,21.89,51,38,5.31,6.42,62.62,114.84,720.85
"43,549",19,Female,association_football,DI,90,"5,400","6,882.19",101.81,57.66,13,5,4.59,25.14,30,23,4.77,4.91,76.47,97.31,857.02
"43,549",19,Female,association_football,DI,90,"5,400","4,438.86",105.03,34.68,10,2,2.96,23.54,39,27,5.34,5.58,49.32,106.41,563.49
"43,549",19,Female,association_football,DI,120,"7,200","7,384.55",73.07,0,8,0,3.69,22.02,74,39,5.12,5.36,61.54,85.24,989.46
"43,549",19,Female,association_football,DI,90,"5,400","3,453.85",3.33,0,1,0,2.3,19.06,47,77,4.98,6.06,38.38,0,528.14
"43,549",19,Female,association_football,DI,120,"7,200","7,980.11",289.08,96.69,34,9,3.99,25.84,32,24,5.81,5.67,66.5,109.76,986.57
"43,549",19,Female,association_football,DI,75,"4,500","3,806.15",129.63,0,11,0,3.04,22.1,16,20,4.52,5.37,50.75,82.86,470.25
"43,549",19,Female,association_football,DI,100,"6,000","8,720.35",441.59,0,35,0,5.23,22.04,59,24,4.91,6.74,87.2,82.65,"1,418.77"
"43,549",19,Female,association_football,DI,90,"5,400","5,679.15",166.85,0,18,0,3.79,21.74,42,47,5.83,5.95,63.1,84.16,725.57
"43,549",19,Female,association_football,DI,70,"4,200","3,992.29",45.93,41.68,5,2,3.42,25.04,16,17,4.13,4.32,57.03,93.9,460.07
"43,549",19,Female,association_football,DI,60,"3,600","3,998.05",383.87,31.69,40,2,4,24.95,32,15,5.21,5.44,66.63,96.57,647.63
"43,549",19,Female,association_football,DI,90,"5,400","5,187.02",266.27,0,29,0,3.46,22.12,40,14,6.16,4.01,57.63,101.05,780.96
"43,549",19,Female,association_football,DI,90,"5,400","5,611.76",5.86,0,1,0,3.74,20.01,29,23,5.03,4.91,62.35,84.98,719.41
"43,549",19,Female,association_football,DI,100,"6,000","4,126.62",107.81,37.78,9,3,2.48,25.58,13,13,4.91,4.95,41.27,98.99,464.93
"43,549",19,Female,association_football,DI,90,"5,400","2,295.11",8.54,0,1,0,1.53,19.65,6,10,4.1,3.93,25.5,76.05,178.07
"43,549",19,Female,association_football,DI,95,"5,700","5,914.09",20.97,0,4,0,3.74,19.63,29,37,4.33,5.79,62.25,75.99,769.04
"43,911",22,Male,association_football,DI,93,"5,580","7,608.96",173.3,10.65,15,1,4.91,26.78,70,63,5.47,6.6,81.82,62.72,"1,105.05"
"43,911",22,Male,association_football,DI,81,"4,860","4,745.51",63.27,0,7,0,3.52,25.06,42,25,5.51,5.63,58.59,58.69,669.98
"43,911",22,Male,association_football,DI,70,"4,200","4,683.59",36.85,0,6,0,4.01,23.66,73,29,5.48,5.63,66.91,55.42,696.24
"43,911",22,Male,association_football,DI,51,"3,060",164.01,0,0,0,0,0.19,3.14,0,0,0,0,3.22,9.93,0.072
"43,911",22,Male,association_football,DI,90,"5,400","4,200.78",70.68,0,10,0,2.8,24.1,81,67,7.53,9.02,46.68,56.44,444.78
"43,911",22,Male,association_football,DI,90,"5,400","5,847.65",565.02,161.9,54,10,3.9,30.55,94,56,6.12,8.87,64.97,71.55,652.36
"43,911",22,Male,association_football,DI,83,"4,980","4,271.13",45.46,84.53,6,4,3.09,29.29,26,18,4.68,5.97,51.46,108.16,533.78
"43,911",22,Male,association_football,DI,60,"3,600","2,820.78",3.4,0,1,0,2.82,20.71,34,19,5.93,5.46,47.01,48.51,214.78
"43,911",22,Male,association_football,DI,115,"6,900","5,104.29",30.57,0,5,0,2.66,21.76,91,104,9.19,9.84,44.39,50.97,608.56
"43,911",22,Male,association_football,DI,103,"6,180","3,949.82",0,0,0,0,2.3,8.83,0,0,0,0,38.35,20.68,77.5
"43,911",22,Male,association_football,DI,90,"5,400","5,003.18",65.41,0,7,0,3.34,22.27,26,20,5,4.71,55.59,52.15,670.44
"43,911",22,Male,association_football,DI,90,"5,400","1,004.62",0,0,0,0,0.67,6.22,0,0,0,0,11.16,19.65,4.26
"43,911",22,Male,association_football,DI,75,"4,500","4,783.28",87.92,11.07,10,1,3.83,26.13,43,33,6.1,5.24,63.78,89.2,636.29
"43,911",22,Male,association_football,DI,130,"7,800","7,994.11",203.86,84.06,21,6,3.69,27.43,73,39,5.95,8.22,61.49,86.68,"1,095.37"
"43,911",22,Male,association_football,DI,108,"6,480","4,792.35",5.82,4.38,1,1,2.66,31.64,34,27,9.38,7.19,44.37,108.02,426.16
"43,911",22,Male,association_football,DI,60,"3,600","2,652.45",42.27,0,4,0,2.65,22.84,43,17,5.57,5.22,44.21,72.19,345.09
"43,911",22,Male,association_football,DI,80,"4,800","4,728.05",46.88,12.92,6,2,3.55,25.01,40,25,4.62,6.28,59.1,79.05,598.94
"43,911",22,Male,association_football,DI,71,"4,260","3,921.68",104.11,47.16,12,2,3.31,28.25,59,44,6.03,6.6,55.23,89.28,550.33
"43,911",22,Male,association_football,DI,90,"5,400","4,262.12",232.81,37.03,23,4,2.84,29.36,81,45,8.02,6.07,47.36,68.77,431.15
"43,911",22,Male,association_football,DI,90,"5,400","5,325.29",139.77,0,16,0,3.55,23.97,92,80,9.25,6.75,59.17,56.14,530.55
"43,911",22,Male,association_football,DI,101,"6,060","5,511.26",179.57,102.26,25,7,3.27,30.4,71,73,5.9,6.16,54.57,71.2,552.35
"43,911",22,Male,association_football,DI,111,"6,660","7,720.38",56.93,13.19,6,1,4.17,27.08,74,21,5.43,5.49,69.55,0,"1,023.35"
"43,911",22,Male,association_football,DI,92,"5,520","6,087.72",137.76,5.97,15,1,3.97,26.03,78,74,9.55,8.88,66.17,60.97,606.71
"43,911",22,Male,association_football,DI,297,"17,820","3,590.17",72.1,805.74,6,14,0.73,42.7,0,0,0,0,12.09,99.44,111.28
"43,911",22,Male,association_football,DI,105,"6,300",133.8,0,0,0,0,0.076,6.35,0,0,0,0,1.27,14.86,9.41
"43,911",22,Male,association_football,DI,95,"5,700","5,816.28",84.22,8.44,10,1,3.67,25.38,52,31,4.91,5.61,61.22,59.44,836.76
"43,911",22,Male,association_football,DI,106,"6,360","7,525.27",225.86,25.05,25,2,4.26,29.27,101,80,8.41,9.92,70.99,68.56,766.74
"44,783",18,Male,association_football,DI,90,"5,400","4,627.34",0,0,0,0,3.08,19.7,43,42,5.21,6.08,51.41,69.39,524.52
"44,783",18,Male,association_football,DI,125,"7,500","8,180.27",191.86,47.54,18,3,3.93,28.39,80,45,5.88,7.02,65.44,0,994.9
"44,783",18,Male,association_football,DI,90,"5,400","5,104.70",91.56,32.73,8,2,3.4,26.32,50,31,5.94,6.27,56.72,92.72,623.17
"44,783",18,Male,association_football,DI,120,"7,200","5,198.36",305.78,27.31,26,3,2.6,26.36,52,23,5.64,5.72,43.32,92.86,647.13
"44,783",18,Male,association_football,DI,120,"7,200","8,652.42",273.29,64.65,28,5,4.33,26.83,63,52,6.43,6.04,72.1,94.52,"1,035.82"
"44,783",18,Male,association_football,DI,120,"7,200","4,922.92",79.28,16.01,6,2,2.46,25.5,46,11,5.22,5.62,41.02,89.84,548.89
"44,783",18,Male,association_football,DI,195,"11,700","7,533.90",119.24,18.91,9,1,2.32,27.34,49,34,6.6,6.05,38.64,96.32,893.97
"44,783",18,Male,association_football,DI,120,"7,200","7,490.59",241.26,94.67,23,6,3.75,28.7,48,44,5.89,5.1,62.42,101.11,933.57
"44,783",18,Male,association_football,DI,120,"7,200","7,522.79",75.26,7.18,10,1,3.76,25.65,87,47,5.8,6.22,62.69,89.36,849.59
"44,783",18,Male,association_football,DI,120,"7,200","6,064.09",75.78,0,8,0,3.03,23.64,55,45,5.15,6.28,50.53,82.38,724.85
"44,783",18,Male,association_football,DI,120,"7,200","5,804.39",36.57,0,4,0,2.9,24.73,48,30,5.61,7.83,48.37,86.15,683.01
"44,783",18,Male,association_football,DI,120,"7,200","7,352.41",94.85,16.16,14,2,3.68,26.27,86,51,5.33,5.88,61.27,91.51,814.6
"44,783",18,Male,association_football,DI,120,"7,200","5,695.30",83.71,83.51,11,4,2.85,28.88,58,52,5.47,6.84,47.46,93.92,700.7
"44,783",18,Male,association_football,DI,120,"7,200","6,869",107.42,89.55,11,5,3.43,29.5,69,57,5.7,5.66,57.24,95.94,806.19
"44,783",18,Male,association_football,DI,95,"5,700","1,102.69",13.55,0,2,0,0.7,21.2,13,17,4.9,4,11.61,68.95,158.93
"44,783",18,Male,association_football,DI,90,"5,400","1,081.10",4.56,0,1,0,0.72,20.4,8,22,4.89,4.47,12.01,66.35,126.2
"44,783",18,Male,association_football,DI,90,"5,400","5,393.70",87.99,50.8,9,2,3.6,28.76,66,39,5.69,5.65,59.93,100.22,632.11
"44,783",18,Male,association_football,DI,95,"5,700",995.6,72.41,42.08,6,2,0.63,30.74,3,3,3.65,3.88,10.48,104.23,156.19
"44,783",18,Male,association_football,DI,90,"5,400",535.82,0,0,0,0,0.36,14.07,1,2,3.98,3.81,5.95,45.78,41.58
"44,800",19,Female,association_football,DI,90,"5,400","5,380.59",17.79,0,3,0,3.59,19.71,33,35,5.06,6,59.78,116.97,631.3
"44,800",19,Female,association_football,DI,90,"5,400","5,121.28",101.14,34.11,11,5,3.41,24.32,26,22,5.27,4.88,56.9,102.33,591.55
"44,800",19,Female,association_football,DI,75,"4,500","3,636.40",26.31,0,2,0,2.91,20.29,15,16,4.71,4.53,48.49,83.42,364.86
"44,800",19,Female,association_football,DI,60,"3,600","1,085.08",0,0,0,0,1.09,17.34,21,22,4.98,4.8,18.08,77.38,200.87
"44,800",19,Female,association_football,DI,60,"3,600","3,495.13",34.86,0,2,0,3.5,20.39,25,10,5.29,4.97,58.25,90.97,508.79
"44,800",19,Female,association_football,DI,70,"4,200","4,498.40",0,0,0,0,3.86,18.94,12,7,4.88,4.55,64.26,79.68,599.52
"44,800",19,Female,association_football,DI,90,"5,400","5,195.64",0,0,0,0,3.46,18.8,30,20,5.6,4.47,57.73,83.87,598.08
"44,800",19,Female,association_football,DI,95,"5,700","5,521.71",4.77,0,1,0,3.49,19.49,23,29,5.27,5.31,58.12,90.23,667.84
"44,800",19,Female,association_football,DI,90,"5,400","1,592.04",0,0,0,0,1.06,13.86,11,14,3.8,4.13,17.69,61.83,140.08
"44,800",19,Female,association_football,DI,100,"6,000","4,242.85",64.54,0,6,0,2.55,22.41,31,18,5.26,5.07,42.43,103.77,526.53
"44,800",19,Female,association_football,DI,90,"5,400","6,725.78",4.94,0,1,0,4.48,19.38,38,13,5.13,4.26,74.73,89.73,875.38
"44,800",19,Female,association_football,DI,90,"5,400","4,243.95",3.1,0,1,0,2.83,18.99,35,15,5.24,4.99,47.15,90.7,570.43
"44,800",19,Female,association_football,DI,90,"5,400","5,526.65",0,0,0,0,3.68,17.44,32,21,5.2,5.53,61.41,83.27,594.25
"44,800",19,Female,association_football,DI,90,"5,400","4,531.51",95.7,0,12,0,3.02,20.94,27,4,5.02,3.67,50.35,106.27,571.83
"44,800",19,Female,association_football,DI,100,"6,000","6,877.48",38.41,0,7,0,4.13,20.42,20,9,4.54,3.86,68.77,85.91,885.72
"44,800",19,Female,association_football,DI,120,"7,200","6,619.05",15.73,0,3,0,3.31,19.34,47,31,5.19,5.7,55.16,89.56,793.09
"44,800",19,Female,association_football,DI,120,"7,200","7,105.01",123.45,0,10,0,3.55,21.6,36,20,5.28,4.02,59.21,103.13,875.94
"44,800",19,Female,association_football,DI,100,"6,000","5,495.81",27.68,0,2,0,3.3,20.46,34,11,5.31,4.92,54.96,94.75,768.05
"44,800",19,Female,association_football,DI,50,"3,000","2,001.44",173.8,20.36,11,4,2.4,23.76,10,6,5.13,5.22,40.03,106.04,232.11
"44,800",19,Female,association_football,DI,90,"5,400","2,825.78",0,0,0,0,1.88,16.85,31,35,4.95,5.06,31.4,0,312.27
"44,844",20,Female,association_football,DI,105,"6,300","3,151.81",33.01,0,3,0,1.8,21.95,23,20,6.4,5.7,30.02,91.18,361.69
"44,844",20,Female,association_football,DI,78,"4,680","4,055.83",39.79,0,6,0,3.12,23.02,47,26,6.93,5.66,52,95.64,796.77
"44,844",20,Female,association_football,DI,60,"3,600",137.28,0,0,0,0,0.14,15.77,0,0,0,0,2.29,38.93,16.12
"44,844",20,Female,association_football,DI,99,"5,940","3,389.89",9.72,0,1,0,2.05,20.41,23,9,5.51,5.29,34.24,69.93,376.04
"44,844",20,Female,association_football,DI,116,"6,960","5,896.29",77.84,4.77,11,1,3.05,25.74,51,46,6.49,6.82,50.83,63.54,929.66
"44,844",20,Female,association_football,DI,110,"6,600","3,668.60",26.47,119.02,7,4,2,29.18,39,20,6.27,6.15,33.35,121.23,588.9
"44,844",20,Female,association_football,DI,100,"6,000","4,225.28",11.22,11.74,3,2,2.54,24.95,36,31,6.18,5.61,42.25,85.49,546.71
"44,844",20,Female,association_football,DI,105,"6,300","4,911.22",9.51,0,1,0,2.81,21.03,54,45,5.68,5.99,46.77,72.05,878.09
"44,844",20,Female,association_football,DI,120,"7,200","5,364.36",80.1,42.76,11,2,2.68,27.52,37,41,5.42,6.03,44.7,94.31,893.46
"44,844",20,Female,association_football,DI,105,"6,300","2,878.66",32.39,13.65,5,2,1.64,25.82,28,17,5.76,7.1,27.42,88.48,392.59
"44,844",20,Female,association_football,DI,120,"7,200","6,399.95",211.57,4.63,25,1,3.2,23.25,22,20,5.16,5.87,53.33,57.39,"1,286.42"
"44,844",20,Female,association_football,DI,123,"7,380","5,641.80",93.54,26.21,9,3,2.75,24.07,31,38,5.12,5.53,45.87,0,698.79
"44,844",20,Female,association_football,DI,75,"4,500",718.9,0,0,0,0,0.58,10.82,0,0,0,0,9.59,44.95,72.47
"44,846",20,Female,association_football,DI,99,"5,940","3,368.75",5.79,0,1,0,2.04,19.48,17,11,4.1,4.71,34.03,45.46,342.22
"44,846",20,Female,association_football,DI,120,"7,200","5,483.68",212.84,36.54,18,6,2.74,24.74,19,18,5.56,6.49,45.7,61.09,870.92
"44,846",20,Female,association_football,DI,123,"7,380","5,022.41",73.89,0,9,0,2.45,21.85,22,26,4.16,4.76,40.83,0,722.55
"44,846",20,Female,association_football,DI,105,"6,300","2,679.02",11.52,0,2,0,1.53,20.64,16,19,4.72,6.01,25.51,94.49,327.75
"44,846",20,Female,association_football,DI,75,"4,500",751.33,0,0,0,0,0.6,12.08,0,0,0,0,10.02,55.27,76
"44,846",20,Female,association_football,DI,78,"4,680","4,538.55",4.26,0,1,0,3.49,20.25,30,36,4.45,5.46,58.19,92.67,688.05
"44,846",20,Female,association_football,DI,100,"6,000","2,144.12",0,0,0,0,1.29,18.32,12,11,5.45,4.58,21.44,45.23,307.39
"44,846",20,Female,association_football,DI,110,"6,600","3,838.02",51.69,82.22,6,4,2.09,25.14,30,15,5.48,5.01,34.89,115.06,462.33
"44,846",20,Female,association_football,DI,80,"4,800","2,842.61",10.11,0,2,0,2.13,20.59,23,12,4.99,4.54,35.53,50.84,358.35
"44,846",20,Female,association_football,DI,105,"6,300","3,291.82",7.87,0,1,0,1.88,20.77,35,21,4.48,4.41,31.35,82.62,467.98
"44,846",20,Female,association_football,DI,100,"6,000","4,360.38",42.65,0,4,0,2.62,22.37,32,19,6.05,4.73,43.6,88.99,566.26
"44,846",20,Female,association_football,DI,116,"6,960","2,620.89",0,0,0,0,1.36,17.54,22,12,6.8,4.68,22.59,43.3,325.89
"44,846",20,Female,association_football,DI,105,"6,300","2,556.23",16.59,0,2,0,1.46,22.27,22,18,4.97,5.83,24.35,88.59,300.91
"44,846",20,Female,association_football,DI,60,"3,600","1,606.78",0,0,0,0,1.61,16.73,5,0,3.78,0,26.78,41.32,180.52
"44,846",20,Female,association_football,DI,95,"5,700","2,251.48",12.1,12.22,1,1,1.42,28.37,23,14,5.61,4.98,23.7,112.86,233.38
"44,846",20,Female,association_football,DI,70,"4,200","4,338.22",139.02,4.47,12,1,3.72,23.17,24,37,5.41,6.7,61.97,57.21,657.82
"44,846",20,Female,association_football,DI,100,"6,000","3,214.89",5.38,0,1,0,1.93,19.81,34,24,6.87,7.39,32.15,48.92,392.71
"44,846",20,Female,association_football,DI,120,"7,200","3,860.41",16.82,0,1,0,1.93,22.65,16,18,4.17,6.65,32.17,90.1,492.68
"44,859",20,Male,american_football,DI-FCS,90,"5,400","3,580.64",110.36,0,14,0,2.39,23.59,80,93,8.25,8.24,39.78,75.73,496.33
"44,859",20,Male,american_football,DI-FCS,80,"4,800","2,564.79",163.85,125.7,15,10,1.92,31.15,30,45,8.8,9.91,32.06,112.83,299.27
"44,859",20,Male,american_football,DI-FCS,100,"6,000","2,461.59",20.23,0,2,0,1.48,23.65,49,51,8.3,9.42,24.62,75.91,327.66
"44,859",20,Male,american_football,DI-FCS,137,"8,220","1,876.64",393.37,55.55,26,4,0.82,27.61,25,4,6.59,5.12,13.7,0,392.65
"44,859",20,Male,american_football,DI-FCS,130,"7,800","5,781.13",233.66,9.25,24,2,2.67,25.49,114,109,8.98,9.83,44.47,92.32,788.09
"44,859",20,Male,american_football,DI-FCS,80,"4,800","3,500.07",107.83,0,11,0,2.63,23.32,84,34,8.42,9.99,43.75,84.46,393.17
"45,048",19,Female,association_football,DI,100,"6,000","6,157.35",714.93,0,62,0,3.69,22,50,22,5.12,6.23,61.57,85.83,"1,006.58"
"45,048",19,Female,association_football,DI,120,"7,200","7,750.17",162.43,70.97,25,9,3.88,24.65,37,40,5.4,5.59,64.58,96.17,"1,076.29"
"45,048",19,Female,association_football,DI,120,"7,200","7,711.26",114.6,0,11,0,3.86,22,69,52,5.22,5.15,64.26,85.8,"1,034.45"
"45,048",19,Female,association_football,DI,90,"5,400","4,427.55",316.55,37.45,21,2,2.95,24.61,33,21,5.25,5.88,49.19,95.98,554.33
"45,048",19,Female,association_football,DI,90,"5,400","6,827.31",98.62,18.26,12,3,4.55,23.41,50,43,4.9,5.96,75.86,91.32,970.08
"45,048",19,Female,association_football,DI,90,"5,400","5,442.33",153.26,0,16,0,3.63,20.49,40,42,4.88,5.6,60.47,109.15,705.77
"45,048",19,Female,association_football,DI,90,"5,400","3,735.50",0,0,0,0,2.49,18.77,49,70,4.56,5.4,41.51,0,582.84
"45,048",19,Female,association_football,DI,90,"5,400","5,311.55",689.56,65.5,80,1,3.54,25.64,36,20,4.97,5.41,59.02,125.11,769.17
"45,048",19,Female,association_football,DI,90,"5,400","5,581.06",8.91,0,2,0,3.72,20.41,36,39,4.43,5.51,62.01,79.62,854.86
"45,048",19,Female,association_football,DI,90,"5,400","1,646.99",0,0,0,0,1.1,14.47,4,11,3.19,4.24,18.3,56.45,122.75
"45,048",19,Female,association_football,DI,75,"4,500","3,955.85",132.31,15.89,8,1,3.16,23.76,17,28,5.58,6.24,52.74,88.41,509.33
"45,048",19,Female,association_football,DI,90,"5,400","5,251.82",609.22,44.98,55,2,3.5,25.03,42,10,4.76,4.09,58.35,93.13,662.55
"45,048",19,Female,association_football,DI,90,"5,400","5,605.20",77.26,101.37,11,5,3.74,26.88,33,41,5.31,5.59,62.28,103.46,781.85
"45,048",19,Female,association_football,DI,50,"3,000","2,127.51",177.66,122.33,18,7,2.55,25.98,8,10,4.96,5.15,42.55,101.33,286.49
"45,048",19,Female,association_football,DI,95,"5,700","6,094.17",32.22,0,3,0,3.85,21.44,47,50,4.62,5.69,64.15,83.62,906.38
"45,048",19,Female,association_football,DI,100,"6,000","8,359.56",502.66,72.26,65,3,5.02,25.07,42,31,4.85,5.56,83.6,96.52,"1,310.13"
"45,048",19,Female,association_football,DI,90,"5,400","5,555.18",290.81,0,16,0,3.7,22.27,47,54,5.15,5.9,61.72,86.88,824.03
"45,048",19,Female,association_football,DI,70,"4,200","4,054.33",27.53,0,3,0,3.48,21.81,11,18,5.14,5.2,57.92,83.95,579.78
"45,048",19,Female,association_football,DI,60,"3,600","4,162.30",694.51,26.62,56,3,4.16,24.06,32,16,5.5,5.24,69.37,93.85,684.32
"45,048",19,Female,association_football,DI,100,"6,000","4,705.80",51,30.88,6,2,2.82,24.97,17,19,4.33,5.29,47.06,97.4,589.22
"45,111",20,Female,association_football,DI,90,"5,400","4,298.77",27.03,0,4,0,2.87,21.53,36,19,5.13,5.5,47.76,52.94,528.96
"45,111",20,Female,association_football,DI,110,"6,600","4,953.61",73.21,0,5,0,2.7,21.51,34,15,4.86,6.14,45.03,52.88,612.84
"45,111",20,Female,association_football,DI,100,"6,000","7,555.18",82.73,9.14,8,1,4.53,23.02,26,43,5.54,5.98,75.55,56.61,788.04
"45,111",20,Female,association_football,DI,110,"6,600","4,150.65",9.72,0,2,0,2.26,19.69,18,24,5.08,5.38,37.73,48.71,485.34
"45,111",20,Female,association_football,DI,90,"5,400","3,654.87",12.58,0,3,0,2.44,19.67,30,12,4.54,4.92,40.61,48.37,459.58
"45,111",20,Female,association_football,DI,92,"5,520","6,436.58",174.04,26.31,18,4,4.2,22.69,19,33,4.72,5.56,69.96,55.78,776.9
"45,111",20,Female,association_football,DI,90,"5,400","6,827.09",76.76,19.24,11,3,4.55,22.95,32,34,4.73,6.55,75.86,56.42,806.24
"45,111",20,Female,association_football,DI,70,"4,200","2,436.39",0,0,0,0,2.09,18.29,19,12,5.01,5.65,34.81,44.98,275.08
"45,111",20,Female,association_football,DI,90,"5,400","5,987.99",64.3,21.14,8,3,3.99,23.79,25,28,4.41,5.5,66.53,58.49,582
"45,111",20,Female,association_football,DI,90,"5,400","7,186.61",63.56,23.02,6,1,4.79,25.52,21,22,4.37,5.01,79.85,62.76,900.06
"45,111",20,Female,association_football,DI,90,"5,400","3,579.55",78.92,0,6,0,2.39,22.44,43,27,4.93,5.44,39.77,55.18,389.09
"45,111",20,Female,association_football,DI,90,"5,400","3,619.92",26.16,11.45,3,1,2.41,23.42,40,35,4.7,5.23,40.22,57.58,445.56
"45,111",20,Female,association_football,DI,90,"5,400","4,301.43",12.69,27.51,2,1,2.87,25.01,18,13,5.24,4.51,47.79,61.49,476.55
"45,111",20,Female,association_football,DI,90,"5,400","7,161.26",77.41,5.64,11,1,4.77,22.84,36,28,5.2,6.27,79.57,56.16,839.37
"45,111",20,Female,association_football,DI,90,"5,400",182.35,0,0,0,0,0.12,8.98,0,0,0,0,2.03,22.08,12.53
"45,111",20,Female,association_football,DI,90,"5,400",101.74,0,0,0,0,0.068,6.15,0,0,0,0,1.13,15.13,8.34
"45,111",20,Female,association_football,DI,90,"5,400","6,141.03",45.28,19.62,6,1,4.09,24.57,25,37,4.37,5.64,68.23,60.41,733.05
"45,111",20,Female,association_football,DI,76,"4,560","2,643.58",0,0,0,0,2.09,15.88,7,17,4.13,5.94,34.78,39.05,328.53
"45,111",20,Female,association_football,DI,90,"5,400","3,586.38",5.19,0,1,0,2.39,19.2,25,22,5.2,4.77,39.85,47.21,397.76
"45,111",20,Female,association_football,DI,90,"5,400","3,407.35",14.34,0,2,0,2.27,20.82,27,21,5.53,5.43,37.86,51.18,455.94
"45,111",20,Female,association_football,DI,100,"6,000","8,542.90",129.5,25.98,13,2,5.13,23.81,30,45,4.41,7.02,85.43,58.55,857.21
"45,111",20,Female,association_football,DI,77,"4,620","3,250.04",24.22,19.16,4,2,2.53,28.64,15,24,4.92,5.64,42.21,106.61,338.23
"45,111",20,Female,association_football,DI,70,"4,200","1,688.51",0,0,0,0,1.45,12.98,0,0,0,0,24.12,31.91,132.27
"45,111",20,Female,association_football,DI,100,"6,000","3,510.03",0,0,0,0,2.11,19.29,25,21,5.49,8.65,35.1,47.69,356.79
"45,111",20,Female,association_football,DI,104,"6,240","8,187.76",128.26,27.32,17,2,4.72,25.72,38,36,5.16,8.59,78.73,63.61,"1,064.95"
"45,111",20,Female,association_football,DI,90,"5,400","8,246.49",105.19,13.47,11,2,5.5,22.98,40,48,4.85,7.3,91.63,56.52,"1,036.97"
"45,111",20,Female,association_football,DI,120,"7,200","5,366.66",39.73,25.79,5,1,2.68,24.47,29,18,4.52,4.62,44.72,96.15,632.99
"45,111",20,Female,association_football,DI,105,"6,300","3,020.23",22.31,0,2,0,1.73,21.26,23,25,4.43,5.38,28.76,83.56,322.84
"45,111",20,Female,association_football,DI,110,"6,600","4,329.22",91.59,92.2,13,3,2.36,25.45,31,21,5.43,6.25,39.36,119.43,442.05
"45,111",20,Female,association_football,DI,100,"6,000","1,925.77",0,0,0,0,1.16,17.53,17,10,9.7,9.92,19.26,43.35,225.47
"45,111",20,Female,association_football,DI,75,"4,500",675.3,0,0,0,0,0.54,12.86,1,0,3.13,0,9,60.34,63.88
"45,111",20,Female,association_football,DI,78,"4,680","3,702.98",0,0,0,0,2.85,17.91,21,23,4.9,4.99,47.47,84.04,425.39
"45,111",20,Female,association_football,DI,105,"6,300","2,909.84",0,0,0,0,1.66,18.44,21,17,4.98,6.08,27.71,86.54,309.79
"45,111",20,Female,association_football,DI,123,"7,380","6,817.78",63.33,0,10,0,3.33,21.31,25,28,4.65,5.54,55.43,0,768.81
"45,111",20,Female,association_football,DI,120,"7,200","6,103.06",61.65,0,5,0,3.05,21.34,20,14,5.66,4.54,50.86,52.79,732.63
"45,111",20,Female,association_football,DI,90,"5,400","6,326.30",74.86,46.58,10,3,4.22,26.86,22,24,5.64,5.74,70.29,66.06,733.96
"45,111",20,Female,association_football,DI,60,"3,600","1,752.01",0,0,0,0,1.75,16.86,6,4,3.94,3.36,29.2,41.69,164.34
"45,111",20,Female,association_football,DI,80,"4,800","3,410.84",23.03,0,3,0,2.56,21.55,25,8,4.94,4.95,42.64,53.29,369.5
"45,111",20,Female,association_football,DI,91,"5,460","6,425.02",99.05,0,10,0,4.24,22.23,37,46,5.43,5.19,70.6,54.67,860.3
"45,111",20,Female,association_football,DI,99,"5,940","3,731.33",10.2,0,1,0,2.26,19.91,32,21,4.34,5.56,37.69,48.96,322.66
"45,111",20,Female,association_football,DI,116,"6,960","4,197.20",70.5,14.49,8,2,2.17,23.52,18,19,4.21,5.91,36.18,58.16,456.8
"45,111",20,Female,association_football,DI,100,"6,000","6,720.70","1,150.22",3.92,24,1,4.03,21.94,23,16,5.56,4.87,67.21,86.23,584.64
"45,111",20,Female,association_football,DI,105,"6,300",362.2,5.65,0,1,0,0.21,19.41,1,1,3.61,4.7,3.45,47.73,46.28
"45,111",20,Female,association_football,DI,110,"6,600","3,760.25",24.05,9.23,2,1,2.05,22.88,13,10,5.08,5.48,34.18,56.27,408.57
"45,111",20,Female,association_football,DI,90,"5,400","6,219.36",98.29,43.69,12,3,4.15,25.41,33,28,4.78,7.68,69.1,62.48,734.28
"45,111",20,Female,association_football,DI,105,"6,300","3,972.71",15.06,5.04,3,1,2.27,22,24,17,4.48,4.15,37.84,86.45,440.02
"45,578",18,Male,association_football,DI,95,"5,700","3,278.98",0,0,0,0,2.07,17.41,32,18,6.51,6.13,34.52,65.37,307.22
"45,578",18,Male,association_football,DI,83,"4,980","1,742.10",0,0,0,0,1.26,15.21,23,16,5.06,4.87,20.99,57.12,177.44
"45,578",18,Male,association_football,DI,100,"6,000","3,540.15",0,0,0,0,2.12,13.79,58,15,6.35,6.76,35.4,51.78,319.02
"45,578",18,Male,association_football,DI,90,"5,400","4,465.30",16.22,0,1,0,2.98,23.57,45,15,6.72,5.72,49.61,88.52,482.85
"45,578",18,Male,association_football,DI,90,"5,400",193.88,0,0,0,0,0.13,3.97,0,0,0,0,2.15,14.91,7.67
"45,578",18,Male,association_football,DI,90,"5,400",864.06,0,0,0,0,0.58,6.41,0,0,0,0,9.6,24.08,51.04
"45,578",18,Male,association_football,DI,90,"5,400","2,459.03",0,0,0,0,1.64,13.64,2,6,4.16,6.3,27.32,51.21,190.06
"45,578",18,Male,association_football,DI,90,"5,400","3,763.29",0,0,0,0,2.51,14.74,44,13,7.92,5.56,41.81,55.35,339.41
"45,578",18,Male,association_football,DI,90,"5,400","3,637.33",6.56,0,1,0,2.42,20.99,33,19,7.12,4.13,40.41,78.83,350.57
"45,578",18,Male,association_football,DI,110,"6,600",254.89,0,0,0,0,0.14,4.95,0,0,0,0,2.32,18.6,2.96
"45,578",18,Male,association_football,DI,95,"5,700","3,260.28",0,0,0,0,2.06,15.51,42,14,7.03,5.78,34.32,58.23,275.99
"45,578",18,Male,association_football,DI,120,"7,200","4,449.38",0,0,0,0,2.22,17.76,39,21,6.02,6.91,37.08,66.69,383.55
"45,578",18,Male,association_football,DI,90,"5,400","3,590.44",0,0,0,0,2.39,16.55,59,19,6.86,7.71,39.89,62.15,351.3
"45,578",18,Male,association_football,DI,120,"7,200","4,109.91",0,0,0,0,2.05,17.15,62,26,6.3,6.86,34.25,64.39,392.12
"45,578",18,Male,association_football,DI,120,"7,200","1,307.74",0,0,0,0,0.65,10.64,7,1,6.97,3.65,10.9,39.96,105.27
"45,578",18,Male,association_football,DI,120,"7,200","3,987.29",0,0,0,0,1.99,15.2,37,11,6.54,6.7,33.23,57.08,313.06
"45,578",18,Male,association_football,DI,120,"7,200","2,764.57",0,0,0,0,1.38,15.6,29,13,5.62,6.43,23.04,58.56,250.61
"45,578",18,Male,association_football,DI,120,"7,200","3,025.18",0,0,0,0,1.51,17.03,31,8,5.68,6.33,25.21,63.93,277.52
"45,578",18,Male,association_football,DI,120,"7,200","5,509.45",0,0,0,0,2.75,16.78,65,12,7.91,6.94,45.91,63,459
"45,578",18,Male,association_football,DI,100,"6,000","1,058.12",0,0,0,0,0.63,15.67,14,4,4.66,4.44,10.58,58.85,123.4
"45,578",18,Male,association_football,DI,101,"6,060","1,290.30",0,0,0,0,0.77,13.97,11,4,4.34,3.53,12.78,52.47,119.73
"45,578",18,Male,association_football,DI,121,"7,260","3,988.57",0,0,0,0,1.98,15.4,78,21,6.97,6.67,32.96,57.83,390.97
"45,578",18,Male,association_football,DI,91,"5,460","2,916.60",0,0,0,0,1.92,15.41,42,19,6.21,5.38,32.05,57.88,316.02
"45,578",18,Male,association_football,DI,120,"7,200","4,452.73",0,0,0,0,2.23,16.65,44,15,7.55,6.18,37.11,62.51,414.09
"45,578",18,Male,association_football,DI,90,"5,400","3,479.60",3.14,0,1,0,2.32,19.2,29,9,5.92,4.49,38.66,72.08,304.21
"45,578",18,Male,association_football,DI,120,"7,200","3,613.23",10.37,0,2,0,1.81,21.64,50,19,7.55,6.53,30.11,81.27,342.37
"45,578",18,Male,association_football,DI,120,"7,200","4,188.52",0,0,0,0,2.09,16.95,41,21,7.62,7.37,34.9,63.66,371.73
"45,578",18,Male,association_football,DI,120,"7,200","5,327.56",0,0,0,0,2.66,17.94,49,19,8.04,7.64,44.4,67.37,469.84
"45,578",18,Male,association_football,DI,90,"5,400","4,053.42",0,0,0,0,2.7,16.34,44,19,6.59,4.82,45.04,61.34,381.75
"45,578",18,Male,association_football,DI,90,"5,400","2,882.14",0,0,0,0,1.92,19.67,24,14,6.81,7.14,32.02,73.87,231.75
"45,578",18,Male,association_football,DI,120,"7,200","3,869.90",0,0,0,0,1.93,16.88,48,21,6.93,6.91,32.25,63.4,364.61
"45,578",18,Male,association_football,DI,120,"7,200","4,872.72",0,0,0,0,2.44,19.29,45,25,6.7,5.48,40.61,72.45,390
"45,578",18,Male,association_football,DI,120,"7,200","3,800.30",22.07,0,1,0,1.9,22.25,42,8,5.49,5.26,31.67,83.56,316.62
"45,578",18,Male,association_football,DI,120,"7,200","3,890.45",18.63,0,1,0,1.95,21.93,54,21,7.41,4.66,32.42,82.34,362.41
"45,578",18,Male,association_football,DI,120,"7,200","4,061.22",0,0,0,0,2.03,16.52,41,18,7.26,6.43,33.84,62.03,346.35
"45,578",18,Male,association_football,DI,120,"7,200","3,438.62",0,0,0,0,1.72,15.9,27,15,7.75,7,28.66,59.72,312.72
"45,578",18,Male,association_football,DI,195,"11,700","5,680.39",5.42,0,1,0,1.75,22.18,53,19,7.77,6.6,29.13,83.28,490.48
"45,578",18,Male,association_football,DI,120,"7,200","4,110.90",83.79,24.46,6,2,2.06,26.63,27,17,6.48,5.09,34.26,124.42,411.4
"45,578",18,Male,association_football,DI,120,"7,200","5,702.27",0,0,0,0,2.85,19.16,44,19,6.63,7.79,47.52,89.52,477.37
"45,578",18,Male,association_football,DI,100,"6,000","4,570.17",7,0,1,0,2.74,20.11,45,29,6.42,6.72,45.7,75.5,412.66
"45,578",18,Male,association_football,DI,120,"7,200","3,913.83",0,0,0,0,1.96,21.4,43,15,7.18,8.07,32.62,117.29,360.47
"45,578",18,Male,association_football,DI,90,"5,400","3,933.30",0,0,0,0,2.62,18.25,54,28,8.32,6.6,43.7,0,352.71
"45,578",18,Male,association_football,DI,95,"5,700","3,220.44",0,0,0,0,2.03,13.32,5,6,4.23,5.52,33.9,50.02,381.2
"45,578",18,Male,association_football,DI,95,"5,700","3,717.50",0,0,0,0,2.35,17.23,39,16,5.86,7.35,39.13,64.69,312.15
"45,578",18,Male,association_football,DI,95,"5,700","4,089.48",0,0,0,0,2.58,14.93,48,22,7.37,6.35,43.05,56.08,350.42
"45,578",18,Male,association_football,DI,105,"6,300","4,688.33",0,0,0,0,2.68,19.02,28,18,6.45,5.51,44.65,71.43,400.07
"45,578",18,Male,association_football,DI,100,"6,000","3,895.19",0,0,0,0,2.34,15.41,14,9,4.55,5.49,38.95,57.86,463.5
"45,655",18,Female,association_football,DI,85,"5,100","2,462.27",0,0,0,0,1.74,12.98,14,10,6.17,5.49,28.97,31.73,205.91
"45,655",18,Female,association_football,DI,90,"5,400",752.82,0,0,0,0,0.5,16.39,2,1,3.55,3.15,8.36,40.06,33.15
"45,655",18,Female,association_football,DI,120,"7,200","5,918.27",312.39,"3,628.75",41,88,2.96,40.91,9,5,5.3,3.52,49.32,100.48,902.45
"45,655",18,Female,association_football,DI,120,"7,200","2,761.72",204.68,"1,822.54",25,37,1.38,40.71,3,4,2.95,3.16,23.01,99.52,461.96
"45,655",18,Female,association_football,DI,120,"7,200","3,317.61",8.5,0,1,0,1.66,19.85,10,11,6.89,4.46,27.65,48.53,273.93
"45,655",18,Female,association_football,DI,90,"5,400",762.19,0,0,0,0,0.51,13.24,2,1,3.92,2.99,8.47,32.36,67.42
"45,655",18,Female,association_football,DI,120,"7,200",438.37,0,0,0,0,0.22,7.11,0,0,0,0,3.65,17.38,31.83
"45,655",18,Female,association_football,DI,120,"7,200","3,271.55",14.6,5.05,2,1,1.64,25.22,25,14,9.71,5.5,27.26,61.65,312.3
"45,655",18,Female,association_football,DI,120,"7,200","4,894.41",36.95,49.3,4,2,2.45,25.24,85,30,6.13,6.65,40.79,61.7,490.69
"45,655",18,Female,association_football,DI,120,"7,200","5,029.98",168.65,"1,314.13",14,46,2.51,42.35,25,6,5.94,3.69,41.92,103.52,506.68
"45,655",18,Female,association_football,DI,120,"7,200","5,112.02",12.85,4.37,1,1,2.56,23.34,37,22,6.24,7.44,42.6,57.05,467.56
"45,655",18,Female,association_football,DI,120,"7,200","2,975.61",15.56,8.44,3,1,1.49,23.38,36,13,7.1,6.9,24.8,57.15,265.4
"45,655",18,Female,association_football,DI,90,"5,400","3,128.81",0,0,0,0,2.09,12.77,33,13,6.58,6.07,34.76,31.22,266.07
"45,655",18,Female,association_football,DI,150,"9,000","2,209.20",0,0,0,0,0.88,17.16,14,2,6.55,4.78,14.73,41.94,191.84
"45,655",18,Female,association_football,DI,120,"7,200","4,453.50",9.5,0,1,0,2.23,19.99,40,19,7.19,6.19,37.11,48.86,417.05
"45,655",18,Female,association_football,DI,120,"7,200","3,946.75",0,0,0,0,1.97,19,19,19,5.55,6.48,32.89,46.45,329.35
"45,655",18,Female,association_football,DI,120,"7,200","4,133.12",4.26,0,1,0,2.07,19.43,23,14,5.62,5.02,34.44,47.49,349.09
"45,655",18,Female,association_football,DI,90,"5,400","2,128.54",9.6,0,1,0,1.42,19.78,22,14,5.65,5.65,23.65,48.35,194.74
"45,655",18,Female,association_football,DI,120,"7,200",447.31,0,0,0,0,0.22,8.61,1,0,3.72,0,3.73,21.05,40.31
"45,655",18,Female,association_football,DI,120,"7,200","3,609.76",13.13,0,1,0,1.8,19.75,15,5,5.91,6.62,30.08,48.29,286.67
"45,655",18,Female,association_football,DI,120,"7,200","2,786.56",13.42,0,1,0,1.39,20.56,28,5,6.66,5.89,23.22,50.25,242.2
"45,655",18,Female,association_football,DI,120,"7,200","4,572.06",60.12,51.5,6,2,2.29,25.28,35,8,6.04,5.59,38.1,61.8,392.65
"45,655",18,Female,association_football,DI,90,"5,400","3,202.59",7.47,0,1,0,2.14,20.83,33,9,5.77,4.86,35.58,50.91,281.16
"45,655",18,Female,association_football,DI,95,"5,700",271.63,0,0,0,0,0.17,12.5,1,0,3.28,0,2.86,30.55,21.24
"45,655",18,Female,association_football,DI,90,"5,400","2,899.17",0,0,0,0,1.93,14.57,14,18,4.97,4.7,32.21,35.62,242.24
"45,655",18,Female,association_football,DI,95,"5,700",756.84,0,0,0,0,0.48,11.33,2,0,3.29,0,7.97,27.7,24.88
"45,655",18,Female,association_football,DI,90,"5,400","3,379.39",10.51,0,1,0,2.25,20.47,18,6,5.33,4.04,37.55,50.03,255.81
"45,655",18,Female,association_football,DI,90,"5,400","2,234.22",6,0,1,0,1.49,19.73,11,6,5.97,4.53,24.82,48.23,188.66
"45,655",18,Female,association_football,DI,120,"7,200",454.26,0,0,0,0,0.23,8.89,1,0,3.58,0,3.79,21.73,39.8
"45,655",18,Female,association_football,DI,90,"5,400",551.49,0,0,0,0,0.37,16.06,1,1,3.78,3.22,6.13,39.27,43.83
"45,655",18,Female,association_football,DI,90,"5,400","2,207.56",14.2,0,1,0,1.47,20.91,20,3,6.14,3.96,24.53,51.12,234.13
"45,655",18,Female,association_football,DI,90,"5,400","2,891.55",0,0,0,0,1.93,18.13,24,12,6.39,7.42,32.13,44.32,236.89
"45,655",18,Female,association_football,DI,90,"5,400","3,240.22",51.62,73.58,8,3,2.16,24.8,37,14,6.66,6.07,36,60.64,290.09
"45,655",18,Female,association_football,DI,120,"7,200",479.41,0,0,0,0,0.24,8.63,0,0,0,0,4,21.1,22.43
"45,655",18,Female,association_football,DI,90,"5,400","3,499.27",50.06,81.67,6,3,2.33,24.83,26,13,6.28,5.5,38.88,60.71,293.94
"45,655",18,Female,association_football,DI,90,"5,400","2,195.47",0,0,0,0,1.46,17.59,13,11,6.61,4.93,24.39,41.55,256.89
"45,655",18,Female,association_football,DI,90,"5,400",654.13,0,0,0,0,0.44,11.52,2,5,3.56,3.65,7.27,27.2,78.9
"45,655",18,Female,association_football,DI,120,"7,200",298.02,0,0,0,0,0.15,10.44,0,1,0,3.43,2.48,24.65,32.97
"45,655",18,Female,association_football,DI,90,"5,400","1,277.53",13.11,0,1,0,0.85,20.77,12,5,5.19,4.03,14.19,49.05,175.15
"45,655",18,Female,association_football,DI,120,"7,200",211.39,0,0,0,0,0.11,6.37,0,0,0,0,1.76,15.05,24.49
"45,655",18,Female,association_football,DI,120,"7,200",201.45,0,0,0,0,0.1,7.49,1,0,3.63,0,1.68,17.68,25.16
"45,655",18,Female,association_football,DI,120,"7,200","2,933.38",12.18,0,1,0,1.47,20.81,33,13,6.24,6.81,24.44,49.14,360.53
"45,655",18,Female,association_football,DI,120,"7,200",322.78,0,0,0,0,0.16,8.86,0,0,0,0,2.69,20.91,37.82
"45,655",18,Female,association_football,DI,90,"5,400","2,005.03",0,0,0,0,1.34,13.75,12,8,6.23,5.28,22.28,32.47,245.73
"45,655",18,Female,association_football,DI,90,"5,400","1,138.44",0,0,0,0,0.76,12.32,6,3,4.2,3.62,12.65,29.09,99.3
"45,655",18,Female,association_football,DI,90,"5,400",471.4,12.31,0,1,0,0.31,21.97,1,0,4.02,0,5.24,51.87,46.46
"45,655",18,Female,association_football,DI,120,"7,200","4,126.37",0,0,0,0,2.06,17.49,54,15,5.95,4.01,34.39,41.31,380.21
"45,655",18,Female,association_football,DI,120,"7,200","2,601.02",0,0,0,0,1.3,14.1,30,6,6.17,5.73,21.68,33.29,248.86
"45,907",20,Female,association_football,DI,60,"3,600","2,615.37",0,0,0,0,2.62,18.75,35,21,5.43,5.89,43.59,68.49,396.39
"45,907",20,Female,association_football,DI,105,"6,300","5,044.53",104.75,4.53,14,1,2.88,23.1,31,35,4.96,5.63,48.04,86.49,587.05
"45,907",20,Female,association_football,DI,110,"6,600","2,971.15",21.43,4.96,3,1,1.62,24.57,34,31,6.2,6.41,27.01,60.51,347.64
"45,907",20,Female,association_football,DI,90,"5,400","3,077.74",45.05,54.6,5,4,2.05,27.01,13,27,4.88,5.75,34.2,66.52,564.5
"45,907",20,Female,association_football,DI,110,"6,600",212.86,0,0,0,0,0.12,13.28,1,0,5.61,0,1.94,32.7,18.3
"45,907",20,Female,association_football,DI,90,"5,400","3,764.82",57.64,8.82,10,2,2.51,23.79,31,36,8.59,7.79,41.83,58.58,630.3
"45,907",20,Female,association_football,DI,100,"6,000","4,421.81",18.18,13.04,2,1,2.65,24.2,23,24,6.13,4.98,44.22,90.62,532.06
"45,907",20,Female,association_football,DI,116,"6,960","6,622.22",69.5,17.02,12,3,3.43,24.94,25,35,5.73,7.71,57.09,61.4,950.57
"45,907",20,Female,association_football,DI,99,"5,940","3,712.40",64.04,8.15,7,1,2.25,23.21,23,18,4.45,5.41,37.5,57.41,394.37
"45,907",20,Female,association_football,DI,91,"5,460","3,814.28",104.77,7.24,7,1,2.51,24.07,15,26,5.22,5.56,41.92,59.27,834.67
"45,907",20,Female,association_football,DI,80,"4,800",983.88,0,0,0,0,0.74,18.47,9,10,9.91,8.01,12.3,45.49,153.41
"45,907",20,Female,association_football,DI,60,"3,600","1,842.37",0,0,0,0,1.84,18.34,6,2,3.98,4.43,30.71,45.15,205.14
"45,907",20,Female,association_football,DI,90,"5,400","1,396.03",27.81,39.27,4,3,0.93,26.27,6,13,4.42,6.35,15.51,64.69,221.7
"45,907",20,Female,association_football,DI,120,"7,200","6,387.49",155.28,47.13,13,3,3.19,26.57,23,18,6,5.57,53.23,65.44,870.46
"45,907",20,Female,association_football,DI,123,"7,380","8,239.25",184.12,20.18,19,3,4.02,23.21,37,49,5.36,7.44,66.99,0,"1,349.46"
"45,907",20,Female,association_football,DI,105,"6,300","3,443.38",80.92,4.14,9,1,1.97,22.79,28,23,5.74,6.26,32.79,98.16,439.82
"45,907",20,Female,association_football,DI,75,"4,500",821.13,0,0,0,0,0.66,13.34,2,1,3.75,4.06,10.95,57.48,87.39
"45,907",20,Female,association_football,DI,78,"4,680","4,495.77",24.22,0,4,0,3.46,20.37,33,28,5.05,5.59,57.64,87.73,715.35
"45,907",20,Female,association_football,DI,100,"6,000","2,103.03",6.93,0,2,0,1.26,20.09,11,16,4.47,4.5,21.03,49.47,318.02
"45,907",20,Female,association_football,DI,110,"6,600","4,302.54",99.04,138.86,11,5,2.35,26.71,26,33,6.28,5.6,39.11,115.05,555.44
"45,907",20,Female,association_football,DI,105,"6,300","3,089.58",72.62,33.33,10,4,1.77,24.36,21,23,4.26,5.98,29.42,91.21,352.35
"45,907",20,Female,association_football,DI,120,"7,200","5,620.26",52.28,15.79,7,1,2.81,25.3,21,27,4.6,4.7,46.84,94.73,853.39
"45,907",20,Female,association_football,DI,90,"5,400","3,068.98",51.13,0,7,0,2.05,22.88,16,20,5.06,5.1,34.1,56.34,553.08
"45,907",20,Female,association_football,DI,104,"6,240","6,987.87",212.98,157.39,20,11,4.03,26.76,30,40,5.16,6.37,67.19,65.91,"1,283.41"
"45,907",20,Female,association_football,DI,100,"6,000","3,346.12",14.78,31.68,3,4,2.01,23.43,24,26,5.58,9.53,33.46,57.69,454.04
"45,907",20,Female,association_football,DI,70,"4,200","1,581.64",0,0,0,0,1.36,14.96,2,1,4.82,3.09,22.59,36.85,162.36
"45,907",20,Female,association_football,DI,95,"5,700","3,658.75",34.66,0,4,0,2.31,20.98,23,25,5.5,5.4,38.51,77.67,488.48
"45,907",20,Female,association_football,DI,77,"4,620",503.49,0,0,0,0,0.39,18.34,2,1,3.45,3.02,6.54,67.88,66.31
"45,907",20,Female,association_football,DI,100,"6,000","1,496.88",46.16,34.84,7,2,0.9,25.12,5,13,5.16,5.67,14.97,61.86,252.45
"45,907",20,Female,association_football,DI,105,"6,300","8,430.43",186.21,123.4,26,9,4.82,26.15,31,56,4.91,6.49,80.29,64.4,"1,433.04"
"45,907",20,Female,association_football,DI,110,"6,600",577.65,0,0,0,0,0.32,15.99,0,0,0,0,5.25,39.37,84.06
"45,907",20,Female,association_football,DI,100,"6,000","6,473.45",175.12,27.14,18,6,3.88,23.87,27,38,5.31,6.84,64.73,58.77,981.68
"45,907",20,Female,association_football,DI,90,"5,400","3,705.01",53.38,9.96,8,1,2.47,23.44,18,21,5.12,4.81,41.17,57.71,545.24
"45,907",20,Female,association_football,DI,92,"5,520","2,395.61",40.42,25.83,4,1,1.56,25.88,13,16,5.4,6.24,26.04,63.72,459.41
"45,907",20,Female,association_football,DI,90,"5,400",826.76,48.8,25.11,3,2,0.55,24.58,5,4,4.11,3.49,9.19,60.52,155.4
"45,907",20,Female,association_football,DI,70,"4,200","2,911.20",13.14,0,2,0,2.5,22.28,17,31,5.18,6.66,41.59,54.87,350.84
"45,907",20,Female,association_football,DI,90,"5,400","1,834.99",55.82,32.14,8,2,1.22,24.75,14,16,5.6,5.71,20.39,60.95,259.37
"45,907",20,Female,association_football,DI,90,"5,400","3,633.74",73.48,13.43,9,2,2.42,23.27,44,26,5.19,5.69,40.37,57.31,482.79
"45,907",20,Female,association_football,DI,90,"5,400","5,243.71",84.93,0,12,0,3.5,21.63,39,61,4.95,6.77,58.26,53.25,777.84
"45,907",20,Female,association_football,DI,90,"5,400","3,991.17",79.02,0,8,0,2.66,22.02,26,38,5.3,5.17,44.35,54.23,658.19
"45,907",20,Female,association_football,DI,90,"5,400","4,731.71",171.47,82.78,19,7,3.15,26.58,23,43,5.76,7.19,52.57,65.46,721.64
"45,907",20,Female,association_football,DI,73,"4,380","2,552.20",0,0,0,0,2.1,17.4,26,25,4.25,6.43,34.96,63.57,332.34
"45,907",20,Female,association_football,DI,76,"4,560","2,692.08",0,0,0,0,2.13,17.74,16,18,5.25,5.62,35.42,43.69,275.82
"45,907",20,Female,association_football,DI,90,"5,400","5,191.67",34.68,9.08,7,1,3.46,23.08,51,53,5.09,5.35,57.69,56.84,747.34
"45,907",20,Female,association_football,DI,90,"5,400","2,375.81",6.25,0,1,0,1.58,19.7,20,14,5.42,5.44,26.4,48.51,248.3
"45,907",20,Female,association_football,DI,60,"3,600","1,560.89",26.17,11.67,3,1,1.56,24.62,14,12,5.59,5.71,26.01,60.63,160.77
"45,907",20,Female,association_football,DI,60,"3,600","3,285.99",74.26,45.25,10,6,3.29,25.15,41,53,7.07,7.76,54.77,61.93,584.07
"45,907",20,Female,association_football,DI,80,"4,800","4,603.20",99.93,0,12,0,3.45,23.04,39,22,6.17,5.98,57.54,85.29,698.37
"45,907",20,Female,association_football,DI,23,"1,380","1,611.87",165.91,113.77,12,5,4.2,27.37,13,11,5.34,3.8,70.08,101.32,309.22
"45,907",20,Female,association_football,DI,28,"1,680","1,858.45",0,0,0,0,3.98,17.07,15,17,6.87,5.97,66.37,63.19,342.29
"45,907",20,Female,association_football,DI,60,"3,600","1,561.64",34.34,0,3,0,1.56,23.94,34,21,5.79,6.3,26.03,87.47,165.82
"45,907",20,Female,association_football,DI,90,"5,400","3,451.07",6.79,0,1,0,2.3,22.31,33,30,4.94,5.79,38.35,81.51,419.82
"45,907",20,Female,association_football,DI,100,"6,000","4,453.15",35.55,0,4,0,2.67,22.16,29,29,5.37,5.78,44.53,80.95,577.83
"45,907",20,Female,association_football,DI,40,"2,400","1,711.35",215.01,26.88,18,4,2.57,25.05,33,19,6.13,5.47,42.78,91.5,257.87
"45,907",20,Female,association_football,DI,101,"6,060","5,254.02",15.79,0,3,0,3.12,21.58,49,46,5.23,6.04,52.02,78.84,656.61
"45,907",20,Female,association_football,DI,74,"4,440","2,717.91",0,0,0,0,2.2,14.65,33,15,4.98,6.54,36.73,53.53,354.43
"45,951",22,Male,association_football,DI,90,"5,400","5,353.42",120.31,0,12,0,3.57,24.63,36,22,5.29,4.82,59.48,57.82,642.94
"45,951",22,Male,association_football,DI,80,"4,800","5,284.44",92.52,54.01,12,3,3.96,28.72,53,45,5.28,5.82,66.06,91.7,646.6
"45,951",22,Male,association_football,DI,103,"6,180","10,534.36",497.96,131.6,49,9,6.14,30.08,84,97,5.61,6.55,102.28,96.06,"1,648.58"
"45,951",22,Male,association_football,DI,97,"5,820","8,339.76",274.93,117.32,34,8,5.16,31.32,61,66,5.76,6.87,85.98,104.1,"1,216.91"
"45,951",22,Male,association_football,DI,110,"6,600","11,971.28",702.63,106.52,70,11,6.53,28.77,73,93,6.33,8.95,108.83,91.88,"1,795.29"
"45,951",22,Male,association_football,DI,71,"4,260","1,618.66",17.43,0,2,0,1.37,22.52,25,11,5.15,5.86,22.8,71.91,184.72
"45,951",22,Male,association_football,DI,94,"5,640","4,716.77",45.45,0,4,0,3.01,23.39,42,27,5.58,7.7,50.18,54.92,547.63
"45,951",22,Male,association_football,DI,80,"4,800","4,678.67",102.76,17.33,11,3,3.51,26.14,41,34,5.99,6,58.48,83.45,571.78
"45,951",22,Male,association_football,DI,75,"4,500","4,305.10",115.86,11.97,12,1,3.44,25.78,43,34,5.24,7.66,57.4,85.69,545.83
"45,951",22,Male,association_football,DI,139,"8,340","9,465.38",345.51,45.91,35,4,4.09,28.24,81,94,6.09,8.26,68.1,93.87,"1,486.36"
"45,951",22,Male,association_football,DI,60,"3,600","3,164.20",47.65,0,6,0,3.16,24.2,31,35,5.29,6.64,52.74,80.44,378.44
"45,951",22,Male,association_football,DI,108,"6,480","4,904.69",3.46,0,1,0,2.72,19.99,36,34,5.7,6.04,45.41,66.47,431.23
"45,951",22,Male,association_football,DI,130,"7,800","8,027.51",257.24,83.18,25,6,3.71,28.69,63,47,5.17,8.54,61.75,95.37,948.52
"45,951",22,Male,association_football,DI,120,"7,200","6,772.73",194.42,21.82,20,3,3.39,25.37,77,63,5.6,6.63,56.44,84.35,824.34
"45,951",22,Male,association_football,DI,95,"5,700","7,285.51",311.67,107.85,32,11,4.6,30.08,49,72,6.39,9.26,76.69,103.23,"1,143.15"
"45,951",22,Male,association_football,DI,111,"6,660","7,715.58",146.95,22.91,17,2,4.17,27.69,94,67,5.73,7.33,69.51,0,"1,014.83"
"45,951",22,Male,association_football,DI,113,"6,780","6,232.80",260.76,42.61,29,3,3.31,27.94,30,53,5.06,6.52,55.16,65.23,"1,074.60"
"45,951",22,Male,association_football,DI,90,"5,400","4,549.64",142.16,107.31,16,6,3.03,30.31,62,55,6.35,9.32,50.55,71.16,438.43
"45,951",22,Male,association_football,DI,90,"5,400","4,259.61",41.37,0,6,0,2.84,23.09,86,58,7.08,9.05,47.33,54.21,433.64
"45,951",22,Male,association_football,DI,90,"5,400","5,756.22",393.73,124.29,41,13,3.84,31.83,73,65,7.33,7.47,63.96,74.72,694.35
"45,951",22,Male,association_football,DI,80,"4,800","5,019.23",44.29,0,7,0,3.76,22.46,70,57,8.59,7.3,62.74,52.72,475.76
"45,951",22,Male,association_football,DI,90,"5,400","4,909.32",64.19,18.39,9,2,3.27,26.1,75,73,8.88,8.94,54.55,61.27,522.72
"45,951",22,Male,association_football,DI,85,"5,100","5,857.89",158.51,13.31,16,2,4.13,26.55,94,63,8.62,9.29,68.92,62.34,595.65
"45,951",22,Male,association_football,DI,101,"6,060","3,978.32",94.01,36.74,13,4,2.36,28.92,42,52,6.28,9.61,39.39,67.89,466.96
"45,951",22,Male,association_football,DI,92,"5,520","5,467.63",40.06,0,5,0,3.57,24.1,78,93,9.38,9.33,59.43,56.57,612.46
"45,951",22,Male,association_football,DI,92,"5,520","5,104.82",182.35,12.68,19,1,3.33,27.11,73,62,7.12,6.78,55.49,63.65,536.94
"45,951",22,Male,association_football,DI,297,"17,820","17,248.71",753.99,"1,528.08",53,28,3.48,42.6,116,93,7.26,9.33,58.08,99.45,"1,833.63"
"45,951",22,Male,association_football,DI,304,"18,240","18,474.54",557.58,132.33,57,10,3.65,29.39,100,107,5.68,7.47,60.77,68.62,"2,210.18"
"45,951",22,Male,association_football,DI,105,"6,300","6,150.64",28.01,6.49,2,1,3.51,25.46,46,25,5.18,5.92,58.58,59.78,722.95
"45,951",22,Male,association_football,DI,95,"5,700","7,082.29",132.81,29.82,17,2,4.47,30.31,55,43,6.27,6.87,74.55,71.15,978.25
"45,951",22,Male,association_football,DI,85,"5,100","5,656.50",102.54,26.8,11,3,3.99,27.09,53,34,5.92,6.4,66.55,63.61,701.13
"45,951",22,Male,association_football,DI,106,"6,360","2,112.58",0,0,0,0,1.2,19.08,30,22,9.69,9.25,19.93,44.78,212.56
"45,951",22,Male,association_football,DI,111,"6,660","9,175.85",351.11,40.41,36,5,4.96,28.84,65,73,5.9,6.98,82.67,90.99,"1,560.59"
"45,951",22,Male,association_football,DI,111,"6,660","10,942.22",319.45,100.25,36,8,5.91,29.52,77,88,6.83,6.6,98.58,93.14,"1,741.44"
"45,951",22,Male,association_football,DI,110,"6,600","5,171.88",219.71,74.51,23,7,2.82,29.61,40,48,5.84,8.09,47.02,93.41,862.08
"45,951",22,Male,association_football,DI,105,"6,300","10,990.20",429.18,176.99,46,11,6.28,31.69,89,84,5.77,7.23,104.67,101.2,"1,447.02"
"45,951",22,Male,association_football,DI,110,"6,600","5,591.91",204.1,6.91,18,1,3.05,25.98,51,48,5.78,5.64,50.84,82.94,846.11
"45,951",22,Male,association_football,DI,120,"7,200","6,915.89",163.51,22.52,16,2,3.46,26.84,61,45,5.6,6.05,57.63,85.69,884.34
"45,951",22,Male,association_football,DI,105,"6,300","6,162.94",84.65,0,7,0,3.52,25.01,44,51,6.24,6.53,58.69,79.87,783.78
"45,951",22,Male,association_football,DI,109,"6,540","11,350.84",493.51,142.71,53,12,6.25,30.18,87,99,6.71,8.43,104.14,96.36,"1,616.28"
"45,951",22,Male,association_football,DI,105,"6,300","11,595.01",461.18,167.28,43,10,6.63,30.61,71,103,5.81,8.21,110.43,97.75,"1,749.50"
"45,951",22,Male,association_football,DI,96,"5,760","10,347.71",377.15,85.2,43,8,6.47,29.06,73,82,7.2,6.36,107.79,92.78,"1,514.92"
"45,951",22,Male,association_football,DI,51,"3,060","3,362.47",0,0,0,0,3.96,19.15,42,32,6.84,8.07,65.93,61.15,365.27
"45,951",22,Male,association_football,DI,111,"6,660","9,724.22",555.09,41.26,49,4,5.26,26.99,70,72,5.59,7.32,87.61,86.17,"1,380.38"
"45,951",22,Male,association_football,DI,99,"5,940","6,369.68",344.97,51.51,39,7,3.86,29.41,42,50,5.85,5.76,64.34,93.91,983.94
"45,951",22,Male,association_football,DI,81,"4,860","4,458.17",36.5,0,4,0,3.3,21.63,29,16,5.62,5.29,55.04,50.77,507.84
"45,951",22,Male,association_football,DI,83,"4,980","6,901.96",218.51,82.26,20,4,4.99,29.14,56,52,5.95,5.63,83.16,105.21,944.87
"45,951",22,Male,association_football,DI,60,"3,600","1,844.33",0,0,0,0,1.84,11.08,4,0,4.06,0,30.74,26.02,73.23
"45,951",22,Male,association_football,DI,103,"6,180","2,087.74",0,0,0,0,1.22,6.9,0,0,0,0,20.27,16.19,65
"45,951",22,Male,association_football,DI,115,"6,900","5,152.76",76.58,0,16,0,2.69,22.25,97,72,5.97,8,44.81,52.23,526.53
"47,019",20,Female,association_football,DI,80,"4,800","3,224.85",39.27,25.38,5,2,2.42,25.46,29,18,5.36,5.02,40.31,62.72,388.53
"47,019",20,Female,association_football,DI,74,"4,440","2,531.65",0,0,0,0,2.05,13.69,33,11,7.84,5.22,34.21,53.71,378.91
"47,019",20,Female,association_football,DI,90,"5,400","1,909.70",0,0,0,0,1.27,16.8,9,5,4.54,3.79,21.22,65.92,154.12
"47,019",20,Female,association_football,DI,60,"3,600","1,785.12",10.29,0,2,0,1.79,22.25,28,14,6.67,5.54,29.75,87.32,230.11
"47,019",20,Female,association_football,DI,60,"3,600","2,318.49",0,0,0,0,2.32,18.37,32,17,4.56,4.72,38.64,72.09,260.06
"47,019",20,Female,association_football,DI,28,"1,680",318.92,0,0,0,0,0.68,5.7,0,0,0,0,11.39,22.36,22.72
"47,019",20,Female,association_football,DI,23,"1,380","1,463.15",150.29,129.34,11,7,3.82,24.82,13,0,4.48,0,63.62,97.39,261.43
"47,019",20,Female,association_football,DI,80,"4,800","4,508.73",104.4,0,14,0,3.38,21.41,36,21,5.76,6.02,56.36,84.01,596.08
"47,019",20,Female,association_football,DI,60,"3,600","2,438.61",51.56,0,9,0,2.44,22.36,36,21,5.66,5.31,40.64,52.6,300.4
"47,019",20,Female,association_football,DI,60,"3,600","1,492.05",13.38,0,2,0,1.49,20.18,14,10,5.22,6.48,24.87,47.47,164.55
"47,019",20,Female,association_football,DI,70,"4,200","2,316.30",3.71,0,1,0,1.99,19.73,8,10,4.41,3.94,33.09,77.42,210.63
"47,019",20,Female,association_football,DI,90,"5,400","2,185.91",8.61,0,1,0,1.46,20.52,11,11,4.24,4.42,24.29,50.42,244.78
"47,019",20,Female,association_football,DI,90,"5,400","3,786.12",24.9,7.49,3,1,2.52,22.88,20,12,4.51,4.91,42.07,53.83,451.08
"47,019",20,Female,association_football,DI,76,"4,560","2,526.43",0,0,0,0,1.99,13.41,6,10,4.23,5.56,33.24,31.55,357.62
"47,019",20,Female,association_football,DI,90,"5,400",178.83,0,0,0,0,0.12,7.21,0,0,0,0,1.99,16.97,13.95
"47,019",20,Female,association_football,DI,90,"5,400","2,960.79",49.4,0,5,0,1.97,22.02,19,15,4.39,5.97,32.9,51.8,450.44
"47,019",20,Female,association_football,DI,90,"5,400","4,166.43",38.2,4.53,5,1,2.78,22.55,16,12,4.05,5.06,46.29,55.4,517.3
"47,019",20,Female,association_football,DI,90,"5,400","3,466.84",14.29,0,3,0,2.31,20.44,37,37,4.56,5.31,38.52,48.09,479.78
"47,019",20,Female,association_football,DI,90,"5,400","4,639.49",43.12,0,7,0,3.09,21.57,24,33,4.29,5.96,51.55,52.99,601.18
"47,019",20,Female,association_football,DI,90,"5,400","3,690.13",47.24,7.82,5,1,2.46,22.67,40,31,5.01,5.54,41,53.34,414.91
"47,019",20,Female,association_football,DI,90,"5,400","1,107.51",23.69,0,3,0,0.74,20.19,8,7,4.16,5.45,12.31,47.49,183.6
"47,019",20,Female,association_football,DI,90,"5,400","3,219.89",0,0,0,0,2.15,18.44,12,13,5.41,4.66,35.78,45.29,339.46
"47,019",20,Female,association_football,DI,110,"6,600","4,292.84",8.74,9.86,2,1,2.34,23.93,19,33,4.32,5.54,39.03,58.79,566.87
"47,019",20,Female,association_football,DI,100,"6,000","3,631.63",7.08,0,1,0,2.18,19.16,13,12,5.22,4.89,36.32,45.08,457.27
"47,019",20,Female,association_football,DI,105,"6,300","3,894.36",25.91,0,3,0,2.23,20.97,14,26,4.26,5.7,37.09,49.32,616.48
"47,019",20,Female,association_football,DI,70,"4,200","1,688.93",0,0,0,0,1.45,12.69,0,0,0,0,24.13,29.86,144.21
"47,019",20,Female,association_football,DI,100,"6,000","3,582.38",25.24,0,4,0,2.15,20.8,24,18,8.81,5.88,35.82,51.25,409.76
"47,019",20,Female,association_football,DI,104,"6,240","2,016.81",26.28,0,2,0,1.16,23.45,8,11,3.82,4.43,19.39,57.76,354.35
"47,019",20,Female,association_football,DI,120,"7,200","4,141.39",4.45,0,1,0,2.07,18.58,14,17,4.43,4.99,34.51,72.93,461.61
"47,019",20,Female,association_football,DI,105,"6,300","2,522.32",39.22,0,4,0,1.44,22.3,14,11,4.77,5.94,24.02,87.51,252.16
"47,019",20,Female,association_football,DI,110,"6,600","3,926.21",159.05,62.95,13,3,2.14,25.48,34,20,5.61,5.6,35.69,110.49,476.76
"47,019",20,Female,association_football,DI,100,"6,000","1,973",0,0,0,0,1.18,17.88,12,4,4.51,4.2,19.73,44.05,232.06
"47,019",20,Female,association_football,DI,78,"4,680","4,192.06",9.51,0,1,0,3.22,21.09,17,32,5.22,5.22,53.74,91.43,543.13
"47,019",20,Female,association_football,DI,75,"4,500",650.71,0,0,0,0,0.52,10.88,0,0,0,0,8.68,47.19,61.34
"47,019",20,Female,association_football,DI,105,"6,300","2,802.21",12.38,0,2,0,1.6,20.25,16,16,4.51,5.27,26.69,87.78,298.98
"47,019",20,Female,association_football,DI,123,"7,380","5,465.33",72.78,8.6,4,1,2.67,23.06,18,32,4.69,5.06,44.43,0,776.35
"47,019",20,Female,association_football,DI,120,"7,200","5,994.59",40.39,0,8,0,3,20.17,23,17,5.39,4.73,49.95,49.7,889.2
"47,019",20,Female,association_football,DI,60,"3,600","1,661.73",0,0,0,0,1.66,16.51,5,2,4.31,3.39,27.7,40.67,164.22
"47,019",20,Female,association_football,DI,90,"5,400","1,860.77",15.38,0,3,0,1.24,20.92,9,12,4.2,4.68,20.68,49.21,275.33
"47,019",20,Female,association_football,DI,90,"5,400",414,0,0,0,0,0.28,17.56,1,1,3.15,3.53,4.6,41.3,56.54
"47,019",20,Female,association_football,DI,91,"5,460","1,280.80",17.69,9.58,2,1,0.84,23.23,2,7,3.75,5.39,14.07,54.66,226.45
"47,019",20,Female,association_football,DI,99,"5,940","3,388.37",5.38,0,1,0,2.05,20.19,14,11,4.26,4.88,34.23,47.49,280.93
"47,019",20,Female,association_football,DI,116,"6,960","4,530.14",49.15,0,4,0,2.34,22.46,20,24,5.22,4.75,39.05,55.34,614.95
"47,019",20,Female,association_football,DI,100,"6,000","3,840.09",12.39,0,2,0,2.3,19.65,15,21,4.07,5.07,38.4,77.09,411.06
"47,019",20,Female,association_football,DI,90,"5,400","2,386.26",7.1,0,1,0,1.59,19.69,10,12,4.66,5.26,26.51,46.32,280.54
"47,019",20,Female,association_football,DI,110,"6,600","1,301.79",26.28,0,2,0,0.71,21.55,3,0,3.48,0,11.83,50.69,135.55
"47,019",20,Female,association_football,DI,105,"6,300","4,081.27",9.5,0,2,0,2.33,19.8,26,23,4.55,4.56,38.87,77.7,519.52
"47,454",19,Female,association_football,DI,100,"6,000","7,398.90",164.02,41.03,18,3,4.44,24.87,48,17,4.74,4.78,73.99,97.68,789.17
"47,454",19,Female,association_football,DI,90,"5,400","5,567.09",98.77,86.48,12,4,3.71,26.27,43,30,4.79,5.44,61.86,103.21,639.97
"47,454",19,Female,association_football,DI,90,"5,400","5,623.11",182.96,0,16,0,3.75,20.95,33,8,4.86,4.64,62.48,79.75,571.65
"47,454",19,Female,association_football,DI,75,"4,500","4,199.70",61.93,0,4,0,3.36,22.2,35,27,5.36,5.72,56,84.52,500.32
"47,454",19,Female,association_football,DI,100,"6,000",203.76,0,0,0,0,0.12,6.39,0,0,0,0,2.04,29.02,10.26
"47,454",19,Female,association_football,DI,120,"7,200",158.52,0,0,0,0,0.079,6.19,1,1,4.92,5.05,1.32,28.12,8.78
"47,454",19,Female,association_football,DI,120,"7,200","5,611.27",14.69,0,2,0,2.81,21.98,48,30,5.01,5.76,46.76,94.87,612.45
"47,454",19,Female,association_football,DI,90,"5,400","6,705.84",85.29,8.74,10,2,4.47,23.17,42,31,5.37,4.87,74.51,105.3,736.8
"47,454",19,Female,association_football,DI,90,"5,400","5,382.60",189,0,10,0,3.59,22,45,34,5.36,5.6,59.81,123.47,576.96
"47,454",19,Female,association_football,DI,90,"5,400","2,881.30",0,0,0,0,1.92,17.82,40,43,4.7,5.55,32.01,0,345.05
"47,454",19,Female,association_football,DI,50,"3,000","2,176.41",149.5,118.77,17,6,2.61,25.46,15,14,4.8,4.65,43.53,102.94,245.9
"47,454",19,Female,association_football,DI,60,"3,600",274.46,0,0,0,0,0.27,0,0,0,0,0,4.57,0,0
"47,454",19,Female,association_football,DI,95,"5,700","5,701.71",143.23,0,15,0,3.6,21.91,39,44,5.43,5.41,60.02,94.55,706.88
"47,454",19,Female,association_football,DI,90,"5,400","1,078",0,0,0,0,0.72,14.71,4,5,4.05,4.03,11.98,59.48,84.47
"47,454",19,Female,association_football,DI,100,"6,000","4,582.63",95.71,55.78,12,4,2.75,24.73,28,25,5.81,5.66,45.83,106.73,434.52
"47,454",19,Female,association_football,DI,60,"3,600","1,399.70",0,0,0,0,1.4,17.9,33,40,5.38,4.57,23.33,72.37,229.6
"47,454",19,Female,association_football,DI,60,"3,600","3,847.19",333.63,0,20,0,3.85,22.51,29,16,5.51,4.96,64.12,91.02,464.89
"47,454",19,Female,association_football,DI,70,"4,200","4,889.61",44.57,0,7,0,4.19,20.15,18,13,4.53,4.53,69.85,79.17,535.03
"47,454",19,Female,association_football,DI,90,"5,400","5,635.54",190.08,0,13,0,3.76,21.37,32,42,5.19,5.19,62.62,86.4,590.39
"47,465",20,Male,american_football,DI-FCS,90,"5,400","2,901.94",100.35,0,9,0,1.93,25.1,66,76,7.36,7.02,32.24,88.47,383.3
"47,465",20,Male,american_football,DI-FCS,137,"8,220","1,783.11",369.7,88.14,27,6,0.78,28.37,23,3,6.33,3.43,13.02,109.19,343.71
"47,465",20,Male,american_football,DI-FCS,130,"7,800","5,215.11",348.64,10.9,39,2,2.41,25.98,121,109,9.88,8.42,40.12,108.58,773.52
"47,465",20,Male,american_football,DI-FCS,80,"4,800","3,298.26",98.68,0,10,0,2.47,23.93,79,43,9.54,9.43,41.23,0,407.99
"47,465",20,Male,american_football,DI-FCS,100,"6,000","3,933.31",185.82,0,24,0,2.36,24.04,77,81,8.67,8.9,39.33,84.76,483.43
"47,529",21,Male,american_football,DI,130,"7,800","5,912.68",223.29,60.25,29,5,2.73,30.1,158,87,6.94,6.68,45.48,91.2,646.59
"47,529",21,Male,american_football,DI,105,"6,300","4,373.75",97.18,30.59,16,4,2.5,27.72,126,58,7.65,6.49,41.65,83.98,492.06
"47,529",21,Male,american_football,DI,140,"8,400","5,099.45",170.33,42.87,29,4,2.19,28.92,130,71,7.29,6.48,36.42,87.64,527.2
"47,529",21,Male,american_football,DI,80,"4,800","2,537.72",0,0,0,0,1.9,19.61,67,40,6.36,9.98,31.72,59.43,257.98
"47,529",21,Male,american_football,DI,77,"4,620","3,557.36",4.62,0,1,0,2.77,20.28,107,46,9.12,5.82,46.2,61.45,371.3
"47,529",21,Male,american_football,DI,44,"2,640","2,306.34",232.16,18.94,29,2,3.15,27.37,76,55,7.64,6.52,52.42,82.95,317.22
"47,529",21,Male,american_football,DI,62,"3,720","1,318.87",283.34,37.82,21,4,1.28,28.09,18,2,5.87,9.14,21.27,85.12,165.81
"47,529",21,Male,american_football,DI,45,"2,700","2,753.40","1,285.21",4.59,84,1,3.67,25.41,34,5,6.25,4.3,61.19,76.98,326.2
"47,529",21,Male,american_football,DI,61,"3,660","2,207.68",409.65,71.35,45,10,2.17,28.59,47,41,9.92,7.58,36.19,86.65,288.02
"47,529",21,Male,american_football,DI,42,"2,520","2,497.28","1,244.88",9.93,64,2,3.57,25.71,26,3,8.45,4.39,59.46,77.9,301.45
"47,529",21,Male,american_football,DI,62,"3,720","2,248.73",395.8,45.4,42,7,2.18,27.94,45,35,7.07,7.05,36.27,84.67,270.94
"47,529",21,Male,american_football,DI,55,"3,300","2,668.75",263.73,5.21,31,1,2.91,25.28,88,71,8.45,6.8,48.52,76.59,363.39
"47,529",21,Male,american_football,DI,52,"3,120","1,986.11",269.15,69.36,29,8,2.29,27,38,29,7.44,7.7,38.19,81.81,250.23
"47,529",21,Male,american_football,DI,66,"3,960","2,013.44",167.04,195.54,22,12,1.83,30.3,34,12,6.72,5.1,30.51,91.81,251.49
"47,529",21,Male,american_football,DI,32,"1,920","1,149.54",224.59,0,11,0,2.16,24.31,17,6,5.9,5.72,35.92,73.67,127.43
"47,529",21,Male,american_football,DI,51,"3,060","2,387.80",766.82,320.7,58,38,2.81,27.78,19,8,5.97,4.77,46.82,84.16,275.6
"47,529",21,Male,american_football,DI,66,"3,960","1,923.27",221.32,125.76,21,12,1.75,33,35,10,6.2,5.95,29.14,103.5,229.97
"47,529",21,Male,american_football,DI,60,"3,600","1,530.11",324.68,119.04,33,10,1.53,28.74,30,16,6.38,5.7,25.5,87.08,208.16
"47,529",21,Male,american_football,DI,55,"3,300","2,211.16",348.09,128.08,38,13,2.41,28.43,35,25,8.1,8.25,40.2,86.15,238.19
"47,529",21,Male,american_football,DI,77,"4,620","3,517.64",110.95,32.78,15,3,2.74,27.33,89,49,5.91,6.26,45.68,82.83,384.5
"47,529",21,Male,american_football,DI,66,"3,960","1,869.45",191.89,92.99,20,8,1.7,31.89,28,8,5.5,5.52,28.33,96.62,206.64
"47,529",21,Male,american_football,DI,45,"2,700","1,880.27",10.26,0,2,0,2.51,21.2,58,32,5.93,5.78,41.78,64.25,198.14
"47,743",21,Male,american_football,DI,150,"9,000","4,360.93",113.13,0,7,0,1.74,24.69,40,12,6.52,5.89,29.07,99.78,373.84
"47,743",21,Male,american_football,DI,150,"9,000","4,614.26",48.81,0,4,0,1.85,24.74,54,12,7.46,4.86,30.76,0,373.8
"47,743",21,Male,american_football,DI,330,"19,800","7,274.29",86.32,68.06,11,4,1.32,32.65,39,13,6,7.09,22.04,131.15,601.97
"47,743",21,Male,american_football,DI,130,"7,800","4,169.32",76.49,0,5,0,1.92,24.89,28,17,6.36,5.59,32.07,100.63,327.2
"48,715",20,Female,association_football,DI,105,"6,300","3,055.16",3.15,0,1,0,1.75,19.38,17,19,4.23,5.61,29.1,83.52,311.91
"48,715",20,Female,association_football,DI,120,"7,200","4,193.59",20.63,0,3,0,2.1,19.42,10,13,3.65,4.83,34.95,83.72,497.82
"48,715",20,Female,association_football,DI,104,"6,240",100.02,0,0,0,0,0.058,13.34,0,1,0,4.75,0.96,32.74,7.03
"48,715",20,Female,association_football,DI,100,"6,000","3,282.86",0,0,0,0,1.97,18.27,15,13,9.47,5.72,32.83,44.85,337.29
"48,715",20,Female,association_football,DI,70,"4,200","3,989.57",124,29.75,8,2,3.42,23.55,13,26,4.95,4.76,56.99,57.79,473.17
"48,715",20,Female,association_football,DI,95,"5,700","3,186.41",28.37,6.15,3,1,2.01,22.67,16,9,4.04,4.97,33.54,90.77,365.53
"48,715",20,Female,association_football,DI,90,"5,400","3,696.14",0,0,0,0,2.46,18.72,26,26,5.73,7.11,41.07,45.95,467.84
"48,715",20,Female,association_football,DI,90,"5,400","3,758.71",27.48,9.99,7,2,2.51,24.97,43,31,9.45,5.56,41.76,61.29,426.47
"48,715",20,Female,association_football,DI,90,"5,400","4,961.71",3.12,0,1,0,3.31,19.1,43,39,5.17,6.07,55.13,46.87,822.37
"48,715",20,Female,association_football,DI,80,"4,800","3,087.97",4.76,0,1,0,2.32,19.4,20,8,4.89,4.79,38.6,47.62,323.82
"48,715",20,Female,association_football,DI,99,"5,940","3,650.11",0,0,0,0,2.21,18.84,14,11,4.86,4.2,36.87,75.44,300.82
"48,715",20,Female,association_football,DI,116,"6,960","1,791.05",0,0,0,0,0.93,16.47,9,6,4.09,5.05,15.44,40.43,179.53
"48,715",20,Female,association_football,DI,100,"6,000","4,730.96",36.35,0,3,0,2.84,21.16,22,16,5.62,5.28,47.31,91.21,436.08
"48,715",20,Female,association_football,DI,90,"5,400",773.29,0,0,0,0,0.52,18.42,5,3,3.68,4.24,8.59,45.22,93.21
"48,715",20,Female,association_football,DI,105,"6,300","2,895.83",0,0,0,0,1.65,17.69,14,16,4.52,4.68,27.58,76.26,360.2
"48,715",20,Female,association_football,DI,60,"3,600","1,723.24",0,0,0,0,1.72,17.52,3,0,4.21,0,28.72,42.99,158.91
"48,715",20,Female,association_football,DI,120,"7,200","5,938.40",14.09,0,1,0,2.97,20.3,17,17,4.73,4.77,49.49,49.83,764.18
"48,715",20,Female,association_football,DI,123,"7,380","5,388.75",34.96,0,3,0,2.63,21.5,22,19,4.59,4.82,43.81,0,614.7
"48,715",20,Female,association_football,DI,105,"6,300","3,247.04",26.56,0,3,0,1.86,20.31,19,23,5.59,5.72,30.92,94.47,348.01
"48,715",20,Female,association_football,DI,75,"4,500",762.85,0,0,0,0,0.61,13.34,1,0,3.31,0,10.17,62.06,64.99
"48,715",20,Female,association_football,DI,90,"5,400","3,146.52",0,0,0,0,2.1,17.77,22,16,4.71,5.17,34.96,43.6,378.71
"48,715",20,Female,association_football,DI,78,"4,680","4,068.26",0,0,0,0,3.13,18.1,16,19,4.64,4.43,52.16,84.17,495.88
"48,715",20,Female,association_football,DI,100,"6,000","2,045.69",0,0,0,0,1.23,14.65,9,3,4.12,4.88,20.46,35.95,211.43
"48,715",20,Female,association_football,DI,110,"6,600","3,422.34",124.67,35.15,11,3,1.87,23.2,16,12,5.19,5.15,31.11,107.91,353.8
"49,054",21,Female,association_football,DI,60,"3,600","2,658.75",19.26,0,3,0,2.66,19.92,37,7,4.96,5.86,44.31,46.49,359.5
"49,054",21,Female,association_football,DI,111,"6,660","4,321.99",91.86,29.4,13,2,2.34,24.9,29,33,4.67,4.88,38.94,58.13,673.78
"49,054",21,Female,association_football,DI,112,"6,720","3,132.33",85.41,50.08,9,3,1.68,27.16,6,25,4,7.07,27.97,63.4,662.49
"49,054",21,Female,association_football,DI,115,"6,900","4,259.99",90.31,41.77,10,3,2.22,24.96,15,28,5.02,5.87,37.04,58.25,744.84
"49,054",21,Female,association_football,DI,53,"3,180","3,568.14",193.91,80.31,14,5,4.04,25.89,20,7,5.21,4.37,67.32,60.44,651.1
"49,054",21,Female,association_football,DI,75,"4,500","4,330.96",0,0,0,0,3.46,17.98,23,34,9.15,8.6,57.75,41.96,423.67
"49,054",21,Female,association_football,DI,75,"4,500","3,505.53",17.87,0,2,0,2.8,20.77,46,73,9.88,7.64,46.74,48.49,378.51
"49,054",21,Female,association_football,DI,75,"4,500","4,652.03",267.9,19.74,22,4,3.72,23.61,42,56,5.02,9.37,62.03,55.1,513.21
"49,054",21,Female,association_football,DI,106,"6,360","3,909.82",103.78,33.98,10,2,2.21,24.51,10,8,4.07,5.37,36.89,57.35,625.95
"49,054",21,Female,association_football,DI,70,"4,200","2,983.09",137.99,10.26,15,1,2.56,23.75,31,16,5.09,6.17,42.62,87.09,356.38
"49,054",21,Female,association_football,DI,100,"6,000","5,202.05",74.72,24.64,9,4,3.12,23.03,20,32,4.28,5.13,52.02,84.47,693.68
"49,054",21,Female,association_football,DI,107,"6,420","3,975.76",208.4,26.68,24,3,2.23,23.4,12,26,4.35,7.74,37.16,85.83,576.09
"49,054",21,Female,association_football,DI,87,"5,220","3,401.61",56.53,12.41,9,2,2.35,27.26,27,20,4.95,5.62,39.1,104.57,636.71
"49,054",21,Female,association_football,DI,97,"5,820","6,361.46",43.82,0,3,0,3.93,21.49,28,36,5.48,6.1,65.58,78.82,988.55
"49,054",21,Female,association_football,DI,105,"6,300","6,205.65",100.69,85.18,13,4,3.55,26.07,22,24,5.76,5.69,59.1,101.42,960.46
"49,054",21,Female,association_football,DI,94,"5,640","3,584.98",29.49,5.65,6,1,2.29,22.15,25,17,5.29,4.79,38.14,86.17,453.28
"49,054",21,Female,association_football,DI,97,"5,820","3,560.87",3.94,0,1,0,2.2,19.19,26,27,4.47,6.32,36.71,74.66,432.02
"49,054",21,Female,association_football,DI,104,"6,240","7,923.74",286.43,33.09,29,5,4.57,24.76,30,45,5.2,6.4,76.19,90.8,"1,284.16"
"49,054",21,Female,association_football,DI,105,"6,300","2,089.88",69.38,25.46,6,1,1.19,25.71,6,23,4.31,8.69,19.9,100.01,347.01
"49,054",21,Female,association_football,DI,65,"3,900","2,337.85",13.24,0,2,0,2.16,20.2,7,15,3.78,5.88,35.97,78.59,262.52
"49,054",21,Female,association_football,DI,109,"6,540","1,748.31",91.1,55.76,9,3,0.96,25.71,3,13,4.42,4.76,16.04,99.99,327.41
"49,054",21,Female,association_football,DI,78,"4,680","3,376.11",26.04,0,3,0,2.6,20.75,22,25,5.31,5.46,43.28,80.71,489.6
"49,054",21,Female,association_football,DI,61,"3,660","2,945.83",19.32,0,4,0,2.9,19.88,24,17,5.16,4.86,48.29,80.86,426.27
"49,054",21,Female,association_football,DI,109,"6,540","5,046.87",179.25,35.56,18,4,2.78,23.86,15,24,4.59,6.1,46.3,87.5,757.82
"49,054",21,Female,association_football,DI,100,"6,000","1,574.60",34.6,45.73,6,2,0.94,24.1,2,6,3.52,6.85,15.75,98.03,223.45
"49,054",21,Female,association_football,DI,93,"5,580","3,905.47",165.47,8.43,13,2,2.52,22.57,15,28,4.58,6.71,41.99,91.78,703.13
"49,054",21,Female,association_football,DI,75,"4,500","2,740.63",23.17,0,2,0,2.19,20.84,33,19,4.82,6.36,36.54,84.76,315.04
"49,054",21,Female,association_football,DI,66,"3,960","2,290.95",7.29,0,1,0,2.08,20.33,10,6,3.99,4.3,34.71,82.67,343.44
"49,054",21,Female,association_football,DI,60,"3,600","2,433.62",7.41,0,1,0,2.43,19.47,14,6,4.92,4.51,40.56,79.19,274.52
"49,054",21,Female,association_football,DI,108,"6,480","4,341.27",98.87,33.37,14,3,2.41,24.43,13,18,4.8,7,40.2,99.37,648.81
"49,054",21,Female,association_football,DI,83,"4,980","3,110.61",44.02,0,2,0,2.25,22.92,21,19,5.46,5.36,37.48,93.22,502.29
"49,054",21,Female,association_football,DI,90,"5,400","3,536.11",72.51,23.13,8,2,2.36,24.59,11,16,3.78,6.33,39.29,105.38,532.91
"49,054",21,Female,association_football,DI,83,"4,980","2,791.67",10.63,0,1,0,2.02,20.78,28,31,4.83,6.1,33.63,89.04,369.13
"49,054",21,Female,association_football,DI,120,"7,200","5,095.71",118.63,23.06,16,3,2.55,23.33,29,38,5.26,6.19,42.46,57.11,745.36
"49,054",21,Female,association_football,DI,62,"3,720","2,222.55",5.35,0,1,0,2.15,19.31,18,7,4.82,4.92,35.85,82.77,287.23
"49,054",21,Female,association_football,DI,95,"5,700","2,531.38",0,0,0,0,1.6,17.79,20,3,4.67,8.79,26.65,76.26,235.06
"49,054",21,Female,association_football,DI,100,"6,000","4,760.74",88.22,0,8,0,2.86,21.45,12,19,4.14,5.65,47.61,91.92,759.35
"49,054",21,Female,association_football,DI,110,"6,600","4,244.21",48.23,0,5,0,2.32,21.75,32,20,5.72,5.14,38.58,93.22,560.85
"49,054",21,Female,association_football,DI,120,"7,200","5,236.72",32.86,7.88,5,1,2.62,23.2,34,25,4.79,5.02,43.64,99.44,640.57
"49,054",21,Female,association_football,DI,65,"3,900","3,118.80",37.67,0,4,0,2.88,22.01,25,22,4.87,5.39,47.98,80.73,431.85
"49,054",21,Female,association_football,DI,95,"5,700","4,325.08",99.72,11.31,11,1,2.73,23.83,47,27,5.01,6.6,45.53,92.71,659.53
"49,054",21,Female,association_football,DI,55,"3,300","2,939.65",23.2,0,3,0,3.21,20.43,10,6,4.82,5.53,53.45,50,333.16
"49,054",21,Female,association_football,DI,60,"3,600","2,244.13",55.87,0,8,0,2.24,20.81,16,17,4.96,4.82,37.4,76.32,281.46
"49,054",21,Female,association_football,DI,60,"3,600","2,173.53",0,0,0,0,2.17,17.21,21,16,5.32,5.18,36.23,63.12,239.78
"49,054",21,Female,association_football,DI,106,"6,360","3,213.05",13.08,9.72,3,1,1.82,23.76,12,22,5.21,6.2,30.31,87.16,516.77
"49,054",21,Female,association_football,DI,111,"6,660","5,308.61",57.27,15.13,6,1,2.87,23.12,17,24,4.51,6.17,47.83,84.78,859.01
"49,054",21,Female,association_football,DI,75,"4,500","4,712.34",144.71,0,17,0,3.77,22.27,43,38,5.77,5.75,62.83,51.99,472.27
"49,054",21,Female,association_football,DI,60,"3,600","2,353.44",25.54,0,3,0,2.35,20.62,19,14,4.75,6.07,39.22,75.62,317.34
"49,054",21,Female,association_football,DI,108,"6,480","3,632.63",80.04,4.57,6,1,2.02,22.54,17,16,4.62,6.83,33.64,82.66,639.48
"49,054",21,Female,association_football,DI,110,"6,600","3,761.34",103.82,0,11,0,2.05,21.98,12,20,4.42,5.88,34.19,80.62,560.38
"49,054",21,Female,association_football,DI,75,"4,500","3,147.88",4.38,0,1,0,2.52,19.42,17,15,4.68,4.3,41.97,71.24,406.44
"49,054",21,Female,association_football,DI,60,"3,600","2,447.82",4.26,0,1,0,2.45,19.91,16,14,5.09,6.64,40.8,73.03,418.77
"49,054",21,Female,association_football,DI,111,"6,660","3,496.01",44.52,40.32,6,3,1.89,24.97,14,16,4.58,4.94,31.5,58.29,538.82
"49,054",21,Female,association_football,DI,75,"4,500","2,423.69",130.18,0,13,0,1.94,21.18,18,10,5.36,4.42,32.32,77.68,330.62
"49,054",21,Female,association_football,DI,112,"6,720","4,967.62",125.74,14.51,15,2,2.66,23.38,18,29,5.08,5.94,44.35,85.76,792.74
"49,054",21,Female,association_football,DI,60,"3,600","1,132",0,0,0,0,1.13,11.9,4,3,4.24,3.64,18.87,43.65,196.58
"49,054",21,Female,association_football,DI,60,"3,600","1,241.40",6.75,884.21,1,21,1.24,42.84,0,1,0,2.34,20.69,157.14,255.47
"49,372",18,Female,association_football,DI,120,"7,200","1,719.13",2.99,0,1,0,0.86,19.12,21,19,4.54,5.15,14.33,44.93,255.09
"49,372",18,Female,association_football,DI,90,"5,400","6,125.23",97.11,11.52,15,2,4.08,23.04,43,38,5.29,5.29,68.06,54.15,"1,119.40"
"49,372",18,Female,association_football,DI,120,"7,200","2,127.10",0,0,0,0,1.06,17.73,26,20,8.55,9.65,17.73,41.67,839.83
"49,372",18,Female,association_football,DI,90,"5,400","1,150.83",0,0,0,0,0.77,18.61,5,1,4.04,3.81,12.79,43.75,187.22
"49,372",18,Female,association_football,DI,120,"7,200","3,788.80",131.03,51.84,18,8,1.89,24.3,27,29,5.99,6.23,31.57,57.12,647.26
"49,372",18,Female,association_football,DI,120,"7,200","5,211.91",116.44,57.33,12,5,2.61,25.52,40,35,4.84,5.23,43.43,59.99,816.46
"49,372",18,Female,association_football,DI,120,"7,200","1,116.11",0,0,0,0,0.56,13.28,3,1,4.63,3.06,9.3,31.22,164.44
"49,372",18,Female,association_football,DI,120,"7,200","2,549.05",125.4,5.24,12,1,1.27,23.04,24,16,5.53,6.22,21.24,54.15,422.56
"49,372",18,Female,association_football,DI,120,"7,200","2,153.11",4.83,0,1,0,1.08,21.35,23,12,5.18,4.73,17.94,50.18,450.11
"49,372",18,Female,association_football,DI,90,"5,400","6,851.17",163.94,73.08,19,8,4.57,25.31,57,63,5.01,5.8,76.12,59.49,"1,275.43"
"49,372",18,Female,association_football,DI,120,"7,200",276.65,0,0,0,0,0.14,7.99,0,0,0,0,2.31,18.78,27.01
"49,372",18,Female,association_football,DI,90,"5,400","5,258.55",67.13,0,7,0,3.51,22.5,27,26,4.91,5.44,58.43,52.89,858.25
"49,372",18,Female,association_football,DI,120,"7,200","7,534.43",51.76,64.15,9,2,3.77,27.2,47,60,5.25,6.08,62.79,63.94,"1,062.53"
"49,372",18,Female,association_football,DI,90,"5,400","7,863.86",273.78,139.73,38,15,5.24,25.24,59,63,5.73,6.25,87.38,59.32,"1,436.91"
"49,372",18,Female,association_football,DI,90,"5,400","1,574.25",5.42,0,1,0,1.05,19.25,9,2,5,4.34,17.49,45.25,200.9
"49,372",18,Female,association_football,DI,90,"5,400","5,538.19",168.11,60.81,21,6,3.69,26.51,43,40,5.96,5.2,61.54,62.31,954.74
"49,372",18,Female,association_football,DI,120,"7,200","3,041.95",9.56,0,2,0,1.52,19.59,18,12,5.65,5.47,25.35,46.06,442.17
"49,372",18,Female,association_football,DI,120,"7,200","6,616.54",78.41,0,12,0,3.31,22.34,62,63,7.91,6.38,55.14,52.51,"1,255.14"
"49,372",18,Female,association_football,DI,90,"5,400","7,282.51",177.21,64.47,18,9,4.86,24.96,42,48,5.28,5.69,80.92,58.66,"1,260.87"
"49,372",18,Female,association_football,DI,120,"7,200","2,832.40",39.43,0,3,0,1.42,21.84,13,11,4.68,4.91,23.6,53.46,291.32
"49,372",18,Female,association_football,DI,120,"7,200","10,379.39",168.03,10.89,13,1,5.19,23.15,64,58,5,5.53,86.49,56.67,"1,679.06"
"49,372",18,Female,association_football,DI,120,"7,200","5,853.24",169.18,"1,301.22",17,46,2.93,42.54,57,26,6.51,7.93,48.78,104.13,907.28
"49,372",18,Female,association_football,DI,120,"7,200",337.29,0,0,0,0,0.17,5.35,0,0,0,0,2.81,13.1,18.86
"49,372",18,Female,association_football,DI,120,"7,200","6,786.97",64.82,22.11,7,3,3.39,23.72,30,25,5.12,4.98,56.56,58.05,"1,048.20"
"49,372",18,Female,association_football,DI,120,"7,200",456.31,0,0,0,0,0.23,8.22,0,0,0,0,3.8,20.13,41.22
"49,372",18,Female,association_football,DI,90,"5,400","5,903.75",169.76,52.15,18,5,3.94,24.52,27,49,5.88,6.55,65.6,60.01,"1,102.93"
"49,372",18,Female,association_football,DI,120,"7,200","5,940.18",21.82,0,4,0,2.97,20.46,28,28,4.6,5.96,49.5,50.07,924.26
"49,372",18,Female,association_football,DI,90,"5,400","6,348.96",138.91,16.72,15,3,4.23,23.13,27,39,4.59,6.33,70.54,56.6,"1,160.35"
"49,372",18,Female,association_football,DI,90,"5,400","3,841.95",38.44,0,4,0,2.56,22.2,27,23,4.89,4.62,42.69,54.35,607.69
"49,372",18,Female,association_football,DI,120,"7,200","2,657.46",200.65,"1,826.62",22,35,1.33,40.86,1,3,2.91,3.3,22.15,143.58,452.05
"49,372",18,Female,association_football,DI,120,"7,200",488.79,0,0,0,0,0.24,12.79,0,0,0,0,4.07,31.31,37.5
"49,372",18,Female,association_football,DI,90,"5,400","9,267.53",257.67,94.4,27,5,6.18,25.88,41,54,4.98,6.49,102.97,63.34,"1,634.45"
"49,372",18,Female,association_football,DI,85,"5,100","3,174.86",35.61,0,4,0,2.24,22.18,16,5,4.5,4.05,37.35,54.28,485.02
"49,372",18,Female,association_football,DI,90,"5,400","6,872.06",101.16,27.31,14,3,4.58,24.21,26,52,4.69,5.18,76.36,59.25,"1,442.41"
"49,372",18,Female,association_football,DI,90,"5,400","2,793.43",33.78,0,6,0,1.86,21.19,21,27,4.8,5.71,31.04,51.86,355.59
"49,372",18,Female,association_football,DI,90,"5,400","4,430.94",12.34,0,3,0,2.95,20.04,31,37,4.9,6.94,49.23,49.06,579.73
"49,372",18,Female,association_football,DI,90,"5,400","4,407.32",65.62,55.89,9,4,2.94,25.53,34,33,4.78,5.9,48.97,62.48,612.08
"49,372",18,Female,association_football,DI,100,"6,000","6,991.71",231.97,20.14,23,2,4.2,23.94,46,56,5.87,5.76,69.92,58.58,"1,335.76"
"49,372",18,Female,association_football,DI,120,"7,200","4,519.36",27.1,0,2,0,2.26,22.61,27,17,5.38,5.19,37.66,55.34,578.65
"49,372",18,Female,association_football,DI,90,"5,400","5,600.53",89.5,49.16,8,3,3.73,24.72,44,35,4.82,5.85,62.23,60.5,769.05
"49,372",18,Female,association_football,DI,120,"7,200","6,378.40",64.71,22.16,9,1,3.19,25.05,41,29,5.31,6.16,53.15,61.31,985.11
"49,372",18,Female,association_football,DI,90,"5,400","4,036.67",26.88,0,4,0,2.69,20.78,24,27,5.04,5.89,44.85,50.87,577.29
"49,372",18,Female,association_football,DI,90,"5,400","5,090.20",28.09,4.18,6,1,3.39,27.27,56,46,6.21,7.75,56.56,66.75,829.82
"49,372",18,Female,association_football,DI,95,"5,700","6,454.50",114.21,42.49,15,5,4.08,26.03,26,42,5.07,5.68,67.94,63.71,"1,434.40"
"49,372",18,Female,association_football,DI,90,"5,400","4,236.10",3.82,0,1,0,2.82,19.71,25,29,5.05,5.41,47.07,48.24,636.4
"49,372",18,Female,association_football,DI,95,"5,700","7,814.68",154.46,64.48,17,5,4.94,28.46,31,39,5.08,5.24,82.26,69.65,"1,460.81"
"49,372",18,Female,association_football,DI,90,"5,400","4,703.43",21.1,0,3,0,3.14,21.08,67,56,5.93,6.39,52.26,51.6,678.54
"49,372",18,Female,association_football,DI,120,"7,200","6,890.40",57.91,54.15,12,2,3.45,25.51,34,35,5.63,5.97,57.42,62.44,984.22
"49,372",18,Female,association_football,DI,105,"6,300","10,811.02",225.17,49.47,26,6,6.18,23.69,47,82,4.59,7.45,102.96,57.99,"2,313.27"
"49,372",18,Female,association_football,DI,120,"7,200","4,135.85",28.45,0,4,0,2.07,21.12,17,31,4.15,5.18,34.47,51.69,498.14
"49,372",18,Female,association_football,DI,120,"7,200","4,626.69",41.27,0,6,0,2.31,21.81,28,28,4.94,5.43,38.56,53.38,621.8
"49,372",18,Female,association_football,DI,120,"7,200","4,121.21",54.01,0,5,0,2.06,21.86,41,22,5.78,5.64,34.34,53.5,500.11
"49,372",18,Female,association_football,DI,90,"5,400","2,401.10",8.8,0,1,0,1.6,20.15,8,4,6.43,5.05,26.68,49.33,215.42
"49,372",18,Female,association_football,DI,150,"9,000","10,748.68",165.73,64.48,22,8,4.3,25.45,50,67,5.84,6.01,71.66,62.3,"1,895.90"
"49,372",18,Female,association_football,DI,120,"7,200","6,168.41",57.26,0,9,0,3.08,21.86,47,45,6.69,5.81,51.4,53.51,897.53
"49,372",18,Female,association_football,DI,120,"7,200","6,232.14",58.51,0,9,0,3.12,21.76,48,37,5.81,6.97,51.93,53.26,917.34
"49,372",18,Female,association_football,DI,120,"7,200","6,289.81",11.78,0,2,0,3.14,19.88,30,29,4.88,4.99,52.42,48.66,"1,005.06"
"49,372",18,Female,association_football,DI,90,"5,400","4,377.92",74.15,13.93,8,2,2.92,23.57,24,21,5.17,5.02,48.64,57.68,612.49
"49,561",20,Male,american_football,DI-FCS,137,"8,220","1,761.46",257.56,103.68,27,8,0.77,32.22,25,5,6.17,4.39,12.86,95.57,297.01
"49,561",20,Male,american_football,DI-FCS,100,"6,000","4,250.16",159.98,33.93,20,3,2.55,31.92,92,53,9.72,8.04,42.5,94.68,474.46
"49,561",20,Male,american_football,DI-FCS,90,"5,400","2,462.27",135.14,0,20,0,1.64,23.43,58,68,6.83,7.56,27.36,69.48,303.82
"49,561",20,Male,american_football,DI-FCS,80,"4,800","1,752.82",127.61,233.72,18,12,1.31,33.71,25,48,8.89,8.47,21.91,127.12,244.23
"49,561",20,Male,american_football,DI-FCS,95,"5,700","1,485",83.99,0,9,0,0.94,23.29,45,31,5.88,6.53,15.63,0,288.02
"49,561",20,Male,american_football,DI-FCS,80,"4,800","3,396.30",108.95,0,11,0,2.55,24.27,70,35,8.94,9.6,42.45,72,369.66
"49,561",20,Male,american_football,DI-FCS,106,"6,360","4,680.73",542.84,89.22,52,13,2.65,26.72,96,104,7.48,8.61,44.16,79.26,626.27
"49,561",20,Male,american_football,DI-FCS,130,"7,800",137.63,0,0,0,0,0.064,6.52,1,2,4.04,3.73,1.06,19.33,11.1
"50,351",22,Male,association_football,DI,83,"4,980","6,837.46",164.65,5.98,16,1,4.94,26.09,51,38,5.02,6.74,82.38,100.2,"1,102.95"
"50,351",22,Male,association_football,DI,113,"6,780",364.76,0,0,0,0,0.19,10.91,2,0,3.43,0,3.23,25.45,27.09
"50,351",22,Male,association_football,DI,111,"6,660","7,167.61",166.93,7.48,15,1,3.87,25.66,68,48,5.94,6.96,64.57,0,"1,066.64"
"50,351",22,Male,association_football,DI,120,"7,200","7,631.47",136.66,0,11,0,3.82,25.71,61,44,5.96,6.59,63.6,91.07,"1,082.56"
"50,351",22,Male,association_football,DI,75,"4,500","4,325.16",21.45,0,1,0,3.46,23.96,26,36,4.69,5.32,57.67,84.87,614.57
"50,351",22,Male,association_football,DI,80,"4,800","5,134.46",90.51,0,10,0,3.85,25.04,36,28,5.45,6.9,64.18,85.58,835.45
"50,351",22,Male,association_football,DI,90,"5,400","3,471.73",0,0,0,0,2.31,16.14,11,7,5.18,7.03,38.57,55.16,97.6
"50,351",22,Male,association_football,DI,90,"5,400","5,116.40",77.88,5.79,5,1,3.41,26.11,54,27,6.23,6.17,56.85,60.97,791.56
"50,351",22,Male,association_football,DI,115,"6,900","4,576.61",87.57,4.97,12,1,2.39,28.57,78,93,6.84,7.9,39.8,66.72,525.26
"50,351",22,Male,association_football,DI,103,"6,180","5,100.84",0,0,0,0,2.97,17.73,13,3,5.8,3.68,49.52,41.4,234.73
"50,351",22,Male,association_football,DI,60,"3,600","2,996.64",0,0,0,0,3,15.12,16,10,5.27,5.8,49.94,35.32,165.25
"50,351",22,Male,association_football,DI,90,"5,400","3,830.83",36.12,0,5,0,2.55,24.79,62,50,9.42,7.97,42.56,57.89,362.87
"50,351",22,Male,association_football,DI,90,"5,400","5,979.24",374.91,101.54,40,9,3.99,31.1,83,61,6.41,9.32,66.44,72.64,657.43
"50,351",22,Male,association_football,DI,80,"4,800","4,822.68",40.93,0,6,0,3.62,24.99,81,60,7.69,7.23,60.28,58.36,491.62
"50,351",22,Male,association_football,DI,85,"5,100","5,592.88",134.46,5.26,14,1,3.95,26.74,70,73,6.92,7.64,65.8,62.46,585.11
"50,351",22,Male,association_football,DI,101,"6,060","3,401.28",66.2,0,10,0,2.02,24.65,45,48,5.84,7.32,33.68,57.57,386.46
"50,351",22,Male,association_football,DI,92,"5,520","3,561.82",0,0,0,0,2.32,18.01,53,73,7.75,10,38.72,42.07,392.38
"50,351",22,Male,association_football,DI,92,"5,520","5,623.42",177.66,30.09,25,4,3.67,27.43,70,60,7.68,7.7,61.12,64.06,579.57
"50,351",22,Male,association_football,DI,297,"17,820","12,066.73",345.14,"1,390.90",16,18,2.44,42.82,68,29,6.07,5.23,40.63,99.87,"1,000.86"
"50,351",22,Male,association_football,DI,304,"18,240","20,399.70",289.81,78.07,27,2,4.03,30.4,76,75,5.47,7.02,67.1,70.91,"2,221.23"
"50,351",22,Male,association_football,DI,105,"6,300","6,965.11",206,100.67,20,7,3.98,29.43,67,42,6.66,6.51,66.33,68.74,"1,088.93"
"50,351",22,Male,association_football,DI,115,"6,900","7,513.37",119.69,10.65,11,2,3.92,25.63,62,47,5.89,5.95,65.33,59.86,"1,144.12"
"50,351",22,Male,association_football,DI,66,"3,960","5,214.17",61.84,0,7,0,4.74,24.88,51,47,5.4,6.4,79,58.1,810.85
"50,351",22,Male,association_football,DI,85,"5,100","5,916.36",130.56,17.76,10,3,4.18,26.07,49,33,6.17,5.53,69.6,60.88,874.18
"50,351",22,Male,association_football,DI,106,"6,360","6,843.64",123.01,4.39,16,1,3.87,25.25,75,82,6.41,7.21,64.56,58.96,680.96
"50,351",22,Male,association_football,DI,111,"6,660",475.33,0,0,0,0,0.26,16.48,5,4,3.8,4.74,4.28,56.33,51.74
"50,351",22,Male,association_football,DI,111,"6,660",512.84,0,0,0,0,0.28,17,5,2,4.04,3.46,4.62,58.1,57.73
"50,351",22,Male,association_football,DI,110,"6,600",336.95,0,0,0,0,0.18,10.52,2,2,4.04,3.51,3.06,35.95,32.94
"50,351",22,Male,association_football,DI,105,"6,300","5,846.75",210.49,10.89,18,2,3.34,25.83,30,20,5.09,5.82,55.68,88.28,823.68
"50,351",22,Male,association_football,DI,110,"6,600",375.88,0,0,0,0,0.21,16.27,1,2,4.74,3.55,3.42,55.61,43.58
"50,351",22,Male,association_football,DI,120,"7,200","7,461.23",84.24,30.94,12,3,3.73,26.59,66,53,6.89,6.35,62.18,90.88,"1,161.20"
"50,351",22,Male,association_football,DI,93,"5,580","8,050.22",192.63,27.66,18,1,5.19,27.51,54,70,6.41,7.82,86.56,64.26,"1,244.39"
"50,351",22,Male,association_football,DI,105,"6,300","5,291.79",152.26,5.11,14,1,3.02,25.2,58,32,5.5,6.49,50.4,58.85,840.75
"50,351",22,Male,association_football,DI,109,"6,540","6,840.79",259.3,4.94,23,1,3.77,25.16,40,48,5.54,9.33,62.76,85.99,"1,091.91"
"50,351",22,Male,association_football,DI,105,"6,300","1,435.75",56.33,15.01,6,1,0.82,27.23,8,4,4,4.63,13.67,93.07,221.17
"50,351",22,Male,association_football,DI,96,"5,760","4,619.94",190.07,25.18,20,1,2.89,28.34,24,31,7.37,6.05,48.12,96.85,752.95
"50,351",22,Male,association_football,DI,99,"5,940",863.78,0,0,0,0,0.52,17.53,8,5,5.1,5.82,8.73,59.92,140.11
"50,351",22,Male,association_football,DI,51,"3,060","3,397.30",0,0,0,0,4,16.3,23,15,7.37,6.25,66.61,55.7,242.23
"50,351",22,Male,association_football,DI,111,"6,660",359.02,7.55,0,1,0,0.19,21.91,5,5,5.25,3.85,3.23,74.89,46.22
"50,351",22,Male,association_football,DI,81,"4,860","5,856.95",153.14,23.18,19,1,4.34,27.26,50,29,5.4,6.27,72.31,63.65,920.07
"50,351",22,Male,association_football,DI,71,"4,260","4,136.03",95.75,90.2,14,3,3.5,29.26,57,40,6.52,7.46,58.25,99.44,603.96
"50,351",22,Male,association_football,DI,110,"6,600","6,313.54",202.34,8.77,20,1,3.44,25.82,39,45,5.23,6.56,57.4,88.24,"1,001.41"
"50,351",22,Male,association_football,DI,97,"5,820","1,938.28",44.57,33.99,4,1,1.2,27.59,12,14,4.26,5.61,19.98,93.76,315
"50,351",22,Male,association_football,DI,103,"6,180",162.49,0,0,0,0,0.095,16.02,1,0,4.15,0,1.58,54.75,13.17
"50,351",22,Male,association_football,DI,80,"4,800","6,303.47",152.44,12.42,18,1,4.73,26.05,38,36,5.32,6.79,78.79,88.55,"1,013.99"
"50,351",22,Male,association_football,DI,139,"8,340","6,120.51",130.39,19.07,12,2,2.64,26.58,56,37,5.17,7.93,44.03,93.54,"1,088.13"
"50,351",22,Male,association_football,DI,60,"3,600","3,863.72",8.46,0,2,0,3.86,21.05,48,50,6.68,5.94,64.4,74.1,576.41
"50,351",22,Male,association_football,DI,108,"6,480","4,904.98",16.05,0,2,0,2.72,21.97,44,21,5.91,5.63,45.42,77.32,499.9
"50,351",22,Male,association_football,DI,130,"7,800","8,713.59",316.62,87.9,24,6,4.02,28.41,57,46,5.23,7.4,67.03,100.66,"1,345.77"
"50,351",22,Male,association_football,DI,95,"5,700","3,854.07",177.62,44.29,15,4,2.43,28.23,31,32,5.14,7.32,40.57,108.18,681.07
"50,354",21,Male,american_football,DI,70,"4,200","3,034.89",249.97,75.33,25,3,2.6,31,54,34,6.75,6.33,43.36,101.91,488.65
"50,354",21,Male,american_football,DI,150,"9,000","7,435.10",318.99,57.92,33,5,2.97,29.26,82,32,6.48,9.15,49.57,0,855.24
"50,354",21,Male,american_football,DI,70,"4,200","4,188.44",470.77,77.91,45,9,3.59,28.3,72,33,7.02,6.05,59.83,89.83,670.95
"50,354",21,Male,american_football,DI,70,"4,200","3,222.95",307.8,98.95,31,3,2.76,31.5,62,21,6.65,7.52,46.04,101.61,463.21
"50,354",21,Male,american_football,DI,70,"4,200","1,596.83",147.36,68.88,17,8,1.37,29.62,27,5,6.28,5.84,22.81,95.54,244.03
"50,354",21,Male,american_football,DI,70,"4,200","2,831.23",384.01,46.2,31,4,2.43,28.03,41,16,7.18,6.78,40.45,92.14,449.38
"50,354",21,Male,american_football,DI,70,"4,200","2,961.84",245.39,66.7,23,2,2.54,29.89,26,31,6.58,7.14,42.31,98.26,460.47
"50,354",21,Male,american_football,DI,330,"19,800","15,000.12",588.32,229.55,59,15,2.73,30.42,114,70,6.86,8.38,45.45,103.96,"1,573.12"
"50,354",21,Male,american_football,DI,130,"7,800","6,291.28",374.45,71.24,39,8,2.9,27.33,74,34,6.65,9.87,48.39,93.4,782.6
"50,354",21,Male,american_football,DI,150,"9,000","6,298.18",475.11,6.81,36,1,2.52,25.96,73,27,6.42,8.89,41.99,88.71,701.63
"50,466",21,Female,association_football,DI,100,"6,000","5,483.53",117.35,3.97,13,1,3.29,23.44,39,47,5.45,5.71,54.84,99.1,"1,472.13"
"50,466",21,Female,association_football,DI,108,"6,480","2,836.32",106.56,3.76,13,1,1.58,22.58,16,40,4.77,7.48,26.26,95.5,602
"50,466",21,Female,association_football,DI,66,"3,960","3,196.33",84.14,71.47,12,3,2.91,26.8,36,27,5.93,7.03,48.43,113.34,459.15
"50,466",21,Female,association_football,DI,109,"6,540","1,664.11",43.2,7.73,4,1,0.92,23.41,5,16,3.73,5.88,15.27,87.13,245.43
"50,466",21,Female,association_football,DI,78,"4,680","3,148.58",7.45,0,1,0,2.42,20.15,37,32,5.68,5.54,40.37,75.17,426.59
"50,466",21,Female,association_football,DI,60,"3,600","1,664.45",3.28,0,1,0,1.66,19.16,14,15,5.49,5.85,27.74,71.3,181.21
"50,466",21,Female,association_football,DI,53,"3,180","3,334.58",215.9,88.68,21,5,3.77,25.64,22,8,5.64,4.55,62.92,59.64,638.01
"50,466",21,Female,association_football,DI,75,"4,500","4,860",83.19,23.96,10,2,3.89,25.15,39,57,7.92,9.28,64.8,58.5,458.04
"50,466",21,Female,association_football,DI,75,"4,500","3,352.52",20.6,0,3,0,2.68,20.76,45,73,7.85,8.33,44.7,48.3,336.41
"50,466",21,Female,association_football,DI,75,"4,500","4,116.25",260.68,43.7,29,7,3.29,23.3,46,73,9.74,6.79,54.88,54.21,461.01
"50,466",21,Female,association_football,DI,75,"4,500","4,174.42",67.96,12.6,11,1,3.34,23.2,40,30,6.05,4.53,55.66,53.97,371.4
"50,466",21,Female,association_football,DI,61,"3,660","2,868.35",15.63,0,3,0,2.82,21.18,40,22,5.21,4.62,47.02,79.01,375.33
"50,466",21,Female,association_football,DI,60,"3,600","2,011.10",45.56,0,7,0,2.01,21.27,15,13,5.75,6.36,33.52,74.57,234.45
"50,466",21,Female,association_football,DI,55,"3,300","2,424.59",9.65,0,1,0,2.65,21.47,20,14,4.91,4.42,44.08,52.56,276.06
"50,466",21,Female,association_football,DI,95,"5,700","3,800.38",90.61,0,9,0,2.4,22.5,44,23,5.69,5.17,40,83.95,528.93
"50,466",21,Female,association_football,DI,65,"3,900","2,782.40",49.92,5.76,6,1,2.57,23.37,16,20,5.25,5.66,42.81,87,379.36
"50,466",21,Female,association_football,DI,111,"6,660",725.82,0,0,0,0,0.39,17.48,4,6,5.64,4.65,6.54,40.67,57.03
"50,466",21,Female,association_football,DI,75,"4,500",933.87,0,0,0,0,0.75,13.73,11,4,4.24,3.82,12.45,51.12,84.93
"50,466",21,Female,association_football,DI,112,"6,720","1,727.67",39.14,31.25,7,3,0.93,25.81,9,11,5.12,5.7,15.43,96.08,276.65
"50,466",21,Female,association_football,DI,97,"5,820","2,831.41",37.73,9.58,5,2,1.75,23.53,31,27,5.91,6.36,29.19,87.78,361.99
"50,466",21,Female,association_football,DI,61,"3,660","2,816.07",224.93,0,17,0,2.77,22.6,37,18,4.98,4.74,46.17,84.34,401.3
"50,466",21,Female,association_football,DI,94,"5,640","3,302.02",5.07,0,1,0,2.11,19.75,20,16,5.42,5.6,35.13,73.71,413.92
"50,466",21,Female,association_football,DI,120,"7,200","4,291.02",150.78,24.8,21,4,2.15,24.53,43,37,6.24,6.62,35.76,91.32,537.46
"50,466",21,Female,association_football,DI,105,"6,300","4,299.44",86.03,88.44,7,4,2.46,26.87,36,26,6.04,5.59,40.95,100.24,631.7
"50,466",21,Female,association_football,DI,97,"5,820","5,733.62",70.42,48.58,11,5,3.55,25.33,50,53,5.58,5.15,59.11,94.29,795.42
"50,466",21,Female,association_football,DI,87,"5,220","3,206.89",63.42,48.08,11,4,2.21,25.52,26,21,4.72,4.72,36.86,95.01,473.76
"50,466",21,Female,association_football,DI,36,"2,160","1,210.82",20.95,0,4,0,2.02,20.92,12,10,6.13,4.22,33.63,77.86,151.39
"50,466",21,Female,association_football,DI,107,"6,420",434.93,0,0,0,0,0.24,10.67,0,0,0,0,4.06,39.7,25.85
"50,466",21,Female,association_football,DI,100,"6,000","3,695.31",50.24,37.06,7,4,2.22,24.94,35,40,5.12,6.13,36.95,92.83,528.71
"50,466",21,Female,association_football,DI,70,"4,200","2,992.87",100.81,33.89,15,4,2.57,25.32,21,18,5.61,6.56,42.76,94.24,432.1
"50,466",21,Female,association_football,DI,106,"6,360",347.44,0,0,0,0,0.2,12.23,0,0,0,0,3.28,28.64,28.73
"50,466",21,Female,association_football,DI,106,"6,360",516.59,0,0,0,0,0.29,12.32,0,0,0,0,4.87,45.87,27.16
"50,466",21,Female,association_football,DI,111,"6,660",748.3,0,0,0,0,0.4,16.09,5,5,5.36,4.85,6.74,56.43,84.36
"50,466",21,Female,association_football,DI,60,"3,600","1,792.92",26.08,77.33,5,3,1.79,28.52,18,14,5.57,5.64,29.88,106.14,212.8
"50,466",21,Female,association_football,DI,60,"3,600","1,291.69",6.24,903.24,1,23,1.29,42.98,1,1,3.54,2.44,21.53,150.74,237.72
"50,466",21,Female,association_football,DI,60,"3,600","2,945.21",145.68,63.34,14,3,2.95,26.51,14,4,5.72,4.01,49.09,61.68,548.35
"50,466",21,Female,association_football,DI,95,"5,700","2,172.16",0,0,0,0,1.37,14.69,10,7,4.01,3.74,22.86,62.1,182.37
"50,466",21,Female,association_football,DI,109,"6,540",177.74,0,0,0,0,0.098,7.1,0,0,0,0,1.63,26.48,8.06
"50,466",21,Female,association_football,DI,105,"6,300",510.15,0,0,0,0,0.29,19.13,4,4,4.47,4.47,4.86,71.37,90.41
"50,466",21,Female,association_football,DI,65,"3,900","2,007.63",0,0,0,0,1.85,17.45,16,16,5.37,5.82,30.89,65.12,222.59
"50,466",21,Female,association_football,DI,90,"5,400",720.55,15.39,16.36,2,2,0.48,23.2,5,9,4.03,4.73,8.01,98.1,126.66
"50,466",21,Female,association_football,DI,83,"4,980","2,399.77",38.5,0,6,0,1.73,21.51,22,24,5.52,6.75,28.91,90.95,297.05
"50,466",21,Female,association_football,DI,120,"7,200","2,440.07",15.18,0,3,0,1.22,20.69,22,20,6.21,5.55,20.33,50.66,407.13
"50,466",21,Female,association_football,DI,62,"3,720","2,318.60",3.61,0,1,0,2.24,19.72,24,19,5.63,5.81,37.4,91.87,282.7
"50,466",21,Female,association_football,DI,120,"7,200","3,831",19.72,0,4,0,1.92,20.35,35,17,5,5.73,31.92,94.77,438.35
"50,466",21,Female,association_football,DI,60,"3,600","2,284.94",0,0,0,0,2.28,18.46,18,17,5.23,4.87,38.08,68.86,301.74
"50,466",21,Female,association_football,DI,83,"4,980","2,859.21",28.82,0,5,0,2.07,21.47,24,21,6.03,5.45,34.45,90.78,504.13
"50,466",21,Female,association_football,DI,60,"3,600","2,006.87",39.63,11.47,6,1,2.01,24.56,35,15,5.6,5.21,33.45,91.4,265.22
"50,466",21,Female,association_football,DI,110,"6,600","4,194.11",55.25,23.5,8,3,2.29,23.65,46,44,6.06,6.23,38.13,100.9,560.53
"50,638",18,Female,association_football,DI,120,"7,200","5,131.95",49.29,5.29,8,1,2.57,23.22,37,54,5.67,5.49,42.77,54.97,"1,088.43"
"50,638",18,Female,association_football,DI,90,"5,400","5,693.12",73.3,48.26,11,3,3.8,25.48,39,32,5.48,5.87,63.26,96.04,815.73
"50,638",18,Female,association_football,DI,120,"7,200","4,790.54",13.15,0,3,0,2.4,20.12,40,25,5.12,5.22,39.92,75.84,604.98
"50,638",18,Female,association_football,DI,150,"9,000","5,514.66",53.51,0,6,0,2.21,22.64,17,31,4.37,6.85,36.76,85.32,793.47
"50,638",18,Female,association_football,DI,120,"7,200","5,973.64",45.32,0,5,0,2.99,20.92,40,31,5.81,5.63,49.78,78.86,782.22
"50,638",18,Female,association_football,DI,120,"7,200","4,013.42",32.38,0,2,0,2.01,22.5,15,10,5.06,5.12,33.45,84.8,432.2
"50,638",18,Female,association_football,DI,120,"7,200","2,751.68",20.23,0,2,0,1.38,21.55,14,14,4.55,5.01,22.93,81.24,337.42
"50,638",18,Female,association_football,DI,120,"7,200","3,835.23",39.51,42.9,5,2,1.92,24.54,8,2,5.38,3.41,31.96,92.49,353.89
"50,638",18,Female,association_football,DI,90,"5,400","2,006.04",8.51,0,1,0,1.34,20.93,3,4,3.82,3.89,22.29,78.9,164.19
"50,638",18,Female,association_football,DI,90,"5,400","3,154.69",0,0,0,0,2.1,18.32,43,34,5.3,4.08,35.05,69.04,385.34
"50,638",18,Female,association_football,DI,90,"5,400","4,526.55",46.79,0,5,0,3.02,21.07,44,26,5.52,5.73,50.29,79.4,676.15
"50,638",18,Female,association_football,DI,90,"5,400","2,638.34",9.17,0,1,0,1.76,21.02,12,9,5.23,4.01,29.31,79.24,352.85
"50,638",18,Female,association_football,DI,120,"7,200","5,730.41",14.23,33.53,3,3,2.87,26.27,37,24,5.33,5.88,47.75,99.03,744.01
"50,638",18,Female,association_football,DI,120,"7,200","3,473.20",9.22,0,1,0,1.74,21.19,24,19,5.17,4.61,28.94,79.88,395
"50,638",18,Female,association_football,DI,90,"5,400","5,566.72",88.11,66.03,12,4,3.71,26.37,38,43,5.38,5.22,61.85,99.4,796.61
"50,638",18,Female,association_football,DI,90,"5,400","4,621.47",54.43,72.7,8,3,3.08,26.53,28,28,5.6,4.68,51.35,100.98,661.15
"50,638",18,Female,association_football,DI,90,"5,400","4,846.94",24.21,0,2,0,3.23,21.24,41,31,5.32,4.49,53.85,80.05,667.34
"50,638",18,Female,association_football,DI,90,"5,400","4,277.57",40.94,0,6,0,2.85,21.2,32,31,5.86,7,47.53,79.92,540.03
"50,638",18,Female,association_football,DI,90,"5,400","2,628.71",8.87,0,1,0,1.75,21.1,18,15,5.83,6.17,29.21,79.52,301.16
"50,638",18,Female,association_football,DI,90,"5,400",336.96,0,0,0,0,0.22,4.85,0,0,0,0,3.74,18.28,9.74
"50,638",18,Female,association_football,DI,85,"5,100","3,216.94",81.1,7.97,10,1,2.27,22.42,18,8,4.84,5.31,37.85,84.49,428.86
"50,638",18,Female,association_football,DI,90,"5,400","5,369.53",44.64,4.41,8,1,3.58,22.22,38,39,5.77,5.62,59.66,83.76,793.3
"50,638",18,Female,association_football,DI,90,"5,400",441.8,0,0,0,0,0.29,5.57,0,0,0,0,4.91,21.01,12.88
"50,638",18,Female,association_football,DI,90,"5,400","4,194.39",69.16,10.99,12,2,2.8,23.01,35,35,7.3,5.7,46.6,86.72,756.9
"50,638",18,Female,association_football,DI,120,"7,200","7,459.14",50.01,0,7,0,3.73,22.05,45,56,4.91,6.84,62.16,83.1,"1,079.66"
"50,638",18,Female,association_football,DI,120,"7,200","5,408.55",71.41,5.89,9,1,2.7,23.82,29,24,6.07,5.41,45.07,89.8,794.14
"50,638",18,Female,association_football,DI,90,"5,400","2,244.54",20.97,15.99,3,1,1.5,25.78,20,12,4.65,5.31,24.94,97.17,341.37
"50,638",18,Female,association_football,DI,120,"7,200","6,601.54",28.85,0,4,0,3.3,20.85,37,54,6.07,5.68,55.01,78.58,"1,130.95"
"50,638",18,Female,association_football,DI,120,"7,200","6,545.95",89.87,8.36,7,2,3.27,23.54,26,19,5.12,5.79,54.55,88.74,"1,024.82"
"50,638",18,Female,association_football,DI,120,"7,200","7,011.82",38.32,44.33,5,2,3.51,26.5,52,56,6.14,6.57,58.43,99.88,"1,294.68"
"50,638",18,Female,association_football,DI,120,"7,200","5,309.89",168.54,"1,279.13",14,49,2.65,42.24,29,21,5.29,6.17,44.25,159.2,633.45
"50,638",18,Female,association_football,DI,120,"7,200","8,508.74",187.81,76.96,18,4,4.25,25.46,32,43,4.62,4.57,70.91,95.96,"1,327.06"
"50,638",18,Female,association_football,DI,120,"7,200","2,203.94",15.16,0,2,0,1.1,21.45,9,8,5.61,3.97,18.37,80.84,248.52
"50,638",18,Female,association_football,DI,120,"7,200","6,118.72",13.39,0,2,0,3.06,19.44,51,47,5.7,6.35,50.99,46.02,933.27
"50,638",18,Female,association_football,DI,120,"7,200","2,886.58",64.59,10.04,7,1,1.44,23.41,23,15,5.21,4.91,24.05,55.42,352.47
"50,638",18,Female,association_football,DI,90,"5,400","5,077.86",208.53,106.13,23,10,3.39,26.36,28,46,5.05,6.34,56.42,62.41,895.86
"50,638",18,Female,association_football,DI,90,"5,400","5,148.53",9.41,0,2,0,3.43,20.03,34,34,4.96,5.45,57.21,47.41,824.02
"50,638",18,Female,association_football,DI,90,"5,400","1,292.79",0,0,0,0,0.86,12.39,7,9,4.95,4.52,14.36,29.34,120.23
"50,638",18,Female,association_football,DI,120,"7,200","6,998.60",48.56,68.05,9,4,3.5,25.7,56,57,5.54,6.12,58.32,60.85,"1,032.89"
"50,638",18,Female,association_football,DI,120,"7,200","1,578.20",7.61,0,1,0,0.79,20.77,10,6,4.75,3.97,13.15,49.18,226.41
"50,638",18,Female,association_football,DI,120,"7,200",141.78,0,0,0,0,0.071,8.96,1,0,4.36,0,1.18,21.22,18.58
"50,638",18,Female,association_football,DI,120,"7,200","4,494.64",110.77,18.03,12,2,2.25,24.12,48,35,5.28,5.2,37.46,57.1,813.37
"50,638",18,Female,association_football,DI,120,"7,200","2,024.76",35.15,13.19,7,2,1.01,24.55,42,36,5.78,6.95,16.87,58.13,425.96
"50,638",18,Female,association_football,DI,120,"7,200","5,179.14",64.58,68.09,7,4,2.59,28.58,53,20,8.22,4.88,43.16,67.67,850.79
"50,638",18,Female,association_football,DI,120,"7,200","4,848.72",223.77,154.19,28,12,2.42,26.35,38,38,5.45,5.8,40.41,62.39,903.8
"50,638",18,Female,association_football,DI,90,"5,400","1,181.52",11.56,0,1,0,0.79,20.88,4,3,4.93,3.8,13.13,49.43,152.12
"50,638",18,Female,association_football,DI,120,"7,200","1,441.88",4.14,0,1,0,0.72,19.48,33,14,8.16,6.42,12.02,46.11,276.82
"50,638",18,Female,association_football,DI,90,"5,400",661.24,0,0,0,0,0.44,13.03,2,5,4.04,3.64,7.35,30.85,80.22
"50,638",18,Female,association_football,DI,90,"5,400",131.87,0,0,0,0,0.088,5.15,0,0,0,0,1.47,12.19,9.81
"50,638",18,Female,association_football,DI,120,"7,200","5,695.79",46.39,9.52,6,2,2.85,23.87,54,32,5.86,5.88,47.46,89.97,772.55
"50,767",22,Male,association_football,DI,155,"9,300","6,360.96",0,4.65,0,1,2.46,27.22,42,30,5.06,5.24,41.04,100.09,780.17
"50,767",22,Male,association_football,DI,85,"5,100","5,321.59",51.6,0,7,0,3.76,22.99,65,62,6.02,6.28,62.61,84.53,"1,001.56"
"50,767",22,Male,association_football,DI,74,"4,440","6,104.01",65.13,0,6,0,4.95,24.02,62,39,5.73,5.58,82.49,87.63,"1,128.53"
"50,767",22,Male,association_football,DI,80,"4,800",673.05,0,0,0,0,0.5,1.8,0,0,0,0,8.41,6.63,0.1
"50,767",22,Male,association_football,DI,66,"3,960","3,637.47",24.87,0,2,0,3.31,21.9,55,32,5.89,5.72,55.11,80.52,598.02
"50,767",22,Male,association_football,DI,75,"4,500","5,242.26",124.44,0,9,0,4.19,23.99,61,61,5.34,6.61,69.9,88.19,850.24
"50,767",22,Male,association_football,DI,84,"5,040","4,459.18",0,0,0,0,3.19,19.57,45,30,6.12,5.73,53.09,71.95,734.25
"50,767",22,Male,association_football,DI,71,"4,260","3,213.19",0,0,0,0,2.72,20.5,53,28,6.51,6.55,45.26,75.37,425.95
"50,767",22,Male,association_football,DI,54,"3,240","4,860.57",85.07,9.78,10,1,5.4,27.2,46,37,6.86,5.48,90.01,104.02,941.46
"50,767",22,Male,association_football,DI,100,"6,000","5,639.89",53.73,0,6,0,3.38,23.43,82,56,6.26,6.89,56.4,89.6,978.14
"50,767",22,Male,association_football,DI,75,"4,500","4,451.93",17.98,0,2,0,3.56,23.68,61,36,5.68,5.67,59.36,90.55,612.69
"50,767",22,Male,association_football,DI,90,"5,400","6,516.35",352.61,25.57,12,2,4.34,26.15,44,22,6.07,5.81,72.4,0,876.74
"50,767",22,Male,association_football,DI,91,"5,460","6,131.97",30.58,0,3,0,4.04,24.59,56,55,6.95,5.6,67.38,86,"1,155.69"
"50,767",22,Male,association_football,DI,95,"5,700","5,892.24",68.57,0,5,0,3.72,25.01,68,51,5.81,5.85,62.02,87.47,972.04
"50,767",22,Male,association_football,DI,79,"4,740","6,275.22",280.46,21.51,18,4,4.77,25.71,76,47,6.89,7.61,79.43,89.93,"1,151.36"
"50,767",22,Male,association_football,DI,74,"4,440","6,139.04",257.84,63.46,21,8,4.98,27.14,73,55,7.05,6.48,82.96,94.94,"1,182.04"
"50,767",22,Male,association_football,DI,55,"3,300","4,871.19",86.33,0,7,0,5.31,23.82,64,42,5.42,6.46,88.57,91.12,828.48
"50,767",22,Male,association_football,DI,120,"7,200","6,639.45",58.35,18.39,8,2,3.32,25.86,46,42,6.44,6.68,55.33,94.99,850.55
"50,767",22,Male,association_football,DI,65,"3,900","5,756.83",645.33,98.02,22,9,5.31,26.58,67,48,6.71,6.97,88.57,97.63,"1,121.38"
"50,767",22,Male,association_football,DI,78,"4,680","6,371.82",103.4,0,9,0,4.9,24.42,70,55,5.9,5.58,81.69,89.79,"1,171.95"
"50,767",22,Male,association_football,DI,66,"3,960","4,359.99",45.56,0,5,0,3.96,24.66,53,34,6.03,6.88,66.06,86.25,904.57
"50,767",22,Male,association_football,DI,90,"5,400","4,078.87",4.37,0,1,0,2.72,19.8,20,8,6.16,6.89,45.32,69.26,440.31
"50,767",22,Male,association_football,DI,85,"5,100","5,290.27",177.02,27.44,17,1,3.73,28.59,49,48,5.8,6.91,62.24,104.32,923.1
"50,767",22,Male,association_football,DI,53,"3,180","4,670.99",32.65,0,2,0,5.29,22.73,52,37,5.94,5.28,88.13,83.51,843.89
"50,767",22,Male,association_football,DI,79,"4,740","5,036.36",180.16,6.25,15,1,3.83,27.41,83,54,6.92,8.92,63.75,100.67,933.71
"50,852",19,Female,association_football,DI,70,"4,200","4,774.51",21.44,0,3,0,4.09,19.47,21,13,4.6,4.86,68.21,76.76,609.75
"50,852",19,Female,association_football,DI,60,"3,600","3,626.82",571.81,0,44,0,3.63,22.03,31,23,5.09,5.26,60.45,94.02,501.15
"50,852",19,Female,association_football,DI,90,"5,400","3,035.17",0,0,0,0,2.02,17.2,33,50,4.87,5.51,33.72,0,452.45
"50,852",19,Female,association_football,DI,90,"5,400","5,536",55.34,0,7,0,3.69,20.56,52,37,4.97,5.32,61.51,119.5,751.18
"50,852",19,Female,association_football,DI,60,"3,600","1,543.42",0,0,0,0,1.54,17.73,36,52,5.23,5.54,25.72,75.68,418.44
"50,852",19,Female,association_football,DI,100,"6,000","4,963.62",72.43,20.28,11,4,2.98,23.43,28,33,5.04,5.76,49.64,100.59,572
"50,852",19,Female,association_football,DI,90,"5,400","1,170.89",0,0,0,0,0.78,13.37,1,1,2.81,3.84,13.01,57.05,78.82
"50,852",19,Female,association_football,DI,75,"4,500","3,934.87",90.17,0,7,0,3.15,21.66,15,35,4.64,5.15,52.46,83.14,510.48
"50,852",19,Female,association_football,DI,90,"5,400","5,195.38",388.21,0,40,0,3.46,22.33,31,8,5.2,4.31,57.73,85.69,638.71
"50,852",19,Female,association_football,DI,90,"5,400","5,190.77",57.34,78.3,8,3,3.46,26.06,26,41,5.01,4.77,57.68,102.74,647.97
"50,852",19,Female,association_football,DI,90,"5,400","6,479.09",63.92,0,9,0,4.32,20.99,28,20,5,4.59,71.99,90.11,826.07
"50,852",19,Female,association_football,DI,90,"5,400","4,556.80",101.81,0,8,0,3.04,20.7,35,20,5.3,5.52,50.63,98.27,612.24
"50,852",19,Female,association_football,DI,120,"7,200","6,257.44",44.79,0,5,0,3.13,21.46,56,34,5.22,5.31,52.15,92.13,837.05
"50,852",19,Female,association_football,DI,120,"7,200","8,066.73",219.8,21.38,19,3,4.03,23.29,31,44,5.04,5.17,67.22,110.58,988.79
"50,852",19,Female,association_football,DI,100,"6,000","5,896.45",419.24,0,38,0,3.54,21.73,52,23,5,5.93,58.96,93.31,886.29
"50,852",19,Female,association_football,DI,50,"3,000","2,204.85",221.19,123.25,21,7,2.65,25.36,13,12,5.05,4.91,44.1,108.25,260.58
"50,852",19,Female,association_football,DI,60,"3,600","1,563.16",0,0,0,0,1.56,18.66,36,52,5.21,5.41,26.05,80.12,315.01
"50,852",19,Female,association_football,DI,95,"5,700","5,705.38",55.59,0,8,0,3.6,19.95,33,43,4.79,5.38,60.06,85.67,698.65
"50,852",19,Female,association_football,DI,90,"5,400","5,560.53",0,0,0,0,3.71,17.04,27,21,4.56,4.04,61.78,80.88,673.4
"50,852",19,Female,association_football,DI,90,"5,400","4,874.51",304.6,0,30,0,3.25,21.06,37,11,4.83,3.98,54.16,102.45,647.37
"50,852",19,Female,association_football,DI,100,"6,000","7,352.97",638.15,11.02,64,2,4.41,23.13,42,14,5.18,4.3,73.53,91.19,903.11
"50,852",19,Female,association_football,DI,90,"5,400","4,293.50",128.67,0,7,0,2.86,21.65,22,40,5.22,5.65,47.71,92.42,498.29
"50,870",18,Female,association_football,DI,120,"7,200","4,943.13",127.1,4.44,14,1,2.47,22.59,25,24,4.52,5.42,41.19,55.39,582.01
"50,870",18,Female,association_football,DI,90,"5,400","4,767.96",48.11,39.53,5,2,3.18,25.53,43,39,5.26,6.12,52.98,62.59,602.73
"50,870",18,Female,association_football,DI,120,"7,200","6,330.56",23,0,3,0,3.17,20.82,53,44,5.5,6.64,52.75,51.04,868.47
"50,870",18,Female,association_football,DI,120,"7,200","5,250.94",76.67,19.95,9,2,2.63,23.57,69,40,6.12,6.15,43.76,57.77,704.22
"50,870",18,Female,association_football,DI,120,"7,200","5,970.73",54.32,0,11,0,2.99,22.22,82,58,6.62,7.29,49.76,54.49,"1,025.25"
"50,870",18,Female,association_football,DI,150,"9,000","7,228.98",136.44,10.19,15,1,2.89,24.25,68,67,5.48,6.11,48.19,59.44,"1,109.40"
"50,870",18,Female,association_football,DI,120,"7,200","6,167.98",66.85,5.13,11,1,3.08,24.51,73,71,5.98,6.83,51.4,60.09,"1,008.27"
"50,870",18,Female,association_football,DI,120,"7,200","5,317.32",36.68,5.2,6,1,2.66,23.65,29,32,5.2,5.43,44.31,57.97,760.5
"50,870",18,Female,association_football,DI,120,"7,200","4,327.95",23.37,0,4,0,2.16,22.78,24,26,5.54,6.09,36.07,55.86,662.33
"50,870",18,Female,association_football,DI,120,"7,200","6,642.86",80.73,48.3,12,4,3.32,31.65,59,48,6.08,6.38,55.36,77.58,"1,118.78"
"50,870",18,Female,association_football,DI,90,"5,400","2,165.59",3.55,0,1,0,1.44,21.2,13,3,5.69,3.79,24.06,51.97,221.32
"50,870",18,Female,association_football,DI,90,"5,400","4,194.58",32.44,0,5,0,2.8,22.67,59,56,7.62,7.78,46.61,55.58,680.91
"50,870",18,Female,association_football,DI,95,"5,700",444.49,0,0,0,0,0.28,5.55,0,0,0,0,4.68,13.61,20.17
"50,870",18,Female,association_football,DI,90,"5,400","3,637.90",15.68,18.54,3,1,2.43,23.6,35,23,5.23,7.13,40.42,57.85,422.47
"50,870",18,Female,association_football,DI,95,"5,700",346.33,0,0,0,0,0.22,5.34,0,0,0,0,3.65,13.09,7.97
"50,870",18,Female,association_football,DI,90,"5,400","3,634.13",21.88,5.18,4,1,2.42,24.51,26,22,5.9,5.5,40.38,60.08,521.69
"50,870",18,Female,association_football,DI,120,"7,200","6,290.89",141.53,33.8,15,1,3.15,26.65,52,41,5.53,7.38,52.42,65.33,735.16
"50,870",18,Female,association_football,DI,120,"7,200","1,738.35",15.85,0,2,0,0.87,21.85,17,11,4.79,4.17,14.49,53.56,205.79
"50,870",18,Female,association_football,DI,100,"6,000",770.21,0,0,0,0,0.46,14.34,5,3,4.17,4.42,7.7,35.17,84.19
"50,870",18,Female,association_football,DI,90,"5,400","4,802.06",49.34,72.34,7,3,3.2,28.49,52,45,6.51,5.89,53.36,69.85,851.71
"50,870",18,Female,association_football,DI,90,"5,400","5,228.54",85.19,70.94,13,3,3.49,25.13,43,42,5.76,6.28,58.09,61.61,694
"50,870",18,Female,association_football,DI,90,"5,400","5,262.89",76.72,0,9,0,3.51,21.63,50,32,5.11,6.53,58.48,53.04,696.91
"50,870",18,Female,association_football,DI,90,"5,400","3,733.63",57.24,0,10,0,2.49,21.05,38,40,5.95,5.82,41.48,51.62,423.38
"50,870",18,Female,association_football,DI,90,"5,400","2,717.04",29.64,10.61,4,2,1.81,23.48,26,20,5.16,6.45,30.19,57.56,320.8
"50,870",18,Female,association_football,DI,90,"5,400",729.07,0,0,0,0,0.49,17.52,4,4,3.87,5.36,8.1,42.96,89.46
"50,870",18,Female,association_football,DI,90,"5,400","4,948.14",170.95,0,12,0,3.3,22.64,43,45,5.29,5.54,54.98,55.5,654.44
"50,870",18,Female,association_football,DI,85,"5,100","3,253.54",88.3,9.15,9,1,2.3,23.02,18,18,4.54,6.11,38.28,56.44,383.72
"50,870",18,Female,association_football,DI,90,"5,400","4,973.06",55.63,5.04,10,1,3.32,22.1,41,37,5.43,6.01,55.26,54.17,713.55
"50,870",18,Female,association_football,DI,90,"5,400",202.35,0,0,0,0,0.13,7.57,0,0,0,0,2.25,18.55,8.51
"50,870",18,Female,association_football,DI,120,"7,200","7,725.39",330.26,"3,401.28",49,93,3.86,40.79,29,24,4.68,6.18,64.38,128.89,"1,163.80"
"50,870",18,Female,association_football,DI,90,"5,400","3,912.77",18.81,0,2,0,2.61,21.77,26,22,5.17,5.53,43.48,53.36,683.7
"50,870",18,Female,association_football,DI,120,"7,200","6,373.18",49.44,63.38,6,4,3.19,26.18,69,57,5.87,5.59,53.11,64.18,885.34
"50,870",18,Female,association_football,DI,120,"7,200","6,904.34",60.61,0,9,0,3.45,22.78,77,78,7.29,7.96,57.54,55.84,"1,116.06"
"50,870",18,Female,association_football,DI,120,"7,200","5,756.10",24.54,0,4,0,2.88,20.65,43,47,5.94,5.88,47.97,50.62,694.12
"50,870",18,Female,association_football,DI,120,"7,200","5,118.04",94.9,0,11,0,2.56,22.11,33,27,4.75,7.28,42.65,54.21,693.76
"50,870",18,Female,association_football,DI,120,"7,200","5,180.08",174.51,"1,285.89",16,43,2.59,42.27,47,27,5.42,6.19,43.17,103.62,641.4
"50,870",18,Female,association_football,DI,120,"7,200","2,408.31",20.29,10.42,4,2,1.2,23.36,4,7,4.7,6.2,20.07,57.26,224.12
"50,870",18,Female,association_football,DI,120,"7,200",644.84,12.38,0,1,0,0.32,21.65,4,1,4.86,4.53,5.37,51.21,95.13
"50,870",18,Female,association_football,DI,120,"7,200","2,653.80",92.11,15.36,8,2,1.33,23.01,22,20,5.34,5.32,22.11,54.44,297.86
"50,870",18,Female,association_football,DI,90,"5,400","2,053.38",55.05,0,5,0,1.37,21.18,9,11,4.48,5.69,22.82,50.11,326.01
"50,870",18,Female,association_football,DI,90,"5,400","4,446.75",9.26,0,2,0,2.96,21.07,44,32,4.91,6.64,49.41,49.86,566.94
"50,870",18,Female,association_football,DI,90,"5,400",756.09,0,0,0,0,0.5,14.3,5,5,4.65,3.85,8.4,33.82,67.95
"50,870",18,Female,association_football,DI,120,"7,200","6,738.69",106.17,78.58,15,3,3.37,26.1,74,56,5.5,6.1,56.16,61.74,867.71
"50,870",18,Female,association_football,DI,120,"7,200","1,288.26",13.67,0,3,0,0.64,20.2,13,6,6.3,4.62,10.74,47.78,265.61
"50,870",18,Female,association_football,DI,90,"5,400",147.43,0,0,0,0,0.098,14.58,3,0,5.92,0,1.64,34.49,25.33
"50,870",18,Female,association_football,DI,120,"7,200","4,991.69",36.65,0,5,0,2.5,21.56,64,69,9.24,7.43,41.6,51.02,"1,018.65"
"50,870",18,Female,association_football,DI,120,"7,200",247.04,0,0,0,0,0.12,6.77,0,0,0,0,2.06,16.01,34.55
"50,870",18,Female,association_football,DI,120,"7,200","3,611.06",26.15,8.09,4,1,1.81,24.1,45,34,5.32,8.35,30.09,57.02,697.03
"50,870",18,Female,association_football,DI,120,"7,200","4,478.56",164.29,106.89,22,8,2.24,25.16,36,46,5.83,6.98,37.32,59.53,658.16
"50,870",18,Female,association_football,DI,90,"5,400",997.21,5.83,0,1,0,0.66,21.53,6,8,5.69,4.61,11.08,50.93,167.99
"50,870",18,Female,association_football,DI,120,"7,200",261.51,0,0,0,0,0.13,10.19,0,0,0,0,2.18,24.1,29.13
"50,870",18,Female,association_football,DI,90,"5,400",763.4,19.53,3.92,2,1,0.51,23.08,3,7,3.25,3.66,8.48,54.6,90.33
"50,911",22,Male,association_football,DI,91,"5,460","4,923.67",172.24,14.68,10,1,3.25,27.83,38,34,5.95,6.02,54.11,0,707.18
"51,112",22,Male,association_football,DI,81,"4,860","9,811.12",162.84,0,15,0,7.27,24.54,52,67,5.97,7.67,121.12,84.2,"1,888.29"
"51,112",22,Male,association_football,DI,111,"6,660","12,713.58",444.73,7.54,36,1,6.87,26,80,101,5.28,7.56,114.54,95.53,"2,372.23"
"51,112",22,Male,association_football,DI,106,"6,360","11,087.90",161.52,0,11,0,6.28,23.54,55,81,5.73,7.46,104.6,86.51,"2,133.42"
"51,112",22,Male,association_football,DI,75,"4,500","4,272.74",17.91,0,3,0,3.42,21.3,42,32,6.26,6.47,56.97,78.28,660.35
"51,112",22,Male,association_football,DI,84,"5,040","4,294.61",0,0,0,0,3.07,19.35,40,26,5.95,5.61,51.13,69.68,648.07
"51,112",22,Male,association_football,DI,105,"6,300","12,377.39",356.94,34.43,28,4,7.07,29.14,82,103,6.4,7.72,117.88,104.93,"2,586.17"
"51,112",22,Male,association_football,DI,155,"9,300","9,715.33",5.21,0,1,0,3.76,20.08,21,3,5.04,4.7,62.68,72.3,669.22
"51,112",22,Male,association_football,DI,85,"5,100","5,721",26.5,0,5,0,4.04,22.65,50,54,5.24,6.72,67.31,81.57,"1,122.99"
"51,112",22,Male,association_football,DI,74,"4,440","7,206.72",344.44,47.88,22,4,5.84,27.18,46,57,6.19,6.8,97.39,93.27,"1,273.88"
"51,112",22,Male,association_football,DI,80,"4,800","4,043.27",43.98,0,5,0,3.03,23.03,35,14,5.55,5.4,50.54,82.9,699.83
"51,112",22,Male,association_football,DI,100,"6,000","12,408.47",374.64,17.32,35,2,7.45,26.25,82,107,6,7.25,124.08,94.53,"2,330.48"
"51,112",22,Male,association_football,DI,104,"6,240","12,469.95",310.44,62.59,27,4,7.19,27.72,53,94,5.28,6.27,119.9,99.81,"2,469.32"
"51,112",22,Male,association_football,DI,66,"3,960","3,000",21.11,0,3,0,2.73,22.54,32,18,5.19,4.06,45.45,81.17,528.04
"51,112",22,Male,association_football,DI,75,"4,500","5,912.78",103.24,0,12,0,4.73,22.41,46,70,5.56,7.52,78.84,80.69,"1,121.43"
"51,112",22,Male,association_football,DI,71,"4,260","4,293.03",59.01,0,5,0,3.63,24.26,32,34,6.03,5.21,60.47,87.53,673.66
"51,112",22,Male,association_football,DI,90,"5,400","6,528.20",326.74,44.85,15,2,4.35,27.22,29,26,5.75,5.81,72.54,0,877.55
"51,112",22,Male,association_football,DI,101,"6,060","8,072.03",208.7,28.6,19,2,4.8,27.72,51,62,5.2,6.14,79.92,101.84,"1,497.26"
"51,112",22,Male,association_football,DI,120,"7,200","8,452.25",113.82,16.33,13,2,4.23,26.4,43,35,6.09,6.15,70.44,95.04,"1,026.16"
"51,112",22,Male,association_football,DI,112,"6,720","13,089.59",372.66,45.27,33,3,7.01,27.77,78,103,6.27,8.46,116.87,100.21,"2,486.02"
"51,112",22,Male,association_football,DI,91,"5,460","5,750.51",239.82,5,15,1,3.79,25.2,42,48,5.83,6.19,63.19,86.47,892.44
"51,112",22,Male,association_football,DI,95,"5,700","6,506.46",123.04,13.69,12,3,4.11,25.71,55,60,6.5,6.92,68.49,88.24,"1,113.77"
"51,112",22,Male,association_football,DI,79,"4,740","6,252.70",171.63,10.6,12,2,4.75,25.76,59,56,7.34,6.93,79.15,88.4,"1,075.01"
"51,112",22,Male,association_football,DI,74,"4,440","6,748.34",246.09,29.96,20,2,5.47,26.88,70,63,6.32,7.02,91.19,92.23,"1,187.48"
"51,112",22,Male,association_football,DI,66,"3,960","4,458.02",0,0,0,0,4.05,18.62,38,32,5.17,5.72,67.55,63.9,880.33
"51,112",22,Male,association_football,DI,33,"1,980","4,656.47",188.78,17.55,14,2,8.47,26.33,23,42,4.81,9.64,141.11,90.35,895
"51,112",22,Male,association_football,DI,90,"5,400","3,863.73",0,0,0,0,2.58,19.21,21,14,5.55,4.64,42.93,65.93,386.35
"51,112",22,Male,association_football,DI,87,"5,220","10,412.05",273.93,12.99,27,2,7.18,26.24,54,104,5.89,7.94,119.68,90.04,"2,050.86"
"51,112",22,Male,association_football,DI,85,"5,100","3,458.41",23.59,0,3,0,2.44,22.81,29,16,4.96,4.72,40.69,78.26,515.26
"51,112",22,Male,association_football,DI,74,"4,440","8,404.19",63.76,0,7,0,6.81,23.96,37,54,5.55,6.06,113.57,82.21,"1,395.27"
"51,112",22,Male,association_football,DI,53,"3,180","3,235.14",0,0,0,0,3.66,13.99,12,12,5.14,6.04,61.04,48,626.74
"51,112",22,Male,association_football,DI,79,"4,740","5,945.02",161.56,0,12,0,4.52,24.87,41,49,5.52,7.24,75.25,85.34,981.59
"52,712",21,Male,american_football,DI,70,"4,200","1,932",75.06,85.28,9,4,1.66,31.87,20,3,6.62,9.22,27.6,94.83,212.6
"52,712",21,Male,american_football,DI,70,"4,200","1,713.20",127.18,57.3,11,6,1.47,27.11,22,6,7.07,6.12,24.47,80.66,211.91
"52,712",21,Male,american_football,DI,150,"9,000","4,690.58",93.96,4.33,11,1,1.88,25.14,85,58,6,5.93,31.27,91.7,485.79
"52,712",21,Male,american_football,DI,70,"4,200","2,786.91",247.4,90.97,25,4,2.39,33.61,50,33,6.14,6.49,39.81,103.01,389.38
"52,712",21,Male,american_football,DI,150,"9,000","5,972.02",109.93,37.45,15,3,2.39,27.41,138,80,5.95,6.43,39.81,0,686.47
"52,712",21,Male,american_football,DI,70,"4,200","2,809.53",169.35,26.17,16,3,2.41,25.79,26,21,5.44,5.69,40.14,76.74,395.02
"52,712",21,Male,american_football,DI,70,"4,200","2,819.51",269.45,144.34,32,16,2.42,31.58,38,13,7.65,7.51,40.28,96.8,385.21
"52,712",21,Male,american_football,DI,70,"4,200","2,778.09",229.86,91.09,25,5,2.38,32.63,24,32,6.34,7.98,39.69,115.03,401.42
"52,712",21,Male,american_football,DI,330,"19,800","11,168.60",345.48,147.15,43,12,2.03,27.44,143,70,6.13,8.12,33.84,96.75,987.02
"52,712",21,Male,american_football,DI,130,"7,800","4,804.07",235.04,29.03,22,2,2.22,28.36,65,38,6.43,7.12,36.95,103.47,526.78
"52,734",18,Male,association_football,DI,83,"4,980","4,904.47",43.48,0,4,0,3.55,23.18,112,62,5.68,6.09,59.09,76.1,905.25
"52,734",18,Male,association_football,DI,95,"5,700","5,507.32",98.98,6.53,10,1,3.48,25.49,67,56,5.67,6.71,57.97,83.66,"1,006.65"
"52,734",18,Male,association_football,DI,95,"5,700","7,209.39",85.06,0,7,0,4.55,24.67,69,48,6.44,6.42,75.89,80.99,"1,081.99"
"52,734",18,Male,association_football,DI,95,"5,700","5,150.57",136.64,0,13,0,3.25,24.34,54,32,5.8,6.04,54.22,79.88,790.73
"52,734",18,Male,association_football,DI,95,"5,700","9,090.35",456.46,103.22,50,8,5.74,28.39,65,60,5.68,6.3,95.69,93.18,"1,511.53"
"52,734",18,Male,association_football,DI,95,"5,700","6,167.68",54.11,0,8,0,3.9,23.89,70,54,5.56,5.85,64.92,78.41,983.47
"52,734",18,Male,association_football,DI,105,"6,300","8,972.94",282.42,33.31,25,3,5.13,26.82,56,41,5.66,7.99,85.46,88.03,"1,418.16"
"52,734",18,Male,association_football,DI,90,"5,400",656.11,0,0,0,0,0.44,10.21,2,1,5.16,2.91,7.29,33.52,43.6
"52,734",18,Male,association_football,DI,80,"4,800","4,976.49",82.26,0,5,0,3.73,24.04,42,44,5.95,6.93,62.21,78.92,633.95
"52,734",18,Male,association_football,DI,90,"5,400","7,250.57",92.65,12.33,12,1,4.83,26.24,67,54,5.58,6.3,80.56,86.12,"1,050.46"
"52,734",18,Male,association_football,DI,90,"5,400","5,160.07",23.65,0,2,0,3.44,23.26,36,25,5.06,5.44,57.33,76.33,749.64
"52,734",18,Male,association_football,DI,90,"5,400","5,558",149.53,17.49,19,2,3.71,27.64,54,37,5.39,6.18,61.76,90.74,825.57
"52,734",18,Male,association_football,DI,110,"6,600","7,771.71",182.66,36.81,23,3,4.24,29.09,94,56,6.39,6.23,70.65,95.47,"1,224.76"
"52,734",18,Male,association_football,DI,95,"5,700","8,862.04",219.69,18.3,27,2,5.6,25.59,46,49,6.06,6.75,93.28,83.99,"1,642.83"
"52,734",18,Male,association_football,DI,90,"5,400","5,256.82",112.32,71.58,12,3,3.5,27.88,54,41,6.39,5.9,58.41,0,686.29
"52,734",18,Male,association_football,DI,120,"7,200","5,138.20",253.48,50.9,30,4,2.57,27.81,62,25,5.53,7.19,42.82,99.75,703.69
"52,734",18,Male,association_football,DI,100,"6,000","6,549.60",36.96,0,4,0,3.93,22.52,87,41,5.87,6.8,65.5,73.91,953.23
"52,734",18,Male,association_football,DI,120,"7,200","8,843.72",400.6,206.33,41,11,4.42,30.3,54,55,5.84,7.34,73.7,108.68,"1,197.61"
"52,734",18,Male,association_football,DI,120,"7,200","4,385.57",114.04,5,9,1,2.19,25.27,47,10,5.07,4.9,36.55,83.39,583.62
"52,734",18,Male,association_football,DI,195,"11,700","8,994.70",315.57,52.65,26,5,2.77,27.25,54,52,6.26,7.39,46.13,89.94,"1,250.04"
"52,734",18,Male,association_football,DI,120,"7,200","7,822.91",323.97,76.24,31,8,3.91,26.32,50,43,5.27,6.21,65.19,86.88,"1,164.08"
"52,734",18,Male,association_football,DI,120,"7,200","6,758.38",131.31,5.64,15,1,3.38,25.03,71,44,5.54,6.62,56.32,82.62,918.39
"52,734",18,Male,association_football,DI,120,"7,200","4,996.32",41.54,31.39,7,3,2.5,27.41,29,23,5.38,6.48,41.64,90.48,605
"52,734",18,Male,association_football,DI,120,"7,200","6,235.74",99.21,0,14,0,3.12,24.86,55,50,5.59,7.54,51.96,82.04,874.78
"52,734",18,Male,association_football,DI,120,"7,200","7,342.20",248.89,7.39,21,1,3.67,26.17,69,41,5.93,7.47,61.18,86.39,"1,036.63"
"52,734",18,Male,association_football,DI,120,"7,200","6,086.78",126.25,117.1,13,5,3.04,29.92,44,43,5.33,5.78,50.72,98.74,886.92
"52,734",18,Male,association_football,DI,120,"7,200","7,242.16",198.3,104.94,19,6,3.62,30.32,67,43,5.56,6.33,60.35,100.06,966.42
"52,734",18,Male,association_football,DI,95,"5,700",952.63,0,0,0,0,0.6,20.3,14,6,5.31,4.71,10.03,66.97,138.71
"52,734",18,Male,association_football,DI,90,"5,400","1,044.87",0,0,0,0,0.7,19.61,7,6,4.5,4.28,11.61,64.67,158.52
"52,734",18,Male,association_football,DI,95,"5,700","4,842.62",130.89,13.63,10,2,3.06,26,47,40,5.35,7.15,50.97,85.34,654.78
"52,734",18,Male,association_football,DI,90,"5,400","4,662.10",162.41,18.33,17,2,3.11,26.29,59,35,5.7,5.32,51.8,86.77,668.26
"52,734",18,Male,association_football,DI,90,"5,400","5,017.79",88.15,25.51,9,2,3.35,26.12,51,32,5.09,6.06,55.75,86.2,623.12
"52,734",18,Male,association_football,DI,95,"5,700",157.25,0,0,0,0,0.099,4.23,0,0,0,0,1.66,13.94,3.46
"52,734",18,Male,association_football,DI,120,"7,200","8,663.94",217.96,75.3,23,5,4.33,27.14,88,50,5.89,6.74,72.2,89.51,"1,253.11"
"52,734",18,Male,association_football,DI,95,"5,700","7,374.60",113.58,0,14,0,4.66,23.74,77,70,6.5,7.14,77.63,78.31,"1,145.39"
"52,734",18,Male,association_football,DI,120,"7,200","7,991.32",164.37,5.13,17,1,4,24.88,58,48,6.26,5.83,66.59,82.07,"1,171.92"
"52,734",18,Male,association_football,DI,120,"7,200","5,115.40",77.82,0,10,0,2.56,22.42,65,49,5.59,6.14,42.63,73.97,765.96
"52,734",18,Male,association_football,DI,100,"6,000","4,870.99",349.38,50.75,32,4,2.92,28.85,30,31,5.66,6.29,48.71,95.17,783.31
"52,734",18,Male,association_football,DI,90,"5,400","1,696.57",20.5,0,1,0,1.13,23.28,20,3,5.65,3.92,18.85,76.84,213.91
"52,734",18,Male,association_football,DI,120,"7,200","7,067.86",164.72,28.73,19,2,3.53,27.23,56,46,5.65,6.95,58.9,89.37,"1,134.10"
"52,734",18,Male,association_football,DI,91,"5,460","4,089.52",21.26,0,3,0,2.7,23.05,54,22,5.6,5.77,44.94,76.05,581.47
"52,734",18,Male,association_football,DI,121,"7,260","5,142.17",91.74,22.8,7,1,2.55,27.83,45,38,5.14,6.14,42.5,91.79,742.37
"52,734",18,Male,association_football,DI,101,"6,060","1,259.57",8.77,0,2,0,0.75,20.75,12,3,4.26,4.85,12.47,68.43,153.54
"52,734",18,Male,association_football,DI,120,"7,200","8,185.65",347.34,87.96,31,7,4.09,26.9,85,51,6.43,5.48,68.21,88.3,"1,392.68"
"52,734",18,Male,association_football,DI,90,"5,400","4,722.13",54.78,0,8,0,3.15,23.21,63,52,5.49,5.92,52.47,76.17,704.04
"52,734",18,Male,association_football,DI,120,"7,200","8,195.97",260.96,45.39,26,4,4.1,27.03,67,52,6.19,7.13,68.3,88.7,"1,221.41"
"52,734",18,Male,association_football,DI,120,"7,200","2,070.54",19.57,0,1,0,1.04,22.83,24,9,4.79,4.21,17.25,74.94,258.79
"52,734",18,Male,association_football,DI,120,"7,200","7,478.77",172.13,57.34,17,3,3.74,28.9,65,56,5.7,6.96,62.32,94.85,"1,053.43"
"52,734",18,Male,association_football,DI,120,"7,200","6,568.34",270.62,13.28,26,2,3.28,25.77,84,66,5.8,6.21,54.74,85.01,953.26
"52,734",18,Male,association_football,DI,120,"7,200","4,873.84",113.71,68.78,14,3,2.44,30.47,36,18,5.26,5.14,40.62,100.49,705.7
"52,734",18,Male,association_football,DI,120,"7,200","2,450.91",0,0,0,0,1.23,19.84,17,5,5.87,3.68,20.42,65.45,232.9
"52,734",18,Male,association_football,DI,120,"7,200","7,234.37",147.19,70.46,17,4,3.62,28.32,53,37,5.68,6.11,60.29,93.4,"1,078.31"
"52,734",18,Male,association_football,DI,75,"4,500","4,407.11",13.77,0,1,0,3.53,21.32,41,24,4.98,6.48,58.76,69.99,607.47
"52,734",18,Male,association_football,DI,90,"5,400","6,532.73",115.5,11.06,10,1,4.36,26.68,22,30,4.54,5.29,72.59,87.56,862.87
"52,734",18,Male,association_football,DI,100,"6,000","1,693.93",76.21,24.54,10,2,1.02,26.72,5,3,4.91,3.31,16.94,87.71,261.06
"52,734",18,Male,association_football,DI,100,"6,000","2,216.52",51.68,0,6,0,1.33,21.78,11,10,5.05,5.1,22.17,71.5,298.28
"52,734",18,Male,association_football,DI,90,"5,400","5,379.46",147.05,16.05,17,1,3.59,29.26,24,38,5.43,7.34,59.77,96.05,998.84
"52,734",18,Male,association_football,DI,90,"5,400","6,551.40",26.83,4.91,2,1,4.37,25.89,86,54,5.59,5.88,72.79,84.99,"1,003.93"
"52,734",18,Male,association_football,DI,95,"5,700","7,134.96",48.66,0,5,0,4.51,23.67,70,62,4.63,6.19,75.1,77.69,"1,112.10"
"52,734",18,Male,association_football,DI,100,"6,000","7,040.71",102.72,14.73,11,1,4.22,26.38,72,68,5.72,7.25,70.41,86.6,"1,081.42"
"52,734",18,Male,association_football,DI,100,"6,000","9,120.89",253.6,29.99,27,3,5.47,26.14,58,51,4.93,6.85,91.21,85.79,"1,770.22"
"53,309",21,Female,association_football,DI,62,"3,720","2,099.26",0,0,0,0,2.03,14.01,18,7,6.75,5.8,33.86,96.47,231.36
"53,309",21,Female,association_football,DI,61,"3,660","1,948.49",0,0,0,0,1.92,16.69,27,10,6.77,4.44,31.94,49.25,212.23
"53,309",21,Female,association_football,DI,97,"5,820","3,189.95",0,0,0,0,1.97,14.8,38,10,7.22,6.22,32.89,43.67,309.48
"53,309",21,Female,association_football,DI,109,"6,540","3,606.10",0,0,0,0,1.99,17.07,19,4,4.62,6.56,33.08,50.38,316.36
"53,309",21,Female,association_football,DI,100,"6,000","4,653.65",7.24,0,1,0,2.79,19.59,16,15,5.89,5.3,46.54,95.86,400.03
"53,309",21,Female,association_football,DI,93,"5,580","5,105.87",11.99,0,2,0,3.29,20.44,27,15,4.62,4.39,54.9,104.88,511.54
"53,309",21,Female,association_football,DI,75,"4,500","2,912.23",51.67,273.96,6,3,2.33,33.89,49,6,6.81,5.95,38.83,165.82,294.47
"53,309",21,Female,association_football,DI,66,"3,960","3,007.87",3.44,0,1,0,2.73,19.49,31,23,6.97,5.31,45.57,57.77,473.53
"53,309",21,Female,association_football,DI,60,"3,600","2,059.30",0,0,0,0,2.06,15.26,24,12,5.46,5.88,34.32,78.32,194.05
"53,309",21,Female,association_football,DI,83,"4,980","1,901.76",0,0,0,0,1.37,17.84,12,7,4.71,6.17,22.91,91.56,245.44
"53,309",21,Female,association_football,DI,90,"5,400","3,041.34",0,0,0,0,2.03,17.42,10,11,4.72,6.79,33.79,89.4,274.28
"53,309",21,Female,association_football,DI,83,"4,980","2,797.90",3.41,0,1,0,2.02,19.49,42,20,6.74,7.01,33.71,107.52,331.12
"53,309",21,Female,association_football,DI,61,"3,660","1,164.81",0,0,0,0,1.15,10.8,1,1,4.7,4.39,19.1,31.87,118.59
"53,309",21,Female,association_football,DI,94,"5,640","2,778.01",0,0,0,0,1.77,14.23,52,12,5.66,5.52,29.55,41.99,267
"53,309",21,Female,association_football,DI,95,"5,700","2,572.63",0,0,0,0,1.62,13.17,25,6,6.95,5.22,27.08,72.65,239.22
"53,309",21,Female,association_football,DI,100,"6,000","4,693.66",0,0,0,0,2.82,18.12,34,15,5.62,6.76,46.94,100.82,507.12
"53,309",21,Female,association_football,DI,110,"6,600","3,487.32",0,0,0,0,1.9,15.59,51,22,6.71,6.85,31.7,86.02,370.43
"53,309",21,Female,association_football,DI,120,"7,200","2,697.56",0,0,0,0,1.35,17.98,30,10,5.73,5.44,22.48,123.81,232.17
"53,309",21,Female,association_football,DI,65,"3,900","2,581.81",0,0,0,0,2.38,18.84,44,18,7.66,6.17,39.72,55.58,301.22
"53,309",21,Female,association_football,DI,120,"7,200","2,295.49",0,0,0,0,1.15,17.01,11,5,5.86,3.23,19.13,94.64,235.31
"53,309",21,Female,association_football,DI,95,"5,700","2,290.25",0,0,0,0,1.45,14.7,22,8,6.69,4.97,24.11,43.38,193.2
"53,309",21,Female,association_football,DI,55,"3,300","2,091.35",0,0,0,0,2.28,14.52,30,14,6.74,5.43,38.02,35.46,232.75
"53,309",21,Female,association_football,DI,60,"3,600","1,710.05",9.88,0,2,0,1.71,19.2,27,13,6.27,4.8,28.5,56.64,204.99
"53,309",21,Female,association_football,DI,75,"4,500","2,521.53",0,0,0,0,2.02,18.93,17,15,4.97,4.69,33.62,44.3,167.19
"53,309",21,Female,association_football,DI,75,"4,500","2,936.37",0,0,0,0,2.35,17.1,44,41,7.93,8.04,39.15,40.01,258.08
"53,309",21,Female,association_football,DI,75,"4,500","3,512.50",12.52,0,1,0,2.81,21.28,30,46,7.65,9.83,46.83,49.8,348.72
"53,309",21,Female,association_football,DI,53,"3,180","3,561.95",108.1,113.83,15,6,4.03,26.79,20,7,5.25,4.43,67.21,62.71,546.82
"53,309",21,Female,association_football,DI,60,"3,600","3,117.17",84.48,47.54,11,3,3.12,26.37,17,1,5.16,2.55,51.95,61.72,515.16
"53,309",21,Female,association_football,DI,111,"6,660","3,537.72",0,0,0,0,1.91,17.74,22,10,5.58,5.64,31.87,41.53,363.19
"53,309",21,Female,association_football,DI,60,"3,600","1,309.52",6.56,917.65,1,18,1.31,42.72,1,0,3.09,0,21.83,126.07,249.04
"53,309",21,Female,association_football,DI,112,"6,720","4,138.96",0,0,0,0,2.22,18.34,28,6,4.77,4.07,36.95,54.11,460.5
"53,309",21,Female,association_football,DI,60,"3,600","1,277.02",0,0,0,0,1.28,12.97,11,9,6.46,6.14,21.28,38.28,115.38
"53,309",21,Female,association_football,DI,106,"6,360","2,973.90",11.54,0,2,0,1.68,21.55,21,12,4.97,5.5,28.06,63.6,271.14
"53,309",21,Female,association_football,DI,106,"6,360","2,355.34",4.42,0,1,0,1.33,19.18,19,10,5.38,5.59,22.22,45,211.99
"53,309",21,Female,association_football,DI,100,"6,000","3,262.62",14.66,0,1,0,1.96,20.51,32,11,6.34,5.19,32.63,60.53,324.81
"53,309",21,Female,association_football,DI,87,"5,220","3,478.40",26.45,0,5,0,2.4,20.59,52,20,6.12,6.37,39.98,60.77,441.94
"53,309",21,Female,association_football,DI,105,"6,300","5,120.84",15.44,0,2,0,2.93,20.42,27,11,6.1,4.78,48.77,60.27,568.53
"53,309",21,Female,association_football,DI,120,"7,200","3,627.91",52.74,12.77,8,2,1.81,23.91,54,25,5.56,6.62,30.23,70.55,362.59
"53,774",20,Male,american_football,DI-FCS,106,"6,360","5,427.51",642.18,98.7,51,13,3.07,26.68,106,124,9.89,7.81,51.2,88.31,714.47
"53,774",20,Male,american_football,DI-FCS,90,"5,400","3,338.51",108.58,0,16,0,2.23,22.55,61,74,8.52,9.67,37.09,74.62,415.85
"53,774",20,Male,american_football,DI-FCS,80,"4,800","2,067.21",154.03,162.01,17,12,1.55,29.18,35,63,7.28,8.02,25.84,96.56,280.96
"53,774",20,Male,american_football,DI-FCS,95,"5,700","1,534.39",8.19,0,1,0,0.97,20.34,42,16,6.02,5.73,16.15,0,254.36
"53,774",20,Male,american_football,DI-FCS,80,"4,800","3,258.73",42.1,0,5,0,2.44,22.71,81,39,8.42,7.3,40.73,84.55,359.77
"53,774",20,Male,american_football,DI-FCS,130,"7,800","6,216.71",400.98,155.13,36,10,2.87,30.22,95,63,9.77,8.67,47.82,112.5,729.24
"54,186",22,Male,association_football,DI,111,"6,660","11,754.20",438.98,97.63,39,8,6.35,30.21,88,84,6.1,7.84,105.89,99.67,"1,861.93"
"54,186",22,Male,association_football,DI,51,"3,060","3,277.65",28.52,0,4,0,3.86,23.95,27,18,6.42,6.93,64.27,79.01,175.24
"54,186",22,Male,association_football,DI,99,"5,940","11,302.65",671.91,205.04,51,13,6.85,29.47,103,93,6.92,7.55,114.17,97.2,"2,020.02"
"54,186",22,Male,association_football,DI,96,"5,760","11,332.77",384.81,70.27,40,7,7.08,28.13,84,93,5.83,6.88,118.05,92.8,"1,587.87"
"54,186",22,Male,association_football,DI,105,"6,300","11,010.01",367.01,63.04,33,6,6.29,27.52,87,94,6.3,8.58,104.86,90.78,"1,896.83"
"54,186",22,Male,association_football,DI,70,"4,200","4,614.20",29.96,0,6,0,3.96,20.61,50,27,5.76,5.49,65.92,48.05,914.91
"54,186",22,Male,association_football,DI,105,"6,300","5,473.25",273.53,14.68,27,2,3.13,27.63,70,67,6.73,7.27,52.13,64.42,778.43
"54,186",22,Male,association_football,DI,93,"5,580","7,916.37",278.89,65.98,32,6,5.11,26.67,75,94,5.91,7.48,85.12,62.19,"1,207.53"
"54,186",22,Male,association_football,DI,120,"7,200","6,666.42",201.1,25.47,15,2,3.33,26.47,64,52,5.43,7.45,55.55,87.32,921.06
"54,186",22,Male,association_football,DI,110,"6,600","10,480.43",385.52,152.38,32,9,5.72,29.33,88,87,6.58,8.1,95.28,96.75,"1,626.89"
"54,186",22,Male,association_football,DI,105,"6,300","1,168.12",13.39,0,1,0,0.67,23.41,8,9,5.15,5.79,11.12,77.23,167.32
"54,186",22,Male,association_football,DI,106,"6,360","7,537.55",196.98,44.44,27,3,4.27,27.78,124,126,7.48,7.04,71.11,64.79,809.57
"54,186",22,Male,association_football,DI,85,"5,100","4,744.27",87.44,53.38,8,2,3.35,28.95,43,41,5.62,6.88,55.81,67.51,685.64
"54,186",22,Male,association_football,DI,95,"5,700","5,659.49",27.38,0,4,0,3.57,22.82,53,43,6.68,5.24,59.57,53.22,825.86
"54,186",22,Male,association_football,DI,105,"6,300",132.17,0,0,0,0,0.076,6.3,0,0,0,0,1.26,14.7,6.7
"54,186",22,Male,association_football,DI,297,"17,820","17,211.20",485.66,"1,309.78",43,20,3.48,42.88,124,96,5.99,8.06,57.95,100.08,"1,825.79"
"54,186",22,Male,association_football,DI,92,"5,520","5,700.58",222.4,11.93,22,2,3.72,25.49,99,89,7.67,9.76,61.96,59.43,601.56
"54,186",22,Male,association_football,DI,101,"6,060","4,387.53",136.99,33.13,18,3,2.61,28.15,80,83,8.28,7.59,43.44,65.65,543.39
"54,186",22,Male,association_football,DI,85,"5,100","5,968.79",165.63,0,21,0,4.21,24.61,85,88,6.89,6.89,70.22,57.4,617.55
"54,186",22,Male,association_football,DI,60,"3,600","1,729.22",0,0,0,0,1.73,10.87,2,2,3.11,4.31,28.82,25.34,68.55
"54,186",22,Male,association_football,DI,103,"6,180","4,471.16",3.97,0,1,0,2.6,20,17,6,5.02,4.97,43.41,46.64,214.37
"54,186",22,Male,association_football,DI,115,"6,900","4,878.43",55.74,0,12,0,2.55,21.19,83,91,6.93,8.95,42.42,49.42,545.66
"54,186",22,Male,association_football,DI,90,"5,400","5,114.83",25.69,0,4,0,3.41,21.79,46,27,5.75,5.71,56.83,50.81,664.06
"54,186",22,Male,association_football,DI,80,"4,800","4,469.55",141.4,11.53,13,1,3.35,27.15,43,46,5.73,6.49,55.87,89.56,630.25
"54,186",22,Male,association_football,DI,75,"4,500","4,238.78",116.16,10.01,8,1,3.39,26.8,60,31,5.65,6.15,56.52,94.34,586.74
"54,186",22,Male,association_football,DI,95,"5,700","7,002.25",364.41,92.38,35,7,4.42,27.35,62,64,6.3,7.42,73.71,104.03,"1,211.04"
"54,186",22,Male,association_football,DI,120,"7,200","6,844.86",107.62,23.86,13,2,3.42,28.4,92,40,5.83,5.73,57.04,103.85,872.68
"54,186",22,Male,association_football,DI,130,"7,800","8,071.50",230.35,97.14,24,6,3.73,29.35,96,62,5.79,7.6,62.09,103.34,"1,108.63"
"54,186",22,Male,association_football,DI,90,"5,400","4,905.03",110.21,0,12,0,3.27,23.96,89,74,9.68,9.5,54.5,55.87,518.21
"54,186",22,Male,association_football,DI,90,"5,400","5,746.96",288.91,61.14,29,7,3.83,29.01,90,69,7.01,9.21,63.86,67.66,617.62
"54,186",22,Male,association_football,DI,90,"5,400","4,690.16",50.34,7.07,6,1,3.13,28.15,89,77,9.72,7.72,52.11,65.64,487.07
"54,186",22,Male,association_football,DI,90,"5,400","4,441.71",116.75,43.66,15,5,2.96,30.65,85,54,6.01,6.92,49.35,71.47,423.87
"54,186",22,Male,association_football,DI,108,"6,480","4,440.32",0,0,0,0,2.47,18.81,33,19,5.34,4.9,41.11,64.1,386.63
"54,186",22,Male,association_football,DI,80,"4,800","5,241.51",88.51,0,9,0,3.93,24.3,65,50,5.35,5.7,65.52,80.16,740.29
"54,186",22,Male,association_football,DI,139,"8,340","8,410.20",317.5,107.71,25,4,3.63,30.31,57,77,6.02,9.83,60.51,103.27,"1,451.10"
"54,186",22,Male,association_football,DI,83,"4,980","6,911.03",244.04,29.32,25,3,5,26.29,71,60,5.69,6.32,83.27,100.08,"1,043.36"
"54,186",22,Male,association_football,DI,103,"6,180","9,243.20",392.02,192.7,46,10,5.38,29.57,81,86,5.8,7.32,89.74,97.55,"1,789.41"
"54,186",22,Male,association_football,DI,97,"5,820","11,250.35",585.24,102.57,50,9,6.96,28.34,104,90,5.96,8.12,115.98,93.5,"1,920.60"
"54,186",22,Male,association_football,DI,110,"6,600","12,340.83",645.1,96.74,55,10,6.73,28.58,117,125,6.38,7,112.19,94.28,"2,030.35"
"54,186",22,Male,association_football,DI,71,"4,260","1,469.32",0,0,0,0,1.24,19.69,24,12,5.71,6.83,20.69,64.97,175.59
"54,186",22,Male,association_football,DI,81,"4,860","4,921.31",165.67,49.65,16,3,3.65,29.06,57,36,5.2,5.85,60.76,67.76,672.15
"54,186",22,Male,association_football,DI,60,"3,600","2,962.89",15.59,0,3,0,2.96,21.9,38,34,5.67,6.94,49.38,74.62,358.43
"54,186",22,Male,association_football,DI,111,"6,660","8,153.15",277.54,10.64,23,1,4.41,26.27,112,82,5.98,6.43,73.45,0,"1,218.07"
"54,736",22,Male,association_football,DI,91,"5,460","4,268.50",26.11,0,3,0,2.81,22.57,27,25,5.67,6.34,46.91,0,647.62
"54,881",20,Female,association_football,DI,90,"5,400","7,857.51",112.53,0,17,0,5.24,21.69,28,47,4.77,5.58,87.31,53.28,"1,054.71"
"54,881",20,Female,association_football,DI,104,"6,240","9,779.82",222.93,20.23,22,2,5.64,24.06,24,39,4.79,4.77,94.04,59.09,"1,669.16"
"54,881",20,Female,association_football,DI,100,"6,000","3,317.94",17.07,0,2,0,1.99,19.96,27,25,6.13,9.9,33.18,49.04,403.97
"54,881",20,Female,association_football,DI,70,"4,200","1,537.94",0,0,0,0,1.32,13.29,0,0,0,0,21.97,32.66,137.58
"54,881",20,Female,association_football,DI,95,"5,700","3,808.35",54,7.08,7,1,2.41,22.61,22,18,4.54,5.62,40.09,88.18,446.18
"54,881",20,Female,association_football,DI,77,"4,620","3,591.63",75.02,37.04,8,4,2.8,24.54,22,17,4.67,7.55,46.64,95.73,447.35
"54,881",20,Female,association_football,DI,90,"5,400","8,464.49",97.06,15.63,11,1,5.64,23.61,23,44,4.69,5.89,94.05,57.99,"1,473.06"
"54,881",20,Female,association_football,DI,120,"7,200","6,769.49",39.68,0,3,0,3.38,21.61,15,23,3.75,4.75,56.41,87.5,"1,052.14"
"54,881",20,Female,association_football,DI,105,"6,300","3,445.14",36.76,0,4,0,1.97,22.39,14,21,4.28,6.64,32.81,90.65,384.46
"54,881",20,Female,association_football,DI,110,"6,600","5,031.86",145.23,92.38,15,3,2.74,24.7,28,26,5.91,4.83,45.74,114.87,576.06
"54,881",20,Female,association_football,DI,100,"6,000","2,328.62",0,0,0,0,1.4,18.15,10,7,4.5,3.55,23.29,44.58,275.9
"54,881",20,Female,association_football,DI,75,"4,500",931.39,0,0,0,0,0.75,11.12,0,1,0,3.25,12.42,51.74,86.87
"54,881",20,Female,association_football,DI,78,"4,680","4,647.59",5.55,0,1,0,3.58,19.4,14,18,4.4,4.28,59.58,90.21,684.83
"54,881",20,Female,association_football,DI,105,"6,300","3,851.98",37.69,0,4,0,2.2,21.5,23,24,5.21,5.96,36.69,104.49,426.58
"54,881",20,Female,association_football,DI,123,"7,380","7,843.50",16.58,0,2,0,3.83,20.58,22,36,4.4,5.18,63.77,0,"1,073.64"
"54,881",20,Female,association_football,DI,120,"7,200","6,766.66",265.86,0,19,0,3.38,21.11,29,17,5.27,4.99,56.39,51.85,830.98
"54,881",20,Female,association_football,DI,60,"3,600","2,012.63",0,0,0,0,2.01,17.5,4,1,4.57,3.99,33.54,42.98,195.23
"54,881",20,Female,association_football,DI,80,"4,800","3,726.41",44.14,0,5,0,2.79,20.87,23,13,4.6,4.33,46.58,51.25,433.11
"54,881",20,Female,association_football,DI,100,"6,000","10,109.06",161.04,67.59,19,5,6.07,25.64,28,59,5.17,7.01,101.09,62.98,"1,349.86"
"54,881",20,Female,association_football,DI,105,"6,300","7,895.71",136.34,41.59,12,3,4.51,23.8,21,37,5.05,5.54,75.2,58.45,"1,323.10"
"54,881",20,Female,association_football,DI,110,"6,600","5,539.80",48.77,13.32,6,1,3.02,23.37,29,25,7.86,6.2,50.36,57.39,805.03
"54,881",20,Female,association_football,DI,100,"6,000","6,037.83",82.5,0,7,0,3.62,22.18,11,50,4.54,6.92,60.38,54.49,842.61
"54,881",20,Female,association_football,DI,110,"6,600","5,118.43",28.47,0,3,0,2.79,20.68,20,25,4.32,5.68,46.53,50.8,760.9
"54,881",20,Female,association_football,DI,90,"5,400","3,776.79",8.79,0,1,0,2.52,20.75,12,13,4.3,5.4,41.96,50.98,458.79
"54,881",20,Female,association_football,DI,90,"5,400","8,054.58",71.05,10.09,9,1,5.37,23.3,31,40,4.35,5.13,89.5,57.24,"1,170.30"
"54,881",20,Female,association_football,DI,90,"5,400","6,848.22",0,0,0,0,4.57,18.42,18,36,4.48,5.07,76.09,45.25,926.49
"54,881",20,Female,association_football,DI,110,"6,600","4,199.14",62.89,11.36,9,2,2.29,22.77,24,15,4.26,5.72,38.17,55.93,480.15
"54,881",20,Female,association_football,DI,90,"5,400","7,065.97",124.54,26.03,14,3,4.71,22.94,23,40,4.95,6.11,78.51,56.35,995.35
"54,881",20,Female,association_football,DI,70,"4,200","3,285.27",0,0,0,0,2.82,18.86,10,18,4.54,5.83,46.93,46.33,399.82
"54,881",20,Female,association_football,DI,90,"5,400","7,790.23",98.5,43.86,12,4,5.19,24.15,17,52,4.85,5.99,86.56,59.31,"1,045.22"
"54,881",20,Female,association_football,DI,90,"5,400","3,720.64",51.6,0,5,0,2.48,22.08,40,20,4.57,4.98,41.34,54.24,455.31
"54,881",20,Female,association_football,DI,90,"5,400","4,273.68",17.48,0,3,0,2.85,20.98,38,41,5.98,5.75,47.49,51.53,737.98
"54,881",20,Female,association_football,DI,90,"5,400","4,724.02",63.89,5.15,4,1,3.15,22.77,14,23,4.31,5.55,52.49,55.93,608.08
"54,881",20,Female,association_football,DI,90,"5,400","4,303.66",5.44,0,1,0,2.87,19.15,37,26,4.87,5.63,47.82,47.04,603.5
"54,881",20,Female,association_football,DI,90,"5,400","3,607.39",49.32,28.09,6,3,2.4,24.1,18,17,5.02,6,40.08,59.19,436.86
"54,881",20,Female,association_football,DI,90,"5,400","8,174.50",112.77,0,14,0,5.45,21.06,31,41,5.02,5.48,90.83,51.73,"1,141.30"
"54,881",20,Female,association_football,DI,90,"5,400","4,335.25",0,0,0,0,2.89,18.82,25,30,4.69,5.28,48.17,46.23,546.15
"54,881",20,Female,association_football,DI,90,"5,400","3,916.17",0,0,0,0,2.61,18.31,23,19,4.78,4.79,43.51,44.98,469.14
"54,881",20,Female,association_football,DI,90,"5,400","3,565.64",9.07,0,2,0,2.38,20.36,35,28,4.74,6,39.62,50.02,460.75
"54,881",20,Female,association_football,DI,90,"5,400","8,142.50",233.36,16.82,22,3,5.43,23.05,32,55,4.64,5.53,90.47,56.62,"1,351.17"
"54,881",20,Female,association_football,DI,76,"4,560","2,779.65",0,0,0,0,2.19,17.42,18,16,5.55,4.52,36.57,42.79,363.46
"54,881",20,Female,association_football,DI,91,"5,460","3,802.14",16.84,41.69,3,1,2.51,25.27,14,21,4.26,4.41,41.78,62.08,587.36
"54,881",20,Female,association_football,DI,90,"5,400","3,503.48",6.4,0,2,0,2.34,19.11,25,23,5.63,5.48,38.93,46.93,474.64
"54,881",20,Female,association_football,DI,99,"5,940","3,921.67",0,0,0,0,2.38,18.73,19,10,5.05,4.62,39.61,46.38,399.21
"54,881",20,Female,association_football,DI,116,"6,960","5,008.33",45.56,0,6,0,2.59,21.5,19,14,4.53,4.91,43.18,52.81,695.86
"54,881",20,Female,association_football,DI,100,"6,000","7,317.07","1,086.30",4.71,23,1,4.39,22.57,19,12,4.97,5.04,73.17,91.37,730.57
"54,881",20,Female,association_football,DI,110,"6,600","3,804.43",112.23,14.73,10,1,2.08,23.77,10,10,4.73,4.1,34.59,58.4,461.77
"54,881",20,Female,association_football,DI,90,"5,400","7,715.06",133.86,0,14,0,5.14,21.62,32,51,4.58,5.3,85.72,53.1,"1,155.38"
"54,881",20,Female,association_football,DI,110,"6,600","2,770.77",23.67,0,2,0,1.51,21.98,21,14,4.46,4.37,25.19,53.99,335.91
"54,881",20,Female,association_football,DI,105,"6,300","5,369.57",11.4,0,2,0,3.07,20.15,34,30,4.85,5.45,51.14,81.56,757.95
"55,054",20,Female,association_football,DI,90,"5,400","4,123.10",30.84,0,4,0,2.75,20.98,20,21,4.26,6.05,45.81,51.59,657.97
"55,054",20,Female,association_football,DI,110,"6,600","4,913.47",14.76,0,3,0,2.68,20.89,22,28,5.58,4.8,44.67,51.38,722.87
"55,054",20,Female,association_football,DI,105,"6,300","4,678.07",15.44,0,2,0,2.67,21.24,31,40,4.75,6.06,44.55,84.47,657.49
"55,054",20,Female,association_football,DI,110,"6,600","3,364.08",12.15,0,3,0,1.83,19.25,37,15,4.87,5.95,30.58,47.34,443.1
"55,054",20,Female,association_football,DI,100,"6,000","7,640.28",51.8,14.94,7,2,4.58,23.59,17,42,4.65,5.49,76.4,58,"1,100.04"
"55,054",20,Female,association_football,DI,110,"6,600","5,978.49",66.54,0,6,0,3.26,21.01,37,31,5.2,5.2,54.35,51.66,886.47
"55,054",20,Female,association_football,DI,105,"6,300","8,157.85",60.98,7.02,11,1,4.66,22.17,15,58,4.99,5.67,77.69,54.51,"1,539.55"
"55,054",20,Female,association_football,DI,100,"6,000","4,394.17",0,0,0,0,2.64,19.59,24,19,5.24,5.63,43.94,48.18,640.36
"55,054",20,Female,association_football,DI,77,"4,620","3,669.98",30.52,0,4,0,2.86,20.09,18,15,4.22,4.71,47.66,79.91,411.04
"55,054",20,Female,association_football,DI,70,"4,200","4,608.07",132.67,24.18,8,3,3.95,22.88,29,44,5.18,5.02,65.83,56.25,682.73
"55,054",20,Female,association_football,DI,100,"6,000","3,986.29",7.12,0,1,0,2.39,19.41,24,24,5.66,5.16,39.86,47.72,514.25
"55,054",20,Female,association_football,DI,104,"6,240","7,350.06",178.23,0,15,0,4.24,22.6,32,54,5.39,5.6,70.67,55.57,"1,274.16"
"55,054",20,Female,association_football,DI,90,"5,400","5,413.12",117.87,5.71,15,1,3.61,22.74,32,26,4.77,4.62,60.15,55.92,974.41
"55,054",20,Female,association_football,DI,110,"6,600","3,631.03",21.25,0,3,0,1.98,21.54,16,15,4.36,5.91,33.01,52.96,488.31
"55,054",20,Female,association_football,DI,100,"6,000","5,078.78",10.98,0,1,0,3.05,20.39,24,26,4.92,5.27,50.79,81.09,632.91
"55,054",20,Female,association_football,DI,116,"6,960","7,103.47",81.71,0,9,0,3.67,21.59,35,44,4.59,6.39,61.24,53.1,"1,161.70"
"55,054",20,Female,association_football,DI,99,"5,940","3,957.20",6.8,0,2,0,2.4,19.48,27,11,4.12,6.21,39.97,48.58,418.31
"55,054",20,Female,association_football,DI,80,"4,800","3,689.05",33.56,0,3,0,2.77,21.77,25,14,5.12,5.24,46.11,53.54,454.8
"55,054",20,Female,association_football,DI,90,"5,400","5,601.58",70.36,8.65,9,2,3.73,23.12,16,20,4.54,5.53,62.24,56.84,918.87
"55,054",20,Female,association_football,DI,90,"5,400","6,575.18",86.81,3.9,9,1,4.38,22.22,28,36,4.76,4.48,73.06,54.64,"1,206.80"
"55,054",20,Female,association_football,DI,120,"7,200","5,827.93",16.36,0,3,0,2.91,20.68,32,31,4.48,6.11,48.57,82.24,932.9
"55,054",20,Female,association_football,DI,105,"6,300","3,617.52",20.04,5.41,4,1,2.07,23.36,28,31,5.19,5.74,34.45,92.89,422.59
"55,054",20,Female,association_football,DI,110,"6,600","4,792.80",70.51,82.88,10,4,2.61,25.14,28,39,5.08,5.5,43.57,107.98,584.82
"55,054",20,Female,association_football,DI,100,"6,000","2,169.68",0,0,0,0,1.3,19.9,13,17,5.54,6.15,21.7,48.94,301.81
"55,054",20,Female,association_football,DI,78,"4,680","4,970.66",11.91,0,3,0,3.82,20.56,18,54,5.18,6.59,63.73,88.31,821.5
"55,054",20,Female,association_football,DI,75,"4,500",891.62,0,0,0,0,0.71,13.02,3,1,4.11,3.47,11.89,55.9,83.54
"55,054",20,Female,association_football,DI,105,"6,300","3,584.90",17.95,5.32,2,1,2.05,23.29,17,16,4.07,5.74,34.14,105.22,416.76
"55,054",20,Female,association_football,DI,123,"7,380","7,193.18",41.31,0,2,0,3.51,22.13,23,36,4.43,6.04,58.48,0,"1,108.94"
"55,054",20,Female,association_football,DI,120,"7,200","7,046.28",293.71,19.83,22,2,3.52,23.24,27,26,5.27,5.99,58.72,57.14,950.78
"55,054",20,Female,association_football,DI,60,"3,600","1,783.88",0,0,0,0,1.78,17.73,6,2,3.49,5.08,29.73,43.6,177.03
"55,054",20,Female,association_football,DI,90,"5,400","3,632.01",0,0,0,0,2.42,18.81,28,16,4.76,5.56,40.36,46.25,407.82
"55,054",20,Female,association_football,DI,60,"3,600","1,695.85",26.41,0,4,0,1.7,21.66,13,8,5.61,4.34,28.26,53.26,164.57
"55,054",20,Female,association_football,DI,60,"3,600","3,251.68",39.14,0,6,0,3.25,22.36,34,47,5.77,5.94,54.19,54.98,548.58
"55,054",20,Female,association_football,DI,90,"5,400","3,352.86",5.45,0,1,0,2.24,19.35,16,13,5.05,5.88,37.25,47.57,384.43
"55,054",20,Female,association_football,DI,90,"5,400","4,475.37",5.81,0,1,0,2.98,20.58,32,30,4.97,5.7,49.73,50.61,640.26
"55,054",20,Female,association_football,DI,90,"5,400","5,010.09",57.46,11.31,7,2,3.34,24.8,15,33,4.32,6.44,55.67,60.98,742.24
"55,054",20,Female,association_football,DI,90,"5,400","5,120.22",29.79,0,4,0,3.41,22.14,24,27,5.14,5.3,56.89,54.45,754.06
"55,054",20,Female,association_football,DI,90,"5,400","4,008.15",37.59,3.95,5,1,2.67,22.93,26,28,4.87,6.63,44.54,56.38,590.72
"55,054",20,Female,association_football,DI,90,"5,400","4,041.79",33.22,3.67,4,1,2.69,23.22,33,23,5.27,4.82,44.91,57.11,519.71
"55,054",20,Female,association_football,DI,90,"5,400","3,263.82",31.22,27.65,6,2,2.18,23.81,13,25,4.77,6.03,36.26,58.56,518.23
"55,054",20,Female,association_football,DI,90,"5,400","2,499.82",0,0,0,0,1.67,17.78,10,8,4.27,5.05,27.78,43.72,319.26
"55,054",20,Female,association_football,DI,70,"4,200","3,637.09",0,0,0,0,3.12,17.15,16,13,4.3,4.89,51.96,42.18,426.36
"55,054",20,Female,association_football,DI,90,"5,400","5,384.60",74.71,9.71,11,2,3.59,22.85,28,30,4.55,5.42,59.83,56.18,899.07
"55,054",20,Female,association_football,DI,110,"6,600","4,718.67",81.58,0,8,0,2.57,22,21,19,4.65,5.44,42.9,54.09,653.43
"55,054",20,Female,association_football,DI,90,"5,400","5,984.45",27.96,0,3,0,3.99,21.69,18,24,5.9,4.87,66.49,53.33,903.17
"55,054",20,Female,association_football,DI,90,"5,400","4,030.26",6.05,0,1,0,2.69,19.65,19,29,4.57,5.83,44.78,48.32,529.73
"55,164",20,Male,american_football,DI-FCS,80,"4,800","5,211.81",96.5,5.15,11,1,3.91,25.3,99,83,9.96,9.23,65.15,87.7,692.79
"55,164",20,Male,american_football,DI-FCS,95,"5,700","1,405.27",23.72,0,4,0,0.89,21.02,46,29,6.62,5.95,14.79,0,262.52
"55,164",20,Male,american_football,DI-FCS,90,"5,400","3,045.44",155.63,0,21,0,2.03,23.39,59,78,8.73,9.29,33.84,73.22,368.56
"55,164",20,Male,american_football,DI-FCS,100,"6,000","4,671.50",133.01,38.2,19,5,2.8,27.75,88,75,9.88,9.11,46.71,86.86,540.28
"55,164",20,Male,american_football,DI-FCS,137,"8,220","1,615.17",269.64,175.46,30,11,0.71,30.64,22,4,6.17,3.94,11.79,95.9,338.29
"55,164",20,Male,american_football,DI-FCS,130,"7,800","5,746.91",316.39,98.67,39,13,2.65,31.95,137,111,8.56,9.32,44.21,110.74,856.79
"55,164",20,Male,american_football,DI-FCS,106,"6,360","4,861.85",351.9,211.93,44,22,2.75,28.46,118,127,9.8,9.09,45.87,89.09,699.1
"55,193",18,Female,association_football,DI,120,"7,200","6,207.67",130.96,68.63,17,8,3.1,26.8,51,46,5.84,8.02,51.73,63.56,946.55
"55,193",18,Female,association_football,DI,90,"5,400","1,650.09",0,0,0,0,1.1,14.59,3,3,4.41,3.89,18.33,34.59,243.09
"55,193",18,Female,association_football,DI,120,"7,200","3,022.11",0,0,0,0,1.51,17.54,43,22,5.81,7,25.18,41.59,407.41
"55,193",18,Female,association_football,DI,90,"5,400","8,752.26",55.38,6.44,8,1,5.83,22.6,32,38,4.95,5.97,97.25,53.6,"1,419.30"
"55,193",18,Female,association_football,DI,120,"7,200",479.82,0,0,0,0,0.24,7.47,0,0,0,0,4,18.31,38.29
"55,193",18,Female,association_football,DI,90,"5,400","2,569.34",45.84,0,2,0,1.71,21.05,8,4,4.83,3.38,28.55,51.57,225.56
"55,193",18,Female,association_football,DI,120,"7,200",398.76,0,0,0,0,0.2,6.98,0,0,0,0,3.32,17.1,36.52
"55,193",18,Female,association_football,DI,120,"7,200","3,938.69",44.87,0,3,0,1.97,21.83,22,13,4.43,5.08,32.82,53.49,369.73
"55,193",18,Female,association_football,DI,120,"7,200","3,115.33",27.62,0,1,0,1.56,20.63,14,17,5.24,5.9,25.96,50.56,298.61
"55,193",18,Female,association_football,DI,120,"7,200","6,714.42",92.09,58.22,11,2,3.36,24.69,50,43,5.44,6.07,55.95,60.49,745.7
"55,193",18,Female,association_football,DI,90,"5,400","4,041.46",12.08,0,2,0,2.69,19.37,55,44,5.22,5.38,44.91,47.45,456.12
"55,193",18,Female,association_football,DI,90,"5,400","3,672.85",36.55,0,2,0,2.45,22.57,20,10,4.82,4.4,40.81,55.3,391.04
"55,193",18,Female,association_football,DI,95,"5,700","1,572.57",35.69,8.56,4,1,0.99,22.78,11,7,4.92,4.05,16.55,55.83,241.21
"55,193",18,Female,association_football,DI,90,"5,400","4,320.46",23.57,0,1,0,2.88,20.87,26,18,4.43,4.99,48.01,51.13,521.38
"55,193",18,Female,association_football,DI,95,"5,700","4,410.87",23.17,0,3,0,2.79,20.67,14,27,4.86,6.01,46.43,50.65,627.49
"55,193",18,Female,association_football,DI,90,"5,400","5,048.19",22.7,0,3,0,3.37,20.62,37,19,5.25,4.82,56.09,50.53,545.39
"55,193",18,Female,association_football,DI,90,"5,400","3,703.83",0,0,0,0,2.47,17.84,14,15,4.28,4.49,41.15,43.72,405.64
"55,193",18,Female,association_football,DI,120,"7,200","6,269.33",43.68,25.51,5,1,3.13,23.65,48,33,5.01,6.02,52.24,57.95,675.7
"55,193",18,Female,association_football,DI,90,"5,400","4,764.48",105.74,0,6,0,3.18,21.8,30,26,4.87,4.94,52.94,53.43,567.03
"55,193",18,Female,association_football,DI,120,"7,200","3,996.60",23.66,0,3,0,2,20.16,27,28,5.31,5.36,33.3,49.39,432.96
"55,193",18,Female,association_football,DI,100,"6,000","8,882.83",55.83,9.77,5,1,5.33,23.8,39,53,4.49,6.44,88.83,58.32,"1,156.24"
"55,193",18,Female,association_football,DI,90,"5,400","4,752.05",68.07,4.63,4,1,3.17,22.21,32,14,5.26,5.17,52.8,54.42,460.57
"55,193",18,Female,association_football,DI,90,"5,400","4,374.52",12.76,0,3,0,2.92,19.94,35,37,5.22,6.12,48.61,48.87,427
"55,193",18,Female,association_football,DI,90,"5,400","3,650.16",6.77,0,1,0,2.43,20.28,24,18,4.05,4.79,40.56,49.7,382.02
"55,193",18,Female,association_football,DI,90,"5,400","9,466.86",171.79,33.22,20,3,6.31,24.71,46,57,4.81,6.62,105.19,60.55,"1,400.46"
"55,193",18,Female,association_football,DI,85,"5,100","3,148.42",0,0,0,0,2.22,17.85,16,13,4.63,4.04,37.04,43.74,265.02
"55,193",18,Female,association_football,DI,90,"5,400","8,150.72",75.93,6.4,8,1,5.43,23.69,39,39,5.29,5.23,90.56,58.04,"1,237.80"
"55,193",18,Female,association_football,DI,120,"7,200","7,811.78",340.59,"3,574.49",43,83,3.91,40.81,19,21,4.31,4.85,65.1,100.11,"1,118.50"
"55,193",18,Female,association_football,DI,120,"7,200","2,805.25",170.46,"1,848.22",21,39,1.4,40.77,2,4,3.83,3.15,23.38,99.89,446.25
"55,193",18,Female,association_football,DI,90,"5,400","4,309.13",53.69,0,7,0,2.87,21.74,33,34,4.89,5.42,47.88,53.27,502.54
"55,193",18,Female,association_football,DI,120,"7,200","7,163.01",34.53,32.2,5,2,3.58,24,71,43,4.94,5.27,59.69,58.82,872.22
"55,193",18,Female,association_football,DI,120,"7,200","5,405.31",16.54,0,2,0,2.7,21.18,26,19,4.72,6.2,45.04,51.9,620.09
"55,193",18,Female,association_football,DI,90,"5,400","8,134.83",176.15,18.23,17,2,5.42,24.12,27,52,4.17,9.71,90.39,59.11,"1,153.35"
"55,193",18,Female,association_football,DI,90,"5,400","7,092.31",64.38,14.96,9,2,4.73,24.4,36,60,4.87,6.61,78.8,59.8,994.4
"55,193",18,Female,association_football,DI,120,"7,200",452.53,0,0,0,0,0.23,8.19,0,0,0,0,3.77,20.07,40.08
"55,193",18,Female,association_football,DI,120,"7,200","6,650.45",38.32,0,5,0,3.33,21.56,36,19,4.45,4.97,55.42,52.84,818.74
"55,193",18,Female,association_football,DI,120,"7,200","2,952.18",147.85,"1,318.55",15,46,1.48,42.17,11,8,4.25,5.59,24.6,103.32,364.62
"55,193",18,Female,association_football,DI,120,"7,200","8,336.06",58.53,0,6,0,4.17,22.1,39,35,4.68,5.12,69.47,54.15,999.41
"55,193",18,Female,association_football,DI,120,"7,200","2,593.23",0,0,0,0,1.3,18.99,5,4,4.46,3.4,21.61,46.54,219.35
"55,193",18,Female,association_football,DI,90,"5,400","6,720.16",55.04,0,8,0,4.48,20.6,32,41,4.77,5.41,74.67,48.86,873.1
"55,193",18,Female,association_football,DI,120,"7,200","6,055.20",18.1,0,4,0,3.03,19.59,34,28,8.67,6.41,50.46,46.45,888.23
"55,193",18,Female,association_football,DI,120,"7,200","3,096.65",0,0,0,0,1.55,18.85,33,18,4.95,5.59,25.81,44.71,294.06
"55,193",18,Female,association_football,DI,90,"5,400","6,493.90",132.16,4.65,12,1,4.33,22.63,33,38,4.73,5.46,72.15,53.68,933
"55,193",18,Female,association_football,DI,90,"5,400","1,590.75",0,0,0,0,1.06,17.78,8,6,4.25,3.98,17.68,42.16,190.66
"55,193",18,Female,association_football,DI,90,"5,400","8,373.30",91.01,12.12,12,1,5.58,24.13,40,52,5.21,6.4,93.04,57.22,"1,212.23"
"55,193",18,Female,association_football,DI,120,"7,200","7,888.83",40.68,31,6,3,3.94,24.63,32,46,4.26,5.66,65.74,58.42,"1,026.10"
"55,193",18,Female,association_football,DI,90,"5,400","6,216.52",24.15,0,3,0,4.14,20.64,29,37,4.67,5.63,69.07,48.94,797.29
"55,193",18,Female,association_football,DI,120,"7,200",376.91,0,0,0,0,0.19,6.95,0,0,0,0,3.14,16.48,28.33
"55,193",18,Female,association_football,DI,90,"5,400","8,462.17",141.66,0,10,0,5.64,21.73,35,59,4.93,8.29,94.02,51.54,"1,198.29"
"55,193",18,Female,association_football,DI,120,"7,200","2,690.83",4.57,0,1,0,1.35,20.03,12,2,4.52,3.33,22.42,47.49,324.45
"55,193",18,Female,association_football,DI,120,"7,200","3,209.20",4.28,0,1,0,1.6,21.12,33,20,6.65,6.18,26.74,50.09,428.76
"55,193",18,Female,association_football,DI,120,"7,200",565.43,0,0,0,0,0.28,7.66,0,0,0,0,4.71,18.17,51.2
"55,193",18,Female,association_football,DI,120,"7,200","2,479.68",6.65,4.94,1,1,1.24,23.34,25,30,7.57,7.3,20.66,55.36,516.36
"55,193",18,Female,association_football,DI,120,"7,200",128.19,0,0,0,0,0.064,4.18,0,0,0,0,1.07,9.92,6.31
"55,193",18,Female,association_football,DI,90,"5,400","3,948.46",13.82,0,2,0,2.63,21.01,14,17,4.25,4.88,43.87,49.82,536.24
"55,193",18,Female,association_football,DI,120,"7,200","5,795.26",20.38,5.42,4,1,2.9,22.72,45,47,6.71,7.31,48.29,53.88,"1,367.43"
"55,673",22,Male,association_football,DI,85,"5,100","5,631.93",98.19,15.47,12,1,3.98,27.34,44,34,6.01,5.34,66.26,94.61,763.31
"55,673",22,Male,association_football,DI,115,"6,900","4,415.39",44.65,0,9,0,2.3,21.26,67,91,8.81,6.9,38.39,73.56,479.13
"55,673",22,Male,association_football,DI,90,"5,400","2,998.29",13.11,0,3,0,2,20.31,37,40,7.69,7.34,33.31,70.29,297.34
"55,673",22,Male,association_football,DI,90,"5,400",973.31,0,0,0,0,0.65,5.97,0,0,0,0,10.81,20.66,7.32
"55,673",22,Male,association_football,DI,94,"5,640","4,872.87",61.92,0,7,0,3.11,24.23,43,33,5.65,5.4,51.84,83.86,658.67
"55,673",22,Male,association_football,DI,80,"4,800","5,100.21",173.52,0,21,0,3.83,23.64,54,35,5.45,6.43,63.75,81.8,760.23
"55,673",22,Male,association_football,DI,71,"4,260","1,619.11",23.83,0,3,0,1.37,22.09,20,8,5.26,5.47,22.8,0,205.45
"55,673",22,Male,association_football,DI,81,"4,860","5,168.29",116.63,4.55,11,1,3.83,25.28,52,40,5.83,6.34,63.81,87.47,764.08
"55,673",22,Male,association_football,DI,111,"6,660","9,009.16",421.25,30.98,35,4,4.87,26.52,59,51,5.77,7.83,81.16,91.78,"1,355.53"
"55,673",22,Male,association_football,DI,51,"3,060",674.02,0,0,0,0,0.79,9.55,0,0,0,0,13.22,33.06,64.5
"55,673",22,Male,association_football,DI,99,"5,940","6,761.59",253.89,45.88,25,4,4.1,28.9,47,29,5.27,8.27,68.3,116.39,"1,159.16"
"55,673",22,Male,association_football,DI,105,"6,300","10,282.76",459.47,40.05,44,5,5.88,28.27,68,48,5.94,6.44,97.93,97.85,"1,762.19"
"55,673",22,Male,association_football,DI,109,"6,540","5,749.76",246.87,29.07,26,2,3.17,28.25,33,40,5.46,5.36,52.75,97.75,914.46
"55,673",22,Male,association_football,DI,93,"5,580","3,242.21",0,0,0,0,2.09,15.61,6,5,5.14,4.77,34.86,54.02,237.36
"55,673",22,Male,association_football,DI,105,"6,300","4,936.65",9.17,0,2,0,2.82,20.74,36,34,6.38,6.79,47.02,71.76,607.47
"55,673",22,Male,association_football,DI,120,"7,200","6,534.86",96.29,24.66,9,2,3.27,27.44,40,35,4.81,5.83,54.46,94.97,891.1
"55,673",22,Male,association_football,DI,110,"6,600","9,069.51",380.85,39.98,43,4,4.95,27.39,68,49,6.11,6.11,82.45,94.78,"1,489.80"
"55,673",22,Male,association_football,DI,110,"6,600",157.13,0,0,0,0,0.086,5.98,0,0,0,0,1.43,20.68,7.68
"55,673",22,Male,association_football,DI,111,"6,660","7,910.60",272.71,9.54,24,1,4.28,25.43,50,42,6.17,8.42,71.27,87.99,"1,249.90"
"55,673",22,Male,association_football,DI,106,"6,360","7,624.95",145.77,27.17,19,3,4.32,27.88,105,85,8.41,8.69,71.93,96.5,800.17
"55,673",22,Male,association_football,DI,95,"5,700","6,265.18",136.76,11.81,15,1,3.96,26.08,69,40,5.39,5.82,65.95,90.26,960.93
"55,673",22,Male,association_football,DI,115,"6,900","6,425.10",597.35,18.2,23,1,3.35,26.47,14,3,4.55,3.35,55.87,91.6,885.04
"55,673",22,Male,association_football,DI,81,"4,860","3,764.01",0,0,0,0,2.79,18.07,14,12,4.41,4.41,46.47,62.53,427.92
"55,673",22,Male,association_football,DI,105,"6,300","3,510.04",0,0,0,0,2.01,16.72,19,6,4.34,5.31,33.43,57.87,321.09
"55,673",22,Male,association_football,DI,92,"5,520","5,380.94",219,16.07,25,3,3.51,25.52,85,69,8.48,8.25,58.49,88.31,593.42
"55,673",22,Male,association_football,DI,92,"5,520","5,481.06",120.01,0,12,0,3.57,25.05,75,85,6.88,8.25,59.58,86.7,594.49
"55,673",22,Male,association_football,DI,101,"6,060","3,940.10",127.99,7.47,14,1,2.34,26.31,56,67,6.19,6.83,39.01,91.06,464
"55,673",22,Male,association_football,DI,85,"5,100","6,589.04",196.96,5.85,19,1,4.65,25.39,81,63,9.95,7.21,77.52,87.86,701.98
"55,673",22,Male,association_football,DI,80,"4,800","4,619.27",8.9,0,2,0,3.46,20.44,62,60,8.36,7.03,57.74,70.75,443.94
"55,673",22,Male,association_football,DI,90,"5,400","6,671.68",243.25,19.77,23,2,4.45,26.68,89,82,9.05,7.52,74.13,92.34,732.49
"55,673",22,Male,association_football,DI,90,"5,400","6,063.01",473.02,66.03,50,9,4.04,28.6,95,62,9.68,9.27,67.37,98.96,710.22
"56,198",18,Female,association_football,DI,95,"5,700","8,255.77",159.49,28.47,19,4,5.21,24.26,39,49,5.14,6.17,86.9,59.58,"1,220.45"
"56,198",18,Female,association_football,DI,90,"5,400","4,051.91",30.97,0,3,0,2.7,21.98,38,32,5.98,5.4,45.02,53.99,431.74
"56,198",18,Female,association_football,DI,120,"7,200","7,113.93",163.56,105.98,16,5,3.56,26.84,61,35,5.95,5.56,59.28,65.92,863.54
"56,198",18,Female,association_football,DI,105,"6,300","10,444.49",183.39,70.3,21,5,5.97,25.27,39,46,5,5.9,99.47,62.07,"1,477.05"
"56,198",18,Female,association_football,DI,120,"7,200","4,390.93",34.81,0,5,0,2.2,21.13,19,11,5.38,5.41,36.59,51.89,428.29
"56,198",18,Female,association_football,DI,120,"7,200","4,923.95",86.31,0,9,0,2.46,21.76,27,21,5.01,5.32,41.03,53.43,522.55
"56,198",18,Female,association_football,DI,120,"7,200","4,021.62",69.3,0,9,0,2.01,21.65,38,20,5.89,4.62,33.51,53.17,396.83
"56,198",18,Female,association_football,DI,90,"5,400","2,254.01",13.15,0,1,0,1.5,20.95,3,2,4.41,4.52,25.04,51.46,169.81
"56,198",18,Female,association_football,DI,150,"9,000","6,803.84",84.36,33.18,13,4,2.72,23.41,27,37,4.65,9.63,45.36,57.49,805.49
"56,198",18,Female,association_football,DI,120,"7,200","6,381.54",32.32,0,4,0,3.19,20.38,51,47,5.54,6.64,53.18,50.05,770.39
"56,198",18,Female,association_football,DI,120,"7,200","6,064.70",58.14,5.17,7,1,3.03,22.36,30,20,5.33,4.99,50.54,54.91,706.82
"56,198",18,Female,association_football,DI,90,"5,400","3,869.21",43.32,55.99,6,3,2.58,26.81,23,14,6.12,5.27,42.99,65.83,393.47
"56,198",18,Female,association_football,DI,120,"7,200","6,904.34",88.11,43.14,11,3,3.45,26.14,53,37,5.54,5.8,57.54,61.71,"1,228.96"
"56,198",18,Female,association_football,DI,90,"5,400","4,947.37",43.21,18.68,7,3,3.3,23.54,39,53,6.43,6.85,54.97,55.59,"1,133.76"
"56,198",18,Female,association_football,DI,90,"5,400","6,462.48",209.93,84.14,21,5,4.31,28.16,35,37,4.93,6.7,71.81,69.17,936.16
"56,198",18,Female,association_football,DI,120,"7,200",183.61,0,0,0,0,0.092,6.98,0,0,0,0,1.53,16.49,16.61
"56,198",18,Female,association_football,DI,90,"5,400","6,513.11",66.85,40.21,14,4,4.34,27.54,56,49,7.21,8.39,72.37,65.02,"1,606.63"
"56,198",18,Female,association_football,DI,120,"7,200","2,293.15",6.02,0,1,0,1.15,19.55,15,5,5.66,5.28,19.11,46.15,392.8
"56,198",18,Female,association_football,DI,120,"7,200","2,133.14",19.73,5.4,2,1,1.07,23.47,24,25,7.08,5.94,17.78,55.42,404.45
"56,198",18,Female,association_football,DI,120,"7,200","1,462.94",0,0,0,0,0.73,15.55,6,2,4.24,3.38,12.19,36.72,252.46
"56,198",18,Female,association_football,DI,120,"7,200","1,942.82",13.49,0,2,0,0.97,20.02,27,30,5.97,6.3,16.19,47.26,407.67
"56,198",18,Female,association_football,DI,120,"7,200","5,782.34",70.29,36.85,9,3,2.89,24.34,50,42,6.59,6.93,48.19,57.46,"1,175.60"
"56,198",18,Female,association_football,DI,120,"7,200","5,146.50",144.18,106.58,22,8,2.57,27.32,42,51,7.47,8.37,42.89,64.51,"1,089.53"
"56,198",18,Female,association_football,DI,90,"5,400","1,286.96",11.45,0,2,0,0.86,21.2,6,5,4.33,5.25,14.3,50.06,203.7
"56,198",18,Female,association_football,DI,120,"7,200","2,231.67",3.34,0,1,0,1.12,19.22,38,18,6.52,6.91,18.6,45.39,429.14
"56,198",18,Female,association_football,DI,90,"5,400","6,504.75",94.58,62.02,13,5,4.34,27.4,30,25,4.75,6.35,72.27,64.68,950.57
"56,198",18,Female,association_football,DI,90,"5,400","6,504.36",85.8,15.13,11,1,4.34,24.41,33,43,4.95,5.63,72.27,57.63,"1,021.84"
"56,198",18,Female,association_football,DI,120,"7,200","3,021.26",0,0,0,0,1.51,18.59,8,13,6.99,5.76,25.18,45.65,320.61
"56,198",18,Female,association_football,DI,120,"7,200","7,363.76",111.39,3.76,13,1,3.68,22.87,64,34,5.32,6.33,61.36,56.18,934.14
"56,198",18,Female,association_football,DI,120,"7,200","5,446.53",164.03,"1,329.35",19,49,2.72,42.35,38,21,5.14,6.64,45.39,104.02,752.74
"56,198",18,Female,association_football,DI,120,"7,200","7,714.22",79.2,3.6,12,1,3.86,22.74,47,36,5.47,6.55,64.29,55.86,"1,431.37"
"56,198",18,Female,association_football,DI,120,"7,200",439.09,0,0,0,0,0.22,7.98,0,0,0,0,3.66,19.6,36.02
"56,198",18,Female,association_football,DI,90,"5,400","4,855.40",112.36,51.8,14,5,3.24,25.17,20,31,5.47,5.75,53.95,61.81,712.1
"56,198",18,Female,association_football,DI,120,"7,200","1,835.10",0,0,0,0,0.92,17.91,10,1,5.2,4.34,15.29,43.98,254.34
"56,198",18,Female,association_football,DI,120,"7,200","5,353.61",76.83,0,7,0,2.68,21.66,45,33,4.92,7.4,44.61,51.14,639.54
"56,198",18,Female,association_football,DI,90,"5,400","7,648.40",98.81,35.09,13,4,5.1,24.97,30,34,5.62,5.92,84.98,58.95,"1,070.46"
"56,198",18,Female,association_football,DI,90,"5,400","9,334.07",143.61,70.05,20,5,6.22,26.22,26,43,6.17,5.6,103.71,61.9,"1,181.71"
"56,198",18,Female,association_football,DI,90,"5,400","1,683.87",0,0,0,0,1.12,18.25,6,5,5.83,4.84,18.71,43.09,214.99
"56,198",18,Female,association_football,DI,90,"5,400","8,471.41",77.7,39.53,11,3,5.65,27.03,42,40,5.22,5.07,94.13,63.81,"1,174.99"
"56,198",18,Female,association_football,DI,120,"7,200","4,700.44",67.04,0,8,0,2.35,21.94,21,18,5.26,7.03,39.17,53.88,636.29
"56,198",18,Female,association_football,DI,120,"7,200","7,351.23",36.52,45.31,5,4,3.68,24.89,77,46,8.01,6.88,61.26,61.14,"1,305.84"
"56,198",18,Female,association_football,DI,90,"5,400","3,914.19",69.5,22.27,10,2,2.61,25.28,28,25,4.82,6.02,43.49,62.08,518.56
"56,198",18,Female,association_football,DI,120,"7,200","2,817.12",182.54,"1,856.89",23,38,1.41,40.72,3,4,3.19,3.2,23.48,151.7,460.14
"56,198",18,Female,association_football,DI,120,"7,200",715.04,0,0,0,0,0.36,11.02,0,0,0,0,5.96,27.06,45.47
"56,198",18,Female,association_football,DI,90,"5,400","6,650.01",133.8,37.67,16,3,4.43,24.61,28,35,5.56,6.7,73.89,60.43,977.96
"56,198",18,Female,association_football,DI,85,"5,100","2,701.10",24.33,0,3,0,1.91,21.6,30,18,5.11,5.53,31.78,53.05,237.44
"56,198",18,Female,association_football,DI,90,"5,400","2,637.61",0,0,0,0,1.76,17.25,9,1,5.95,3.46,29.31,42.35,182.94
"56,198",18,Female,association_football,DI,90,"5,400","6,805.99",127.16,37.57,18,5,4.54,24.74,30,27,5.5,5.43,75.62,60.76,994.17
"56,198",18,Female,association_football,DI,90,"5,400","3,523.49",26.42,0,3,0,2.35,20.75,21,16,5.22,5.89,39.15,50.95,383.4
"56,198",18,Female,association_football,DI,90,"5,400","3,909.15",46.64,0,9,0,2.61,21.1,31,27,5.71,6.83,43.43,51.83,362.72
"56,198",18,Female,association_football,DI,90,"5,400","4,763.44",47.3,66.43,5,2,3.18,26.22,36,28,4.68,4.92,52.93,64.39,518.24
"56,198",18,Female,association_football,DI,100,"6,000","3,857.09",96.2,46.28,12,4,2.31,26.25,21,22,4.96,6.92,38.57,64.46,522.61
"56,198",18,Female,association_football,DI,120,"7,200","4,063.01",21.72,0,3,0,2.03,20.46,26,18,5.07,5.77,33.86,50.25,404.64
"56,198",18,Female,association_football,DI,90,"5,400","4,791.63",58.19,59.98,7,3,3.19,25.52,32,20,5.2,5.31,53.24,62.68,526.53
"56,198",18,Female,association_football,DI,120,"7,200","6,289.30",47.11,33.32,8,1,3.14,26.09,37,41,6.09,5.96,52.41,64.08,712.92
"56,198",18,Female,association_football,DI,90,"5,400","4,699.03",9.15,0,2,0,3.13,21.13,39,25,7.47,5.9,52.21,51.88,464.79
"56,198",18,Female,association_football,DI,90,"5,400","4,394.12",26.62,0,2,0,2.93,22.46,37,20,5.18,5.37,48.82,55.15,446.22
"56,198",18,Female,association_football,DI,95,"5,700","9,405.40",228.74,64.37,28,5,5.94,24.74,39,54,5.82,7.41,99,60.77,"1,435.41"
"56,198",18,Female,association_football,DI,90,"5,400","3,923.85",39.76,18.87,6,1,2.62,24.69,32,21,4.93,6.12,43.6,60.63,449.15
"56,272",21,Male,american_football,DI,60,"3,600","1,825.10",266.49,236.9,30,15,1.83,32.18,42,19,7.75,5.62,30.42,96.55,245.32
"56,272",21,Male,american_football,DI,45,"2,700","2,753.81","1,417.95",53.68,62,8,3.67,26.54,22,4,5.98,3.67,61.2,79.65,339.4
"56,272",21,Male,american_football,DI,61,"3,660","2,589.02",376.36,261.03,47,20,2.55,31.54,56,40,8.04,5.76,42.44,94.65,329.16
"56,272",21,Male,american_football,DI,42,"2,520","2,490.11","1,239.41",48.31,63,6,3.56,26.42,26,7,6.99,3.66,59.29,79.29,331.75
"56,272",21,Male,american_football,DI,62,"3,720","2,456.87",475.03,148.13,49,12,2.38,29.32,50,30,7.29,4.25,39.63,87.99,295.38
"56,272",21,Male,american_football,DI,52,"3,120","2,003.28",278.25,242.6,38,22,2.31,29.53,43,29,8.98,7.83,38.52,88.6,260.28
"56,272",21,Male,american_football,DI,66,"3,960","2,095.44",164.9,204.12,20,14,1.9,29.8,39,20,9.34,7.33,31.75,89.42,281.11
"56,272",21,Male,american_football,DI,32,"1,920","1,230.57",164.47,93.5,21,11,2.31,29.58,16,8,6.18,6.08,38.46,88.76,151.62
"56,272",21,Male,american_football,DI,51,"3,060","2,287.64",825.53,238.15,46,32,2.69,27.58,18,6,5.74,6.43,44.86,82.75,277.92
"56,272",21,Male,american_football,DI,66,"3,960","2,327.42",209.65,202.93,26,22,2.12,33.33,38,21,7.73,5.28,35.26,102.78,300.68
"56,272",21,Male,american_football,DI,55,"3,300","2,205.81",430.79,166.88,46,13,2.41,32.16,41,26,7.04,5.43,40.11,96.49,256.65
"56,272",21,Male,american_football,DI,66,"3,960","2,150.35",144.96,212.2,21,17,1.95,32.43,30,10,8.65,5.87,32.58,97.3,255.77
"56,303",18,Female,association_football,DI,90,"5,400","4,835.85",67.88,0,5,0,3.22,22.46,30,45,5.34,6.28,53.73,84.01,805.11
"56,303",18,Female,association_football,DI,120,"7,200","6,796.94",29.66,0,3,0,3.4,21.58,37,62,4.97,6.55,56.64,82.08,964.48
"56,303",18,Female,association_football,DI,90,"5,400","3,662.54",41.16,0,6,0,2.44,20.35,17,27,5.02,6.03,40.69,80.06,511.82
"56,303",18,Female,association_football,DI,90,"5,400",739.8,0,0,0,0,0.49,9.28,0,0,0,0,8.22,36.52,14.74
"56,303",18,Female,association_football,DI,85,"5,100","2,178.21",6.5,0,1,0,1.54,20.48,22,10,6.06,4.1,25.63,80.6,222.18
"56,303",18,Female,association_football,DI,90,"5,400","4,893.83",190.14,4.61,15,1,3.26,23.11,29,34,5.09,5.89,54.38,90.94,738.33
"56,303",18,Female,association_football,DI,90,"5,400",245.93,0,0,0,0,0.16,11.24,0,0,0,0,2.73,44.23,12.11
"56,303",18,Female,association_football,DI,90,"5,400","2,425.44",4.41,0,1,0,1.62,20.01,18,14,4.4,5.48,26.95,78.73,276.27
"56,303",18,Female,association_football,DI,90,"5,400",783.4,0,0,0,0,0.52,12.59,2,0,4.31,0,8.7,47.07,74.15
"56,303",18,Female,association_football,DI,120,"7,200","6,075.18",9.53,0,2,0,3.04,19.57,34,46,4.45,5.47,50.63,73.2,804.12
"56,303",18,Female,association_football,DI,120,"7,200","5,538.88",56.35,0,6,0,2.77,22.45,14,32,4.19,5.1,46.16,83.95,823.16
"56,303",18,Female,association_football,DI,120,"7,200","6,607.68",52.11,46.37,7,2,3.3,24.99,62,53,5.89,6.39,55.06,93.46,863.93
"56,303",18,Female,association_football,DI,120,"7,200","6,573.75",61.46,61.36,9,3,3.29,26.29,60,35,5.28,6.14,54.78,103.45,933.79
"56,303",18,Female,association_football,DI,120,"7,200","2,097.06",6.07,0,1,0,1.05,20.06,4,7,4.56,5.74,17.48,76.28,187.31
"56,303",18,Female,association_football,DI,120,"7,200","5,411.37",39.19,0,5,0,2.71,20.51,30,32,4.78,6.18,45.09,76.68,704.59
"56,303",18,Female,association_football,DI,120,"7,200","2,791.74",12.47,0,1,0,1.4,19.81,18,24,5.16,5.83,23.26,74.1,338.19
"56,303",18,Female,association_football,DI,90,"5,400",620.21,0,0,0,0,0.41,11.03,4,4,4.17,3.45,6.89,41.24,57.95
"56,303",18,Female,association_football,DI,90,"5,400","4,681.80",6.77,0,1,0,3.12,19.8,29,27,7.14,7.66,52.02,74.03,633.99
"56,303",18,Female,association_football,DI,90,"5,400",917.18,0,0,0,0,0.61,11.64,4,6,3.52,4.41,10.19,43.54,77.32
"56,303",18,Female,association_football,DI,120,"7,200","6,759.82",42.31,79.64,8,4,3.38,26.04,45,56,4.92,5.43,56.33,97.37,961.17
"56,303",18,Female,association_football,DI,120,"7,200","4,111.85",37.02,29.77,5,2,2.06,26.74,8,9,4.48,6.06,34.27,101.71,510.48
"56,303",18,Female,association_football,DI,120,"7,200",244.55,0,0,0,0,0.12,11.92,0,0,0,0,2.04,44.56,21.49
"56,303",18,Female,association_football,DI,120,"7,200","5,333.36",19.42,0,3,0,2.67,20.84,34,41,4.66,5.48,44.44,77.95,831.68
"56,303",18,Female,association_football,DI,120,"7,200","2,383.09",0,0,0,0,1.19,18.9,17,17,4.46,6.3,19.86,70.68,383.16
"56,303",18,Female,association_football,DI,120,"7,200","3,962.01",22.32,0,3,0,1.98,20.88,30,39,4.67,5.44,33.02,78.08,641.38
"56,303",18,Female,association_football,DI,120,"7,200",336.2,0,0,0,0,0.17,6.73,0,0,0,0,2.8,25.18,40.81
"56,303",18,Female,association_football,DI,120,"7,200","4,190.59",161.59,88.53,20,7,2.1,24.98,30,26,5.56,7.67,34.92,93.43,649.96
"56,303",18,Female,association_football,DI,90,"5,400","1,199.55",9.67,0,1,0,0.8,20.38,5,1,4.58,4.26,13.33,76.2,137.41
"56,303",18,Female,association_football,DI,120,"7,200",270.61,0,0,0,0,0.14,10.3,0,0,0,0,2.26,38.5,25.16
"56,303",18,Female,association_football,DI,90,"5,400",580.37,0,0,0,0,0.39,11.77,3,5,3.89,3.27,6.45,44.02,65.25
"56,303",18,Female,association_football,DI,90,"5,400","4,571.59",64.85,19.04,6,1,3.05,24.43,29,36,4.76,4.93,50.8,96.14,621.53
"56,303",18,Female,association_football,DI,120,"7,200","5,426.94",10.04,0,1,0,2.71,21.27,25,31,4.5,4.5,45.22,83.68,648.71
"56,303",18,Female,association_football,DI,120,"7,200","5,449.54",36.36,0,4,0,2.72,20.6,42,35,5.62,5.86,45.41,81.05,749.73
"56,303",18,Female,association_football,DI,120,"7,200","4,175.20",5.32,0,1,0,2.09,20.54,43,28,7.31,5.77,34.79,80.83,553.69
"56,303",18,Female,association_football,DI,150,"9,000",172.2,0,0,0,0,0.069,10.7,0,0,0,0,1.15,42.09,22.92
"56,303",18,Female,association_football,DI,120,"7,200","5,087.71",21.3,0,4,0,2.54,21,36,38,4.63,6.07,42.4,82.62,621.45
"56,303",18,Female,association_football,DI,120,"7,200","3,462.03",44.44,4.64,7,1,1.73,22.77,17,19,4.8,6.36,28.85,89.6,380.06
"56,303",18,Female,association_football,DI,120,"7,200","3,001.25",0,0,0,0,1.5,18.96,10,9,4.28,4.54,25.01,74.6,299.97
"56,303",18,Female,association_football,DI,120,"7,200",538.24,0,0,0,0,0.27,7.99,0,0,0,0,4.49,31.44,40.31
"56,303",18,Female,association_football,DI,90,"5,400","2,134.56",0,0,0,0,1.42,19.1,3,2,4.13,4.1,23.72,75.16,182.06
"56,303",18,Female,association_football,DI,90,"5,400","3,759.10",4.96,20.54,1,1,2.51,24.28,28,33,5.26,5.71,41.77,95.52,453.39
"56,303",18,Female,association_football,DI,90,"5,400","2,539.82",13.27,0,2,0,1.69,20.26,17,13,4.34,6.05,28.22,79.72,273.33
"56,303",18,Female,association_football,DI,90,"5,400","3,785.56",31.39,0,4,0,2.52,20.3,20,16,4.8,5.82,42.06,79.88,513.84
"56,303",18,Female,association_football,DI,90,"5,400","3,096.78",0,0,0,0,2.06,19.8,17,15,5.55,6.01,34.41,77.89,407.26
"56,303",18,Female,association_football,DI,120,"7,200","5,207.65",22.83,23.89,3,1,2.6,25.41,43,41,5.44,7.01,43.4,103.69,697.2
"56,303",18,Female,association_football,DI,90,"5,400","4,547.21",100.22,42.39,12,3,3.03,24.51,29,29,4.63,6.17,50.52,96.44,588.59
"56,303",18,Female,association_football,DI,120,"7,200","3,587.81",21.7,0,2,0,1.79,21.78,18,23,5.07,5.28,29.9,85.7,438.22
"56,303",18,Female,association_football,DI,90,"5,400","4,880.42",22.84,0,4,0,3.25,21.24,36,33,5.05,5.66,54.23,83.59,701.32
"56,303",18,Female,association_football,DI,100,"6,000",481.95,0,0,0,0,0.29,13.03,2,1,3.9,3.32,4.82,51.26,49.33
"56,303",18,Female,association_football,DI,90,"5,400","4,261.30",35.29,51.29,4,2,2.84,24.91,36,31,4.58,5.14,47.35,98.03,527.32
"56,303",18,Female,association_football,DI,90,"5,400","3,647.14",20.19,0,3,0,2.43,21.12,27,31,5.61,6.19,40.52,83.11,462.19
"56,525",22,Male,association_football,DI,150,"9,000","7,307.11",678.02,207.3,54,12,2.92,28.45,58,63,6.63,7.96,48.71,90.07,896.18
"56,525",22,Male,association_football,DI,39,"2,340","3,928.34",205.04,4.61,22,1,6.04,25.61,45,41,6,7.4,100.73,81.09,788.58
"56,525",22,Male,association_football,DI,48,"2,880","2,789.45",0,0,0,0,3.49,11.79,0,0,0,0,58.11,37.34,417.94
"56,525",22,Male,association_football,DI,71,"4,260","4,271.58",25.65,0,4,0,3.61,24.45,46,29,5.71,7.27,60.16,77.42,705.89
"56,525",22,Male,association_football,DI,84,"5,040","3,801.68",0,0,0,0,2.72,19.74,38,16,5.27,4.53,45.26,62.5,471.86
"56,525",22,Male,association_football,DI,75,"4,500","4,279.84",187.59,43.12,21,4,3.42,27.57,67,51,5.74,5.11,57.06,87.27,546.04
"56,525",22,Male,association_football,DI,66,"3,960","3,081.31",5.9,0,1,0,2.8,20.77,56,36,5.57,5.01,46.69,65.75,504.65
"56,525",22,Male,association_football,DI,30,"1,800","3,385.97",177.04,24.79,17,1,6.77,30.09,42,31,6.35,8.54,112.87,95.27,570.64
"56,525",22,Male,association_football,DI,80,"4,800","8,825.81",438.93,95.04,42,8,6.62,30.2,103,80,5.73,7.08,110.32,95.6,"1,367.66"
"56,525",22,Male,association_football,DI,74,"4,440","3,853.31",47.4,0,4,0,3.12,23.59,61,26,5.92,5.43,52.07,74.68,523.94
"56,525",22,Male,association_football,DI,79,"4,740","4,743.60",345.93,195.23,27,13,3.6,29.07,91,35,6.36,5.63,60.05,92.02,669.65
"56,525",22,Male,association_football,DI,102,"6,120","2,534.15",0,0,0,0,1.49,18.74,23,4,5.18,3.54,24.84,59.32,318.94
"56,525",22,Male,association_football,DI,90,"5,400","4,691.25",0,0,0,0,3.13,19.49,18,10,9.11,4.77,52.12,61.71,213.12
"56,525",22,Male,association_football,DI,65,"3,900","4,086.87",223.94,0,11,0,3.77,24.94,26,16,5.05,3.44,62.87,78.97,364.69
"56,525",22,Male,association_football,DI,86,"5,160","8,135.91",292.69,34.24,34,4,5.68,26.62,105,80,6.01,6.93,94.6,84.27,"1,244.32"
"56,525",22,Male,association_football,DI,101,"6,060","7,250.37",373.87,68.36,38,4,4.31,31.07,84,83,6.03,6.11,71.79,98.36,"1,039.80"
"56,525",22,Male,association_football,DI,90,"5,400","5,624.73",402.61,39.2,14,4,3.75,26.71,39,33,5.53,5.42,62.5,0,716.03
"56,525",22,Male,association_football,DI,75,"4,500","3,733.55",75.16,0,8,0,2.99,24.21,44,37,5.47,6.26,49.78,90.65,458.42
"56,525",22,Male,association_football,DI,111,"6,660","8,329.25",430.12,172.46,50,13,4.5,31.59,92,80,6.74,9.28,75.04,118.26,"1,453.12"
"56,586",22,Male,association_football,DI,80,"4,800","3,245.85",12,0,3,0,2.43,20.55,55,43,6.78,9.63,40.57,65.65,303.31
"56,586",22,Male,association_football,DI,85,"5,100","5,409.90",237.39,86.7,23,6,3.82,31.3,84,111,9.95,8.65,63.65,109.18,594.49
"56,586",22,Male,association_football,DI,101,"6,060","3,826.20",142.45,25.51,19,4,2.27,26.67,59,76,5.56,8.95,37.88,82.82,454.99
"56,586",22,Male,association_football,DI,92,"5,520","5,170.98",151.19,59.19,17,5,3.37,28.67,110,95,9.6,9.9,56.21,115.76,613.55
"56,586",22,Male,association_football,DI,92,"5,520","4,604.94",104.04,5.1,12,1,3,25.2,62,62,9,8.48,50.05,87.89,482.42
"56,586",22,Male,association_football,DI,90,"5,400","3,785.14",276.93,23.21,32,2,2.52,28.14,79,50,7.51,6.77,42.06,89.91,405.98
"56,586",22,Male,association_football,DI,90,"5,400","3,760.51",92.95,4.65,10,1,2.51,26.03,90,57,7.18,8.26,41.78,83.17,400.29
"56,586",22,Male,association_football,DI,90,"5,400","4,607.95",629.33,80.14,59,5,3.07,28.72,68,48,7.68,7.86,51.2,91.75,543.74
"56,586",22,Male,association_football,DI,106,"6,360","2,879.81",18.17,0,1,0,1.63,24.76,42,41,9,7.7,27.17,109.32,290.09
"56,586",22,Male,association_football,DI,115,"6,900","5,398.44",93.95,0,16,0,2.82,22.65,104,117,8.49,9.45,46.94,334.87,599.67
"56,731",18,Male,association_football,DI,90,"5,400","5,151.13",110.6,8.63,9,1,3.43,25.38,49,51,6.3,6.28,57.23,90.93,610.85
"56,731",18,Male,association_football,DI,125,"7,500","8,339.78",189.02,64.27,28,7,4,27.91,74,59,6.31,6.58,66.72,0,"1,067.11"
"56,731",18,Male,association_football,DI,120,"7,200","7,756.25",161.71,4.18,15,1,3.88,25.16,66,76,5.68,6.75,64.64,83.77,941.04
"56,731",18,Male,association_football,DI,90,"5,400","5,617.97",20.46,0,2,0,3.75,22.31,68,52,5.69,5.4,62.42,74.27,621.78
"56,731",18,Male,association_football,DI,120,"7,200","7,868.15",210.4,63.3,26,4,3.93,29.73,68,45,5.99,7.26,65.57,98.98,"1,050.94"
"56,731",18,Male,association_football,DI,95,"5,700","5,024.09",91.64,0,7,0,3.17,22.57,42,31,5.08,6.94,52.89,75.16,521.05
"56,731",18,Male,association_football,DI,110,"6,600","8,348.67",125.34,0,16,0,4.55,24.38,83,64,5.7,6.24,75.9,81.16,"1,035.04"
"56,731",18,Male,association_football,DI,75,"4,500","5,036.21",7.39,0,2,0,4.03,20.22,38,32,5.03,4.87,67.15,67.32,598.48
"56,731",18,Male,association_football,DI,120,"7,200","1,781.59",15.77,0,1,0,0.89,21.5,11,1,4.81,3.36,14.85,71.6,173.92
"56,731",18,Male,association_football,DI,60,"3,600","1,786.93",0,0,0,0,1.79,19.31,6,3,4.06,4.96,29.78,64.31,146.99
"56,731",18,Male,association_football,DI,120,"7,200","6,980.12",59.74,12.22,8,1,3.49,26.43,42,46,5.57,6.06,58.17,88.02,777.3
"56,731",18,Male,association_football,DI,120,"7,200","7,182.86",23.28,0,4,0,3.59,20.77,61,30,5.83,5.12,59.86,69.16,789.67
"56,731",18,Male,association_football,DI,120,"7,200","6,060.14",20.49,0,4,0,3.03,22,43,44,4.29,6.37,50.5,73.25,654.22
"56,731",18,Male,association_football,DI,120,"7,200","5,784.27",35.73,0,3,0,2.89,22.4,46,29,5.04,6.8,48.2,74.59,658.95
"56,731",18,Male,association_football,DI,28,"1,680","3,540.54",166.37,44.87,18,4,7.59,29.39,16,27,5.19,5.92,126.45,97.86,566.39
"56,731",18,Male,association_football,DI,100,"6,000","2,795.19",16.17,0,4,0,1.68,20.98,9,12,4.05,5.02,27.95,69.85,269.52
"56,731",18,Male,association_football,DI,121,"7,260","3,573.89",0,0,0,0,1.77,18.27,11,1,4.99,2.78,29.54,60.84,219.95
"56,731",18,Male,association_football,DI,91,"5,460","2,809.52",5.55,0,1,0,1.85,19.66,29,2,5.4,3.93,30.87,65.46,268.55
"56,731",18,Male,association_football,DI,120,"7,200","6,902.49",20.84,0,3,0,3.45,22,59,41,5.7,5.37,57.52,73.26,880.04
"56,731",18,Male,association_football,DI,121,"7,260","2,888.85",0,0,0,0,1.43,17.62,11,2,5.42,3.82,23.87,58.67,210.59
"56,731",18,Male,association_football,DI,90,"5,400","1,262.77",11.09,0,1,0,0.84,22.12,7,0,4.54,0,14.03,73.65,111.91
"56,731",18,Male,association_football,DI,120,"7,200","4,517.09",0,0,0,0,2.26,20.01,33,15,5.24,4.94,37.64,66.63,376.71
"56,731",18,Male,association_football,DI,120,"7,200","4,011.79",0,0,0,0,2.01,16.73,3,1,3.8,3.68,33.43,55.69,391.19
"56,731",18,Male,association_football,DI,95,"5,700","1,781.34",82.36,0,7,0,1.13,23.47,8,11,4.69,5.39,18.75,78.14,226.32
"56,731",18,Male,association_football,DI,90,"5,400","5,481.72",87.8,10.45,6,1,3.65,25.76,36,19,5.35,5.93,60.91,85.75,566.44
"56,731",18,Male,association_football,DI,90,"5,400","5,518.90",198.02,27.1,23,3,3.68,27.54,47,34,5.33,7.75,61.32,98.68,630.7
"56,731",18,Male,association_football,DI,95,"5,700","1,744.87",46.59,20.64,5,1,1.1,29.46,10,11,5.04,5.43,18.37,98.09,249.52
"56,731",18,Male,association_football,DI,120,"7,200","1,431.42",0,0,0,0,0.72,9.86,0,0,0,0,11.93,32.85,50.15
"56,731",18,Male,association_football,DI,120,"7,200","3,494.23",108.05,0,8,0,1.75,24.42,13,9,5.57,5.17,29.12,81.31,326.91
"56,731",18,Male,association_football,DI,120,"7,200","6,448.63",83.11,9.39,11,1,3.22,26.67,45,27,5.32,5.55,53.74,88.81,674.5
"56,731",18,Male,association_football,DI,120,"7,200","6,188.20",55.8,0,6,0,3.09,24.41,50,35,5.27,6.01,51.57,81.27,702.6
"56,731",18,Male,association_football,DI,120,"7,200","6,496.66",78.94,7.45,10,1,3.25,26.17,49,39,5.55,6.58,54.14,87.13,706.07
"56,731",18,Male,association_football,DI,120,"7,200","7,401.19",107.41,0,14,0,3.7,23.72,80,44,5.35,7.81,61.68,78.97,847.23
"56,731",18,Male,association_football,DI,120,"7,200","8,563.57",300.75,108.84,27,6,4.28,30.03,47,51,5.19,5.73,71.36,107.62,"1,073.99"
"56,731",18,Male,association_football,DI,195,"11,700","3,569.43",4.92,0,1,0,1.1,20.93,11,4,6.41,7.73,18.3,75,247.86
"56,731",18,Male,association_football,DI,120,"7,200","2,559.54",0,0,0,0,1.28,10.41,2,1,5.57,8.28,21.33,37.29,86.49
"56,731",18,Male,association_football,DI,120,"7,200","3,161.32",0,0,0,0,1.58,12.35,4,0,4.97,0,26.34,44.24,131.68
"56,731",18,Male,association_football,DI,120,"7,200","5,549.91",231.67,24.13,23,3,2.77,26.43,50,29,6.16,4.8,46.25,94.69,629.78
"56,790",22,Male,association_football,DI,120,"7,200","5,716.07",32.89,10.53,3,1,2.86,26.21,28,27,5.02,6.13,47.63,84.94,626.88
"56,790",22,Male,association_football,DI,55,"3,300","5,075.85",198.89,34.78,21,2,5.54,27.29,52,64,6.08,6.47,92.29,93.14,780.98
"56,790",22,Male,association_football,DI,90,"5,400","4,954.19",258.77,202.2,20,9,3.3,29.3,40,35,6.43,6.58,55.05,0,831.8
"56,790",22,Male,association_football,DI,75,"4,500","4,215.73",24.19,0,4,0,3.37,22.9,45,51,5.68,5.94,56.21,78.14,568.6
"56,790",22,Male,association_football,DI,106,"6,360","2,675.36",303.54,37.82,15,2,1.51,28.61,21,24,6.18,7.01,25.24,97.63,447.69
"56,790",22,Male,association_football,DI,90,"5,400","4,112.48",0,0,0,0,2.74,18.59,22,14,4.98,5.24,45.69,60.25,404.52
"56,790",22,Male,association_football,DI,66,"3,960","5,052.28",116.81,0,14,0,4.59,24.44,70,69,6.59,7.31,76.55,79.2,856.55
"56,790",22,Male,association_football,DI,74,"4,440","5,938.78",286.6,53.3,22,6,4.82,26.88,69,81,6.04,6.88,80.25,87.12,"1,118.23"
"56,790",22,Male,association_football,DI,79,"4,740","6,510.88",286.07,79.86,21,6,4.94,27.15,66,53,6.1,7.22,82.42,87.99,"1,039.45"
"56,790",22,Male,association_football,DI,95,"5,700","5,709.24",129.98,4.96,8,1,3.61,25.21,46,51,4.99,6.82,60.1,81.69,847.95
"56,790",22,Male,association_football,DI,53,"3,180","4,622.06",84.25,6.76,10,1,5.23,25.9,49,40,5.17,6.56,87.21,83.93,738.24
"56,790",22,Male,association_football,DI,54,"3,240","5,123.69",132.73,12.55,13,1,5.69,26.62,45,47,5.65,6.88,94.88,86.27,890.24
"56,790",22,Male,association_football,DI,100,"6,000","5,085.02",44.55,0,4,0,3.05,23.72,60,49,5.39,5.76,50.85,80.94,743.86
"56,790",22,Male,association_football,DI,40,"2,400","4,580.39",180.34,12.4,20,2,6.87,26.27,35,55,5.67,5.77,114.51,85.12,832.43
"56,790",22,Male,association_football,DI,111,"6,660","6,258.25",326.59,57.66,28,4,3.38,29.07,43,68,5.01,8.17,56.38,99.23,"1,141.06"
"56,790",22,Male,association_football,DI,79,"4,740","5,268.76",265.83,21.76,20,2,4,27.99,64,67,6.09,8.05,66.69,90.7,907.1
"56,790",22,Male,association_football,DI,155,"9,300","8,142.03",49.79,0,5,0,3.15,23.42,48,47,5.12,6.19,52.53,75.91,770.87
"56,790",22,Male,association_football,DI,85,"5,100","5,000.56",73.47,34.21,9,2,3.53,29,46,42,4.84,7.11,58.83,93.98,711.48
"56,790",22,Male,association_football,DI,74,"4,440","6,487.25",221.98,79.56,23,8,5.26,30.29,55,63,6.31,7.64,87.67,98.18,"1,102.53"
"56,790",22,Male,association_football,DI,80,"4,800","3,970.85",61.86,0,6,0,2.98,23.25,31,33,5.22,7.11,49.64,75.34,534.31
"56,790",22,Male,association_football,DI,25,"1,500","2,543.18",98.58,53.32,12,2,6.1,29.06,23,22,5.07,6.05,101.73,94.19,399.9
"56,790",22,Male,association_football,DI,66,"3,960","3,374.74",63.07,0,6,0,3.07,23.57,41,33,5.56,7.35,51.13,76.4,489.18
"56,790",22,Male,association_football,DI,75,"4,500","6,051.55",160.64,45.35,14,3,4.84,30.16,53,62,5.62,8.21,80.69,97.74,830.02
"56,790",22,Male,association_football,DI,84,"5,040","4,406.80",11.82,0,1,0,3.15,21.07,34,23,6.01,5.17,52.46,68.28,537.91
"56,790",22,Male,association_football,DI,71,"4,260","3,892.12",85.26,27.35,10,1,3.29,30.86,30,35,5.33,4.67,54.82,105.31,521.44
"56,790",22,Male,association_football,DI,85,"5,100","5,307.39",231.54,96.08,19,4,3.75,28.67,41,40,5.56,7.41,62.44,92.92,822.76
"56,790",22,Male,association_football,DI,78,"4,680","6,429.78",211.39,17.42,22,1,4.95,27.27,86,102,5.85,8.41,82.43,88.38,938.18
"56,790",22,Male,association_football,DI,65,"3,900","5,969.68",523.53,359.83,35,17,5.51,29.39,80,63,5.76,6.81,91.84,95.26,991.92
"56,790",22,Male,association_football,DI,33,"1,980","3,424.57",221.11,70.23,19,6,6.23,27.88,21,33,5.72,7.31,103.77,90.36,659.31
"56,906",18,Male,association_football,DI,120,"7,200","7,390.17",113,0,13,0,3.7,24.41,42,24,5.44,6.75,61.58,81.18,"1,219.93"
"56,906",18,Male,association_football,DI,120,"7,200","4,220.83",74.87,0,9,0,2.11,23.22,29,4,6.21,3.72,35.17,79.94,560.87
"56,906",18,Male,association_football,DI,120,"7,200","8,491.64",198.27,16.1,19,1,4.25,26.73,59,37,6.27,6.2,70.76,92.04,"1,322.17"
"56,906",18,Male,association_football,DI,120,"7,200","5,433.47",166.88,4.98,13,1,2.72,25.02,34,12,5.35,4.38,45.28,86.15,729.68
"56,906",18,Male,association_football,DI,120,"7,200","7,938.46",157.5,90.67,16,4,3.97,30.07,53,48,6.42,6.56,66.15,103.55,"1,137.48"
"56,906",18,Male,association_football,DI,95,"5,700","10,750.91",289.46,35.94,33,6,6.79,27.63,49,54,5.78,6.76,113.17,91.9,"2,386.39"
"56,906",18,Male,association_football,DI,90,"5,400","6,131.62",109.23,4.4,12,1,4.09,25.09,24,13,5.24,5.82,68.13,83.43,946.19
"56,906",18,Male,association_football,DI,90,"5,400","5,335.66",6.13,0,1,0,3.56,21.73,50,32,5.84,7.37,59.29,77.82,728.8
"56,906",18,Male,association_football,DI,90,"5,400","5,585.41",72.88,33.54,5,2,3.72,27.02,45,28,5.28,5.98,62.06,93.03,763.58
"56,906",18,Male,association_football,DI,95,"5,700",943.59,28.07,0,4,0,0.6,21.67,2,1,3.81,3.48,9.93,72.08,148.13
"56,906",18,Male,association_football,DI,95,"5,700","3,521.30",22.27,0,3,0,2.22,20.98,34,20,6.17,4.18,37.07,69.76,452.46
"56,906",18,Male,association_football,DI,75,"4,500","5,948.33",50.62,6.54,7,1,4.76,25.71,39,23,5.96,7.09,79.31,82.9,943.95
"56,906",18,Male,association_football,DI,95,"5,700","4,856.24",150.17,21.07,13,2,3.07,26.2,35,22,5.04,4.95,51.12,84.46,744.04
"56,906",18,Male,association_football,DI,120,"7,200","8,930.30",407.58,80.3,33,6,4.47,28.64,61,54,5.49,5.9,74.42,92.34,"1,575.31"
"56,906",18,Male,association_football,DI,90,"5,400","6,230.98",113.15,4.35,14,1,4.15,25.67,62,48,5.6,6.63,69.23,82.75,990.39
"56,906",18,Male,association_football,DI,120,"7,200","1,600.70",20.49,10.84,2,1,0.8,26.01,14,1,4.3,2.72,13.34,83.87,252.59
"56,906",18,Male,association_football,DI,120,"7,200",638.65,0,0,0,0,0.32,16.35,7,2,6,3.74,5.32,52.7,91.33
"56,906",18,Male,association_football,DI,70,"4,200","7,627.23",383.81,37.46,36,3,6.54,27.52,44,42,6.09,7.16,108.96,88.73,"1,545.84"
"56,906",18,Male,association_football,DI,100,"6,000","9,159.35",410.72,135,38,9,5.5,29.87,51,44,6.15,6.56,91.59,96.31,"1,464.45"
"56,906",18,Male,association_football,DI,100,"6,000","10,790.42",594.48,67.14,57,4,6.47,31.02,59,75,5.88,6.98,107.9,103.15,"2,210.25"
"56,906",18,Male,association_football,DI,100,"6,000","6,589.44",331.9,128.34,33,10,3.95,28.99,23,45,5.36,7.43,65.89,96.4,"1,209.37"
"56,906",18,Male,association_football,DI,101,"6,060","11,668.74",359.74,39.21,36,6,6.93,26.74,48,69,5.36,6.57,115.53,88.93,"2,236.60"
"56,906",18,Male,association_football,DI,121,"7,260",679.29,0,0,0,0,0.34,8.62,0,0,0,0,5.61,28.66,21.62
"56,906",18,Male,association_football,DI,91,"5,460","4,155.31",50.74,0,6,0,2.74,22.86,39,22,5.75,7.22,45.66,76.03,617.5
"56,906",18,Male,association_football,DI,125,"7,500","8,760.60",183.6,40.97,18,3,4.21,27.24,64,45,5.69,9.84,70.08,0,"1,390.13"
"56,906",18,Male,association_football,DI,90,"5,400","6,665.88",166.78,50.16,12,4,4.44,27.48,64,39,5.89,6.49,74.07,100.87,"1,078.78"
"56,906",18,Male,association_football,DI,120,"7,200","6,081.02",245.46,0,21,0,3.04,25.25,51,30,5.56,5.2,50.68,91.87,905.01
"56,906",18,Male,association_football,DI,120,"7,200","10,740.84",368.53,66.53,37,4,5.37,27.93,53,45,7.25,6.2,89.51,101.62,"1,842.73"
"56,906",18,Male,association_football,DI,120,"7,200","5,681.47",81.16,46.57,8,3,2.84,27.53,51,26,6.83,7.28,47.35,98.57,851.64
"56,906",18,Male,association_football,DI,195,"11,700","9,173.71",224.96,20.07,22,2,2.82,26.22,40,32,5.63,6.1,47.04,93.89,"1,534.47"
"56,906",18,Male,association_football,DI,120,"7,200","9,411.54",272.92,107.7,28,7,4.71,29.04,58,30,5.95,6.76,78.43,103.99,"1,590.50"
"56,906",18,Male,association_football,DI,120,"7,200","7,978.19",177.96,0,14,0,3.99,24.27,73,46,5.31,5.88,66.48,83.58,"1,285.22"
"56,906",18,Male,association_football,DI,120,"7,200","6,149.23",71.57,14.35,7,1,3.07,28.03,48,26,5.16,5.87,51.24,96.51,809.95
"56,906",18,Male,association_football,DI,90,"5,400","2,632.11",27.96,0,2,0,1.75,22.59,28,5,5.38,5.76,29.25,77.79,366.31
"56,906",18,Male,association_football,DI,100,"6,000","9,366.60",461.94,61.46,41,4,5.62,28.1,46,45,5.37,6.11,93.67,93.44,"1,534.28"
"56,906",18,Male,association_football,DI,120,"7,200","6,633.04",52.11,0,8,0,3.32,22.74,60,35,6.11,6.45,55.28,75.62,960.47
"56,906",18,Male,association_football,DI,120,"7,200","8,583.88",113.9,0,14,0,4.29,24.47,74,63,6.41,6.64,71.53,81.39,"1,458.75"
"57,050",20,Male,american_football,DI-FCS,106,"6,360","3,685.05",296.29,73.21,37,10,2.09,28.34,76,111,8.66,7.6,34.76,96.6,534.31
"57,050",20,Male,american_football,DI-FCS,130,"7,800","4,645.52",266.64,72.75,23,7,2.14,28.12,87,96,8.59,7.63,35.73,106.34,635.1
"57,050",20,Male,american_football,DI-FCS,137,"8,220","1,679.05",279.7,127.61,26,9,0.74,29.34,23,3,7.28,2.89,12.26,104.35,343.53
"57,050",20,Male,american_football,DI-FCS,100,"6,000","3,142.38",48.69,0,7,0,1.89,22.63,98,105,9.49,9.94,31.42,77.12,508.23
"57,050",20,Male,american_football,DI-FCS,90,"5,400","3,226.88",150.45,0,22,0,2.15,24.11,81,87,8.47,9.39,35.85,82.19,418.28
"57,050",20,Male,american_football,DI-FCS,95,"5,700","1,368.38",44.87,0,6,0,0.86,21.35,47,31,6.46,5.56,14.4,0,265.06
"57,050",20,Male,american_football,DI-FCS,80,"4,800","3,543.01",108.91,0,11,0,2.66,24.69,86,72,9.14,9.22,44.29,93.36,484.04
"57,061",18,Male,association_football,DI,120,"7,200","5,055.49",26.82,0,3,0,2.53,22.82,22,18,5.1,5.22,42.13,77.25,502.22
"57,061",18,Male,association_football,DI,120,"7,200","3,707.54",16.34,0,1,0,1.85,21.45,12,5,4.4,4.14,30.9,72.62,402.45
"57,061",18,Male,association_football,DI,120,"7,200","3,182.16",12.6,0,1,0,1.59,21.01,13,0,5.19,0,26.52,71.13,276.35
"57,061",18,Male,association_football,DI,120,"7,200","3,700.57",90.05,0,4,0,1.85,24.56,14,8,4.91,5.06,30.84,83.17,334.17
"57,061",18,Male,association_football,DI,120,"7,200","6,142.45",160.19,23.83,11,1,3.07,26.24,59,39,6.21,5.53,51.19,88.84,705.62
"57,061",18,Male,association_football,DI,90,"5,400","5,026.28",59.48,5.62,8,1,3.35,25.75,27,22,5.14,5.16,55.85,63.53,604.39
"57,061",18,Male,association_football,DI,90,"5,400","2,527.68",0,0,0,0,1.69,17.42,8,6,3.92,4.93,28.09,42.98,357.42
"57,061",18,Male,association_football,DI,125,"7,500","7,277.76",99.13,44.75,11,3,3.49,27.08,48,30,5.56,5.69,58.22,0,872.39
"57,061",18,Male,association_football,DI,120,"7,200","5,053.24",136.56,0,13,0,2.53,22.65,39,20,5.66,4.99,42.11,83.65,571.55
"57,061",18,Male,association_football,DI,120,"7,200","8,121.46",223.04,46.88,20,2,4.06,29.54,46,36,5.41,7.92,67.68,109.08,997.3
"57,061",18,Male,association_football,DI,120,"7,200","4,604.12",71.87,0,5,0,2.3,23.1,22,6,7.76,6,38.37,78.22,452
"57,061",18,Male,association_football,DI,195,"11,700","7,013.75",70.52,16.56,8,1,2.16,26.45,37,22,7.42,6.6,35.97,89.56,779.21
"57,061",18,Male,association_football,DI,120,"7,200","7,488.13",164.41,0,13,0,3.74,24.57,38,29,5.5,4.85,62.4,83.18,957.76
"57,061",18,Male,association_football,DI,120,"7,200","7,008.15",118.57,4.82,13,1,3.5,25.24,63,42,5.39,5.3,58.4,85.45,837.32
"57,061",18,Male,association_football,DI,90,"5,400","3,958.43",11.96,0,2,0,2.64,21.39,24,17,4.54,6.36,43.98,72.42,390.28
"57,061",18,Male,association_football,DI,90,"5,400","8,438.14",89.95,37.62,9,3,5.63,30.7,38,25,5.3,5.56,93.76,103.96,"1,065.47"
"57,061",18,Male,association_football,DI,95,"5,700","4,065.76",119.93,20.96,14,3,2.57,27.23,21,27,5.02,7.08,42.8,88.69,691.36
"57,061",18,Male,association_football,DI,90,"5,400","5,037.72",129.16,12.31,8,1,3.36,25.51,40,23,5.77,6.9,55.97,94.23,550.52
"57,061",18,Male,association_football,DI,120,"7,200","6,979.62",118.01,0,6,0,3.49,25.29,41,24,5.31,4.91,58.16,62.39,886.7
"57,061",18,Male,association_football,DI,100,"6,000",925.08,0,0,0,0,0.56,12.93,2,1,3.56,3.06,9.25,31.89,58.05
"57,061",18,Male,association_football,DI,95,"5,700","4,431.24",107.13,0,7,0,2.8,24.94,36,13,5.85,5.3,46.64,61.52,454.05
"57,061",18,Male,association_football,DI,110,"6,600","6,918.35",40.73,0,3,0,3.77,24.41,44,31,5.44,4.34,62.89,60.21,844.56
"57,061",18,Male,association_football,DI,75,"4,500","3,755.40",0,0,0,0,3,17.62,12,7,4.67,5.13,50.07,43.46,395.53
"57,061",18,Male,association_football,DI,120,"7,200","1,399.77",5.25,0,1,0,0.7,20.47,8,2,4.71,3.09,11.66,50.5,190.2
"57,061",18,Male,association_football,DI,120,"7,200","5,819.27",21.21,0,3,0,2.91,21.45,35,26,5.25,5.17,48.49,52.92,690.58
"57,061",18,Male,association_football,DI,90,"5,400","3,236.10",14.55,0,3,0,2.16,20.68,13,4,4.26,4.84,35.96,51.02,338.82
"57,061",18,Male,association_football,DI,90,"5,400","2,789.16",0,0,0,0,1.86,17.85,16,6,4.41,4.25,30.99,44.03,271.17
"57,061",18,Male,association_football,DI,120,"7,200","5,038.09",68.29,249,10,8,2.52,40.54,31,10,4.9,5.68,41.98,132.02,"1,003.86"
"57,061",18,Male,association_football,DI,120,"7,200","5,775.56",19.66,0,3,0,2.89,21.98,51,26,5.43,7.6,48.13,71.59,747.9
"57,061",18,Male,association_football,DI,120,"7,200","5,057.50",48.03,0,6,0,2.53,22.84,37,32,4.72,6.35,42.15,74.39,554.72
"57,061",18,Male,association_football,DI,120,"7,200","8,092.83",100.97,7.79,13,1,4.05,26.3,42,48,5.39,5.09,67.44,85.66,"1,047.65"
"57,061",18,Male,association_football,DI,100,"6,000","1,090.71",0,0,0,0,0.65,15.74,3,0,4.8,0,10.91,38.84,85.63
"57,061",18,Male,association_football,DI,100,"6,000","1,551.42",18.62,0,1,0,0.93,22.39,5,4,4.16,4.02,15.51,55.23,164.53
"57,061",18,Male,association_football,DI,100,"6,000",932.07,0,0,0,0,0.56,18.37,10,3,4.03,4.16,9.32,59.81,89.96
"57,061",18,Male,association_football,DI,101,"6,060","1,593.88",3.27,0,1,0,0.95,19.85,8,1,5.26,4.02,15.78,64.65,171.83
"57,061",18,Male,association_football,DI,91,"5,460","3,219.33",17.43,0,1,0,2.12,21.77,40,13,5.59,5.37,35.38,70.91,384.91
"57,061",18,Male,association_football,DI,120,"7,200","6,509.76",67.3,7.84,7,1,3.25,25.32,37,33,5.44,5.22,54.25,62.45,914.79
"57,061",18,Male,association_football,DI,90,"5,400","1,716.96",5.26,0,1,0,1.14,20.53,15,3,5.48,4.12,19.08,69.49,170.42
"57,061",18,Male,association_football,DI,100,"6,000",922.58,0,0,0,0,0.55,16.94,6,3,3.98,3.95,9.23,55.17,86.8
"57,061",18,Male,association_football,DI,120,"7,200","4,715.97",9.28,0,2,0,2.36,21.96,45,32,5.43,6.8,39.3,71.53,483.79
"57,061",18,Male,association_football,DI,120,"7,200","6,086.60",33.41,10.43,4,1,3.04,25.42,50,35,5.35,6.2,50.72,82.8,734.56
"57,061",18,Male,association_football,DI,95,"5,700","3,163.21",0,0,0,0,2,16.95,16,2,5.3,2.91,33.3,55.19,441.54
"57,061",18,Male,association_football,DI,120,"7,200","5,718.60",34.65,0,5,0,2.86,22.47,42,38,6.03,6.78,47.65,73.2,792.12
"57,061",18,Male,association_football,DI,95,"5,700",794.59,36.48,0,3,0,0.5,24.15,3,4,3.86,5.66,8.36,78.66,86.35
"57,061",18,Male,association_football,DI,90,"5,400","4,769.25",94.76,0,5,0,3.18,24.12,26,22,4.9,5.33,52.99,81.68,480.72
"57,267",21,Male,american_football,DI,150,"9,000","4,364.47",0,0,0,0,1.75,19.43,35,5,5.47,3.98,29.1,0,311.95
"57,267",21,Male,american_football,DI,330,"19,800","9,444.17",0,0,0,0,1.72,19.51,70,13,6.47,5.52,28.62,80.73,633.15
"57,267",21,Male,american_football,DI,130,"7,800","4,150.32",55.36,0,4,0,1.92,24.17,17,4,5.51,4.32,31.93,113.62,322.55
"57,267",21,Male,american_football,DI,150,"9,000","4,183.02",10.25,0,1,0,1.67,21.27,29,9,5.54,5.16,27.89,109.51,317.73
"57,447",18,Female,association_football,DI,120,"7,200","7,056.02",36.83,25.7,4,2,3.53,24.7,34,18,4.94,5.35,58.8,60.44,916.55
"57,447",18,Female,association_football,DI,120,"7,200","5,369.03",161.89,38.04,21,5,2.68,25.25,30,27,5.56,5.7,44.74,61.77,850.07
"57,447",18,Female,association_football,DI,90,"5,400","1,587.92",13.13,0,1,0,1.06,22.27,10,3,5.07,4.29,17.64,54.48,185.31
"57,447",18,Female,association_football,DI,120,"7,200","2,712.55",0,0,0,0,1.36,16.99,18,12,4.6,6.57,22.6,41.56,337.35
"57,447",18,Female,association_football,DI,90,"5,400","7,644.80",98.58,65.91,14,4,5.1,25.06,27,29,5.21,5.08,84.94,61.31,"1,333.10"
"57,447",18,Female,association_football,DI,90,"5,400","6,428.45",43.44,46.94,6,2,4.29,26.17,18,26,4.52,5.38,71.43,64.03,"1,108.09"
"57,447",18,Female,association_football,DI,120,"7,200","2,688.48",205.96,"1,836.01",22,33,1.34,40.84,0,3,0,3.37,22.4,99.91,447.56
"57,447",18,Female,association_football,DI,120,"7,200","5,953.01",394.67,"3,682.83",54,98,2.98,40.88,5,7,3.32,3.58,49.61,100.09,895.29
"57,447",18,Female,association_football,DI,90,"5,400","6,911.69",124.85,16.86,14,2,4.61,24.18,19,24,5.1,5.64,76.8,59.16,"1,378.07"
"57,447",18,Female,association_football,DI,85,"5,100","3,592.99",47.62,16.37,8,2,2.54,23.22,13,8,4.25,4.3,42.27,56.8,462.02
"57,447",18,Female,association_football,DI,90,"5,400",970.27,0,0,0,0,0.65,18.43,2,1,3.85,3.78,10.78,45.09,81.58
"57,447",18,Female,association_football,DI,90,"5,400","7,163.96",46.54,0,4,0,4.78,22.36,23,33,4.32,6.48,79.6,54.69,"1,358.96"
"57,447",18,Female,association_football,DI,90,"5,400","2,818.79",6.19,0,1,0,1.88,19.81,21,14,5,5.28,31.32,48.47,326.56
"57,447",18,Female,association_football,DI,90,"5,400","4,646.44",20.71,0,5,0,3.1,20.67,24,31,5.32,6.11,51.63,50.56,632.4
"57,447",18,Female,association_football,DI,90,"5,400","4,470.52",39.8,38.66,5,2,2.98,25.85,16,21,4.73,5.13,49.67,63.25,536.53
"57,447",18,Female,association_football,DI,100,"6,000","9,764.83",93.25,94.2,13,6,5.86,25.66,32,30,4.71,4.78,97.65,62.77,"1,551.38"
"57,447",18,Female,association_football,DI,90,"5,400","1,723.88",0,0,0,0,1.15,21.15,8,3,4.24,5.62,19.15,51.74,194.65
"57,447",18,Female,association_football,DI,120,"7,200","3,938.15",10.64,0,2,0,1.97,20.43,21,15,5.1,5.02,32.82,49.99,439.61
"57,447",18,Female,association_football,DI,90,"5,400","5,006.02",64.13,36.93,7,2,3.34,25.74,15,19,5.33,5.41,55.62,62.98,631.52
"57,447",18,Female,association_football,DI,120,"7,200","5,999.11",55.09,31.25,8,1,3,27.04,37,26,5.68,5.92,49.99,66.15,750.52
"57,447",18,Female,association_football,DI,90,"5,400","3,689.72",26.03,0,2,0,2.46,21.58,31,13,4.61,5.02,41,52.79,598.33
"57,447",18,Female,association_football,DI,90,"5,400","5,269.21",36.99,0,4,0,3.51,22.12,22,16,4.83,5.99,58.55,54.11,682.34
"57,447",18,Female,association_football,DI,95,"5,700","8,885.28",107.33,43.03,14,3,5.61,26.03,31,37,4.97,5.8,93.53,63.67,"1,676.11"
"57,447",18,Female,association_football,DI,90,"5,400","4,263.24",17.26,0,1,0,2.84,20.78,25,23,4.58,5.81,47.37,50.84,713.63
"57,447",18,Female,association_football,DI,95,"5,700","9,122.19",136.54,6.58,12,1,5.76,22.79,25,29,4.24,6.34,96.02,55.75,"1,505"
"57,447",18,Female,association_football,DI,90,"5,400","4,343.37",20.77,0,3,0,2.9,21.17,44,29,5.16,5.05,48.26,51.8,608.77
"57,447",18,Female,association_football,DI,120,"7,200","7,239.35",79,71.63,10,5,3.62,26.34,36,30,4.84,4.97,60.33,64.45,"1,078.97"
"57,447",18,Female,association_football,DI,120,"7,200","4,184.10",20.49,0,3,0,2.09,20.59,16,17,4.91,4.82,34.87,50.38,516.85
"57,447",18,Female,association_football,DI,120,"7,200","4,313.19",58.78,0,8,0,2.16,21.67,23,16,5.99,6.01,35.94,53.01,527.4
"57,447",18,Female,association_football,DI,120,"7,200","4,347.08",33.02,0,4,0,2.17,21.3,29,16,5.7,5.57,36.23,52.11,472.7
"57,447",18,Female,association_football,DI,90,"5,400","2,175.84",0,0,0,0,1.45,18.18,7,3,3.98,3.87,24.18,44.49,156.39
"57,447",18,Female,association_football,DI,150,"9,000","10,272.42",67.44,4.62,11,1,4.11,22.68,37,46,5.27,6.71,68.48,55.48,"1,670.38"
"57,447",18,Female,association_football,DI,120,"7,200","5,555.41",21.07,0,3,0,2.78,20.18,29,30,5.05,5.02,46.3,49.36,733.71
"57,447",18,Female,association_football,DI,120,"7,200","6,424.78",22.31,0,3,0,3.21,20.41,38,36,6.01,5.61,53.54,49.94,889.74
"57,447",18,Female,association_football,DI,120,"7,200","6,616.05",26.4,0,3,0,3.31,22.56,24,31,4.78,6.62,55.13,55.19,919.92
"57,447",18,Female,association_football,DI,90,"5,400","3,882.81",39.75,39.47,5,2,2.59,25.53,31,8,5.56,4.77,43.14,62.47,503.58
"57,447",18,Female,association_football,DI,120,"7,200",472.23,0,0,0,0,0.24,7.51,0,0,0,0,3.94,18.36,34
"57,447",18,Female,association_football,DI,90,"5,400","8,147.02",35.61,4.58,5,1,5.43,23.01,28,28,4.24,5.07,90.52,56.3,"1,309.41"
"57,447",18,Female,association_football,DI,90,"5,400","7,967.08",99.77,14.22,14,3,5.31,23.53,27,36,4.92,6.45,88.52,57.56,"1,370"
"57,447",18,Female,association_football,DI,120,"7,200","4,901.77",24.43,0,2,0,2.45,22.31,11,12,5.06,4.64,40.85,54.58,556.71
"57,447",18,Female,association_football,DI,120,"7,200","9,531.11",79.05,3.89,11,1,4.77,22.65,48,34,4.49,4.67,79.43,55.42,"1,481.66"
"57,447",18,Female,association_football,DI,120,"7,200","2,526.09",0,0,0,0,1.26,18.6,12,6,6.14,5.13,21.05,45.51,304.68
"57,447",18,Female,association_football,DI,120,"7,200","5,976.72",23.83,0,3,0,2.99,20.56,32,30,5.28,5.37,49.81,50.3,773.08
"57,447",18,Female,association_football,DI,120,"7,200","2,612.98",8.91,0,1,0,1.31,21.11,25,16,4.78,4.88,21.77,51.65,274.75
"57,447",18,Female,association_football,DI,90,"5,400","6,796.91",139.52,14.04,19,3,4.53,23.08,25,33,6.13,6.92,75.52,56.46,"1,264.92"
"57,447",18,Female,association_football,DI,90,"5,400","1,555.78",0,0,0,0,1.04,15.97,14,1,5.25,2.75,17.29,39.07,199.17
"57,447",18,Female,association_football,DI,90,"5,400","7,837.91",87.75,50.43,11,4,5.23,24.85,35,34,4.57,6.83,87.09,60.79,"1,201.31"
"57,447",18,Female,association_football,DI,120,"7,200","7,004.80",65.65,47.85,8,2,3.5,25.34,41,50,5.19,5.24,58.37,61.99,989.91
"57,447",18,Female,association_football,DI,120,"7,200","7,456.02",41.3,42.14,5,5,3.73,27.48,60,43,6.11,5.75,62.13,67.23,"1,434.69"
"57,447",18,Female,association_football,DI,120,"7,200","5,584.43",26.15,15.16,4,1,2.79,24.08,44,26,5.38,7.04,46.54,58.9,984.96
"57,447",18,Female,association_football,DI,90,"5,400","3,945.67",6.57,0,1,0,2.63,20.11,31,17,5.13,5.14,43.84,49.21,519.16
"57,447",18,Female,association_football,DI,90,"5,400","5,129.97",31.79,0,5,0,3.42,20.02,30,22,7.15,5.32,57,48.98,752.7
"57,447",18,Female,association_football,DI,120,"7,200","2,290.45",13.65,0,1,0,1.15,21.91,19,28,4.63,5.52,19.09,53.61,306.39
"57,447",18,Female,association_football,DI,90,"5,400","4,891.01",133.57,82.67,14,4,3.26,25.69,18,20,5.42,7.18,54.34,62.84,817.47
"57,447",18,Female,association_football,DI,120,"7,200","2,541.73",0,0,0,0,1.27,17.25,11,5,4.56,4.36,21.18,42.2,257.07
"57,447",18,Female,association_football,DI,120,"7,200","2,480.68",9.77,0,1,0,1.24,20.28,19,6,4.71,4.39,20.67,49.6,297.37
"57,447",18,Female,association_football,DI,120,"7,200","3,394.48",0,0,0,0,1.7,18.42,26,14,6.1,5.26,28.29,45.07,480.67
"57,447",18,Female,association_football,DI,120,"7,200","2,423.90",20.44,0,4,0,1.21,20.51,35,21,5.32,5.38,20.2,50.18,337.45
"57,523",22,Male,association_football,DI,111,"6,660","13,422.47",607.23,58.04,63,5,7.26,29.79,106,131,5.46,6.8,120.92,97.86,"2,442"
"57,523",22,Male,association_football,DI,84,"5,040","9,848.11",436.91,56.93,43,5,7.03,27.16,98,108,5.82,6.85,117.24,89.21,"2,004.14"
"57,523",22,Male,association_football,DI,66,"3,960","4,357.52",41.86,0,4,0,3.96,23.25,55,34,5.6,5.9,66.02,76.38,683.42
"57,523",22,Male,association_football,DI,75,"4,500","6,778.76",115.48,6.49,10,1,5.42,25.37,60,89,5.67,6.51,90.38,83.33,"1,107.21"
"57,523",22,Male,association_football,DI,112,"6,720","14,493.61",424.13,76.05,42,5,7.76,29.96,111,135,5.54,6.72,129.41,98.42,"2,673.08"
"57,523",22,Male,association_football,DI,120,"7,200","7,351.45",196.64,24.21,13,3,3.68,26.67,44,41,5.03,5.94,61.26,87.59,957.83
"57,523",22,Male,association_football,DI,90,"5,400","7,732.39",330.26,54.67,12,7,5.15,26.69,38,45,5.7,5.74,85.92,0,"1,220.49"
"57,523",22,Male,association_football,DI,75,"4,500","5,197.20",41.1,0,4,0,4.16,22.79,67,52,5.16,5.3,69.3,85.4,848.41
"57,523",22,Male,association_football,DI,111,"6,660","10,775.15",277.24,40.53,26,3,5.82,28.18,76,109,5.59,6.35,97.07,105.61,"1,932.01"
"57,523",22,Male,association_football,DI,101,"6,060","13,038.11",758.18,144.47,66,10,7.75,30.44,103,155,5.45,7.44,129.09,108.01,"2,327.53"
"57,523",22,Male,association_football,DI,71,"4,260","4,937.34",70.93,0,7,0,4.17,23.99,39,45,5.31,6.64,69.54,78.8,811.8
"57,523",22,Male,association_football,DI,84,"5,040","4,708.57",0,0,0,0,3.36,19.02,46,31,5.11,7.56,56.05,62.46,722.57
"57,523",22,Male,association_football,DI,95,"5,700","7,629.78",44.34,0,7,0,4.82,21.65,54,61,5.26,5.74,80.31,71.12,"1,270.04"
"57,523",22,Male,association_football,DI,79,"4,740","7,275.34",244.94,15.59,16,3,5.53,25.56,63,63,6.26,6.75,92.09,83.98,"1,260.79"
"57,523",22,Male,association_football,DI,74,"4,440","7,281.45",295.44,48.14,23,6,5.9,26.74,63,86,6.2,7.36,98.4,87.83,"1,317.86"
"57,523",22,Male,association_football,DI,66,"3,960","5,929.14",69.17,0,9,0,5.39,21.78,84,97,6.37,5.82,89.84,71.56,"1,091.05"
"57,523",22,Male,association_football,DI,18,"1,080","2,254.90",77.07,0,9,0,7.52,22.67,20,31,6.06,6.71,125.27,74.47,477.25
"57,523",22,Male,association_football,DI,90,"5,400","3,034.76",0,0,0,0,2.02,19.76,8,13,4.91,5.07,33.72,64.92,384.38
"57,523",22,Male,association_football,DI,40,"2,400","5,381.10",218.85,29.76,20,3,8.07,27.21,32,60,5.94,6.06,134.53,89.39,"1,138.34"
"57,523",22,Male,association_football,DI,85,"5,100","5,184.04",102.16,12.16,10,1,3.66,26.66,23,38,5.12,6.1,60.99,87.58,895.05
"57,523",22,Male,association_football,DI,90,"5,400","11,053.35",509.18,17.81,43,3,7.37,25.84,70,106,5.95,6.38,122.81,84.9,"1,924.08"
"57,523",22,Male,association_football,DI,53,"3,180","3,521.71",0,0,0,0,3.99,17.52,23,6,4.93,5.26,66.45,57.56,546.13
"57,523",22,Male,association_football,DI,79,"4,740","6,790.95",216.68,0,20,0,5.16,24.63,59,80,5.52,6.36,85.96,80.92,"1,168.62"
"57,523",22,Male,association_football,DI,67,"4,020","7,829.08",391.33,81.47,35,6,7.01,28.57,71,82,5.67,6.62,116.85,93.85,"1,393.45"
"57,523",22,Male,association_football,DI,85,"5,100","6,898.98",159.3,67.64,17,8,4.87,28.28,51,68,4.92,8.2,81.16,92.91,"1,172.77"
"57,523",22,Male,association_football,DI,74,"4,440","7,835.77",110.5,0,11,0,6.35,24.49,59,78,6.3,6.77,105.89,80.44,"1,519.64"
"57,523",22,Male,association_football,DI,80,"4,800","4,437.95",12.81,0,3,0,3.33,21.02,30,32,5.31,6.3,55.47,69.06,624.93
"58,064",22,Male,association_football,DI,79,"4,740","6,447.30",152.26,86.94,18,6,4.9,27.52,50,39,6.48,6.76,81.61,90.11,"1,112.26"
"58,064",22,Male,association_football,DI,66,"3,960","4,174.76",14.58,0,3,0,3.8,20.81,51,32,4.92,5.29,63.25,69.37,574.93
"58,064",22,Male,association_football,DI,75,"4,500","6,365.87",87.57,78,13,5,5.09,30,48,40,5.16,6.89,84.88,105.22,985.36
"58,064",22,Male,association_football,DI,84,"5,040","4,389.35",4.67,0,1,0,3.14,19.94,57,28,5.35,7.35,52.25,69.96,576.21
"58,064",22,Male,association_football,DI,65,"3,900","6,067.21",655.41,255.9,30,17,5.6,28.62,79,40,6.33,5.77,93.34,93.72,986.65
"58,064",22,Male,association_football,DI,35,"2,100","4,639.07",185.84,12.15,14,2,7.95,25.48,31,31,5.05,6.72,132.54,89.39,746.46
"58,064",22,Male,association_football,DI,120,"7,200","8,010.15",103.96,5.23,7,1,4.01,25.47,37,46,5.31,7.6,66.75,84.9,770.11
"58,064",22,Male,association_football,DI,101,"6,060","11,606.43",492.55,70.79,42,6,6.89,28.51,73,90,6.05,6.9,114.92,101.87,"1,750.70"
"58,064",22,Male,association_football,DI,55,"3,300","5,046.35",42.81,0,4,0,5.51,24.17,38,30,5.37,7.13,91.75,86.38,763.61
"58,064",22,Male,association_football,DI,90,"5,400","6,822.06",382.47,38.69,14,1,4.55,27.27,42,25,5.53,5.63,75.8,0,830.6
"58,064",22,Male,association_football,DI,75,"4,500","4,869.99",15.98,0,2,0,3.9,22.02,59,44,5.3,6.24,64.93,80.78,664.98
"58,064",22,Male,association_football,DI,106,"6,360","7,180.50",143.31,21.53,13,1,4.06,27.99,48,54,5.43,6.28,67.74,102.64,"1,114.83"
"58,064",22,Male,association_football,DI,111,"6,660","10,523.86",228.94,8.06,19,1,5.69,25.44,71,75,5.73,8.28,94.81,90.91,"1,557.14"
"58,064",22,Male,association_football,DI,49,"2,940","5,956.28",216.1,51.36,18,3,7.29,27.69,34,43,5.83,8.56,121.56,90.68,943.15
"58,064",22,Male,association_football,DI,71,"4,260","4,524.28",83.17,8.7,9,1,3.82,25.61,43,45,5.55,5.26,63.72,89.82,746.5
"58,064",22,Male,association_football,DI,95,"5,700","6,839.93",112.43,65.81,15,5,4.32,28.1,50,43,5.26,6.18,72,92.01,909.9
"58,064",22,Male,association_football,DI,109,"6,540","12,252.44",346.77,100.33,35,8,6.74,29.36,78,84,5.75,7.67,112.41,97.89,"1,986.98"
"58,064",22,Male,association_football,DI,74,"4,440","6,740.36",142.28,98.28,17,6,5.47,29.3,62,53,7.28,7.35,91.09,95.95,"1,307.09"
"58,064",22,Male,association_football,DI,104,"6,240","11,425.53",311.67,63.72,29,6,6.59,27.28,74,69,5.68,7.1,109.86,89.33,"2,335.58"
"58,064",22,Male,association_football,DI,90,"5,400","5,419.83",0,0,0,0,3.61,18.19,21,27,6.92,5.72,60.22,59.55,397.87
"58,064",22,Male,association_football,DI,127,"7,620","14,313.16",388.06,92.03,48,10,6.76,29.16,80,93,6.84,6.39,112.7,95.47,"2,805.54"
"58,064",22,Male,association_football,DI,85,"5,100","6,397.35",84.3,11.9,7,1,4.52,26.29,40,46,5.26,5.66,75.26,86.08,"1,070.72"
"58,064",22,Male,association_football,DI,62,"3,720","6,471.55",97.61,43.31,15,2,6.26,30.54,38,58,5.68,6.53,104.38,101.82,"1,242.45"
"58,064",22,Male,association_football,DI,53,"3,180","4,730.36",13.09,0,2,0,5.36,21.3,54,32,6.43,5.73,89.25,71,886.23
"58,064",22,Male,association_football,DI,79,"4,740","6,021.13",82.29,11.09,7,1,4.57,26.24,43,46,5.85,6.85,76.22,85.91,"1,112.63"
"58,064",22,Male,association_football,DI,38,"2,280","4,318.28",142.59,43.34,15,3,6.82,27.67,23,17,5.92,7.03,113.64,92.23,762.44
"58,064",22,Male,association_football,DI,155,"9,300","7,891.34",0,0,0,0,3.05,16.97,26,18,5.4,4.97,50.91,56.58,843.02
"58,064",22,Male,association_football,DI,85,"5,100","5,790.07",31.25,0,3,0,4.09,23.86,46,46,5.06,5.65,68.12,79.56,844.47
"58,064",22,Male,association_football,DI,74,"4,440","7,027.16",255.59,107.45,19,6,5.7,28.98,74,51,5.67,6.05,94.96,94.88,"1,264.03"
"58,064",22,Male,association_football,DI,80,"4,800","4,325.42",0,0,0,0,3.24,19.29,31,25,5.08,5.18,54.07,64.32,703.72
"58,064",22,Male,association_football,DI,85,"5,100","9,404.01",357.77,59.36,28,6,6.64,27.8,57,65,5.74,7.03,110.64,92.69,"1,701.76"
"59,101",21,Male,american_football,DI,66,"3,960","2,759.48",236.43,87.29,17,11,2.51,29.82,69,49,9.39,9.32,41.81,93.76,409.51
"59,101",21,Male,american_football,DI,52,"3,120","1,935.44",316.71,129.08,36,14,2.23,29.45,36,23,7.78,8.76,37.22,92.58,224.61
"59,101",21,Male,american_football,DI,66,"3,960","1,983.14",289.5,82.04,29,5,1.8,30.59,44,15,9.4,8.44,30.05,96.16,286.04
"59,101",21,Male,american_football,DI,32,"1,920","1,202.94",194.34,38.98,18,4,2.26,26.75,16,5,6.39,8.86,37.59,84.09,124.63
"59,101",21,Male,american_football,DI,51,"3,060","2,114.20",848.74,0,72,0,2.49,25.04,22,13,5.82,6.2,41.45,78.73,249.54
"59,101",21,Male,american_football,DI,66,"3,960","2,297.17",231.24,215.74,28,14,2.09,31.81,25,5,6.52,4.09,34.81,103.11,235.78
"59,101",21,Male,american_football,DI,55,"3,300","2,209.10",384.7,89.92,47,9,2.41,28.33,52,33,9.3,6.07,40.17,89.07,290.76
"59,101",21,Male,american_football,DI,77,"4,620","3,492.27",459.26,51.35,42,6,2.72,28.66,68,32,8.4,6.26,45.35,90.1,353.57
"59,101",21,Male,american_football,DI,45,"2,700","1,425.43",3.66,0,1,0,1.9,20.75,30,13,5.92,5.24,31.68,65.24,138.1
"59,101",21,Male,american_football,DI,80,"4,800","2,861.70",0,0,0,0,2.15,19.71,91,40,7.55,6.11,35.77,61.96,301.88
"59,101",21,Male,american_football,DI,140,"8,400","5,198.02",461.55,155.5,55,16,2.23,28.53,95,61,8.36,6.95,37.13,89.69,528.86
"59,101",21,Male,american_football,DI,105,"6,300","4,231.88",363.72,23.47,32,3,2.42,26.05,90,37,7.53,5.55,40.3,81.89,431.75
"59,101",21,Male,american_football,DI,77,"4,620","2,180.33",0,0,0,0,1.7,16.55,68,17,5.68,5.48,28.32,52.02,207.8
"59,101",21,Male,american_football,DI,130,"7,800","5,363.22",439.34,51.82,46,5,2.48,28.11,135,71,8.57,5.61,41.26,88.39,541.59
"59,101",21,Male,american_football,DI,44,"2,640","2,128.64",304.92,37.57,31,4,2.9,28.06,66,46,8.02,6.12,48.38,88.22,287.62
"59,101",21,Male,american_football,DI,62,"3,720","1,485.20",294.1,60.98,21,6,1.44,28.42,23,17,7.76,6.25,23.95,89.34,196.79
"59,101",21,Male,american_football,DI,62,"3,720","2,580.89",315.34,50.33,38,7,2.5,27.21,50,41,7.42,7.84,41.63,85.56,317.24
"59,101",21,Male,american_football,DI,61,"3,660","2,572.79",420.17,181.71,47,14,2.53,30.85,53,34,6.81,4.88,42.18,96.98,310.21
"59,101",21,Male,american_football,DI,62,"3,720","2,710.95",489.79,75.39,50,6,2.62,27.84,56,43,7.11,5.97,43.73,87.51,318.82
"59,101",21,Male,american_football,DI,55,"3,300","2,510.25",275.75,28.94,30,2,2.74,27.12,75,47,8.61,6.75,45.64,85.27,341.66
"59,134",20,Male,american_football,DI-FCS,90,"5,400","2,932.07",14.76,0,3,0,1.95,20.75,52,74,7.01,6.95,32.58,71.92,350.37
"59,134",20,Male,american_football,DI-FCS,80,"4,800","4,923.12",12.15,0,3,0,3.69,20.95,84,64,8.46,6.57,61.54,72.62,619.42
"59,134",20,Male,american_football,DI-FCS,95,"5,700","1,774.65",0,0,0,0,1.12,18.11,42,19,5.34,5.53,18.68,0,323.52
"59,134",20,Male,american_football,DI-FCS,80,"4,800","2,548.90",176.64,57.37,15,5,1.91,28.85,34,53,6.08,6.83,31.86,120.64,307.25
"59,134",20,Male,american_football,DI-FCS,106,"6,360","5,698.55",234.14,0,28,0,3.23,23.15,127,122,9.9,9.65,53.76,80.23,729.65
"59,134",20,Male,american_football,DI-FCS,100,"6,000","2,962.25",0,0,0,0,1.78,17.96,47,39,6.73,7.86,29.62,62.24,339.37
"59,134",20,Male,american_football,DI-FCS,137,"8,220","1,766.66",163.37,0,16,0,0.77,23.58,25,2,6.38,3.19,12.9,81.72,321.84
"59,134",20,Male,american_football,DI-FCS,130,"7,800","5,525.38",240.68,9.48,21,2,2.55,25.49,99,83,9.59,9.51,42.5,88.35,715.75
"59,326",20,Male,american_football,DI-FCS,100,"6,000","3,450.97",91.78,0,12,0,2.07,25.07,81,66,9.22,9.32,34.51,83.26,412.34
"59,326",20,Male,american_football,DI-FCS,130,"7,800","5,984.75",262.83,124.31,32,12,2.76,29.59,111,122,9.63,9.88,46.04,98.27,831.12
"59,326",20,Male,american_football,DI-FCS,106,"6,360","5,067.94",568.34,20.61,56,4,2.87,25.82,108,127,7.51,8.32,47.81,85.76,671.83
"59,326",20,Male,american_football,DI-FCS,80,"4,800","4,742.53",83.66,9.81,10,2,3.56,25.45,112,77,6.81,7.79,59.28,84.52,570.48
"59,326",20,Male,american_football,DI-FCS,95,"5,700","1,721.19",60.02,0,6,0,1.09,22.9,41,37,5.9,6.19,18.12,0,337.2
"59,326",20,Male,american_football,DI-FCS,80,"4,800","1,981.80",138.9,171.39,19,11,1.49,30.11,28,44,9.61,8.51,24.77,103.96,259.65
"59,326",20,Male,american_football,DI-FCS,90,"5,400","3,653.28",173.55,9.66,24,1,2.44,25.87,84,102,8.13,9.64,40.59,85.93,474.88
"59,326",20,Male,american_football,DI-FCS,137,"8,220","1,800.09",435.61,65.92,33,9,0.79,25.96,26,10,5.68,4.81,13.14,86.2,330.92
"59,419",21,Male,american_football,DI,45,"2,700",893.99,0,0,0,0,1.19,17.6,14,7,6.69,4.05,19.87,59.6,79.31
"59,419",21,Male,american_football,DI,66,"3,960","2,020.41",141.02,43.35,19,5,1.84,28.31,26,1,5.64,3.32,30.61,95.88,203.24
"59,419",21,Male,american_football,DI,77,"4,620","1,472.75",0,0,0,0,1.15,19.65,32,13,7.71,4.87,19.13,66.55,130.18
"59,419",21,Male,american_football,DI,55,"3,300","2,273.91",257.28,0,37,0,2.48,24.44,50,25,7.51,6.84,41.34,82.79,264.7
"59,419",21,Male,american_football,DI,60,"3,600","1,561.18",310.27,27.06,28,2,1.56,28.29,37,16,6.13,5.44,26.02,95.82,195.56
"59,419",21,Male,american_football,DI,66,"3,960","2,033.35",154.28,79.39,21,6,1.85,29.53,24,3,5.58,7.14,30.81,102.86,210.22
"59,419",21,Male,american_football,DI,51,"3,060","2,250.55",629.06,58.48,49,10,2.65,26.39,24,6,5.52,5.05,44.13,89.39,258.97
"59,419",21,Male,american_football,DI,32,"1,920","1,143.72",107.63,0,12,0,2.14,22.94,9,5,5.89,6.16,35.74,77.7,112.82
"59,419",21,Male,american_football,DI,66,"3,960","2,065.19",230.79,48.45,21,4,1.88,28.7,26,5,6.32,9.17,31.29,97.22,216.89
"59,419",21,Male,american_football,DI,52,"3,120","1,875.05",246.79,0,23,0,2.16,23.62,32,20,7.06,7.93,36.06,79.99,196.13
"59,419",21,Male,american_football,DI,55,"3,300","2,101.63",76.96,0,10,0,2.29,22.11,58,26,6.18,4.78,38.21,74.9,253.08
"59,419",21,Male,american_football,DI,62,"3,720","2,530.73",325.29,0,41,0,2.45,24.46,60,28,7.04,5.35,40.82,82.84,288.88
"59,419",21,Male,american_football,DI,42,"2,520","2,365.81",720.39,43.86,58,6,3.38,26.1,28,11,5.55,6.64,56.33,88.4,289.17
"59,419",21,Male,american_football,DI,61,"3,660","2,320.52",381.16,6.24,43,1,2.28,25.35,41,32,7.07,4.96,38.04,85.85,239.71
"59,419",21,Male,american_football,DI,62,"3,720","2,456.15",245.24,0,32,0,2.38,24.46,42,22,7.03,8.19,39.62,82.85,261.81
"59,419",21,Male,american_football,DI,62,"3,720","1,300.65",220.9,18.5,16,3,1.26,26.59,25,11,6.04,5.51,20.98,90.05,162.51
"59,419",21,Male,american_football,DI,44,"2,640","1,870.54",51.94,0,10,0,2.55,21.17,57,20,8.33,4.16,42.51,71.71,224.13
"59,419",21,Male,american_football,DI,130,"7,800","3,167.77",28.63,0,4,0,1.46,24.54,63,22,7.1,5.69,24.37,83.11,305.64
"59,419",21,Male,american_football,DI,77,"4,620","1,649.26",0,0,0,0,1.29,15.36,33,5,4.83,4.31,21.42,52.01,126.55
"59,419",21,Male,american_football,DI,80,"4,800","1,651.18",0,0,0,0,1.24,14.53,33,11,4.89,5.27,20.64,49.2,133.12
"59,419",21,Male,american_football,DI,140,"8,400","3,407",6.94,0,1,0,1.46,22.52,65,16,7.07,4.5,24.34,76.27,290.64
"59,419",21,Male,american_football,DI,105,"6,300","2,635.50",0,0,0,0,1.51,19.7,59,16,6.87,5.82,25.1,66.73,226.66
"59,493",22,Male,association_football,DI,106,"6,360","6,505.95",234.93,14.82,26,2,3.68,26.62,102,101,8.86,9.48,61.38,62.47,681.92
"59,493",22,Male,association_football,DI,108,"6,480","1,707.02",0,0,0,0,0.95,8.98,0,0,0,0,15.81,78.71,67.76
"59,493",22,Male,association_football,DI,60,"3,600",570.29,0,0,0,0,0.57,2.92,0,0,0,0,9.5,6.85,0.66
"59,493",22,Male,association_football,DI,304,"18,240","15,946.36",116.32,73.46,15,5,3.15,29.3,36,29,6.14,6.28,52.46,68.54,621.26
"59,493",22,Male,association_football,DI,103,"6,180","3,777.23",0,0,0,0,2.2,7.53,0,0,0,0,36.67,17.68,73.64
"59,493",22,Male,association_football,DI,66,"3,960","4,385.23",37.61,0,6,0,3.99,24.62,76,66,6.24,7.39,66.44,57.78,741.08
"59,493",22,Male,association_football,DI,111,"6,660",470.9,0,0,0,0,0.25,13.44,3,1,3.95,2.97,4.24,104.83,56.01
"59,493",22,Male,association_football,DI,110,"6,600",204.2,0,0,0,0,0.11,10.79,0,0,0,0,1.86,84.17,13.23
"59,493",22,Male,association_football,DI,105,"6,300","6,069.96",117.23,5.37,11,1,3.47,25.35,71,71,6.08,6.16,57.81,59.5,"1,030.26"
"59,493",22,Male,association_football,DI,95,"5,700","5,094.91",59.9,0,8,0,3.22,22.56,52,47,6.4,6.14,53.63,52.95,759.32
"59,493",22,Male,association_football,DI,297,"17,820","5,138.15",69.96,809.03,6,12,1.04,42.61,0,0,0,0,17.3,99.68,116.51
"59,493",22,Male,association_football,DI,92,"5,520","4,754.21",79.35,0,10,0,3.1,24.93,67,69,9.99,9.83,51.68,58.51,552.2
"59,493",22,Male,association_football,DI,101,"6,060","3,037.77",89.13,38.25,13,2,1.8,27.48,49,63,7.82,8.98,30.08,64.48,371.67
"59,493",22,Male,association_football,DI,105,"6,300",266.6,0,0,0,0,0.15,8.07,1,0,3.11,0,2.54,62.94,18.1
"59,507",22,Male,association_football,DI,95,"5,700","1,579.36",0,0,0,0,1,5.24,1,0,7.22,0,16.62,18.91,6.04
"59,507",22,Male,association_football,DI,79,"4,740","7,008.37",271.19,28.63,23,3,5.32,27.7,65,53,7.07,6.58,88.71,102.04,"1,195.50"
"59,507",22,Male,association_football,DI,66,"3,960","4,869.55",44.11,0,5,0,4.43,23.01,49,46,5.69,6.26,73.78,84.75,881.37
"59,507",22,Male,association_football,DI,90,"5,400","5,371.17",19.16,0,1,0,3.58,22.83,15,12,4.56,5.96,59.68,84.1,428.76
"59,507",22,Male,association_football,DI,79,"4,740","6,983.73",85.98,0,9,0,5.3,24.51,50,55,6.57,6.64,88.4,90.28,"1,114.66"
"59,507",22,Male,association_football,DI,155,"9,300","9,348.54",0,0,0,0,3.62,19.07,41,42,6.31,5.73,60.31,70.87,840.93
"59,507",22,Male,association_football,DI,85,"5,100","6,634.61",46.39,16.37,7,1,4.68,26.21,44,38,5.54,6.72,78.05,97.43,"1,041.96"
"59,507",22,Male,association_football,DI,74,"4,440","7,039.81",31.87,0,3,0,5.71,22.51,68,49,5.09,5.15,95.13,82.92,"1,189.42"
"59,507",22,Male,association_football,DI,80,"4,800","4,980.99",35.1,4.53,4,1,3.74,25.71,31,25,4.86,5.56,62.26,95.57,722.14
"59,507",22,Male,association_football,DI,78,"4,680","7,159.05",42.94,0,5,0,5.51,22.85,61,74,4.65,6.78,91.78,84.92,"1,204.04"
"59,507",22,Male,association_football,DI,65,"3,900","6,300.09",596.49,181.93,30,17,5.82,27.15,57,51,6.52,5.87,96.92,100.91,"1,196.99"
"59,507",22,Male,association_football,DI,120,"7,200","7,357.72",77.13,0,9,0,3.68,22.42,41,28,5.82,5,61.31,83.35,835.78
"59,507",22,Male,association_football,DI,55,"3,300","5,837.03",73.71,0,8,0,6.37,23.52,51,37,4.96,5.81,106.13,87.43,"1,116.89"
"59,507",22,Male,association_football,DI,90,"5,400","7,489.99",314.49,104.11,13,8,4.99,26.9,23,21,6.12,5.73,83.22,0,"1,174.36"
"59,507",22,Male,association_football,DI,75,"4,500","5,418.35",18.42,0,4,0,4.33,21.14,49,45,4.68,8.29,72.24,78.56,920.76
"59,507",22,Male,association_football,DI,100,"6,000","6,099.03",34.27,0,4,0,3.66,23.87,61,61,5.2,6.17,60.99,88.72,960.33
"59,507",22,Male,association_football,DI,71,"4,260","4,581.73",97.21,15.23,12,2,3.87,25.68,45,35,5.29,5.82,64.53,95.46,780.5
"59,507",22,Male,association_football,DI,84,"5,040","4,279.47",0,0,0,0,3.06,18.95,50,26,5.58,5.1,50.95,70.45,708.14
"59,507",22,Male,association_football,DI,75,"4,500","5,054.34",50.61,0,7,0,4.04,22.53,43,34,5.22,6.24,67.39,83.73,807.36
"59,507",22,Male,association_football,DI,66,"3,960","4,173.02",10.49,0,2,0,3.79,21.29,37,26,5.25,6.29,63.23,79.15,575.23
"61,283",22,Male,association_football,DI,100,"6,000","5,658.81",40.17,0,5,0,3.4,22.22,91,46,6.17,6,56.59,81.54,802.09
"61,283",22,Male,association_football,DI,53,"3,180","5,009.80",52.56,0,7,0,5.67,22.07,56,43,6.23,7.63,94.52,79.23,803.14
"61,283",22,Male,association_football,DI,79,"4,740","5,870.35",121.03,0,9,0,4.46,24.26,45,53,5.54,6.67,74.31,83.47,922.7
"61,283",22,Male,association_football,DI,21,"1,260","2,871.52",184.09,8.03,11,1,8.2,26.11,15,26,4.69,6.68,136.74,93.74,516.82
"61,283",22,Male,association_football,DI,78,"4,680","6,382.87",61.57,0,8,0,4.91,23.34,72,72,5.58,5.97,81.83,84.25,932.2
"61,283",22,Male,association_football,DI,75,"4,500","3,606.71",43.45,22.77,5,2,2.89,27.24,22,20,4.5,4.87,48.09,108.07,506.31
"61,283",22,Male,association_football,DI,40,"2,400","4,439.70",176.78,7.26,16,1,6.66,26.15,42,41,5.84,6.28,110.99,89.96,760.32
"61,283",22,Male,association_football,DI,111,"6,660","5,806.86",201.35,5.64,18,1,3.14,25.44,30,40,5.61,6.55,52.31,93.39,947.69
"61,283",22,Male,association_football,DI,85,"5,100","6,258.99",143.94,11.54,13,1,4.42,25.68,57,51,5.54,6.02,73.64,92.21,958.23
"61,283",22,Male,association_football,DI,95,"5,700","6,637.58",126.24,0,10,0,4.19,24.16,51,43,5.69,5.27,69.87,83.12,958.94
"61,283",22,Male,association_football,DI,79,"4,740","6,506.94",280.57,4.23,15,1,4.94,25.38,53,44,6.41,6.55,82.37,87.33,"1,045.37"
"61,283",22,Male,association_football,DI,90,"5,400","7,358.04",372.86,10.88,9,2,4.91,25.21,31,22,5.27,5.89,81.76,0,815.54
"61,283",22,Male,association_football,DI,55,"3,300","5,524.50",15.71,0,2,0,6.03,21.48,36,32,5.01,4.81,100.45,78.83,924.64
"61,283",22,Male,association_football,DI,101,"6,060","5,883.94",168.62,0,22,0,3.5,22.87,35,39,4.86,7.48,58.26,83.95,987.22
"61,283",22,Male,association_football,DI,120,"7,200","7,217.38",71,0,5,0,3.61,22.74,27,24,5.34,5.9,60.14,81.63,732.89
"61,283",22,Male,association_football,DI,65,"3,900","6,077.15",710.7,183.06,30,12,5.61,29.07,66,50,6.02,7.91,93.49,104.36,977.46
"61,283",22,Male,association_football,DI,74,"4,440","5,599.19",261.47,53.2,21,5,4.54,26.5,52,59,6.08,5.74,75.66,91.17,934.43
"61,283",22,Male,association_football,DI,74,"4,440","6,429.96",132.39,0,12,0,5.21,24.49,40,49,4.56,7.18,86.89,84.25,"1,009.67"
"61,283",22,Male,association_football,DI,80,"4,800","3,683.64",29.78,0,4,0,2.76,21.91,17,19,4.81,5.56,46.05,78.65,474.45
"61,283",22,Male,association_football,DI,66,"3,960","4,772.03",19.94,0,3,0,4.34,21.24,59,47,5.13,5.67,72.3,73.06,750.02
"61,283",22,Male,association_football,DI,90,"5,400","4,550.67",7.85,0,1,0,3.03,21.43,17,4,5.23,4.38,50.56,73.73,263.56
"61,283",22,Male,association_football,DI,155,"9,300","6,911.42",38.69,0,3,0,2.68,23.43,60,43,5.26,5.4,44.59,84.13,760.88
"61,283",22,Male,association_football,DI,71,"4,260","3,350.93",4.04,0,1,0,2.83,20.11,26,18,4.98,5.26,47.2,72.58,452.64
"61,283",22,Male,association_football,DI,25,"1,500","3,006.60",101.89,27.34,8,1,7.22,27.85,16,13,4.59,5.42,120.26,100.55,532.34
"61,283",22,Male,association_football,DI,84,"5,040","3,933.93",0,0,0,0,2.81,18.72,28,25,5.06,6.41,46.83,67.59,541.08
"61,283",22,Male,association_football,DI,75,"4,500","5,648.80",186.05,22.64,17,2,4.52,26.63,42,54,5.38,5.76,75.32,96.11,864.67
"61,283",22,Male,association_football,DI,66,"3,960","3,217.84",14.36,0,2,0,2.93,22.41,39,14,4.84,5.89,48.76,80.88,431.53
"61,283",22,Male,association_football,DI,85,"5,100","6,013.42",162.88,8.72,16,1,4.24,26.91,40,27,4.92,5.25,70.75,92.58,885.56
"61,283",22,Male,association_football,DI,54,"3,240","5,810.77",190.86,27.33,21,2,6.46,27.7,48,35,5.34,7,107.61,101.68,"1,045.40"
"61,438",20,Male,american_football,DI-FCS,106,"6,360","5,256.32",271.95,11.11,33,2,2.98,25.79,127,136,8.7,7.16,49.59,100.26,691.67
"61,438",20,Male,american_football,DI-FCS,90,"5,400","3,054.45",105.13,0,11,0,2.04,24.26,95,94,9.72,9.44,33.94,81.19,449.96
"61,438",20,Male,american_football,DI-FCS,100,"6,000","3,115.84",84.14,0,13,0,1.87,23.42,72,72,6.87,9.34,31.16,78.37,413.2
"61,438",20,Male,american_football,DI-FCS,137,"8,220","1,810.59",330.14,0,23,0,0.79,24.95,24,3,6.02,3.62,13.22,94.41,349.72
"61,438",20,Male,american_football,DI-FCS,130,"7,800","5,114.66",206.95,4.47,20,1,2.36,25.73,114,96,8.74,9.94,39.34,97.36,687.7
"61,438",20,Male,american_football,DI-FCS,80,"4,800","3,221.72",69.32,0,9,0,2.42,23.24,105,91,9.75,9.79,40.27,87.95,464.5
"61,438",20,Male,american_football,DI-FCS,95,"5,700","1,714.47",0,0,0,0,1.08,18.65,40,21,5.46,5.56,18.05,0,331.11
"61,438",20,Male,american_football,DI-FCS,80,"4,800","2,065.44",125.33,125.33,16,10,1.55,29.88,51,52,8.43,9.09,25.82,113.07,303.19
"61,446",22,Male,association_football,DI,115,"6,900",100.1,0,0,0,0,0.052,5.67,0,0,0,0,0.87,90.38,7.3
"61,541",20,Male,american_football,DI-FCS,90,"5,400","2,906.99",162.87,0,21,0,1.94,24.54,72,84,8.98,7.57,32.3,68.46,398.26
"61,541",20,Male,american_football,DI-FCS,100,"6,000","3,525.35",68.11,0,11,0,2.12,24.84,107,86,9.13,9.01,35.25,69.31,508.03
"61,541",20,Male,american_football,DI-FCS,130,"7,800","4,730.71",235.31,124.1,27,10,2.18,35.85,124,122,9.25,9.34,36.39,106.6,729.89
"61,541",20,Male,american_football,DI-FCS,106,"6,360","4,544.88",346.73,313.64,46,31,2.57,31.37,105,138,9.58,9.72,42.88,87.52,672.91
"61,541",20,Male,american_football,DI-FCS,137,"8,220","1,550.43",243.19,177.32,29,13,0.68,30.96,23,5,6.71,3.78,11.32,86.37,321.66
"61,541",20,Male,american_football,DI-FCS,95,"5,700","1,361.09",72.46,0,7,0,0.86,22.68,47,14,6.02,5.76,14.33,0,249.77
"61,541",20,Male,american_football,DI-FCS,80,"4,800","1,781.96",107.18,220.94,16,11,1.34,33.63,36,50,8.56,8.95,22.27,106.54,256.4
"61,674",21,Male,american_football,DI,150,"9,000","5,758.08",113.48,43.69,11,3,2.3,28.34,106,51,6.6,6.97,38.39,122.46,694.92
"61,674",21,Male,american_football,DI,150,"9,000","6,633.35",63.49,0,6,0,2.65,23.14,131,54,6.32,5.8,44.22,0,721.8
"61,674",21,Male,american_football,DI,70,"4,200","3,080.21",203.17,106.95,21,7,2.64,30.29,43,30,6.37,6.01,44,100.42,446.85
"61,674",21,Male,american_football,DI,70,"4,200","1,814.47",139.96,75.56,19,8,1.56,27.1,22,7,6.09,6.67,25.92,89.47,233.98
"61,674",21,Male,american_football,DI,70,"4,200","2,714.36",289.63,53.62,25,7,2.33,28.25,34,12,6.7,6.16,38.78,93.66,355.16
"61,674",21,Male,american_football,DI,70,"4,200","2,881.94",180.47,73.54,24,8,2.47,27.72,34,20,6.18,8.82,41.17,89.93,382.91
"61,674",21,Male,american_football,DI,70,"4,200","3,201.96",294.19,88.74,27,2,2.74,30.83,45,37,6.88,6.52,45.74,101.78,424.64
"61,674",21,Male,american_football,DI,70,"4,200","2,865.49",137.78,62.79,16,2,2.46,30.16,22,28,6.02,7.14,40.94,106.43,404.24
"61,674",21,Male,american_football,DI,330,"19,800","12,444.19",348.73,31.31,30,3,2.26,26.99,153,80,6.32,9.45,37.71,95.22,"1,217.48"
"61,674",21,Male,american_football,DI,130,"7,800","5,230.01",120.23,0,7,0,2.41,24.58,72,32,6.46,5.96,40.23,86.74,625.87
"61,902",18,Female,association_football,DI,90,"5,400","2,354.73",0,0,0,0,1.57,18.6,13,11,4.3,6.41,26.16,45.39,269.91
"61,902",18,Female,association_football,DI,90,"5,400","1,183.25",108,33.21,15,4,0.79,24.16,8,15,5.28,5.91,13.15,58.95,186.02
"61,902",18,Female,association_football,DI,120,"7,200","2,677.62",207.91,"1,814.68",24,37,1.34,40.63,4,3,3.23,3.37,22.31,99.16,450.45
"61,902",18,Female,association_football,DI,120,"7,200","7,503.30",372.78,"3,805.33",49,86,3.75,40.98,25,26,4.84,5.77,62.53,100.85,"1,037.45"
"61,902",18,Female,association_football,DI,120,"7,200","3,859.38",47.89,36.42,8,3,1.93,25.34,37,35,5.51,6.56,32.16,61.83,483.5
"61,902",18,Female,association_football,DI,120,"7,200",451.91,0,0,0,0,0.23,9.69,0,0,0,0,3.77,23.64,36.12
"61,902",18,Female,association_football,DI,150,"9,000","5,205.73",83.16,42.61,9,2,2.08,27.43,54,58,5.56,6.7,34.7,66.95,700.62
"61,902",18,Female,association_football,DI,120,"7,200",415.74,0,0,0,0,0.21,8.72,1,0,3.5,0,3.46,21.27,29.28
"61,902",18,Female,association_football,DI,120,"7,200","6,032.57",149.95,63.7,23,4,3.02,26.15,81,76,5.83,6.45,50.27,63.81,836.62
"61,902",18,Female,association_football,DI,120,"7,200","6,177.46",45.83,25.1,8,2,3.09,24.06,63,58,4.99,5.76,51.48,58.72,857.3
"61,902",18,Female,association_football,DI,90,"5,400","2,204.86",13.92,0,3,0,1.47,20.07,34,7,5.96,4.1,24.5,48.97,262.86
"61,902",18,Female,association_football,DI,90,"5,400","2,892.34",70.8,31.72,8,4,1.93,24.32,24,22,4.71,6.12,32.14,59.34,447.77
"61,902",18,Female,association_football,DI,85,"5,100","3,379.17",129.86,42.68,15,4,2.39,25,25,17,4.83,5.41,39.75,61.01,432.9
"61,902",18,Female,association_football,DI,90,"5,400","1,067.68",9.5,13.06,1,1,0.71,24.56,9,10,4.8,4.08,11.86,59.94,145.29
"61,902",18,Female,association_football,DI,90,"5,400",637.98,0,0,0,0,0.43,11,0,1,0,3.78,7.09,26.84,58.57
"61,902",18,Female,association_football,DI,90,"5,400","3,609.43",39.25,12.92,6,1,2.41,24.88,30,22,4.93,7.26,40.1,60.71,439.46
"61,902",18,Female,association_football,DI,90,"5,400","3,573.35",59.5,17.79,8,3,2.38,22.78,46,16,5.35,6.32,39.7,55.58,409.46
"61,902",18,Female,association_football,DI,100,"6,000","1,455.10",42.33,0,3,0,0.87,21.84,6,6,5.94,5.29,14.55,53.29,149.69
"61,902",18,Female,association_football,DI,120,"7,200","4,143.45",57.42,32.96,6,2,2.07,25.5,32,33,4.99,6.63,34.53,62.23,477.44
"61,902",18,Female,association_football,DI,90,"5,400","4,660.58",97.98,76.16,13,4,3.11,27.26,42,46,5.32,7.21,51.78,66.51,657.37
"61,902",18,Female,association_football,DI,120,"7,200","6,326.08",84.91,80.06,12,3,3.16,27.3,60,54,5.72,7.15,52.72,66.62,805.7
"61,902",18,Female,association_football,DI,120,"7,200","6,188.25",80.98,29.64,13,4,3.09,24.38,65,66,5.94,6.31,51.57,59.5,"1,045.96"
"61,902",18,Female,association_football,DI,90,"5,400","4,848.44",95.24,3.83,12,1,3.23,22.77,42,34,5.3,7.4,53.87,55.56,644.48
"61,902",18,Female,association_football,DI,95,"5,700","1,255.64",0,0,0,0,0.79,15.13,3,4,4.38,4.88,13.22,36.92,52.33
"61,902",18,Female,association_football,DI,90,"5,400","1,281.98",0,0,0,0,0.85,19.19,20,6,4.74,4.41,14.24,46.83,155.84
"61,902",18,Female,association_football,DI,95,"5,700",211.41,0,0,0,0,0.13,6.79,0,0,0,0,2.23,16.58,14.94
"61,902",18,Female,association_football,DI,90,"5,400","1,952.58",10.6,0,1,0,1.3,21.15,4,3,4.21,5.25,21.7,51.61,153.64
"61,902",18,Female,association_football,DI,120,"7,200","1,783.41",15.84,4.76,2,1,0.89,22.9,38,20,5.78,7.66,14.86,53.86,366.99
"61,902",18,Female,association_football,DI,90,"5,400",937.98,0,0,0,0,0.63,17.42,9,4,4.41,4.3,10.42,40.99,168.22
"61,902",18,Female,association_football,DI,120,"7,200","5,103.72",240.43,210.38,31,16,2.55,28.04,54,58,6.99,8.26,42.53,65.97,"1,133.72"
"61,902",18,Female,association_football,DI,120,"7,200","5,468.97",72.57,124.96,10,5,2.73,28.91,75,64,5.9,6.42,45.57,68,"1,203.34"
"61,902",18,Female,association_football,DI,120,"7,200","1,914.91",65.6,3.82,8,1,0.96,22.93,45,28,5.92,6.87,15.96,53.95,405.49
"61,902",18,Female,association_football,DI,120,"7,200","3,951.20",59.1,50.22,10,4,1.98,27.58,58,54,5.99,7.12,32.93,64.87,776.41
"61,902",18,Female,association_football,DI,90,"5,400",613.28,0,0,0,0,0.41,17.5,7,6,4.62,4.8,6.81,41.16,92.86
"61,902",18,Female,association_football,DI,120,"7,200","2,419.53",65.55,26.08,13,2,1.21,25.67,31,34,6.61,7.32,20.16,60.38,518.41
"61,902",18,Female,association_football,DI,120,"7,200","5,306.72",116.21,15.94,15,3,2.65,23.22,55,59,6.41,6.15,44.22,54.62,"1,125.95"
"61,902",18,Female,association_football,DI,120,"7,200",180.42,0,0,0,0,0.09,7.2,0,0,0,0,1.5,16.94,12.99
"61,902",18,Female,association_football,DI,90,"5,400","5,028.83",163.49,104.74,25,10,3.35,27.22,60,51,6.13,6.02,55.88,64.02,"1,133.44"
"61,902",18,Female,association_football,DI,120,"7,200","6,642.15",99.52,142.39,17,8,3.32,28.96,72,69,6.75,7.19,55.35,68.13,"1,199.22"
"61,902",18,Female,association_football,DI,90,"5,400",954.79,0,0,0,0,0.64,13.82,7,9,5.44,5.04,10.61,32.5,81.29
"61,902",18,Female,association_football,DI,120,"7,200","6,038.41",167.85,74.52,15,3,3.02,27.76,64,41,5.66,5.48,50.32,67.73,732.18
"61,902",18,Female,association_football,DI,120,"7,200",427.7,0,0,0,0,0.21,8.26,1,0,3.67,0,3.56,20.15,23.93
"61,902",18,Female,association_football,DI,90,"5,400","4,704.05",58.46,8.63,8,2,3.14,22.55,34,48,5.26,5.99,52.27,53.04,710.42
"61,902",18,Female,association_football,DI,90,"5,400","3,235.73",137.4,96.84,18,6,2.16,25.95,22,26,4.75,5.61,35.95,61.05,497.96
"61,902",18,Female,association_football,DI,120,"7,200","3,203.12",94.13,91.38,14,5,1.6,26.16,34,37,5.76,6.25,26.69,61.53,393.63
"61,902",18,Female,association_football,DI,120,"7,200","5,748.83",133.73,23.46,19,2,2.87,25.01,53,50,5.94,8.1,47.91,58.84,"1,059.42"
"61,902",18,Female,association_football,DI,90,"5,400","1,736.64",77.62,27.68,10,2,1.16,25.38,14,16,4.1,7.88,19.3,59.7,254.3
"61,902",18,Female,association_football,DI,120,"7,200","2,533.70",11.16,9.89,2,1,1.27,23.46,10,5,4.59,3.94,21.11,57.25,247.3
"61,902",18,Female,association_football,DI,120,"7,200","5,123.55",173.35,"1,291.72",17,48,2.56,42.51,48,21,6.25,5.59,42.7,103.74,607.43
"61,902",18,Female,association_football,DI,120,"7,200","5,299.78",17.48,0,2,0,2.65,22.41,72,64,6.28,5.51,44.16,54.7,654.72
"61,902",18,Female,association_football,DI,120,"7,200","5,470.51",119.44,38.66,17,3,2.74,25.29,30,47,5.39,5.64,45.59,61.72,724.75
"61,902",18,Female,association_football,DI,120,"7,200","5,496.25",66.62,44.28,10,4,2.75,25.9,33,48,5.63,6.99,45.8,63.2,922.47
"61,902",18,Female,association_football,DI,120,"7,200","5,510.19",106.29,41.47,13,5,2.76,26.53,40,42,6.24,6.32,45.92,64.74,985.13
"62,096",19,Female,association_football,DI,90,"5,400",412.38,0,0,0,0,0.27,6.81,0,0,0,0,4.58,111.83,32.82
"62,096",19,Female,association_football,DI,90,"5,400","3,433.09",28.1,0,1,0,2.29,22.5,11,7,4.44,3.48,38.15,102.53,443.16
"62,096",19,Female,association_football,DI,90,"5,400","4,295.99",140.38,0,13,0,2.86,21.74,33,2,4.67,3.2,47.73,96.62,598.79
"62,096",19,Female,association_football,DI,100,"6,000","5,298.76",434.58,0,32,0,3.18,21.95,29,3,5.06,4.51,52.99,322.08,606.5
"62,096",19,Female,association_football,DI,75,"4,500","4,914.34",49.47,3.42,4,1,3.93,22.62,8,10,6.48,5.29,65.52,100.53,613.83
"62,096",19,Female,association_football,DI,100,"6,000",134.6,0,0,0,0,0.081,5.27,0,1,0,3.88,1.35,0,8.88
"62,780",20,Male,american_football,DI-FCS,130,"7,800","5,056.49",367.78,228.03,36,20,2.33,30.46,97,95,9.48,9.12,38.9,96.47,710.63
"62,780",20,Male,american_football,DI-FCS,80,"4,800","3,699.53",120.3,0,10,0,2.77,24.97,99,66,7.56,8.19,46.24,79.07,465.58
"62,780",20,Male,american_football,DI-FCS,95,"5,700","1,364.79",60.65,0,6,0,0.86,24.23,49,31,6.4,5.9,14.37,0,262.87
"62,780",20,Male,american_football,DI-FCS,80,"4,800","1,990.78",125.8,251.63,18,13,1.49,31.41,25,37,7.87,7.73,24.88,99.48,255.04
"62,780",20,Male,american_football,DI-FCS,137,"8,220","1,715.92",347.18,151.79,32,12,0.75,30.46,24,4,7.18,3.37,12.52,96.46,344.54
"62,780",20,Male,american_football,DI-FCS,106,"6,360","4,199.16",317.92,211.06,32,16,2.38,31.35,82,123,8.69,7.52,39.61,99.82,564.95
"63,242",20,Male,american_football,DI-FCS,130,"7,800","5,084.84",167.29,40.36,16,6,2.35,27.06,119,86,9.78,7.42,39.11,87.56,695.63
"63,242",20,Male,american_football,DI-FCS,137,"8,220","1,696.09",298.98,81.24,26,6,0.74,28.69,26,3,7.47,3.6,12.38,92.85,348.94
"63,242",20,Male,american_football,DI-FCS,100,"6,000","2,386.22",16.63,0,2,0,1.43,22.38,50,59,9.5,9.97,23.86,72.42,346.01
"63,242",20,Male,american_football,DI-FCS,80,"4,800","3,350.01",88.57,0,8,0,2.51,23.91,73,41,7.88,7.24,41.88,77.39,366.51
"63,242",20,Male,american_football,DI-FCS,95,"5,700","1,375.07",11.64,0,2,0,0.87,20.16,44,20,6.05,5.06,14.47,0,273.99
"63,242",20,Male,american_football,DI-FCS,80,"4,800","1,734.71",96.88,145.31,13,9,1.3,30.9,37,53,8.57,8.37,21.68,121.63,267.33
"63,242",20,Male,american_football,DI-FCS,90,"5,400","3,295.94",105.53,0,13,0,2.2,23.01,92,78,8.46,7.25,36.62,74.45,450.6
"63,242",20,Male,american_football,DI-FCS,106,"6,360","5,360.42",356.66,4.45,35,1,3.03,25.13,84,116,7.86,9.68,50.57,81.34,585.8
"63,423",20,Male,american_football,DI-FCS,80,"4,800","4,547.93",83.93,0,13,0,3.41,25.5,82,55,9.96,8.76,56.85,96.13,669.97
"63,423",20,Male,american_football,DI-FCS,106,"6,360","5,419.41",440.01,50.05,44,9,3.07,27.32,123,139,9.69,8.62,51.13,97.56,745.35
"63,423",20,Male,american_football,DI-FCS,80,"4,800","1,757.83",114.78,169.47,13,9,1.32,30.33,33,47,7.04,7.35,21.97,108.3,257.42
"63,423",20,Male,american_football,DI-FCS,90,"5,400","3,047.97",64.49,0,4,0,2.03,23.9,57,52,9.13,7.63,33.87,78.78,364.97
"63,423",20,Male,american_football,DI-FCS,100,"6,000","5,271.28",116.84,31.39,14,3,3.16,28.37,120,120,8.41,9.41,52.71,93.53,703.93
"63,423",20,Male,american_football,DI-FCS,137,"8,220","1,887.67",372.13,113.87,33,11,0.83,28.01,27,5,6.54,3.46,13.78,105.58,379.55
"63,423",20,Male,american_football,DI-FCS,95,"5,700","1,518.83",35.31,0,5,0,0.96,21.85,41,38,5.57,5.47,15.99,0,343.79
"63,428",18,Male,association_football,DI,83,"4,980","4,710.27",17.42,0,2,0,3.41,21.17,65,36,5.51,5.16,56.75,61.17,914.43
"63,428",18,Male,association_football,DI,95,"5,700","8,220.48",316.24,27.69,28,2,5.19,27.42,48,76,4.98,5.73,86.53,79.24,"1,599.37"
"63,428",18,Male,association_football,DI,125,"7,500","8,406.55",151.23,66.38,15,4,4.04,27.81,76,50,9.45,9.35,67.25,0,"1,285.17"
"63,428",18,Male,association_football,DI,90,"5,400","5,758.34",107.78,32.27,11,3,3.84,27.5,49,45,6.04,7.28,63.98,98.87,883.1
"63,428",18,Male,association_football,DI,120,"7,200","3,563.63",0,0,0,0,1.78,17.29,17,4,4.75,3.62,29.7,62.16,416.11
"63,428",18,Male,association_football,DI,100,"6,000","5,690.42",39.43,0,5,0,3.41,22.31,57,30,5.08,6.61,56.9,64.47,837.69
"63,428",18,Male,association_football,DI,120,"7,200","3,012.69",0,0,0,0,1.51,14.6,12,3,4.18,3.54,25.11,52.49,411.32
"63,428",18,Male,association_football,DI,120,"7,200","3,447.18",108.24,42.2,11,3,1.72,27.22,7,2,5.29,3.8,28.73,97.86,501.85
"63,428",18,Male,association_football,DI,120,"7,200","2,760.33",15.38,0,1,0,1.38,23,4,2,3.98,4.63,23,82.69,200.34
"63,428",18,Male,association_football,DI,120,"7,200",399.35,0,0,0,0,0.2,11.9,0,0,0,0,3.33,42.8,32.66
"63,428",18,Male,association_football,DI,120,"7,200","6,819.46",178.35,4.34,15,1,3.41,25.14,42,42,5.18,5.89,56.83,72.66,"1,187.78"
"63,428",18,Male,association_football,DI,95,"5,700","6,322.02",35.85,0,5,0,3.99,22.25,64,54,8.19,6.86,66.55,64.31,"1,067.61"
"63,428",18,Male,association_football,DI,90,"5,400","7,008.86",26.55,0,4,0,4.67,21.27,86,64,6.05,6.49,77.88,61.48,"1,101.90"
"63,428",18,Male,association_football,DI,90,"5,400","4,342.12",196.25,0,17,0,2.89,25.06,22,31,5.66,6.1,48.25,72.41,839.11
"63,428",18,Male,association_football,DI,95,"5,700","5,877.84",57.45,0,6,0,3.71,24.68,61,48,5.43,6.32,61.87,71.32,846.24
"63,428",18,Male,association_football,DI,95,"5,700","9,563.53",344.73,64.82,33,6,6.04,28.32,63,79,5.55,6.32,100.67,81.85,"1,770.69"
"63,428",18,Male,association_football,DI,95,"5,700","6,130.70",143.47,12.15,13,2,3.87,25.61,63,46,6.06,6.08,64.53,74,"1,024.74"
"63,428",18,Male,association_football,DI,95,"5,700","8,654.18",109.12,0,11,0,5.47,23.05,67,70,5.51,7.23,91.1,66.62,"1,537.21"
"63,428",18,Male,association_football,DI,95,"5,700","5,602.19",40.96,0,2,0,3.54,24.41,86,67,5.54,5.34,58.97,70.54,"1,023.97"
"63,428",18,Male,association_football,DI,100,"6,000","8,239.44",293.19,50.03,32,3,4.94,28.8,72,72,5.41,6.77,82.39,83.23,"1,482.78"
"63,428",18,Male,association_football,DI,80,"4,800","4,652.59",81.91,0,8,0,3.49,23.44,71,55,6.93,5.38,58.16,67.73,836.98
"63,428",18,Male,association_football,DI,91,"5,460","2,503.29",41.59,0,4,0,1.65,24,34,7,5.56,4.6,27.51,86.31,330.31
"63,428",18,Male,association_football,DI,90,"5,400","4,178.13",14.48,0,1,0,2.79,22.15,78,20,4.81,4.8,46.42,64,532.23
"63,428",18,Male,association_football,DI,105,"6,300","8,949.62",332.38,32.81,26,3,5.11,27.12,53,50,5.43,6.59,85.23,78.36,"1,715.27"
"63,428",18,Male,association_football,DI,68,"4,080","3,656.95",31.05,0,7,0,3.23,21.81,19,12,5.33,5.13,53.78,63.04,515.74
"63,428",18,Male,association_football,DI,101,"6,060","1,793.64",0,0,0,0,1.07,17.91,8,15,4.34,4.45,17.76,64.38,286.53
"63,428",18,Male,association_football,DI,100,"6,000","1,697.51",25.47,0,3,0,1.02,22.49,7,3,5.02,3.54,16.98,64.99,301.78
"63,428",18,Male,association_football,DI,120,"7,200","5,451.45",214.26,18.53,19,3,2.73,25.91,43,32,5.03,5.27,45.43,93.14,853.44
"63,428",18,Male,association_football,DI,120,"7,200","7,284.77",70.85,85,10,2,3.64,34.6,59,34,5.35,7.06,60.71,124.42,990.36
"63,428",18,Male,association_football,DI,120,"7,200","4,059.33",75.73,21.43,8,1,2.03,28.54,29,22,6.33,5.81,33.83,82.49,604.67
"63,428",18,Male,association_football,DI,120,"7,200","6,540.25",139.48,0,15,0,3.27,23.45,71,54,5.73,6.22,54.5,67.76,943.02
"63,428",18,Male,association_football,DI,120,"7,200","7,547.60",144.38,0,14,0,3.77,24.45,56,57,5.51,6.94,62.9,70.67,"1,241.18"
"63,428",18,Male,association_football,DI,120,"7,200","1,963.82",34.29,0,2,0,0.98,23.19,16,3,4.78,5.29,16.37,67.02,270.25
"63,428",18,Male,association_football,DI,120,"7,200","7,569.54",229.12,0,19,0,3.78,24.09,56,52,5.23,6.24,63.08,69.61,"1,235.11"
"63,428",18,Male,association_football,DI,90,"5,400","4,911.55",17.88,0,3,0,3.27,21.05,64,47,5.5,6.23,54.57,60.83,793.07
"63,428",18,Male,association_football,DI,120,"7,200","7,765.09",474.33,173.37,26,11,3.88,27.67,49,31,5.62,5.92,64.71,79.97,"1,484.88"
"63,428",18,Male,association_football,DI,95,"5,700","4,788.12",145.04,7.13,8,1,3.02,25.25,43,39,5.14,7.42,50.4,72.97,717.05
"63,428",18,Male,association_football,DI,110,"6,600","7,853.48",160.14,0,20,0,4.28,23.54,62,59,5.19,7.26,71.4,68.04,"1,410.21"
"63,428",18,Male,association_football,DI,90,"5,400","6,449.70",141.48,4.75,16,1,4.3,25.25,71,64,6.66,6.82,71.66,72.96,"1,029.64"
"63,428",18,Male,association_football,DI,90,"5,400","5,413.19",139.83,4.72,13,1,3.61,25.23,53,48,5.58,7.75,60.15,72.91,852.58
"63,428",18,Male,association_football,DI,80,"4,800","5,213.65",87.29,23.24,9,3,3.91,26.12,59,47,5.71,6.21,65.17,75.48,746.04
"63,428",18,Male,association_football,DI,100,"6,000","7,100.32",83.77,0,9,0,4.26,24.26,90,81,5.58,6.27,71,70.12,"1,146.53"
"63,795",22,Male,association_football,DI,97,"5,820","2,339.89",137.37,29.17,14,1,1.45,28.92,21,19,4.57,5.11,24.12,107.8,442.84
"63,795",22,Male,association_football,DI,110,"6,600","3,260.21",112.52,0,8,0,1.78,25.04,32,20,4.94,7.44,29.64,86.59,505.59
"63,795",22,Male,association_football,DI,71,"4,260","4,082.51",29.95,0,4,0,3.45,21.61,43,32,5.89,7.63,57.5,74.7,556.99
"63,795",22,Male,association_football,DI,90,"5,400","4,423.05",12.1,0,2,0,2.95,22.52,36,17,6.23,6.94,49.15,77.86,265.32
"63,795",22,Male,association_football,DI,80,"4,800","4,870.22",168.44,21.69,18,4,3.65,25.82,35,23,4.95,5.08,60.88,89.29,688.07
"63,795",22,Male,association_football,DI,90,"5,400","4,439.84",69,0,11,0,2.96,21.9,43,17,5.63,4.98,49.33,51.11,565.59
"63,795",22,Male,association_football,DI,115,"6,900","3,377.98",27.57,0,6,0,1.76,21.21,43,69,5.82,9.7,29.37,49.49,358.57
"63,795",22,Male,association_football,DI,103,"6,180","4,915.71",0,0,0,0,2.86,17.91,16,11,4.84,4.57,47.73,41.79,236.99
"63,795",22,Male,association_football,DI,60,"3,600","2,613.12",0,0,0,0,2.61,14.76,21,12,4.34,4.17,43.55,34.45,158.85
"63,795",22,Male,association_football,DI,83,"4,980","6,040.44",189.19,18.54,16,3,4.37,26.16,55,43,4.82,6.54,72.78,107.31,808.1
"63,795",22,Male,association_football,DI,113,"6,780","5,664.58",342.78,30.83,26,4,3.01,26.65,28,38,4.99,6.74,50.13,62.04,965.45
"63,795",22,Male,association_football,DI,111,"6,660","7,439.65",81.37,0,7,0,4.02,24.38,78,62,5.43,6.43,67.02,0,"1,074.93"
"63,795",22,Male,association_football,DI,75,"4,500","3,883.56",64.66,0,6,0,3.11,23.41,37,33,5.17,6.71,51.78,87.25,502.41
"63,795",22,Male,association_football,DI,95,"5,700","7,192.92",270.64,4.66,27,1,4.54,24.6,53,64,5.52,8.06,75.71,94.05,"1,268.23"
"63,795",22,Male,association_football,DI,81,"4,860","5,006.04",132.06,16.85,12,2,3.71,26.14,43,28,4.86,6.52,61.8,61,721.26
"63,795",22,Male,association_football,DI,111,"6,660","7,017.37",245.63,0,17,0,3.79,25.1,39,41,5.84,7.22,63.22,86.78,"1,144.70"
"63,795",22,Male,association_football,DI,51,"3,060","3,005.15",0,0,0,0,3.54,16.63,12,9,5,5.06,58.92,57.5,191.91
"63,795",22,Male,association_football,DI,99,"5,940",437.33,0,0,0,0,0.27,17.86,8,0,4.68,0,4.42,61.76,71.27
"63,795",22,Male,association_football,DI,105,"6,300",415.21,0,0,0,0,0.24,11.02,1,1,3.3,2.65,3.95,38.1,35.89
"63,795",22,Male,association_football,DI,70,"4,200","4,768.78",0,0,0,0,4.09,18.91,70,35,5.75,5.68,68.13,44.13,718.11
"63,795",22,Male,association_football,DI,105,"6,300","5,322.44",183.94,0,18,0,3.04,24.6,40,38,5.87,8.34,50.69,57.41,793.02
"63,795",22,Male,association_football,DI,93,"5,580","7,500.77",176.34,31.19,18,3,4.84,26.48,52,47,6.35,6.39,80.65,61.79,"1,011.55"
"63,795",22,Male,association_football,DI,105,"6,300","6,880.40",170.47,0,17,0,3.93,24.81,51,65,5.12,5.96,65.53,85.79,"1,022.67"
"63,795",22,Male,association_football,DI,110,"6,600","5,429.33",273.06,0,17,0,2.96,23.72,32,39,4.93,6.34,49.36,82,852.09
"63,795",22,Male,association_football,DI,110,"6,600","5,862.36",224.67,30.65,18,1,3.2,28.32,37,43,5.72,9.64,53.29,97.94,"1,032.84"
"63,795",22,Male,association_football,DI,111,"6,660","8,150.79",349.54,13.36,32,2,4.41,26.21,40,71,5.54,8.25,73.43,90.63,"1,327.74"
"63,795",22,Male,association_football,DI,111,"6,660","2,922.13",206.81,8.85,11,1,1.58,25.88,10,21,4.75,6.93,26.33,89.49,528.08
"63,795",22,Male,association_football,DI,85,"5,100","5,408.88",121.51,12.03,12,1,3.82,26.04,41,36,5.38,6.67,63.63,60.76,753.99
"63,795",22,Male,association_football,DI,95,"5,700","6,862.80",154.37,0,12,0,4.33,24.04,51,38,5.43,5.42,72.24,56.11,"1,048.94"
"63,795",22,Male,association_football,DI,105,"6,300","6,007.09",130.33,0,10,0,3.43,23.85,60,47,4.88,6.06,57.21,55.65,828.54
"63,795",22,Male,association_football,DI,297,"17,820","9,753.96",426.76,699.09,16,16,1.97,42.85,37,21,4.51,4.61,32.84,99.77,821.26
"63,795",22,Male,association_football,DI,92,"5,520","4,627.84",146.76,0,18,0,3.02,23.55,77,65,9.7,9.19,50.3,54.96,505.27
"63,795",22,Male,association_football,DI,101,"6,060","4,927.65",116.81,0,16,0,2.93,23.22,42,67,7.33,9.96,48.79,54.18,514.74
"63,795",22,Male,association_football,DI,85,"5,100","4,633.40",105.15,6.81,12,1,3.27,25.79,66,62,9.91,8.53,54.51,60.17,483.42
"63,795",22,Male,association_football,DI,90,"5,400","5,562.20",101.75,5.07,13,1,3.71,25.21,69,68,8.33,7.18,61.8,58.82,558
"63,795",22,Male,association_football,DI,90,"5,400","5,336.12",429.75,30.45,42,4,3.56,26.36,67,47,8.6,9.53,59.29,61.5,600.71
"63,795",22,Male,association_football,DI,90,"5,400","4,352.29",43.71,0,8,0,2.9,21.71,75,46,5.65,6,48.36,50.66,415.4
"63,795",22,Male,association_football,DI,90,"5,400","4,119.07",103.18,40.29,13,2,2.75,27.76,75,54,8.11,6.36,45.77,64.78,417.58
"63,795",22,Male,association_football,DI,120,"7,200","6,740.32",110.59,16.09,12,1,3.37,26.83,44,38,4.8,6.14,56.17,102.56,834.98
"63,795",22,Male,association_football,DI,130,"7,800","7,956.55",329.33,29.16,25,2,3.67,26.62,66,40,5.61,6.4,61.2,99.21,"1,056.51"
"63,795",22,Male,association_football,DI,108,"6,480","4,642.79",30.73,0,5,0,2.58,22.07,36,33,8.26,5.69,42.99,82.28,415
"63,795",22,Male,association_football,DI,139,"8,340","6,120.93",224.68,0,15,0,2.64,25.06,41,40,5.05,6.13,44.04,93.41,"1,061.10"
"63,795",22,Male,association_football,DI,80,"4,800","4,970.33",52,0,5,0,3.73,24.7,41,34,5.02,6.03,62.13,85.4,643.63
"63,795",22,Male,association_football,DI,103,"6,180","2,012.69",126.66,0,8,0,1.17,24.6,15,13,4.94,5.63,19.54,85.08,332.06
"64,123",20,Male,american_football,DI-FCS,80,"4,800","2,012.52",151.41,169.43,18,13,1.51,32.27,43,45,8.76,7.11,25.16,98.86,267.56
"64,123",20,Male,american_football,DI-FCS,90,"5,400","3,326.48",141.5,0,16,0,2.22,24.21,70,84,7.94,8.62,36.96,72.6,398.69
"64,123",20,Male,american_football,DI-FCS,100,"6,000","3,343.82",58.66,0,7,0,2.01,22.97,79,53,8.75,9.54,33.44,68.88,409.54
"64,123",20,Male,american_football,DI-FCS,137,"8,220","1,815.49",364.2,40.05,27,4,0.8,27.04,25,3,5.82,3.45,13.25,81.06,311.21
"64,123",20,Male,american_football,DI-FCS,130,"7,800","5,301.09",158.24,95.33,18,5,2.45,33.35,120,107,9.61,7.6,40.78,102.18,751.8
"64,123",20,Male,american_football,DI-FCS,106,"6,360","4,902.55",206.15,41.48,24,5,2.78,29.38,120,110,9.31,8.2,46.25,88.08,624.8
"64,123",20,Male,american_football,DI-FCS,80,"4,800","5,605.88",77.81,0,7,0,4.2,24.76,94,80,8.61,6.93,70.07,75.84,645.11
"64,123",20,Male,american_football,DI-FCS,95,"5,700","1,648.76",38.12,0,2,0,1.04,23,40,31,5.53,5.37,17.36,0,318.7
"64,584",20,Male,american_football,DI-FCS,100,"6,000","4,143.72",18.08,0,2,0,2.49,22.78,60,57,8.15,9.48,41.44,74.07,459.11
"64,584",20,Male,american_football,DI-FCS,95,"5,700","1,858.51",54.6,0,6,0,1.17,23.51,52,24,5.98,5.95,19.56,0,357.65
"64,584",20,Male,american_football,DI-FCS,80,"4,800","2,347.52",215.34,129.99,22,13,1.76,30.75,39,52,8.59,9.88,29.34,111.68,304.42
"64,584",20,Male,american_football,DI-FCS,90,"5,400","3,060.15",165.72,0,21,0,2.04,24.7,63,88,8.52,9.44,34,80.32,400.08
"64,584",20,Male,american_football,DI-FCS,130,"7,800","5,783.66",378.49,106.41,35,7,2.67,30.47,114,113,9.77,8.13,44.49,99.07,786.83
"64,584",20,Male,american_football,DI-FCS,137,"8,220","1,755.68",401.07,27,29,4,0.77,26.1,26,3,6.09,3.63,12.82,84.87,328.29
"64,584",20,Male,american_football,DI-FCS,106,"6,360","5,252.65",454.95,64.61,50,11,2.97,26.56,92,99,9.85,9.73,49.55,86.36,680.85
"64,584",20,Male,american_football,DI-FCS,80,"4,800","4,670.58",80.84,5.97,10,1,3.5,25.89,102,77,8.72,6.02,58.38,84.2,587.84
"65,648",20,Female,association_football,DI,60,"3,600","2,886.65",0,0,0,0,2.89,15.67,23,21,5.8,5.41,48.11,0,441.04
"65,648",20,Female,association_football,DI,23,"1,380","1,399.49",173.81,22.97,16,3,3.65,24.4,16,8,4.02,5.78,60.85,155.77,267.01
"65,648",20,Female,association_football,DI,90,"5,400","3,642.21",0,0,0,0,2.43,15.43,47,47,7.29,7.11,40.47,63.24,488.15
"65,648",20,Female,association_football,DI,40,"2,400","1,685.48",172.86,0,9,0,2.53,21.47,31,21,4.7,4.43,42.14,87.98,218.62
"65,962",22,Male,association_football,DI,110,"6,600","11,686.87",388.01,0,35,0,6.37,25.01,70,69,5.21,6.18,106.24,88.9,"2,334.04"
"65,962",22,Male,association_football,DI,105,"6,300","11,140.72",250.18,14.3,16,1,6.37,26.19,67,56,6.2,7.41,106.1,93.1,"2,064.37"
"65,962",22,Male,association_football,DI,110,"6,600","11,964.70",177.12,0,15,0,6.53,23.93,55,68,5.71,6.41,108.77,85.08,"2,708.90"
"65,962",22,Male,association_football,DI,111,"6,660","12,252.39",282.21,64.79,32,6,6.62,26.79,63,74,5.58,5.96,110.38,95.25,"2,517.01"
"65,962",22,Male,association_football,DI,111,"6,660","13,495.20",248.65,18.32,21,1,7.29,25.45,66,79,5.9,8.8,121.58,90.46,"2,879.06"
"65,962",22,Male,association_football,DI,106,"6,360","7,789.13",130.41,5.93,16,1,4.41,25.31,100,92,8.8,9.73,73.48,89.98,820.42
"65,962",22,Male,association_football,DI,85,"5,100","5,773.97",71.38,9.38,5,1,4.08,25.79,53,41,5.91,5.51,67.93,91.69,"1,023.26"
"65,962",22,Male,association_football,DI,95,"5,700","7,640.47",111.7,0,11,0,4.83,23.54,63,44,5.84,6.07,80.43,83.68,"1,462.29"
"65,962",22,Male,association_football,DI,105,"6,300",136.68,0,0,0,0,0.078,6.07,0,0,0,0,1.3,21.59,12.81
"65,962",22,Male,association_football,DI,304,"18,240","16,668.43",483.68,14.56,30,2,3.29,26.11,103,88,5.96,7.93,54.83,61.02,"3,172.52"
"65,962",22,Male,association_football,DI,92,"5,520","5,827.88",122.19,33.37,13,5,3.8,27.33,69,74,8.12,9.2,63.35,97.14,618.44
"65,962",22,Male,association_football,DI,101,"6,060","4,011.19",7.77,0,2,0,2.38,21.01,38,83,7.89,7.48,39.71,74.67,473.66
"65,962",22,Male,association_football,DI,90,"5,400","4,690.48",137.6,14.28,16,2,3.13,25.97,75,65,7.12,9.95,52.12,87.62,500.95
"65,962",22,Male,association_football,DI,90,"5,400","5,827.39",50.04,0,6,0,3.88,22.63,89,65,6.8,7.1,64.75,80.45,583.95
"65,962",22,Male,association_football,DI,71,"4,260","4,209.33",76.1,62.7,11,3,3.56,28.13,59,33,6.38,8.03,59.29,0,657.7
"65,962",22,Male,association_football,DI,110,"6,600","8,961.05",275.29,0,20,0,4.89,25.46,49,64,5.66,6.36,81.46,90.5,"1,725.83"
"65,962",22,Male,association_football,DI,81,"4,860","4,785.99",59.28,7.92,7,1,3.55,25.91,53,21,5.56,4.87,59.09,92.1,770.1
"65,962",22,Male,association_football,DI,115,"6,900","5,263.59",93.82,5.91,16,1,2.75,28.04,95,92,7.06,9.99,45.77,99.68,585.67
"65,962",22,Male,association_football,DI,80,"4,800","4,685.78",57.44,22.91,8,2,3.51,26.97,38,25,5.98,6.17,58.57,95.89,759.74
"65,962",22,Male,association_football,DI,113,"6,780","13,706.32",316.72,36.85,34,3,7.28,28,67,60,5.77,6.63,121.29,65.42,"3,008.60"
"65,962",22,Male,association_football,DI,90,"5,400","4,475.67",19.26,0,3,0,2.98,21.64,96,61,6.42,6.38,49.73,73.04,439.95
"65,962",22,Male,association_football,DI,90,"5,400","5,241.12",463.03,111.76,47,10,3.49,29.64,81,51,9.22,9.59,58.23,105.35,628
"65,962",22,Male,association_football,DI,111,"6,660","13,067.47",306.98,35.37,26,4,7.06,27.27,61,82,5.06,6.42,117.72,96.93,"2,653.70"
"65,962",22,Male,association_football,DI,51,"3,060","3,040.35",3.09,0,1,0,3.58,20.67,18,14,5.51,5.15,59.61,73.47,252.82
"65,962",22,Male,association_football,DI,99,"5,940","6,035.02",181.58,57.79,22,5,3.66,26.7,40,37,5.48,5.71,60.96,94.93,"1,274.49"
"65,962",22,Male,association_football,DI,105,"6,300","11,458.64",132.06,4.86,15,1,6.55,25.33,58,56,5.32,5.37,109.13,90.03,"2,292.83"
"65,962",22,Male,association_football,DI,109,"6,540","8,953.57",251.29,0,22,0,4.93,25.32,57,53,5.4,6.82,82.14,90.01,"1,701.08"
"65,962",22,Male,association_football,DI,105,"6,300","5,479.82",105.45,11.25,11,2,3.13,25.19,49,30,5.27,5.56,52.19,89.54,873.01
"65,962",22,Male,association_football,DI,93,"5,580","7,764.83",122.72,0,9,0,5.01,22.85,47,61,5.67,6.28,83.49,81.22,"1,340.95"
"65,962",22,Male,association_football,DI,120,"7,200","7,792.75",42.66,0,3,0,3.9,23.3,43,31,4.86,5.44,64.94,82.82,"1,366.99"
"65,986",18,Male,association_football,DI,120,"7,200","4,885.44",54.87,0,8,0,2.44,22.93,57,52,6.53,7.19,40.71,73.64,662.53
"65,986",18,Male,association_football,DI,90,"5,400","2,944.48",108.59,24.21,12,4,1.96,26.64,17,28,4.7,7.69,32.72,85.5,488.25
"65,986",18,Male,association_football,DI,90,"5,400","5,580.83",113.98,37,9,2,3.72,27.58,76,64,5.52,7.88,62.01,88.51,954.95
"65,986",18,Male,association_football,DI,95,"5,700","2,585.07",0,0,0,0,1.63,16.56,23,4,5.6,5.55,27.21,53.15,396.77
"65,986",18,Male,association_football,DI,100,"6,000","2,381.03",0,0,0,0,1.43,16.56,13,3,4.75,5.23,23.81,53.15,345.45
"65,986",18,Male,association_football,DI,83,"4,980","5,058.01",28.69,0,2,0,3.66,24.77,70,42,5.24,5.35,60.94,79.49,817.69
"65,986",18,Male,association_football,DI,100,"6,000","7,433.07",400.45,73.37,35,4,4.46,29.05,49,54,5.42,8.04,74.33,93.24,"1,186.29"
"65,986",18,Male,association_football,DI,95,"5,700","4,679.44",71.98,38.27,11,2,2.96,29.84,75,47,5.12,9.05,49.26,95.79,764
"65,986",18,Male,association_football,DI,95,"5,700","4,785.75",104.05,5.05,13,1,3.02,25.49,45,26,6.44,6.68,50.38,81.8,804.84
"65,986",18,Male,association_football,DI,80,"4,800","3,546.10",39.39,0,5,0,2.66,22.61,37,26,5.58,6.3,44.33,72.56,572.13
"65,986",18,Male,association_football,DI,95,"5,700","5,236.29",79.17,12.01,12,1,3.31,25.98,73,53,6.37,6.12,55.12,83.39,772.14
"65,986",18,Male,association_football,DI,95,"5,700","7,228.07",292.03,59.02,34,6,4.57,27.4,59,50,6.27,6.92,76.08,87.95,"1,133.46"
"65,986",18,Male,association_football,DI,95,"5,700","5,715.12",63.52,0,7,0,3.61,23.17,79,52,5.37,7.07,60.16,74.35,736.08
"65,986",18,Male,association_football,DI,68,"4,080","4,088.62",13.08,0,2,0,3.61,21.52,44,18,5.81,6.68,60.13,69.06,473.44
"65,986",18,Male,association_football,DI,105,"6,300","8,860.80",885.05,110.55,52,8,5.06,30.91,68,58,5.81,7.48,84.39,99.21,"1,277.38"
"65,986",18,Male,association_football,DI,90,"5,400","4,086.53",17.65,0,2,0,2.72,21.81,70,21,6.01,6.39,45.41,70,524.28
"65,986",18,Male,association_football,DI,80,"4,800","4,340.74",136.02,18.82,8,2,3.26,26.49,46,40,5.78,6.49,54.26,85.01,564.3
"65,986",18,Male,association_football,DI,90,"5,400","5,457.60",122.27,0,13,0,3.64,23.91,80,47,5.81,7.57,60.64,76.74,755.81
"65,986",18,Male,association_football,DI,90,"5,400","5,690.11",103.29,18.4,11,1,3.79,28.63,80,65,6.27,6.12,63.22,91.88,860.73
"65,986",18,Male,association_football,DI,75,"4,500","4,865.57",110.35,10.15,10,1,3.89,25.36,46,47,5.49,6.6,64.87,81.4,715.68
"65,986",18,Male,association_football,DI,110,"6,600","8,354.43",259.1,0,32,0,4.56,24.27,96,78,6.3,7.42,75.95,77.91,"1,312.70"
"65,986",18,Male,association_football,DI,95,"5,700","4,619.99",199.01,27.05,18,3,2.92,27.21,70,50,5.82,6.69,48.63,87.34,586.15
"65,986",18,Male,association_football,DI,120,"7,200","8,146.45",370,93.21,35,5,4.07,29.92,89,65,6.04,7.06,67.89,96.04,"1,356.01"
"65,986",18,Male,association_football,DI,120,"7,200","7,711.28",188.07,35.65,20,4,3.86,27.69,63,81,6.26,6.39,64.26,88.89,"1,114.73"
"65,986",18,Male,association_football,DI,120,"7,200","1,748.61",18.66,0,1,0,0.87,25.38,17,13,5.73,5.3,14.57,81.45,220.33
"65,986",18,Male,association_football,DI,120,"7,200","6,211.78",146.98,0,15,0,3.11,24.33,70,66,6.44,6.5,51.76,78.08,904.78
"65,986",18,Male,association_football,DI,120,"7,200","3,826.93",94.07,6.33,13,1,1.91,25.24,32,43,5.73,6.2,31.89,81,555.47
"65,986",18,Male,association_football,DI,120,"7,200","4,275.81",0,0,0,0,2.14,19.05,34,4,6.33,3.83,35.63,61.13,613.86
"65,986",18,Male,association_football,DI,120,"7,200","5,367.76",116.67,10,11,2,2.68,25.25,60,48,5.35,5.38,44.73,81.1,764.7
"65,986",18,Male,association_football,DI,120,"7,200","1,588.34",57.76,0,7,0,0.79,23.3,16,16,5.22,7.61,13.24,74.83,144.52
"65,986",18,Male,association_football,DI,28,"1,680","2,682.23",165.57,77.07,20,5,5.75,29.29,14,35,5.52,6.81,95.79,94.02,550.35
"65,986",18,Male,association_football,DI,100,"6,000",992.55,0,0,0,0,0.6,16.88,7,1,4.22,2.97,9.93,54.17,85.91
"65,986",18,Male,association_football,DI,100,"6,000","1,455.74",11.58,0,2,0,0.87,21.76,8,8,4.48,4.49,14.56,69.85,180.86
"65,986",18,Male,association_football,DI,100,"6,000","3,375.66",148.87,44.16,16,3,2.03,31.14,31,34,6.37,8.65,33.76,99.94,489.05
"65,986",18,Male,association_football,DI,100,"6,000","7,429.48",460.6,142.46,52,9,4.46,31.16,47,76,5.74,7.51,74.29,100.06,"1,367.80"
"65,986",18,Male,association_football,DI,101,"6,060","7,983.27",373.94,96.64,40,8,4.74,28.39,44,67,5.77,8.01,79.04,91.16,"1,401.47"
"65,986",18,Male,association_football,DI,121,"7,260","5,381.57",41.4,0,6,0,2.67,22.13,61,49,5.36,6.04,44.48,71.08,690.72
"65,986",18,Male,association_football,DI,91,"5,460","3,503.38",40.2,0,5,0,2.31,22.97,55,30,5.7,6.31,38.5,73.77,486.39
"65,986",18,Male,association_football,DI,120,"7,200","6,448.55",129.93,33.04,16,3,3.22,26.46,74,43,5.83,6.23,53.74,84.94,969.46
"65,986",18,Male,association_football,DI,90,"5,400","4,712.09",33.51,0,4,0,3.14,24.14,57,46,5.32,5.57,52.36,77.53,510.57
"65,986",18,Male,association_football,DI,100,"6,000","4,492.37",192.98,92.22,20,4,2.7,30.24,38,36,6.91,6.5,44.92,97.13,711.14
"65,986",18,Male,association_football,DI,120,"7,200","5,031.82",45.39,0,7,0,2.52,23.02,48,37,6.69,6.79,41.93,73.91,616.42
"65,986",18,Male,association_football,DI,120,"7,200","7,025.32",192.85,5.1,18,1,3.51,25.57,68,70,5.67,6.51,58.54,82.12,"1,117.64"
"65,986",18,Male,association_football,DI,95,"5,700","7,207.33",92.98,0,12,0,4.55,24.36,104,83,6.02,7.16,75.87,78.23,"1,219.93"
"65,986",18,Male,association_football,DI,120,"7,200","8,205.29",312.31,57.12,29,4,4.1,27.61,106,87,6.26,6.5,68.38,88.68,"1,313.52"
"65,986",18,Male,association_football,DI,90,"5,400","4,150.99",13.88,0,1,0,2.77,22.83,69,31,5.86,6.54,46.12,73.32,542.35
"65,986",18,Male,association_football,DI,90,"5,400","4,451.92",120.71,9.26,13,2,2.97,25.57,36,28,6.28,5.6,49.47,82.11,574.78
"65,986",18,Male,association_football,DI,90,"5,400","3,357.62",97.8,64.47,12,4,2.24,29.96,28,26,5.52,7.16,37.31,96.21,539.12
"65,986",18,Male,association_football,DI,120,"7,200","5,737.66",182.36,41.89,13,2,2.87,26.63,55,38,5.81,5.93,47.81,85.53,779.38
"65,986",18,Male,association_football,DI,120,"7,200","5,328.31",186.42,29.4,16,2,2.66,27.05,53,40,5.19,6.34,44.4,86.86,687.5
"65,986",18,Male,association_football,DI,120,"7,200","6,506.80",79.57,0,8,0,3.25,24.94,55,61,5.84,5.58,54.22,80.09,933.42
"65,986",18,Male,association_football,DI,120,"7,200","2,816",0,0,0,0,1.41,0,4,0,6.98,0,23.47,0,0
"65,986",18,Male,association_football,DI,120,"7,200","5,973.20",91.2,7.42,8,1,2.99,25.87,77,40,5.62,5.64,49.78,83.1,780.4
"65,986",18,Male,association_football,DI,95,"5,700","7,145.46",229.23,68.15,27,6,4.51,28.37,47,45,6.56,6.17,75.22,91.06,999.03
"65,986",18,Male,association_football,DI,125,"7,500","7,119.11",232.22,80.59,32,8,3.42,27.87,79,58,6.2,6.7,56.95,0,932.58
"65,986",18,Male,association_football,DI,90,"5,400","5,328.72",136.05,46.26,10,3,3.55,27.4,73,49,5.58,6.18,59.21,0,763.46
"65,986",18,Male,association_football,DI,120,"7,200","5,136.29",174.52,14.56,18,1,2.57,27.93,48,27,5.03,6.45,42.8,100.22,615.81
"65,986",18,Male,association_football,DI,100,"6,000","5,040.89",76.09,10.21,10,1,3.02,25.81,67,34,5.45,6.6,50.41,82.84,805.7
"65,986",18,Male,association_football,DI,120,"7,200","8,392.41",292.32,98.64,29,5,4.2,31.14,71,58,5.92,7.23,69.94,111.47,"1,191.97"
"65,986",18,Male,association_football,DI,120,"7,200","4,942.55",92.32,0,6,0,2.47,25.38,58,26,5.53,6.83,41.19,81.52,601.41
"65,986",18,Male,association_football,DI,195,"11,700","7,520.69",257.01,132.81,27,9,2.31,29.11,54,43,6.1,7.11,38.57,93.47,990.8
"65,986",18,Male,association_football,DI,120,"7,200","7,987.89",307.15,56.83,27,4,3.99,28.78,54,35,6.57,7.63,66.57,92.43,"1,203.15"
"65,986",18,Male,association_football,DI,120,"7,200","6,586.04",175.35,0,16,0,3.29,24.7,73,76,5.54,8.13,54.88,79.31,934.99
"66,067",21,Male,american_football,DI,62,"3,720","2,054.11",85.69,0,13,0,1.99,22.36,34,15,6.31,6.89,33.13,88.74,220.02
"66,067",21,Male,american_football,DI,44,"2,640","1,600.51",7.18,0,2,0,2.18,20.82,30,13,7.28,5.08,36.38,82.64,169.5
"66,067",21,Male,american_football,DI,62,"3,720","1,321.98",121.62,0,15,0,1.28,22.92,19,6,7.32,5.03,21.32,90.94,152.37
"66,067",21,Male,american_football,DI,62,"3,720","2,014.19",9.59,0,2,0,1.95,20.66,29,19,8.61,6.55,32.49,81.99,206.18
"66,067",21,Male,american_football,DI,70,"4,200","1,653.53",97.2,0,13,0,1.42,24.65,25,9,7.9,8.6,23.62,97.84,173.93
"66,067",21,Male,american_football,DI,45,"2,700","2,287.39",542.63,0,49,0,3.05,23.24,20,8,5.35,5.39,50.83,92.24,237.59
"66,067",21,Male,american_football,DI,61,"3,660","2,183.84",79.22,0,10,0,2.15,21.74,38,16,6.13,8.01,35.8,86.28,219.17
"66,067",21,Male,american_football,DI,42,"2,520","1,999.22",385.25,0,51,0,2.86,22.97,19,5,7.35,4.25,47.6,91.17,194.03
"66,067",21,Male,american_football,DI,55,"3,300","1,940",11.15,0,2,0,2.12,21.6,48,22,7.28,6.89,35.27,85.72,225.1
"66,067",21,Male,american_football,DI,52,"3,120","1,517.89",61.62,0,4,0,1.75,23.42,24,12,5.75,8.92,29.19,92.93,159.63
"66,067",21,Male,american_football,DI,66,"3,960","1,655.06",144.92,0,15,0,1.5,24,15,8,9.19,4.62,25.08,95.23,177.23
"66,067",21,Male,american_football,DI,32,"1,920","1,013.67",37.33,0,6,0,1.9,21.45,11,1,5.27,3.96,31.68,85.12,100.87
"66,067",21,Male,american_football,DI,51,"3,060","1,970.23",389.01,0,30,0,2.32,24.57,17,6,5.62,6.69,38.63,97.49,196.4
"66,067",21,Male,american_football,DI,66,"3,960","1,948.11",117.08,0,14,0,1.77,24.5,16,4,9.77,5.06,29.52,97.21,198.59
"66,067",21,Male,american_football,DI,60,"3,600","1,407.93",145.76,0,9,0,1.41,23.31,21,3,5.31,3.89,23.47,92.52,144.99
"66,067",21,Male,american_football,DI,55,"3,300","1,956.16",96,0,13,0,2.13,24.56,29,19,5.92,6.25,35.57,97.46,206.23
"66,067",21,Male,american_football,DI,45,"2,700",703.39,0,0,0,0,0.94,14.5,8,6,5.84,8.46,15.63,57.55,64.47
"66,067",21,Male,american_football,DI,66,"3,960","1,903.01",29.19,4.44,5,1,1.73,25.2,20,6,5.21,5.27,28.83,102.21,204.45
"67,086",21,Male,american_football,DI,60,"3,600","1,428.97",242.57,5.33,29,1,1.43,26.59,36,20,5.83,4.87,23.82,101.37,171.22
"67,086",21,Male,american_football,DI,55,"3,300","2,116.64",305.62,0,35,0,2.31,24.73,42,30,6.67,6.7,38.48,92.98,239.3
"67,086",21,Male,american_football,DI,77,"4,620",410.37,0,0,0,0,0.32,10.96,9,0,4.21,0,5.33,41.22,27.3
"67,086",21,Male,american_football,DI,45,"2,700",855.99,0,0,0,0,1.14,18.47,23,22,6.7,6.69,19.02,69.45,94.19
"67,086",21,Male,american_football,DI,66,"3,960","1,854.57",102.94,0,13,0,1.69,24.44,24,10,6.58,4.43,28.1,91.92,175.76
"67,086",21,Male,american_football,DI,45,"2,700","2,365.35",624.83,0,48,0,3.15,24.19,24,3,7.08,4.68,52.56,90.97,228.56
"67,086",21,Male,american_football,DI,70,"4,200","1,993.61",156.1,4.89,19,1,1.71,25.27,31,10,8.2,4.78,28.48,95.03,218.46
"67,086",21,Male,american_football,DI,140,"8,400","3,717.10",11.23,0,1,0,1.59,21.28,51,9,5.74,4.69,26.55,80.01,326.27
"67,086",21,Male,american_football,DI,105,"6,300","2,742.61",0,0,0,0,1.57,18.79,57,9,6.31,7.56,26.12,70.67,240.74
"67,086",21,Male,american_football,DI,62,"3,720","2,236.92",148.65,0,21,0,2.16,23.32,43,25,5.8,7.75,36.08,87.69,249.73
"67,086",21,Male,american_football,DI,62,"3,720","1,401.14",213,0,21,0,1.36,24.04,21,6,5.92,5.84,22.6,90.41,141.32
"67,086",21,Male,american_football,DI,44,"2,640","1,981.75",72.11,0,9,0,2.7,24.48,66,40,6.92,6.31,45.04,92.06,263.51
"67,086",21,Male,american_football,DI,130,"7,800","2,884.24",3.53,0,1,0,1.33,19.82,60,9,6.33,4.95,22.19,74.54,240.61
"67,086",21,Male,american_football,DI,77,"4,620","1,239.04",0,0,0,0,0.97,15.09,24,12,5.2,5.57,16.09,56.72,116.58
"67,086",21,Male,american_football,DI,62,"3,720","2,300.87",293.55,5.29,36,1,2.23,25.69,47,30,8.95,6.88,37.11,96.58,250.66
"67,086",21,Male,american_football,DI,42,"2,520","2,199.23",640.99,0,48,0,3.14,25.38,27,2,5.83,3.27,52.36,95.44,216.12
"67,086",21,Male,american_football,DI,80,"4,800","1,621.12",0,0,0,0,1.22,16.55,32,12,5.56,6.82,20.26,62.21,150.97
"67,086",21,Male,american_football,DI,61,"3,660","2,231.77",335.82,6.03,38,1,2.2,25.96,45,36,6.36,4.86,36.59,97.61,245.78
"67,086",21,Male,american_football,DI,55,"3,300","2,296.31",95.75,0,17,0,2.51,22.7,72,44,6.08,6.49,41.75,85.35,294.08
"67,086",21,Male,american_football,DI,52,"3,120","1,761.40",203.19,0,27,0,2.03,24.55,37,24,6.2,6.89,33.87,92.32,206.48
"67,086",21,Male,american_football,DI,66,"3,960","1,777.91",241.35,15.76,23,3,1.62,25.69,31,5,6.56,6.62,26.94,96.6,218.84
"67,086",21,Male,american_football,DI,32,"1,920","1,172.53",74.36,0,7,0,2.2,23.73,14,7,6.69,4.51,36.64,89.23,123.91
"67,086",21,Male,american_football,DI,51,"3,060","1,976.44",607.26,20.74,42,4,2.33,25.8,20,4,6.07,4.6,38.75,97.02,202.54
"67,086",21,Male,american_football,DI,66,"3,960","1,944.21",160.16,14.15,19,2,1.77,26.24,30,14,6.63,8.33,29.46,98.65,217.59
"67,141",22,Male,association_football,DI,79,"4,740","6,303.57",280.61,13.7,25,2,4.79,25.77,66,58,6.04,6.45,79.79,83.35,"1,145.70"
"67,141",22,Male,association_football,DI,75,"4,500","4,653.41",70.16,0,11,0,3.72,22.72,46,32,5.64,9.11,62.05,82.53,820.5
"67,141",22,Male,association_football,DI,90,"5,400","5,756.63",404.52,76.42,21,3,3.84,27.53,31,23,4.64,5.05,63.96,0,"1,018.72"
"67,141",22,Male,association_football,DI,101,"6,060","10,875.94",581.91,137.16,56,14,6.46,27.46,85,59,6.6,7.35,107.68,88.8,"2,017.46"
"67,141",22,Male,association_football,DI,120,"7,200","8,617.05",107.48,0,12,0,4.31,24.96,39,40,5.02,5.78,71.81,80.72,"1,257.68"
"67,141",22,Male,association_football,DI,112,"6,720","14,355.84",885.29,172.29,86,13,7.69,29.28,98,121,5.51,7.14,128.18,94.69,"2,751.67"
"67,141",22,Male,association_football,DI,85,"5,100","6,959.33",223.36,108.99,24,5,4.91,29.9,43,47,5.19,7.12,81.87,96.71,"1,353.83"
"67,141",22,Male,association_football,DI,100,"6,000","11,754.70",593.5,84.66,41,6,7.05,28.04,76,84,5.85,7.73,117.55,90.69,"2,074.74"
"67,141",22,Male,association_football,DI,53,"3,180","3,541.36",0,0,0,0,4.01,16.08,14,15,5.71,4.73,66.82,52.02,714.7
"67,141",22,Male,association_football,DI,79,"4,740","6,854.57",204.58,15.63,20,2,5.21,25.64,63,61,5.64,6.33,86.77,82.91,"1,231.77"
"67,141",22,Male,association_football,DI,96,"5,760","12,521.12",764.3,52.11,62,4,7.83,27.99,100,101,5.79,8.72,130.43,90.51,"2,464.32"
"67,141",22,Male,association_football,DI,155,"9,300","6,030.77",0,0,0,0,2.33,18.17,15,6,4.54,4.28,38.91,58.77,479.09
"67,141",22,Male,association_football,DI,74,"4,440","7,925.32",316.08,88.05,27,6,6.43,28.16,56,55,5.41,6.09,107.1,91.07,"1,597.56"
"67,141",22,Male,association_football,DI,80,"4,800","4,858.08",56.43,13.69,7,1,3.64,25.46,47,21,5.51,6.24,60.73,82.34,747.68
"67,141",22,Male,association_football,DI,82,"4,920","10,849.13",580.47,40.1,46,4,7.94,26.81,77,88,5.74,7.55,132.31,86.7,"2,098.58"
"67,141",22,Male,association_football,DI,92,"5,520","12,486.18",756.97,94.81,63,11,8.14,27.37,62,94,5.51,6.34,135.72,88.53,"2,666.46"
"67,141",22,Male,association_football,DI,66,"3,960","3,483.48",22.79,0,3,0,3.17,23.22,38,39,5.72,6.64,52.78,75.11,523.87
"67,141",22,Male,association_football,DI,95,"5,700","6,923.52",190.09,4.51,17,1,4.37,25.28,60,53,5.32,6.21,72.88,81.76,"1,209.44"
"67,141",22,Male,association_football,DI,74,"4,440","6,697.31",218.7,15.48,16,2,5.43,26.75,66,57,5.51,6.68,90.5,86.51,"1,304.60"
"67,141",22,Male,association_football,DI,104,"6,240","13,516.03",729.98,49.4,62,6,7.8,26.89,81,111,6.13,7.64,129.96,86.96,"2,473.17"
"67,141",22,Male,association_football,DI,90,"5,400","4,363.99",24.42,4.52,2,1,2.91,28.98,29,10,5.67,5.31,48.49,93.71,515.92
"67,141",22,Male,association_football,DI,113,"6,780","14,919.75",759.5,77.83,72,11,7.92,27.26,99,93,6.31,7.32,132.03,88.16,"3,094.62"
"67,141",22,Male,association_football,DI,75,"4,500","6,718.19",252.36,43.43,29,5,5.37,27.3,60,64,5.14,7.71,89.58,88.3,"1,358.08"
"67,141",22,Male,association_football,DI,84,"5,040","4,708.91",0,0,0,0,3.36,19.04,46,28,5.48,5.76,56.06,61.59,737.82
"67,141",22,Male,association_football,DI,71,"4,260","4,831.10",154.52,5.89,15,1,4.08,25.15,50,39,5.57,5.53,68.04,81.35,827.43
"67,141",22,Male,association_football,DI,101,"6,060","13,775.38",690.17,110.4,65,9,8.18,27.55,88,114,5.59,6.98,136.39,89.1,"2,666.05"
"67,141",22,Male,association_football,DI,111,"6,660","9,941.13",481.48,167.09,46,8,5.37,30.92,70,95,5.56,8.71,89.56,112.33,"2,089.78"
"68,078",18,Male,association_football,DI,120,"7,200","5,483.63",37.17,6.49,5,1,2.74,24.97,83,50,5.9,6.01,45.7,88.25,904.66
"68,078",18,Male,association_football,DI,120,"7,200","7,170.99",232.42,378.63,21,8,3.59,39.29,50,44,6.6,5.51,59.76,138.85,"1,218.74"
"68,078",18,Male,association_football,DI,120,"7,200","8,065.58",123.46,10.43,14,1,4.03,26.98,98,93,6.89,6.65,67.21,68.67,"1,256.49"
"68,078",18,Male,association_football,DI,120,"7,200","7,909.85",157.51,24.56,18,2,3.95,25.92,98,101,5.89,6.93,65.92,65.99,"1,209.37"
"68,078",18,Male,association_football,DI,120,"7,200","1,734.81",11.2,0,1,0,0.87,21.17,16,4,5.07,3.88,14.46,53.89,224.32
"68,078",18,Male,association_football,DI,101,"6,060","6,840.65",397.17,30.68,33,4,4.06,27.54,49,73,5.73,7.77,67.73,97.32,"1,142.55"
"68,078",18,Male,association_football,DI,121,"7,260","5,576.60",33.42,0,4,0,2.77,22.76,65,50,5.3,6.19,46.09,80.45,771.71
"68,078",18,Male,association_football,DI,91,"5,460","3,843.76",15.95,0,2,0,2.53,22.04,40,38,6.34,5.47,42.24,77.88,567.84
"68,078",18,Male,association_football,DI,120,"7,200","6,509.35",49.05,0,4,0,3.25,23.55,48,45,5.41,6.54,54.24,59.94,966.05
"68,078",18,Male,association_football,DI,90,"5,400","1,105.51",12.3,0,1,0,0.74,21.64,13,3,5.18,5.02,12.28,76.49,129.15
"68,078",18,Male,association_football,DI,100,"6,000","5,150.43",388.13,81.38,40,9,3.09,26.86,51,45,5.62,6.58,51.5,94.91,878.33
"68,078",18,Male,association_football,DI,120,"7,200","6,020.21",79.88,0,9,0,3.01,24.02,90,72,6.14,7.01,50.17,84.88,855.08
"68,078",18,Male,association_football,DI,120,"7,200","8,946.75",428.94,227.66,38,13,4.47,27.4,97,89,5.33,6.86,74.56,96.83,"1,606.97"
"68,078",18,Male,association_football,DI,95,"5,700","7,803.09",177.8,0,19,0,4.93,24.14,101,100,5.68,6.35,82.14,85.31,"1,431.87"
"68,078",18,Male,association_football,DI,120,"7,200","9,000.54",234.04,27.27,19,2,4.5,25.99,97,105,6.18,7.88,75,91.86,"1,556.73"
"68,078",18,Male,association_football,DI,95,"5,700","1,496.01",201.04,158.17,18,8,0.94,28.3,8,6,5.53,7.28,15.75,100.84,272
"68,078",18,Male,association_football,DI,90,"5,400","4,473.57",58.55,52.36,7,2,2.98,27.35,58,38,5.19,5.1,49.71,97.48,631.91
"68,078",18,Male,association_football,DI,90,"5,400","4,533.07",21.85,0,3,0,3.02,22.06,65,44,5.97,8.23,50.37,78.61,639.83
"68,078",18,Male,association_football,DI,90,"5,400","5,564.20",268.25,43.6,22,3,3.71,27.55,46,50,5.92,6.42,61.82,97.36,"1,012.49"
"68,078",18,Male,association_football,DI,95,"5,700","1,735.80",70.92,7.95,6,1,1.1,25.03,20,32,5.11,4.84,18.27,88.46,352.04
"68,078",18,Male,association_football,DI,120,"7,200","6,360.49",316.97,91.1,29,7,3.18,27.02,103,66,5.65,6.38,53,95.5,927.53
"68,078",18,Male,association_football,DI,120,"7,200","7,421.62",134.84,0,19,0,3.71,23.26,77,55,5.42,7.41,61.85,82.9,"1,022.76"
"68,078",18,Male,association_football,DI,120,"7,200","5,712.04",29.04,0,4,0,2.86,22.24,77,57,5.51,7.76,47.6,79.26,805.44
"68,078",18,Male,association_football,DI,120,"7,200","5,831.23",67.08,8.24,10,1,2.92,25.55,54,53,5.31,5.73,48.59,91.04,732.73
"68,078",18,Male,association_football,DI,120,"7,200","6,859.67",96.98,4.09,11,1,3.43,25.22,101,79,5.84,7.39,57.16,89.87,948.97
"68,078",18,Male,association_football,DI,120,"7,200","8,895.34",258.06,19.03,23,2,4.45,26.01,63,58,9.97,9.5,74.13,92.69,"1,369.22"
"68,078",18,Male,association_football,DI,195,"11,700","8,279.86",225.39,49.4,22,4,2.55,27.91,78,63,7.44,5.45,42.46,99.45,"1,247.72"
"68,078",18,Male,association_football,DI,120,"7,200","4,967.65",102.55,0,6,0,2.48,24.37,65,25,5.49,5.94,41.4,86.84,588.69
"68,078",18,Male,association_football,DI,100,"6,000","6,435.07",245.78,46.77,25,3,3.86,27.81,51,60,6.24,6.92,64.35,70.79,997.39
"68,078",18,Male,association_football,DI,100,"6,000","1,977.01",90.45,0,8,0,1.19,24.47,9,14,4.54,6.14,19.77,62.27,273.2
"68,078",18,Male,association_football,DI,100,"6,000","4,660.02",307.86,36.55,26,6,2.8,26.59,46,38,5.32,6.42,46.6,67.68,837.14
"68,078",18,Male,association_football,DI,100,"6,000","3,627.06",190.18,8.5,14,1,2.18,26.29,46,41,5.94,7.14,36.27,92.9,638.07
"68,078",18,Male,association_football,DI,30,"1,800","3,736.92",212.32,50.42,25,4,7.47,26.74,42,49,6.76,8.91,124.56,68.07,697.49
"68,078",18,Male,association_football,DI,120,"7,200","10,112.62",401.66,25.91,33,3,5.06,25.48,88,98,5.92,8.79,84.27,90.81,"1,658.55"
"68,078",18,Male,association_football,DI,120,"7,200","5,997",156.27,19.05,21,2,3,25.76,74,43,5.59,5.74,49.98,91.81,789.21
"68,078",18,Male,association_football,DI,90,"5,400","6,279.99",166.09,33.58,18,3,4.19,26.98,82,78,5.83,6.56,69.78,96.14,902.27
"68,078",18,Male,association_football,DI,125,"7,500","8,375.38",220,81.88,23,4,4.02,28.06,86,80,6.05,9.18,67,0,"1,226.08"
"68,078",18,Male,association_football,DI,75,"4,500","4,745.37",21.66,0,3,0,3.8,20.83,53,43,5.13,6.84,63.27,53.03,624.67
"68,078",18,Male,association_football,DI,110,"6,600","8,024.25",67.56,0,9,0,4.38,23.99,91,66,6.48,6.81,72.95,61.06,"1,198.38"
"68,078",18,Male,association_football,DI,95,"5,700","4,849.27",135.08,7.45,9,1,3.06,25.51,64,50,5.4,5.76,51.04,64.92,632.86
"68,078",18,Male,association_football,DI,120,"7,200","7,698.26",163.79,17.44,21,1,3.85,27.15,62,79,5.56,7.06,64.15,69.12,"1,115.87"
"68,078",18,Male,association_football,DI,90,"5,400","5,060.17",39.91,0,4,0,3.37,23.75,66,79,5.87,6.14,56.22,60.46,696.33
"68,078",18,Male,association_football,DI,120,"7,200","8,173.99",242.55,0,26,0,4.09,25.14,88,70,5.43,5.79,68.12,88.86,"1,216.65"
"68,078",18,Male,association_football,DI,120,"7,200","4,747.28",79.4,10.91,5,2,2.37,25.42,55,51,5.37,5.95,39.56,89.84,655.91
"68,115",20,Male,american_football,DI-FCS,80,"4,800","4,327.60",27.67,0,5,0,3.25,20.97,88,70,6.93,7.6,54.1,0,544.46
"68,115",20,Male,american_football,DI-FCS,90,"5,400","3,026.16",34.42,0,3,0,2.02,21.82,68,95,9.97,9.18,33.62,91.19,414.1
"68,115",20,Male,american_football,DI-FCS,100,"6,000","2,340.06",12.15,0,2,0,1.4,20.6,67,67,8.75,6.72,23.4,86.08,338.61
"68,115",20,Male,american_football,DI-FCS,137,"8,220","1,758.93",173.82,0,18,0,0.77,22.25,24,5,4.62,3.82,12.84,92.97,306.56
"68,115",20,Male,american_football,DI-FCS,130,"7,800","4,431.51",80.54,0,7,0,2.05,23.93,95,88,9.3,8.64,34.09,114.12,600.42
"68,800",22,Male,association_football,DI,101,"6,060","3,925.03",341.12,57.95,29,4,2.33,28.93,43,49,5.64,6.97,38.86,100.06,760.04
"68,800",22,Male,association_football,DI,71,"4,260","3,998.72",0,0,0,0,3.38,14.27,5,6,3.87,5.1,56.32,49.31,663.4
"68,800",22,Male,association_football,DI,90,"5,400","3,986.30",247.7,36.92,7,1,2.66,27.25,16,14,4.71,4.51,44.29,0,553.6
"68,800",22,Male,association_football,DI,65,"3,900","6,120.47",646.57,255.67,31,15,5.65,27.9,68,42,6.05,7.17,94.16,92.96,"1,085.24"
"68,800",22,Male,association_football,DI,95,"5,700","5,612.91",165.62,43.85,15,3,3.54,30.55,42,62,6.1,7.03,59.08,101.79,964.04
"68,800",22,Male,association_football,DI,79,"4,740","5,344.84",262.03,16.02,19,3,4.06,25.8,59,58,5.55,8.97,67.66,85.96,903.89
"68,800",22,Male,association_football,DI,100,"6,000","5,783.50",78.72,16.47,10,1,3.47,28.92,64,81,5.96,9.9,57.84,106.1,953.62
"68,800",22,Male,association_football,DI,120,"7,200","4,159.79",46.94,0,4,0,2.08,23.83,20,34,5.82,8.14,34.66,82.37,523.96
"68,800",22,Male,association_football,DI,84,"5,040",963.42,0,0,0,0,0.69,0,0,0,0,0,11.47,0,0
"68,800",22,Male,association_football,DI,75,"4,500","5,382.55",16.75,0,2,0,4.31,20.29,42,22,5.16,5.97,71.77,70.14,799.25
"68,800",22,Male,association_football,DI,66,"3,960","3,506.80",316.07,30.26,12,2,3.19,25.78,25,4,4.41,3.65,53.13,89.09,474.09
"68,800",22,Male,association_football,DI,80,"4,800","3,377.22",10.07,0,1,0,2.53,21.19,23,22,4.56,5.66,42.22,73.22,402.17
"68,800",22,Male,association_football,DI,74,"4,440","5,364.54",206.24,14.04,16,2,4.35,25.38,49,55,5.83,8.55,72.49,84.56,914
"68,800",22,Male,association_football,DI,85,"5,100","5,716.39",140.58,28.75,17,2,4.04,27.87,68,63,7.17,7.02,67.25,96.32,932.03
"68,800",22,Male,association_football,DI,155,"9,300","4,543.71",58.26,0,8,0,1.76,22.75,38,41,5.18,7.47,29.31,78.62,740.14
"68,800",22,Male,association_football,DI,9,540,"1,214.82",75.71,24.75,9,2,8.1,29.64,11,17,5.52,8.11,134.98,102.44,299.35
"68,800",22,Male,association_football,DI,79,"4,740","5,918.09",210.86,14.35,16,1,4.49,27.28,66,72,6.24,7.05,74.91,90.91,"1,008.63"
"68,800",22,Male,association_football,DI,55,"3,300","6,608.36",275.55,39.64,35,3,7.21,30.01,57,80,5.7,8.01,120.15,101.25,"1,341.09"
"68,800",22,Male,association_football,DI,85,"5,100","5,545.37",174.62,53.5,17,4,3.91,29.31,46,54,5.57,7.97,65.24,97.67,"1,121.37"
"68,800",22,Male,association_football,DI,59,"3,540","7,108.05",472.91,121.43,43,6,7.23,31.39,63,78,6.19,9.03,120.48,102.76,"1,747.80"
"68,800",22,Male,association_football,DI,46,"2,760","5,103.89",293.15,68.69,30,10,6.66,28.65,43,69,6.3,7.79,110.95,95.45,"1,078.73"
"68,800",22,Male,association_football,DI,66,"3,960","4,536.45",56.51,0,6,0,4.12,24.84,74,64,5.22,7.26,68.73,82.76,807.05
"68,800",22,Male,association_football,DI,74,"4,440","5,541.15",363.79,32.86,27,3,4.49,29.08,72,80,6.35,7.47,74.88,96.89,"1,020.33"
"69,466",21,Female,association_football,DI,94,"5,640","3,577.26",46.66,0,6,0,2.28,22.15,23,14,4.83,5.36,38.06,67.65,561.4
"69,466",21,Female,association_football,DI,61,"3,660","1,193.22",0,0,0,0,1.17,19.38,7,2,4.17,2.82,19.56,59.2,157.46
"69,466",21,Female,association_football,DI,97,"5,820","3,620.40",31.62,0,4,0,2.24,21.35,32,31,6.07,5.81,37.32,65.23,512.17
"69,466",21,Female,association_football,DI,104,"6,240","2,656.66",108.47,45.11,16,3,1.53,25.23,17,21,4.32,8.93,25.54,77.05,464.74
"69,466",21,Female,association_football,DI,105,"6,300","5,338.10",221.46,145.99,28,7,3.05,29.73,42,42,6.02,6.23,50.84,90.82,921.46
"69,466",21,Female,association_football,DI,65,"3,900","2,235.42",0,0,0,0,2.06,18.71,13,13,4.22,5.11,34.39,57.15,269.57
"69,466",21,Female,association_football,DI,109,"6,540","5,257.24",170.32,66.75,26,7,2.89,28.26,39,39,5.22,5.68,48.23,86.3,"1,006.67"
"69,466",21,Female,association_football,DI,61,"3,660","3,120.23",0,0,0,0,3.07,18.13,32,9,4.78,5.53,51.15,55.39,505.29
"69,466",21,Female,association_football,DI,93,"5,580","4,025.72",166.46,101.53,22,9,2.6,27.69,28,35,5.57,6.59,43.29,94.39,777.36
"69,466",21,Female,association_football,DI,70,"4,200","2,584.24",26.59,20.25,5,3,2.22,24.09,30,14,5.62,5.29,36.92,73.57,364.97
"69,466",21,Female,association_football,DI,60,"3,600","1,504.96",0,0,0,0,1.5,12.19,4,2,4.95,5.15,25.08,37.23,187.66
"69,466",21,Female,association_football,DI,112,"6,720","4,123.67",158.99,103.84,21,5,2.21,27.94,28,33,5.58,6.08,36.82,85.35,671.81
"69,466",21,Female,association_football,DI,75,"4,500","2,157.96",4.44,0,1,0,1.73,19.45,35,19,4.6,4.46,28.77,59.41,269.81
"69,466",21,Female,association_football,DI,111,"6,660","5,279.06",164.63,291.15,26,19,2.85,30.28,43,45,6.39,6.39,47.56,70.65,"1,030.69"
"69,466",21,Female,association_football,DI,66,"3,960","2,395.61",15.2,0,2,0,2.18,22.12,17,10,5.09,5,36.3,68.35,372.93
"69,466",21,Female,association_football,DI,108,"6,480","2,235.81",87.89,115.01,9,5,1.24,27.45,11,14,5.12,4.93,20.7,84.81,423.15
"69,466",21,Female,association_football,DI,60,"3,600","2,966.64",37.12,21.22,5,1,2.97,26.51,21,14,9.38,6.98,49.44,90.38,431.33
"69,466",21,Female,association_football,DI,83,"4,980","1,983.04",0,0,0,0,1.43,19.03,8,4,4.03,4.13,23.89,64.89,244.84
"69,466",21,Female,association_football,DI,90,"5,400","5,099.04",189.14,151.77,26,11,3.4,29.33,29,32,4.7,7.34,56.66,117.85,"1,024.42"
"69,466",21,Female,association_football,DI,83,"4,980","2,397.57",12.2,0,2,0,1.73,21.6,28,26,5.58,6.51,28.89,86.77,332.65
"69,466",21,Female,association_football,DI,120,"7,200","2,058.47",116.31,73.68,14,7,1.03,24.89,13,13,5.58,6.54,17.15,103.95,425.61
"69,466",21,Female,association_football,DI,109,"6,540","5,369.50",159.31,136.11,23,9,2.96,26.85,36,39,5.3,6.68,49.26,82,"1,026.77"
"69,466",21,Female,association_football,DI,60,"3,600","1,844.70",0,0,0,0,1.84,17.29,28,19,4.65,4.82,30.74,52.8,215.5
"69,466",21,Female,association_football,DI,60,"3,600","2,231.87",16.24,0,2,0,2.23,22.29,21,12,5.48,5.75,37.2,68.1,327.19
"69,466",21,Female,association_football,DI,55,"3,300",213.24,0,0,0,0,0.23,5.43,0,0,0,0,3.88,13.24,10.23
"69,466",21,Female,association_football,DI,95,"5,700","3,676.82",40.92,25.98,5,2,2.32,24.26,46,27,5.81,6.3,38.7,74.1,551.74
"69,466",21,Female,association_football,DI,65,"3,900","3,325.70",101.28,4.51,13,1,3.07,22.93,40,30,5.76,5.81,51.16,70.05,556.19
"69,466",21,Female,association_football,DI,62,"3,720","2,389.95",23.61,0,4,0,2.31,20.61,21,16,5.9,4.87,38.55,379.94,325.84
"69,466",21,Female,association_football,DI,120,"7,200","5,654.55",75.94,3.99,11,1,2.83,23.49,43,50,5.95,5.28,47.12,71.75,944.5
"69,466",21,Female,association_football,DI,100,"6,000","3,198.89",108.95,41.96,14,6,1.92,24.4,15,35,5.63,6.42,31.99,83.17,600.05
"69,466",21,Female,association_football,DI,75,"4,500","2,985.58",51.7,6.72,7,1,2.39,32.74,48,23,5.55,9.14,39.81,111.61,424.87
"69,466",21,Female,association_football,DI,115,"6,900","3,470.12",126.4,116.61,21,9,1.81,26.79,25,30,5.14,6.23,30.17,62.51,608.13
"69,466",21,Female,association_football,DI,111,"6,660","4,441.50",105.93,87.37,12,7,2.4,25.91,32,39,6.27,6.04,40.01,60.44,747.74
"69,466",21,Female,association_football,DI,60,"3,600","2,253.70",29.11,0,4,0,2.25,21.41,22,13,5.87,5.08,37.56,49.95,316.72
"69,466",21,Female,association_football,DI,60,"3,600","1,231.42",6.12,906.9,1,19,1.23,42.86,0,0,0,0,20.52,130.92,239.54
"69,466",21,Female,association_football,DI,60,"3,600","2,632.40",5.84,0,1,0,2.63,20.23,23,20,4.76,4.67,43.87,61.79,399.7
"69,466",21,Female,association_football,DI,110,"6,600","3,500.32",134.88,119.61,19,10,1.91,26.26,20,34,5,8.37,31.82,80.21,609.23
"69,466",21,Female,association_football,DI,108,"6,480","4,508.86",110.93,129.27,14,6,2.5,29.31,27,34,5.26,8.05,41.75,89.54,859.85
"69,466",21,Female,association_football,DI,60,"3,600","1,697.11",0,0,0,0,1.7,18.76,24,9,5.4,5.01,28.29,57.31,252.67
"69,466",21,Female,association_football,DI,111,"6,660","4,803.44",173.59,144.54,20,8,2.6,29.5,36,38,6.27,6.02,43.27,90.11,976.86
"69,466",21,Female,association_football,DI,106,"6,360","4,043.09",81.84,87.18,11,7,2.29,29.13,32,28,5.23,6.58,38.14,88.99,852.36
"69,466",21,Female,association_football,DI,106,"6,360",410.7,0,0,0,0,0.23,15.44,1,0,3.71,0,3.87,36.33,42.78
"69,466",21,Female,association_football,DI,70,"4,200","3,464.80",108.39,11.73,13,1,2.97,24.42,39,14,5.99,5.85,49.5,74.59,590
"69,466",21,Female,association_football,DI,100,"6,000","3,666.63",27.98,13.51,4,1,2.2,24.59,29,39,5.36,5.59,36.67,75.11,570.19
"69,466",21,Female,association_football,DI,107,"6,420","7,385.38",267.26,213.92,33,12,4.14,27.55,47,60,5.11,7.1,69.02,84.15,"1,442.77"
"69,466",21,Female,association_football,DI,36,"2,160","1,426.59",23.61,0,4,0,2.38,23.7,16,18,5.82,5.95,39.63,72.39,213.57
"69,466",21,Female,association_football,DI,87,"5,220","3,737.22",121.82,25.74,16,5,2.58,23.37,26,26,5.64,6.25,42.96,71.37,608.58
"69,466",21,Female,association_football,DI,97,"5,820","5,802.33",78.9,27.83,12,3,3.59,23.64,48,52,5.5,7.61,59.82,72.22,"1,099.24"
"69,466",21,Female,association_football,DI,105,"6,300","5,877.74",105.72,187.61,16,9,3.36,29.89,35,46,5.94,6.3,55.98,91.29,"1,028.68"
"69,466",21,Female,association_football,DI,120,"7,200","4,525.32",161.12,12.56,20,1,2.26,23.93,52,28,6.38,6.66,37.71,73.1,689.08
"69,466",21,Female,association_football,DI,120,"7,200","5,135.24",17.48,8.95,3,1,2.57,23.94,43,36,5.49,5.36,42.79,116.15,748.37
"69,466",21,Female,association_football,DI,110,"6,600","4,715.34",59.12,3.75,7,1,2.57,22.43,37,29,5.74,4.75,42.87,90.1,704.37
"69,466",21,Female,association_football,DI,100,"6,000","4,995.60",103.11,35.74,14,6,3,24.02,31,26,5.39,5.92,49.96,96.51,895.43
"69,466",21,Female,association_football,DI,95,"5,700","2,241.16",8.74,0,2,0,1.42,19.76,8,14,4.15,9.08,23.59,79.37,282.61
"70,697",20,Male,american_football,DI-FCS,80,"4,800","2,170.41",131.77,158.22,15,7,1.63,31.47,37,62,9.34,9.9,27.13,95.4,292.45
"70,697",20,Male,american_football,DI-FCS,90,"5,400","3,265.15",156.93,0,22,0,2.18,24.35,67,91,9.42,9.87,36.28,73.81,425.64
"70,697",20,Male,american_football,DI-FCS,130,"7,800","6,255.65",269.34,212.84,30,13,2.89,32.99,128,113,9.76,8.86,48.12,113.95,802.93
"70,697",20,Male,american_football,DI-FCS,80,"4,800","2,970.49",101.36,0,8,0,2.23,23.52,69,45,6.22,9.92,37.13,81.24,323.09
"70,697",20,Male,american_football,DI-FCS,137,"8,220","1,795.41",342.4,130.42,31,9,0.79,28.98,22,3,7.15,3.06,13.11,87.84,342.21
"70,697",20,Male,american_football,DI-FCS,100,"6,000","5,072.08",15.98,7.25,2,1,3.04,25.53,78,39,8.56,9.03,50.72,77.39,486.59
"70,697",20,Male,american_football,DI-FCS,95,"5,700","1,834.43",36.94,0,4,0,1.16,23.54,46,32,5.8,5.76,19.31,0,361.13
"70,697",20,Male,american_football,DI-FCS,106,"6,360","5,729.50",487.86,213.95,54,25,3.24,28.99,127,114,8.51,9.15,54.05,87.88,690.13
"71,346",19,Female,association_football,DI,95,"5,700","6,284.72",40.09,0,3,0,3.97,20.98,37,41,4.78,5.55,66.15,84.17,832.22
"71,346",19,Female,association_football,DI,90,"5,400","5,524.42",17.27,0,2,0,3.68,21.58,33,27,4.68,5.7,61.38,95.31,710.32
"71,346",19,Female,association_football,DI,90,"5,400","4,563.92",376.45,8.5,37,2,3.04,22.64,34,9,5.12,4.75,50.71,103.44,590.88
"71,346",19,Female,association_football,DI,90,"5,400","3,205.95",0,0,0,0,2.14,17.84,45,48,4.78,5.25,35.62,0,388.66
"71,346",19,Female,association_football,DI,90,"5,400","5,603.96",112.59,0,12,0,3.74,21.89,48,38,4.64,5.73,62.27,122.72,712.95
"71,346",19,Female,association_football,DI,90,"5,400","7,093.84",64.5,0,4,0,4.73,22.5,35,29,5.31,5.37,78.82,90.27,957.55
"71,346",19,Female,association_football,DI,120,"7,200","6,747.60",68.25,0,8,0,3.37,22.52,48,30,5.56,5.37,56.23,90.35,867.66
"71,346",19,Female,association_football,DI,120,"7,200","8,188.17",126.26,87.46,19,6,4.09,24.93,36,30,5.37,5.36,68.23,110.08,"1,039.94"
"71,346",19,Female,association_football,DI,100,"6,000","6,240.16",244.44,0,35,0,3.74,22.05,49,25,5.3,5.09,62.4,88.45,989.81
"71,346",19,Female,association_football,DI,50,"3,000","2,263.80",228.42,128.89,16,6,2.72,28.18,11,12,4.45,5.3,45.28,110.74,248.77
"71,346",19,Female,association_football,DI,60,"3,600","1,610.33",2.78,0,1,0,1.61,19.04,36,56,5.28,5.64,26.84,76.37,317.09
"71,346",19,Female,association_football,DI,90,"5,400","1,547.75",0,0,0,0,1.03,17.4,5,13,3.67,4.46,17.2,68.38,90.06
"71,346",19,Female,association_football,DI,100,"6,000","4,945.73",101.19,80.2,14,5,2.97,25.44,33,26,4.93,5.87,49.46,102.08,608.24
"71,346",19,Female,association_football,DI,60,"3,600","3,943.03",286.86,0,38,0,3.94,21.51,31,18,5.04,5.81,65.72,84.52,486.98
"71,346",19,Female,association_football,DI,70,"4,200","5,355.06",41.67,0,5,0,4.59,22.28,24,25,4.89,4.72,76.5,79.06,698.84
"71,346",19,Female,association_football,DI,90,"5,400","5,181.23",68.06,0,11,0,3.45,20.26,29,32,5.02,5.17,57.57,79.61,604.71
"71,346",19,Female,association_football,DI,100,"6,000","7,979.16",266.84,10.49,23,2,4.79,23.44,42,15,4.98,5.72,79.79,83.19,"1,062.69"
"71,346",19,Female,association_football,DI,90,"5,400","5,428",48.13,106.13,10,3,3.62,28.72,34,36,5.35,5.42,60.31,101.92,671.22
"71,346",19,Female,association_football,DI,90,"5,400","5,252.19",205.27,0,28,0,3.5,20.63,39,11,4.79,4.13,58.36,71.83,585.62
"71,346",19,Female,association_football,DI,75,"4,500","3,959.68",62.86,4.64,6,1,3.17,22.86,29,33,4.41,5.54,52.8,79.6,441.71
"71,364",22,Male,association_football,DI,31,"1,860","4,308.21",212.93,117.55,23,8,8.34,28.82,37,34,5.5,8.01,138.97,98.18,971.02
"71,364",22,Male,association_football,DI,17,"1,020","2,229.61",78.05,7.75,12,1,7.87,26.06,13,16,5.18,6.04,131.15,88.8,470.84
"71,364",22,Male,association_football,DI,90,"5,400","6,926.30",349.47,37.91,10,1,4.62,26.19,25,21,5.93,5.34,76.96,0,948.52
"71,364",22,Male,association_football,DI,120,"7,200","6,254.51",73.42,0,8,0,3.13,23.72,25,27,4.86,4.94,52.12,80.8,889.54
"71,364",22,Male,association_football,DI,101,"6,060","3,653.21",41.35,0,6,0,2.17,22.48,21,26,5.45,6.41,36.17,81.11,853.66
"71,364",22,Male,association_football,DI,47,"2,820","5,509",228.86,12.24,22,1,7.03,28,43,39,5.75,9,117.21,92.22,"1,140.18"
"71,364",22,Male,association_football,DI,54,"3,240","5,568.57",196.92,20.86,20,3,6.19,26.74,43,42,5.82,5.73,103.12,91.11,"1,308.42"
"71,364",22,Male,association_football,DI,78,"4,680","6,735.67",85.64,27.62,12,3,5.18,27.12,46,77,5.47,6.09,86.35,92.41,"1,350.83"
"71,364",22,Male,association_football,DI,20,"1,200","2,267.01",80.47,0,6,0,6.8,22.96,19,17,5.23,7.12,113.35,78.24,548.57
"71,364",22,Male,association_football,DI,60,"3,600","7,288.18",372.34,98.6,37,6,7.29,30.36,54,50,5.77,7.32,121.47,103.45,"1,385.17"
"71,364",22,Male,association_football,DI,79,"4,740","6,000.06",76.44,27.61,6,1,4.56,28.23,37,32,6.02,5.47,75.95,92.98,976.94
"71,364",22,Male,association_football,DI,26,"1,560","3,665.75",200.42,47.19,20,3,8.46,27.01,27,23,5.78,6.07,140.99,92.02,794.48
"71,364",22,Male,association_football,DI,155,"9,300","7,549.61",16.52,0,4,0,2.92,21.05,60,30,6.58,5.73,48.71,71.72,859.06
"71,364",22,Male,association_football,DI,75,"4,500","4,334.05",41.12,0,5,0,3.47,23.92,42,27,4.93,8,57.79,91.33,709.27
"71,364",22,Male,association_football,DI,91,"5,460","5,350.16",201.6,20.42,15,2,3.53,27.5,49,35,5.76,7.5,58.79,90.59,"1,180.88"
"71,364",22,Male,association_football,DI,95,"5,700","6,589.05",204.72,30.25,18,2,4.16,28.61,45,53,5.52,6.04,69.36,94.21,"1,105.94"
"71,364",22,Male,association_football,DI,79,"4,740","6,167.15",254.38,10.02,18,2,4.68,26.01,49,34,6.52,6.9,78.07,85.68,"1,436.57"
"71,364",22,Male,association_football,DI,111,"6,660","5,491.42",224.11,36.79,27,5,2.97,27.71,32,50,5.35,6.01,49.47,105.8,"1,304.37"
"71,364",22,Male,association_football,DI,84,"5,040","4,483",0,0,0,0,3.2,17.39,32,25,5.59,5.7,53.37,59.25,752.48
"71,364",22,Male,association_football,DI,100,"6,000","5,039.98",47.11,3.97,8,1,3.02,25.69,69,58,5.53,5.85,50.4,92.7,"1,093.81"
"71,364",22,Male,association_football,DI,66,"3,960","3,090.81",46.78,0,4,0,2.81,25.03,41,18,5.71,5.6,46.83,85.27,563.9
"71,364",22,Male,association_football,DI,55,"3,300","5,331.37",78.55,8.59,9,1,5.82,25.64,37,38,5.21,6.82,96.93,97.87,"1,022.17"
"71,364",22,Male,association_football,DI,75,"4,500","5,270.76",77.43,21.37,10,2,4.22,26.8,47,46,5.28,5.77,70.28,91.32,"1,006.95"
"71,364",22,Male,association_football,DI,74,"4,440","6,753.55",309.85,118.62,29,10,5.48,28.07,56,59,6.49,8.42,91.26,92.45,"1,589.90"
"71,364",22,Male,association_football,DI,36,"2,160","4,772.30",252.15,33.35,27,3,7.95,27.31,29,38,5.19,7.94,132.56,89.93,"1,160.67"
"71,364",22,Male,association_football,DI,90,"5,400","4,007.65",0,0,0,0,2.67,18.05,16,6,4.61,4.5,44.53,59.46,292.63
"71,364",22,Male,association_football,DI,41,"2,460","5,523.44",201.23,75.3,22,6,8.08,28.25,44,55,5.98,7.37,134.72,93.03,"1,415.06"
"71,364",22,Male,association_football,DI,85,"5,100","6,028.74",164.95,46.6,12,3,4.26,28.31,28,37,5.15,7.18,70.93,93.23,"1,025.42"
"71,364",22,Male,association_football,DI,85,"5,100","5,971.49",121.07,9.86,10,1,4.22,26.21,52,40,6.39,9.73,70.25,89.3,"1,071.36"
"71,364",22,Male,association_football,DI,71,"4,260","4,439.06",67.58,0,5,0,3.75,23.81,51,42,5.55,6.9,62.52,81.14,775.12
"71,364",22,Male,association_football,DI,74,"4,440","6,712.52",195.96,22.98,16,2,5.44,25.62,53,47,6.03,6.26,90.71,84.4,"1,487.11"
"71,364",22,Male,association_football,DI,80,"4,800","3,997.06",0,0,0,0,3,18.75,31,12,5.56,5.25,49.96,63.88,571.65
"71,863",22,Male,association_football,DI,86,"5,160","9,854.04",532.18,214.76,51,14,6.87,30.54,76,79,5.8,8.7,114.58,97.91,"1,552.86"
"71,863",22,Male,association_football,DI,66,"3,960","2,717.01",45.18,4.22,5,1,2.47,25.15,35,24,5.96,4.9,41.17,80.64,426.92
"71,863",22,Male,association_football,DI,75,"4,500","4,618.73",110.85,18.85,13,2,3.69,27.92,40,40,5.51,5.2,61.58,89.53,711.39
"71,863",22,Male,association_football,DI,86,"5,160","9,718.85",485.31,145.96,53,14,6.78,28.58,74,89,6.76,7.42,113.01,88.29,"1,714.22"
"71,863",22,Male,association_football,DI,100,"6,000","5,430.96",69.78,0,8,0,3.26,25.03,56,54,5.67,7.45,54.31,81.26,839.72
"71,863",22,Male,association_football,DI,75,"4,500","3,715.01",61.9,4.64,7,1,2.97,25.22,33,16,5.26,5.92,49.53,81.86,476.78
"71,863",22,Male,association_football,DI,90,"5,400","6,120.86",369.17,36.49,13,5,4.08,30.81,34,21,9.75,7.85,68.01,0,676.5
"71,863",22,Male,association_football,DI,101,"6,060","8,600.12",495.33,144.99,44,13,5.11,31.19,62,62,5.88,7.92,85.15,101.24,"1,296.46"
"71,863",22,Male,association_football,DI,120,"7,200","6,967.91",62.85,12.76,7,1,3.48,27.43,31,23,5.13,6.91,58.07,87.96,579.03
"71,863",22,Male,association_football,DI,112,"6,720","10,782.31",623.18,334.04,71,21,5.78,30.52,96,81,6.86,7.67,96.27,97.88,"1,816.03"
"71,863",22,Male,association_football,DI,117,"7,020","12,448.25",484.54,253.86,48,16,6.38,32.37,109,88,6.35,9.04,106.4,101.44,"2,098.53"
"71,863",22,Male,association_football,DI,85,"5,100","4,923.80",190.17,109.72,19,7,3.48,29.38,35,20,5.14,5.83,57.93,90.75,636.31
"71,863",22,Male,association_football,DI,123,"7,380","13,106.09",553,165.29,55,12,6.39,30.31,122,112,6.61,8.19,106.55,93.63,"2,206.34"
"71,863",22,Male,association_football,DI,104,"6,240","11,617.66",694.47,370.4,71,24,6.7,30.96,98,84,5.72,9.11,111.71,95.62,"1,848.43"
"71,863",22,Male,association_football,DI,74,"4,440","5,274.69",184,64.46,17,4,4.28,28.84,60,43,5.95,5.68,71.28,89.09,767.95
"71,863",22,Male,association_football,DI,79,"4,740","5,510.19",229,66.63,21,7,4.18,27.82,50,32,7.31,7.93,69.75,85.92,746.47
"71,863",22,Male,association_football,DI,95,"5,700","5,576.25",183.15,5.81,19,1,3.52,25.29,35,28,5.39,6.4,58.7,78.13,687.55
"71,863",22,Male,association_football,DI,53,"3,180","2,692.04",0,0,0,0,3.05,13.24,11,4,4.99,4.71,50.79,41.49,384.23
"71,863",22,Male,association_football,DI,79,"4,740","5,063.19",182.23,26.24,16,2,3.85,26.15,51,40,6.5,7.51,64.09,80.76,790.28
"71,863",22,Male,association_football,DI,96,"5,760","10,058.35",568.08,389.42,64,21,6.29,31.91,84,72,6.03,7.16,104.77,102.33,"1,710.34"
"71,863",22,Male,association_football,DI,85,"5,100","5,761.01",285.43,41.47,26,3,4.07,29.62,54,47,6.13,6.82,67.78,94.98,903.44
"71,863",22,Male,association_football,DI,74,"4,440","5,482.29",356.84,164.9,28,9,4.45,29.66,54,38,6.69,9.25,74.09,91.6,824.01
"71,863",22,Male,association_football,DI,80,"4,800","3,742.52",60.74,7.39,6,1,2.81,25.61,24,9,5.52,5.05,46.78,82.11,481.3
"71,863",22,Male,association_football,DI,92,"5,520","10,191.23",786.09,316.45,75,23,6.65,30.66,74,82,5.71,7.87,110.77,98.31,"1,710.89"
"71,948",21,Male,american_football,DI,44,"2,640","1,941.64",54.58,0,10,0,2.65,24.03,69,41,6.58,5.77,44.13,85.22,253.44
"71,948",21,Male,american_football,DI,45,"2,700",629.38,0,0,0,0,0.84,16.74,4,5,6.42,4.95,13.99,59.38,62.6
"71,948",21,Male,american_football,DI,66,"3,960","1,819.89",80.75,0,14,0,1.65,24.22,29,9,7.52,6.39,27.57,85.9,193.62
"71,948",21,Male,american_football,DI,77,"4,620","1,560.87",0,0,0,0,1.22,19.75,41,7,5.54,5.23,20.27,70.03,141.11
"71,948",21,Male,american_football,DI,55,"3,300","1,965.80",233.54,0,35,0,2.14,23.17,42,26,8.03,5.46,35.74,82.16,227.58
"71,948",21,Male,american_football,DI,60,"3,600","1,405.89",229.59,0,30,0,1.41,23.41,36,24,6.28,6.03,23.43,83.02,196.95
"71,948",21,Male,american_football,DI,66,"3,960","1,832.01",141.23,14.45,17,2,1.67,26.49,18,3,4.99,5.08,27.76,93.95,162.68
"71,948",21,Male,american_football,DI,51,"3,060","1,890.35",501.31,18.63,50,4,2.22,26.65,22,3,5.22,4.19,37.07,94.53,270.05
"71,948",21,Male,american_football,DI,32,"1,920","1,096.33",88.33,0,7,0,2.06,21.99,8,0,4.37,0,34.26,77.97,97.4
"71,948",21,Male,american_football,DI,66,"3,960","1,748.12",218.81,10.84,17,1,1.59,27.16,28,26,8.07,5.77,26.49,96.32,225.89
"71,948",21,Male,american_football,DI,52,"3,120","1,706.87",147.31,0,16,0,1.97,23.83,30,14,6.52,7.23,32.82,84.52,170.88
"71,948",21,Male,american_football,DI,55,"3,300","2,147.83",68.48,0,12,0,2.34,22.26,75,36,6.01,8.51,39.05,78.95,266.29
"71,948",21,Male,american_football,DI,62,"3,720","2,274.38",270.69,0,36,0,2.2,23.79,51,38,6.23,8.06,36.68,84.38,268.41
"71,948",21,Male,american_football,DI,42,"2,520","2,107.28",590.52,0,49,0,3.01,24.45,22,4,4.81,5.45,50.17,86.71,233.63
"71,948",21,Male,american_football,DI,61,"3,660","2,300.06",288.8,5.2,37,1,2.26,25.78,55,29,6.96,5.72,37.71,91.43,285.28
"71,948",21,Male,american_football,DI,45,"2,700","2,248.15",554.16,0,48,0,3,23.62,25,3,5.33,5.21,49.96,83.77,241.87
"71,948",21,Male,american_football,DI,70,"4,200","1,862.89",114.67,14.49,15,2,1.6,28.2,29,11,8.16,5.78,26.61,103.82,224.26
"71,948",21,Male,american_football,DI,62,"3,720","2,272.53",99.22,0,13,0,2.2,22.63,44,32,5.96,7.73,36.65,80.24,265.78
"71,948",21,Male,american_football,DI,62,"3,720","1,440.57",212.55,8.14,21,1,1.39,26.38,15,5,5.47,6.59,23.24,93.56,140.63
"71,948",21,Male,american_football,DI,130,"7,800","3,025.62",4.09,0,1,0,1.4,20.06,83,21,8.75,6.35,23.27,71.13,286.5
"71,948",21,Male,american_football,DI,77,"4,620","1,392.92",0,0,0,0,1.09,18.86,37,14,6.32,5.32,18.09,66.89,124.69
"71,948",21,Male,american_football,DI,80,"4,800","1,767.56",0,0,0,0,1.33,15.65,58,7,6.88,3.94,22.09,55.51,171.65
"71,948",21,Male,american_football,DI,140,"8,400","3,476.71",0,0,0,0,1.49,19.18,76,7,6.03,9.18,24.83,68.03,328.31
"71,948",21,Male,american_football,DI,105,"6,300","1,944.66",0,0,0,0,1.11,16.94,47,5,6.42,4.85,18.52,60.06,175.46
"71,971",21,Male,american_football,DI,130,"7,800","5,063.03",55.78,0,4,0,2.34,24.81,35,18,4.84,5.03,38.95,96.89,559.24
"71,971",21,Male,american_football,DI,330,"19,800","11,501.12",71.91,0,11,0,2.09,22.04,45,23,7.03,9.05,34.85,86.06,813.66
"71,971",21,Male,american_football,DI,150,"9,000","6,086.94",131.31,0,15,0,2.43,25.05,62,22,5.35,7.68,40.58,0,758.54
"71,971",21,Male,american_football,DI,150,"9,000","5,297.04",237.91,16.62,27,3,2.12,25.61,56,29,6.06,4.93,35.31,102.26,646.8
"72,082",20,Male,american_football,DI-FCS,137,"8,220","1,671.33",335.22,103.09,28,7,0.73,29.05,22,2,6.2,3.46,12.2,89.16,367.67
"72,082",20,Male,american_football,DI-FCS,130,"7,800","5,284.85",367.09,135.97,36,7,2.44,32.59,56,61,7.35,7.82,40.65,116.62,555.47
"72,082",20,Male,american_football,DI-FCS,80,"4,800","2,423.46",110.25,11.74,10,1,1.82,25.32,62,30,8.24,5.59,30.29,90.64,237.82
"72,082",20,Male,american_football,DI-FCS,95,"5,700","1,395.20",32.12,0,4,0,0.88,21.17,47,26,7.13,5.8,14.69,0,346.54
"72,082",20,Male,american_football,DI-FCS,80,"4,800","1,304.70",76.57,119.78,12,15,0.98,29.91,19,33,6.21,7.46,16.31,91.79,174.3
"72,082",20,Male,american_football,DI-FCS,106,"6,360","5,339.06",601.9,162.99,58,16,3.02,28,91,140,9.96,9.94,50.37,85.93,655.58
"72,082",20,Male,american_football,DI-FCS,90,"5,400","3,060.30",150.01,0,19,0,2.04,25.05,63,87,7.83,8.83,34,76.86,367.79
"72,082",20,Male,american_football,DI-FCS,100,"6,000","4,048.43",49.83,0,8,0,2.43,22.92,87,84,9.65,7.74,40.48,70.33,494.56
"72,086",20,Female,association_football,DI,100,"6,000","4,599.11",40.68,12.15,8,1,2.76,24.92,29,39,6.87,5.49,45.99,61.26,747.4
"72,086",20,Female,association_football,DI,77,"4,620","3,083.74",41.56,0,6,0,2.4,21.26,16,15,5.91,5.66,40.05,50.23,394.68
"72,086",20,Female,association_football,DI,95,"5,700","3,431.83",50.43,5.54,4,1,2.17,24.13,26,29,5.01,6.43,36.12,57.01,505.63
"72,086",20,Female,association_football,DI,105,"6,300","4,585.62",10.66,0,1,0,2.62,20.29,37,31,4.57,5.76,43.67,82.19,550.37
"72,086",20,Female,association_football,DI,70,"4,200","4,062.86",170.11,23.77,14,3,3.48,26.47,39,42,6.3,6.64,58.04,65.07,667.92
"72,086",20,Female,association_football,DI,100,"6,000","2,746.93",0,0,0,0,1.65,18.63,24,19,5.04,5.26,27.47,45.79,313.15
"72,086",20,Female,association_football,DI,90,"5,400","4,786.68",73.87,12.55,13,2,3.19,28.78,59,48,6.88,7.41,53.19,70.75,709.28
"72,086",20,Female,association_football,DI,120,"7,200","4,806.50",17.81,4.51,3,1,2.4,22.53,16,24,4.54,5.94,40.05,91.29,535.17
"72,086",20,Female,association_football,DI,105,"6,300","2,831.49",22.99,0,3,0,1.62,21.01,21,19,4.7,6.79,26.97,85.11,307.81
"72,086",20,Female,association_football,DI,110,"6,600","4,019.78",71.46,84.49,10,5,2.19,24.68,23,30,5.42,5.72,36.54,104.16,442.83
"72,086",20,Female,association_football,DI,100,"6,000","1,851.32",0,0,0,0,1.11,16.17,9,6,4.06,4.41,18.51,39.75,226.56
"72,086",20,Female,association_football,DI,75,"4,500",750.51,0,0,0,0,0.6,13.26,1,1,2.89,3.12,10.01,55.96,70.76
"72,086",20,Female,association_football,DI,78,"4,680","3,958.36",23.28,0,3,0,3.04,20.68,24,28,4.85,5.37,50.75,87.27,528.6
"72,086",20,Female,association_football,DI,105,"6,300","3,095.73",35.98,0,4,0,1.77,21.29,25,27,5.3,5.99,29.48,89.84,367.67
"72,086",20,Female,association_football,DI,99,"5,940","3,796.60",21.72,0,3,0,2.3,21.02,18,21,4.7,5.77,38.35,49.66,347.75
"72,086",20,Female,association_football,DI,116,"6,960","6,184.26",70.13,29.46,10,3,3.2,24.65,26,33,5.31,6.58,53.31,60.57,742.66
"72,086",20,Female,association_football,DI,100,"6,000","4,781.07",37.29,5.5,4,1,2.87,22.64,22,31,5.23,5.25,47.81,91.71,545.13
"72,086",20,Female,association_football,DI,110,"6,600","3,200.10",56.25,0,9,0,1.75,20.59,10,19,4.61,7.56,29.09,50.61,432.4
"72,086",20,Female,association_football,DI,80,"4,800","3,406.32",55.82,6.21,5,1,2.55,23.29,29,18,4.68,5.16,42.58,57.24,356.89
"72,086",20,Female,association_football,DI,90,"5,400","5,019.63",45.05,19.43,8,2,3.35,24.53,39,49,6.75,6.38,55.77,57.96,867.6
"72,086",20,Female,association_football,DI,43,"2,580","2,385.28",17.89,0,3,0,3.33,20.41,13,27,4.32,6.23,55.47,70.9,401.47
"72,086",20,Female,association_football,DI,90,"5,400","3,951.30",28.75,0,5,0,2.63,21.48,64,44,7,5.58,43.9,52.79,608.67
"72,086",20,Female,association_football,DI,90,"5,400","8,039.95",111.1,38.2,15,7,5.36,25.1,53,68,4.87,6.27,89.33,59.3,"1,392.63"
"72,086",20,Female,association_football,DI,90,"5,400","3,568.91",67.86,4.58,5,1,2.38,24.97,21,40,5.1,6.32,39.65,61.36,502.04
"72,086",20,Female,association_football,DI,70,"4,200","2,785.75",6.49,0,1,0,2.39,21.57,19,24,5.87,5.74,39.8,53.02,387.58
"72,086",20,Female,association_football,DI,90,"5,400","4,470.36",71.82,11.72,12,3,2.98,25.01,44,52,6.24,7.51,49.67,61.48,838.83
"72,086",20,Female,association_football,DI,110,"6,600","3,734.74",32.68,0,3,0,2.04,23.63,23,15,4.8,6.19,33.95,58.08,518.92
"72,086",20,Female,association_football,DI,120,"7,200","6,256.03",107.83,0,10,0,3.13,20.43,19,15,5.15,4.83,52.13,50.21,714.15
"72,086",20,Female,association_football,DI,123,"7,380","7,323.26",146.07,30.13,15,3,3.57,23.7,27,41,5.79,6.3,59.54,0,909.09
"72,086",20,Female,association_football,DI,90,"5,400","6,313.98",47.6,5,9,1,4.21,25.76,42,50,6.49,8.05,70.16,63.31,"1,116.02"
"72,086",20,Female,association_football,DI,90,"5,400","4,846.98",25.56,0,6,0,3.23,21.31,44,54,6.47,6.9,53.86,50.34,827.34
"72,086",20,Female,association_football,DI,92,"5,520","3,677.74",87.05,19.12,11,3,2.4,23.09,24,40,4.91,6.31,39.98,56.74,636.36
"72,086",20,Female,association_football,DI,90,"5,400","3,648.18",5.31,0,1,0,2.43,19.13,31,29,5.63,5.78,40.54,47.03,527.77
"72,086",20,Female,association_football,DI,110,"6,600","4,475.03",42.89,24.01,7,2,2.44,25.47,32,30,5.63,5.78,40.68,62.59,737.12
"72,086",20,Female,association_football,DI,100,"6,000","3,078.81",51.08,0,8,0,1.85,21.87,17,23,6.37,8.52,30.79,53.76,427.15
"72,086",20,Female,association_football,DI,110,"6,600","5,418.55",60.54,0,10,0,2.96,23.05,57,54,5.85,8.38,49.26,56.65,859.98
"72,086",20,Female,association_football,DI,105,"6,300","3,473.72",22.28,0,4,0,1.98,20.97,26,25,5.06,6.24,33.08,51.54,687.42
"72,116",18,Female,association_football,DI,90,"5,400","7,736.20",125.87,64.08,15,4,5.16,27.16,35,43,5.1,5.73,85.96,64.32,"1,008.91"
"72,116",18,Female,association_football,DI,120,"7,200",360.98,0,0,0,0,0.18,7.18,0,0,0,0,3.01,17,37.33
"72,116",18,Female,association_football,DI,90,"5,400","5,046.70",86.12,29.97,9,3,3.36,26.03,26,32,5.87,6.27,56.07,61.66,929.91
"72,116",18,Female,association_football,DI,120,"7,200","6,251.92",60.86,103.56,11,4,3.13,29.7,36,47,5.86,6.55,52.1,70.35,"1,099.32"
"72,116",18,Female,association_football,DI,90,"5,400","8,449.31",97.37,0,13,0,5.63,22.27,43,40,5.02,6.31,93.88,52.75,"1,105.66"
"72,116",18,Female,association_football,DI,90,"5,400","2,013.67",0,0,0,0,1.34,16.87,5,2,4.94,4.18,22.37,39.95,234.63
"72,116",18,Female,association_football,DI,90,"5,400","7,817.06",166.85,111.3,20,8,5.21,28.05,23,27,4.55,5.17,86.86,66.45,"1,011.32"
"72,116",18,Female,association_football,DI,95,"5,700","7,063.14",168.4,106.39,22,6,4.46,27.61,30,38,4.15,6.51,74.35,67.9,939.76
"72,116",18,Female,association_football,DI,90,"5,400","4,545.99",24.94,0,2,0,3.03,21.38,42,19,4.97,5.03,50.51,52.57,555.1
"72,116",18,Female,association_football,DI,90,"5,400","3,540.13",30.97,12.51,5,2,2.36,23.41,25,12,5.85,4.48,39.33,57.58,427.34
"72,116",18,Female,association_football,DI,120,"7,200","5,507.38",55.06,38.36,8,1,2.75,28.24,39,34,5.9,7.12,45.89,69.46,758.22
"72,116",18,Female,association_football,DI,90,"5,400","3,818.19",53.26,68.57,7,4,2.55,28.49,20,14,5.87,4.89,42.42,70.08,459.05
"72,116",18,Female,association_football,DI,120,"7,200","3,243.60",27.02,0,3,0,1.62,21.1,18,11,5.54,4.8,27.03,51.89,365.24
"72,116",18,Female,association_football,DI,100,"6,000","9,044.09",198.42,68.84,22,7,5.43,26.47,41,62,5.44,5.78,90.44,65.11,"1,108.84"
"72,116",18,Female,association_football,DI,120,"7,200","2,991.51",32.13,0,5,0,1.5,22.28,23,17,4.7,4.51,24.93,52.76,375.14
"72,116",18,Female,association_football,DI,120,"7,200","4,742.17",59.11,17.92,8,2,2.37,24.17,31,26,5.84,6.92,39.52,57.24,636.18
"72,116",18,Female,association_football,DI,90,"5,400","8,580.88",205.3,86.31,30,11,5.72,25.41,34,42,5.21,7.3,95.34,60.18,"1,109.78"
"72,116",18,Female,association_football,DI,120,"7,200","7,858.38",83.62,29.34,16,3,3.93,24.77,49,38,5.45,7.02,65.49,60.93,960.57
"72,116",18,Female,association_football,DI,120,"7,200","5,560.32",199.41,"1,265.13",18,49,2.78,42.22,45,17,5.5,4.91,46.34,103.84,648.12
"72,116",18,Female,association_football,DI,120,"7,200","6,322.73",50.37,74.39,9,3,3.16,28.74,66,36,6.35,5.05,52.69,70.68,824.71
"72,116",18,Female,association_football,DI,120,"7,200","6,062.41",56.99,36.84,10,4,3.03,24.76,38,36,5.37,4.78,50.52,60.91,769.92
"72,116",18,Female,association_football,DI,120,"7,200","4,259.81",61.06,0,10,0,2.13,22.16,37,13,6.09,5.54,35.5,54.49,461.87
"72,116",18,Female,association_football,DI,90,"5,400","2,007.13",10.79,0,1,0,1.34,20.83,3,2,4.69,3.78,22.3,51.24,171.08
"72,116",18,Female,association_football,DI,150,"9,000","8,709.65",67.97,42.59,9,5,3.48,26.34,35,46,4.91,6.76,58.06,64.78,"1,307.94"
"72,116",18,Female,association_football,DI,120,"7,200","5,530.89",99.57,3.71,12,1,2.77,22.74,36,28,5.66,6.11,46.09,55.92,742.84
"72,116",18,Female,association_football,DI,120,"7,200","5,410.29",64.45,0,8,0,2.71,22.48,43,35,6.45,6.96,45.09,55.28,781.49
"72,116",18,Female,association_football,DI,120,"7,200","5,898.27",10.89,0,2,0,2.95,20.5,37,20,6.18,6.18,49.15,50.42,779.26
"72,116",18,Female,association_football,DI,120,"7,200",434.12,0,0,0,0,0.22,7,0,0,0,0,3.62,17.22,31.49
"72,116",18,Female,association_football,DI,90,"5,400","3,462.76",41.88,66.98,7,3,2.31,28.36,22,10,5.97,4.84,38.48,69.75,409.83
"72,116",18,Female,association_football,DI,120,"7,200","4,647.61",33.01,24.82,5,1,2.32,27.18,27,27,4.84,5.44,38.73,66.86,589.73
"72,116",18,Female,association_football,DI,120,"7,200",481.39,0,0,0,0,0.24,19.55,1,0,8.16,0,4.01,48.08,36.57
"72,116",18,Female,association_football,DI,120,"7,200","5,846.27",96.92,97.94,13,3,2.92,28.95,36,26,5.54,5.37,48.72,71.21,785.22
"72,116",18,Female,association_football,DI,90,"5,400","8,445.27",172.48,76.41,20,6,5.63,27.75,42,45,4.59,5.95,93.84,68.25,"1,064.39"
"72,116",18,Female,association_football,DI,120,"7,200","3,958.94",48.84,0,6,0,1.98,21.92,21,20,5.25,5.89,32.99,53.91,455.15
"72,116",18,Female,association_football,DI,90,"5,400","7,025.89",191.17,83.75,22,7,4.68,28.79,24,48,5.3,6.72,78.07,70.81,922.3
"72,116",18,Female,association_football,DI,90,"5,400","3,779.69",82.42,6.12,13,1,2.52,22.9,28,14,5.12,4.77,42,56.32,491.71
"72,116",18,Female,association_football,DI,120,"7,200","2,772.08",178.16,"1,856.56",18,37,1.39,40.66,6,8,3.34,3.82,23.1,140.43,473.56
"72,116",18,Female,association_football,DI,90,"5,400","7,906.11",156.46,57.31,17,3,5.27,26.26,27,40,5,7.21,87.85,64.6,"1,029.59"
"72,116",18,Female,association_football,DI,95,"5,700","8,280.49",62.61,10.91,9,1,5.23,24.02,20,28,4.81,6.07,87.16,59.08,"1,343.83"
"72,116",18,Female,association_football,DI,90,"5,400","3,797.17",11.27,0,1,0,2.53,21.82,35,23,5.87,6.07,42.19,53.67,490.32
"72,116",18,Female,association_football,DI,85,"5,100",421.41,0,0,0,0,0.3,9.21,0,0,0,0,4.96,22.66,36.92
"72,116",18,Female,association_football,DI,90,"5,400","7,825.57",106,0,13,0,5.22,22.4,28,47,5.64,6.04,86.95,55.09,"1,016.08"
"72,116",18,Female,association_football,DI,90,"5,400","3,177.70",15.91,0,2,0,2.12,20.79,23,11,5.14,5.66,35.31,51.13,373.74
"72,116",18,Female,association_football,DI,90,"5,400","3,970.42",43.21,0,8,0,2.65,20.73,25,33,5.74,6.18,44.12,51,448.84
"72,116",18,Female,association_football,DI,90,"5,400","4,105.21",36.55,62.22,3,2,2.74,27.36,25,22,5.07,4.78,45.61,67.29,491.01
"72,116",18,Female,association_football,DI,90,"5,400","4,259.95",40.11,25.76,6,2,2.84,26.09,13,30,5.31,5.17,47.33,61.8,575.32
"72,116",18,Female,association_football,DI,120,"7,200",156.02,0,0,0,0,0.078,4.64,0,0,0,0,1.3,10.98,7.65
"72,116",18,Female,association_football,DI,90,"5,400","8,155.47",186.67,43.26,23,2,5.44,26.25,36,30,4.79,7.43,90.62,62.17,"1,085.99"
"72,116",18,Female,association_football,DI,120,"7,200","2,682.59",9.76,0,1,0,1.34,20.37,23,14,5.62,5.54,22.35,48.24,430.65
"72,116",18,Female,association_football,DI,90,"5,400","1,547.81",8.68,0,1,0,1.03,20.44,5,2,5.27,3.95,17.2,48.41,186.51
"72,116",18,Female,association_football,DI,120,"7,200","5,648.66",143.64,155.24,23,11,2.82,27.65,42,40,6.56,6.74,47.07,65.49,689.18
"72,116",18,Female,association_football,DI,120,"7,200","6,254.86",125.69,70.35,13,4,3.13,26.88,49,42,6.57,5.23,52.12,63.67,"1,090.92"
"72,116",18,Female,association_football,DI,120,"7,200","2,566.56",37.99,5.55,4,1,1.28,24.34,31,24,6.03,5.87,21.39,57.66,371.34
"72,116",18,Female,association_football,DI,120,"7,200",572.66,0,0,0,0,0.29,7.67,0,0,0,0,4.77,18.16,38.69
"72,116",18,Female,association_football,DI,120,"7,200","3,009.31",3.48,0,1,0,1.5,20.18,25,23,6.18,7.35,25.08,47.79,440.92
"72,116",18,Female,association_football,DI,120,"7,200","2,935.08",36.04,0,3,0,1.47,22.45,6,6,5.3,4.37,24.46,53.18,323.52
"72,139",18,Female,association_football,DI,90,"5,400","3,940.47",21.94,29.85,5,1,2.63,25.68,35,40,5.33,6.55,43.78,63.02,496.49
"72,139",18,Female,association_football,DI,90,"5,400","6,516.87",244.75,142.05,31,13,4.34,25.97,28,46,7.46,6.22,72.41,63.75,856.58
"72,139",18,Female,association_football,DI,120,"7,200","4,994.11",156.15,37.01,21,3,2.5,25.8,33,39,6.48,7.29,41.62,63.33,781.44
"72,139",18,Female,association_football,DI,120,"7,200","1,839.94",0,0,0,0,0.92,16.19,6,3,5.05,4.76,15.33,39.74,266.14
"72,139",18,Female,association_football,DI,90,"5,400","3,714.78",119.88,88.55,13,4,2.48,26.78,20,23,5.64,6.55,41.28,65.72,462.28
"72,139",18,Female,association_football,DI,90,"5,400","4,810.16",22.43,0,5,0,3.21,22.03,58,56,6.96,6.43,53.45,54.08,928.47
"72,139",18,Female,association_football,DI,120,"7,200","2,840.56",221.47,"1,802.03",21,34,1.42,40.74,5,6,3.02,4.52,23.67,150.92,453.14
"72,139",18,Female,association_football,DI,90,"5,400","2,854.63",16.3,3.87,3,1,1.9,22.83,14,22,5.28,5.28,31.72,56.05,376.8
"72,139",18,Female,association_football,DI,90,"5,400","3,477.29",33.11,0,6,0,2.32,20.65,19,31,5.75,6.29,38.64,50.69,438.63
"72,139",18,Female,association_football,DI,120,"7,200","2,504.53",29.49,0,4,0,1.25,22.06,13,15,4.99,7.43,20.87,54.15,293.41
"72,139",18,Female,association_football,DI,90,"5,400","4,545.83",199.58,101.37,26,11,3.03,25.31,27,31,5.37,6.53,50.51,59.46,595.99
"72,139",18,Female,association_football,DI,120,"7,200","4,859.01",38.69,0,7,0,2.43,20.93,25,46,4.92,5.19,40.49,49.17,627.1
"72,139",18,Female,association_football,DI,120,"7,200","2,671.13",93.98,8.14,8,1,1.34,23.03,18,21,5.19,4.96,22.26,54.1,280.89
"72,139",18,Female,association_football,DI,90,"5,400","5,312.90",177.01,84.15,22,6,3.54,28.04,35,45,5.96,6.6,59.03,65.87,689.53
"72,139",18,Female,association_football,DI,90,"5,400","2,708.03",0,0,0,0,1.81,18.21,20,19,6.05,8.65,30.09,42.77,332.05
"72,139",18,Female,association_football,DI,90,"5,400","3,424.10",145.41,79.17,14,6,2.28,24.87,20,26,4.96,6.04,38.05,58.44,445.9
"72,139",18,Female,association_football,DI,120,"7,200","6,846.52",69.22,104.1,13,6,3.42,28.05,51,75,5.79,6.87,57.05,65.91,"1,104.46"
"72,139",18,Female,association_football,DI,90,"5,400","4,565.24",58.01,14.49,10,2,3.04,24.23,38,52,5.48,6.53,50.72,56.92,889.31
"72,139",18,Female,association_football,DI,120,"7,200",323.72,0,0,0,0,0.16,7.63,0,0,0,0,2.7,17.93,39.54
"72,139",18,Female,association_football,DI,90,"5,400",791.77,29.57,17.27,5,2,0.53,24.66,9,10,5.02,6.54,8.8,57.94,166.64
"72,139",18,Female,association_football,DI,120,"7,200","5,226.34",35.09,4.03,4,1,2.61,23.29,50,53,5.23,6.95,43.55,54.72,975.39
"72,139",18,Female,association_football,DI,120,"7,200","2,273.44",45.64,5.6,7,1,1.14,24.62,22,34,5.85,5.57,18.95,57.85,433.35
"72,139",18,Female,association_football,DI,120,"7,200","2,295.73",0,0,0,0,1.15,16.16,23,16,5.13,5.51,19.13,37.98,358.83
"72,139",18,Female,association_football,DI,120,"7,200","1,528.93",6.02,0,1,0,0.76,20.23,26,16,6.49,7.86,12.74,47.53,261.97
"72,139",18,Female,association_football,DI,120,"7,200","4,475.02",136.38,47.75,17,6,2.24,24.48,40,48,5.89,7.16,37.29,57.52,848.33
"72,139",18,Female,association_football,DI,120,"7,200","5,286.58",161.02,54.35,21,6,2.64,25.09,43,50,7.36,7.12,44.05,58.95,"1,092.02"
"72,139",18,Female,association_football,DI,90,"5,400","1,225.23",0,0,0,0,0.82,15.84,1,2,2.88,3.76,13.61,37.22,183.23
"72,139",18,Female,association_football,DI,120,"7,200",318.96,0,0,0,0,0.16,10.75,0,0,0,0,2.66,25.25,39.35
"72,139",18,Female,association_football,DI,90,"5,400","2,484.69",85.76,83.76,12,5,1.66,27.22,20,21,5.05,5.04,27.61,63.94,380.1
"72,139",18,Female,association_football,DI,90,"5,400","3,908.80",21.8,0,2,0,2.61,20.72,26,35,4.69,6.07,43.43,50.86,441.56
"72,139",18,Female,association_football,DI,85,"5,100","3,381.57",116.21,12.29,13,2,2.39,22.42,17,26,4.69,4.99,39.78,55.04,381.24
"72,139",18,Female,association_football,DI,90,"5,400","3,728.22",94.9,34.66,10,3,2.49,24.8,15,26,5.05,6.62,41.42,60.88,555.11
"72,139",18,Female,association_football,DI,90,"5,400","2,551.05",8.36,0,1,0,1.7,20.13,22,12,6.36,6.49,28.34,49.41,326.49
"72,139",18,Female,association_football,DI,90,"5,400","5,226.29",91.48,5.76,11,1,3.48,22.34,38,49,4.95,5.86,58.07,54.83,676.92
"72,139",18,Female,association_football,DI,90,"5,400","4,501.06",68.38,44.06,8,2,3,25.15,35,29,5.25,5.43,50.01,61.73,531.88
"72,139",18,Female,association_football,DI,90,"5,400","4,508.05",29.56,34.19,4,2,3.01,23.95,30,34,4.98,4.83,50.09,58.8,516.79
"72,139",18,Female,association_football,DI,100,"6,000","5,037.91",151.65,72.99,23,7,3.02,25.36,24,41,5.67,6.48,50.38,62.25,679.98
"72,139",18,Female,association_football,DI,120,"7,200","4,308.21",65.41,18.45,8,2,2.15,24.48,29,26,5.19,5.65,35.9,60.09,478.02
"72,139",18,Female,association_football,DI,120,"7,200","5,384.08",32.06,52.1,5,3,2.69,25.71,52,42,5.39,6.13,44.87,63.11,638.48
"72,139",18,Female,association_football,DI,90,"5,400","3,877.17",30.27,0,5,0,2.58,22.24,26,33,5.88,5.87,43.08,54.58,609.7
"72,139",18,Female,association_football,DI,95,"5,700","4,604.44",156.46,90.32,14,8,2.91,26.99,18,20,5.35,6.72,48.47,66.26,588
"72,139",18,Female,association_football,DI,95,"5,700","2,882.22",71.72,20.86,8,2,1.82,24.47,12,22,5.88,6.39,30.34,60.05,418.97
"72,139",18,Female,association_football,DI,90,"5,400","4,352.86",35.84,16.32,6,2,2.9,23.72,48,59,6.28,6.22,48.37,58.22,552.53
"72,139",18,Female,association_football,DI,90,"5,400","1,918.89",0,0,0,0,1.28,16.89,4,3,4.46,4.2,21.32,41.46,154.6
"72,139",18,Female,association_football,DI,120,"7,200","6,845.11",160.51,81.19,15,3,3.42,26.06,48,63,5.45,5.43,57.04,63.97,786.96
"72,139",18,Female,association_football,DI,120,"7,200","3,277.76",13.17,0,2,0,1.64,20.33,19,19,4.1,5.93,27.31,49.9,359.52
"72,139",18,Female,association_football,DI,120,"7,200","4,467.44",20.26,10.13,3,1,2.23,23.62,17,25,6.01,5.11,37.23,57.97,453.26
"72,139",18,Female,association_football,DI,120,"7,200","5,571.87",36.32,0,4,0,2.79,21.14,43,30,4.96,5.68,46.43,51.9,596.35
"72,139",18,Female,association_football,DI,150,"9,000","6,155.97",160.73,34.39,18,4,2.46,24.34,38,52,4.84,8.09,41.04,59.75,801.85
"72,139",18,Female,association_football,DI,120,"7,200","5,337.14",54.38,0,7,0,2.67,22.52,36,45,5.23,6.03,44.48,55.29,664.09
"72,139",18,Female,association_football,DI,120,"7,200","5,745.86",44.98,0,7,0,2.87,22.23,46,36,5.27,5.8,47.88,54.57,651.09
"72,139",18,Female,association_football,DI,90,"5,400","4,800.57",74.46,18.14,8,1,3.2,24.54,29,37,5.24,5.74,53.34,60.24,609.86
"72,139",18,Female,association_football,DI,120,"7,200","8,360.87",255.38,116.32,35,12,4.18,26.9,54,61,6.01,6.78,69.67,66.03,"1,529.48"
"72,139",18,Female,association_football,DI,120,"7,200","5,127.27",150.29,"1,269.06",18,50,2.56,42.56,47,28,5.84,5.81,42.73,104.47,736.44
"72,139",18,Female,association_football,DI,120,"7,200","6,730.44",65.07,44.25,9,3,3.37,26.05,80,71,7.79,6.37,56.09,63.95,"1,225.29"
"72,139",18,Female,association_football,DI,120,"7,200","7,057.74",143.89,72.79,22,8,3.53,25.78,58,62,6.7,7.88,58.81,63.29,"1,423.74"
"72,139",18,Female,association_football,DI,120,"7,200",447.89,0,0,0,0,0.22,7.44,1,0,4.04,0,3.73,18.27,47.96
"72,192",20,Male,american_football,DI-FCS,80,"4,800","3,503.34",82.45,0,9,0,2.63,23.02,84,36,8.46,6.32,43.79,78.95,373.83
"72,192",20,Male,american_football,DI-FCS,95,"5,700","1,400.79",44.21,0,7,0,0.88,21.35,43,6,6.09,4.58,14.75,0,263.87
"72,192",20,Male,american_football,DI-FCS,80,"4,800","1,695.87",215.16,92.35,18,11,1.27,29.15,23,24,5.84,7.23,21.2,109.34,220.79
"72,192",20,Male,american_football,DI-FCS,90,"5,400","3,407.18",138.55,0,16,0,2.27,23.76,83,93,8.88,9.78,37.86,80.98,463.8
"72,192",20,Male,american_football,DI-FCS,100,"6,000","4,410.73",51,0,7,0,2.65,24.84,89,77,6.83,7.67,44.11,84.66,524.97
"72,192",20,Male,american_football,DI-FCS,137,"8,220","1,816.26",375.59,118.16,29,7,0.8,29.34,22,8,5.87,4.16,13.26,100.65,315.93
"72,192",20,Male,american_football,DI-FCS,130,"7,800","4,890.49",270.19,61.82,27,7,2.26,28.06,72,91,7.71,8.28,37.62,96.24,573.08
"72,192",20,Male,american_football,DI-FCS,106,"6,360","5,250.82",544.28,69.15,39,12,2.97,26.23,118,139,8.88,9.77,49.54,89.38,710.27
"72,932",22,Male,association_football,DI,106,"6,360","7,193.52",163.43,0,21,0,4.07,24.9,109,99,9.66,6.97,67.86,113.45,739.56
"72,932",22,Male,association_football,DI,92,"5,520","5,079.84",69.43,12.48,10,1,3.31,25.86,88,51,9.64,8.8,55.22,103.85,518.03
"72,932",22,Male,association_football,DI,101,"6,060","3,444.32",113.64,50.78,14,3,2.05,29.58,39,67,7.63,6.53,34.1,114.37,484.38
"72,932",22,Male,association_football,DI,90,"5,400","5,249.97",89.36,17.78,9,1,3.5,27.47,93,56,9.98,7.19,58.33,92.88,510.21
"72,932",22,Male,association_football,DI,90,"5,400","4,393.84",83.68,0,14,0,2.93,23.35,92,69,6.74,8.4,48.82,78.92,438.17
"72,932",22,Male,association_football,DI,90,"5,400","4,441.71",158.91,91.59,22,7,2.96,30.42,69,57,5.8,6.84,49.35,102.84,431.71
"72,932",22,Male,association_football,DI,115,"6,900","5,242.93",38.33,0,7,0,2.74,21.95,84,80,8.8,6.95,45.59,321.09,554.89
"73,077",22,Male,association_football,DI,91,"5,460","5,611.50",23.18,0,3,0,3.7,22.07,69,25,5.52,5.63,61.66,0,814.4
"73,185",21,Male,american_football,DI,80,"4,800","2,393.65",0,0,0,0,1.8,15.23,31,18,9.21,5.39,29.92,49.82,222.99
"73,185",21,Male,american_football,DI,140,"8,400","4,940.71",253.03,26.5,27,3,2.12,26.95,57,39,6.38,6.82,35.29,88.17,481.47
"73,185",21,Male,american_football,DI,105,"6,300","2,953.51",154.06,50.35,18,3,1.69,29.26,34,18,6.95,7.43,28.13,95.73,286.82
"73,185",21,Male,american_football,DI,45,"2,700","1,232.62",0,0,0,0,1.64,17.17,20,9,5.59,5.04,27.39,56.17,118.9
"73,185",21,Male,american_football,DI,66,"3,960","2,244.79",141.83,42.13,21,5,2.04,29.62,31,13,6.53,6.48,34.01,96.89,263.78
"73,185",21,Male,american_football,DI,77,"4,620","2,480.17",99.34,43.15,14,3,1.93,28.65,46,29,6.84,7.84,32.21,93.71,250.79
"73,185",21,Male,american_football,DI,55,"3,300","2,436.06",234.36,7.05,29,1,2.66,27.42,42,17,7.07,5.72,44.29,89.7,283.38
"73,185",21,Male,american_football,DI,66,"3,960","2,260.84",176.71,85.11,21,8,2.06,30.07,41,24,8.47,9.99,34.26,98.36,289.14
"73,185",21,Male,american_football,DI,60,"3,600","1,831.39",276.59,5.9,25,1,1.83,25.5,34,18,7.19,5.52,30.52,83.43,231.24
"73,185",21,Male,american_football,DI,51,"3,060","2,252.91",889.88,56.12,52,10,2.65,26.42,24,4,7.44,5.95,44.17,86.42,271.36
"73,185",21,Male,american_football,DI,32,"1,920","1,324.51",83.64,0,13,0,2.48,22.26,14,10,5.71,7.45,41.39,72.82,158.38
"73,185",21,Male,american_football,DI,66,"3,960","2,198.96",215.68,14.32,25,2,2,27.07,27,13,6.06,6.39,33.32,88.54,268.87
"73,185",21,Male,american_football,DI,52,"3,120","2,175.94",193.66,0,26,0,2.51,23.75,36,16,7.85,7.95,41.84,77.71,247.43
"73,185",21,Male,american_football,DI,55,"3,300","2,551.27",191.45,0,25,0,2.78,24.12,66,50,7.96,9.49,46.39,78.89,345.67
"73,185",21,Male,american_football,DI,62,"3,720","2,602.35",259.88,6.08,37,1,2.52,25.52,43,26,6.78,5.01,41.97,83.5,295.62
"73,185",21,Male,american_football,DI,42,"2,520","2,654.62","1,034.50",4.41,77,1,3.79,25.42,26,13,6.93,5.23,63.21,83.14,319.76
"73,185",21,Male,american_football,DI,61,"3,660","2,757.28",319.47,7.61,37,1,2.71,26.75,48,29,7.52,5.8,45.2,87.5,316.39
"73,185",21,Male,american_football,DI,45,"2,700","2,853.25","1,116.03",20.84,78,4,3.8,25.7,29,7,6.87,5.07,63.41,84.06,334.45
"73,185",21,Male,american_football,DI,70,"4,200","2,295.96",176.79,49.24,18,3,1.97,30.57,39,11,6.49,6.9,32.8,101.67,251.31
"73,185",21,Male,american_football,DI,62,"3,720","2,742.26",246.32,0,27,0,2.65,24.51,44,29,7.54,9.8,44.23,80.16,342.9
"73,185",21,Male,american_football,DI,62,"3,720","1,534.95",221.95,4.41,20,1,1.49,25.15,26,5,7.81,4.11,24.76,82.28,182.27
"73,185",21,Male,american_football,DI,44,"2,640","2,197.57",138.47,0,17,0,3,24.9,70,30,8.1,9.04,49.94,81.45,290.38
"73,185",21,Male,american_football,DI,130,"7,800","4,286.49",278.16,37.38,31,3,1.98,28.47,77,36,6.25,8.61,32.97,93.14,421.62
"73,185",21,Male,american_football,DI,77,"4,620","2,383.93",0,0,0,0,1.86,19.37,30,16,4.46,4.95,30.96,63.36,201.83
"73,322",19,Female,association_football,DI,90,"5,400","5,529.85",406.77,0,46,0,3.69,20.93,36,10,5.25,3.66,61.44,75.65,709.48
"73,322",19,Female,association_football,DI,75,"4,500","4,223.76",75.42,17.35,9,2,3.38,23.38,25,29,6.06,6.02,56.32,84.47,551.02
"73,322",19,Female,association_football,DI,90,"5,400","5,635.25",18.09,0,3,0,3.76,20.8,19,33,4.94,4.79,62.61,83.95,718.41
"73,322",19,Female,association_football,DI,90,"5,400","5,236.96",199.22,19.31,25,3,3.49,24.78,33,12,5.81,4.59,58.19,0,855.31
"73,322",19,Female,association_football,DI,90,"5,400","7,359.05",54.27,0,5,0,4.91,22.45,32,44,5.3,5.58,81.77,90.6,"1,039.45"
"73,322",19,Female,association_football,DI,90,"5,400","4,726.74",130.61,0,14,0,3.15,22.28,38,32,5.4,6.35,52.52,89.9,624.78
"73,322",19,Female,association_football,DI,120,"7,200","7,637.99",61.77,3.78,9,1,3.82,22.73,54,53,5.15,4.97,63.65,91.73,"1,117.22"
"73,322",19,Female,association_football,DI,120,"7,200","8,103.98",123.43,75.11,21,8,4.05,24.57,32,23,5.94,6.71,67.53,99.16,"1,073.82"
"73,322",19,Female,association_football,DI,100,"6,000","6,354.91",56.49,5.93,12,1,3.81,22.85,54,37,5.25,5.15,63.55,92.21,981.46
"73,322",19,Female,association_football,DI,50,"3,000","2,180.92",113.34,166.24,18,10,2.62,27.16,15,11,4.7,5.76,43.62,101.75,273.31
"73,322",19,Female,association_football,DI,60,"3,600","1,207.64",0,0,0,0,1.21,18.18,25,41,4.64,5.72,20.13,73.34,231.1
"73,322",19,Female,association_football,DI,95,"5,700","6,233.16",46.69,0,8,0,3.94,20.87,34,56,5.35,5.87,65.61,84.21,888.99
"73,322",19,Female,association_football,DI,90,"5,400",680.46,0,0,0,0,0.45,18.85,3,4,5.22,3.98,7.56,70.63,69.63
"73,322",19,Female,association_football,DI,100,"6,000","4,829.10",33.71,65.77,6,4,2.9,26.69,30,29,5.93,5.99,48.29,107.7,660.5
"73,322",19,Female,association_football,DI,60,"3,600","3,898.33",279.65,0,36,0,3.9,22.08,31,22,5.46,5.2,64.97,82.71,612.31
"73,322",19,Female,association_football,DI,70,"4,200","5,735.25",27.5,0,4,0,4.92,20.44,19,33,4.64,4.6,81.93,75.25,786.45
"73,322",19,Female,association_football,DI,90,"5,400","5,845.39",108.25,0,13,0,3.9,21.37,39,59,5.65,5.76,64.95,80.05,866.74
"73,322",19,Female,association_football,DI,100,"6,000","9,200.14",326.14,40.11,48,6,5.52,23.89,41,45,5.23,5.47,92,87.95,"1,341.90"
"73,322",19,Female,association_football,DI,90,"5,400","6,318.27",48.1,100.67,8,3,4.21,27.67,21,40,5.08,5.94,70.2,101.9,962.93
"74,394",22,Male,association_football,DI,90,"5,400","7,897.59",336.81,32.47,13,1,5.27,26.62,41,45,5.24,5.9,87.75,0,"1,199.44"
"74,394",22,Male,association_football,DI,55,"3,300","5,927.30",58.3,10.6,8,2,6.47,26.5,53,60,5.48,6.08,107.77,99.55,"1,307.86"
"74,394",22,Male,association_football,DI,66,"3,960","3,943.54",64.9,0,6,0,3.59,24.74,30,24,5.4,5.88,59.75,91.76,614.99
"74,394",22,Male,association_football,DI,75,"4,500","7,156.87",103.3,22.84,11,2,5.73,26.96,54,65,5.47,6.99,95.42,101.28,"1,444.62"
"74,394",22,Male,association_football,DI,84,"5,040","4,713.81",3.5,0,1,0,3.37,19.98,44,33,5.64,7.12,56.12,75.07,797.32
"74,394",22,Male,association_football,DI,71,"4,260","4,303.51",13.83,0,2,0,3.64,23.25,34,41,5.6,5.27,60.61,87.34,793.11
"74,394",22,Male,association_football,DI,54,"3,240","6,415.25",102.31,0,12,0,7.13,23.21,36,45,5.39,6.62,118.8,87.18,"1,551.11"
"74,394",22,Male,association_football,DI,100,"6,000","6,541.71",70.29,0,9,0,3.93,23.29,72,58,5.39,6.66,65.42,87.5,"1,220.09"
"74,394",22,Male,association_football,DI,75,"4,500","5,005.59",14.59,0,2,0,4,22.53,52,59,5.51,5.54,66.74,84.62,758.01
"75,286",18,Male,association_football,DI,90,"5,400","5,221.07",240.38,27.52,21,4,3.48,27.48,73,45,6.3,5.93,58.01,95.73,663.06
"75,286",18,Male,association_football,DI,125,"7,500","7,491.32",279.8,49.74,27,3,3.6,28.7,79,53,5.97,5.95,59.93,0,916.04
"75,286",18,Male,association_football,DI,100,"6,000","10,125.86",531.97,116.64,49,11,6.08,29.3,74,82,6.01,6.32,101.26,89.96,"1,626.14"
"75,286",18,Male,association_football,DI,101,"6,060","9,150.96",350.39,124.77,39,7,5.44,32.57,88,74,5.89,7.58,90.6,101.81,"1,399.74"
"75,286",18,Male,association_football,DI,121,"7,260","5,414.17",25.01,0,2,0,2.68,25.36,50,25,5.61,6.37,44.75,79.27,601.25
"75,286",18,Male,association_football,DI,91,"5,460","3,437.87",21.67,0,3,0,2.27,21.24,40,12,5.51,4.92,37.78,66.4,416.4
"75,286",18,Male,association_football,DI,120,"7,200","6,357.04",132.11,11.62,15,1,3.18,28.1,67,40,6.03,5.55,52.98,86.28,919.85
"75,286",18,Male,association_football,DI,90,"5,400",611.21,0,0,0,0,0.41,10.99,1,1,3.15,3.63,6.79,36.69,44.13
"75,286",18,Male,association_football,DI,100,"6,000","7,885.01",306.47,235.34,35,13,4.73,31.97,54,75,6.16,6.84,78.85,99.93,"1,113.21"
"75,286",18,Male,association_football,DI,120,"7,200","4,943.24",21.4,0,4,0,2.47,22.21,91,43,6.24,5.53,41.19,69.43,544.71
"75,286",18,Male,association_football,DI,120,"7,200","6,591.40",109.44,4.94,14,1,3.3,25.25,72,44,5.75,6.44,54.93,78.91,785.56
"75,286",18,Male,association_football,DI,95,"5,700","6,698.10",166.3,10.56,21,2,4.23,24.84,86,77,6.79,7.96,70.51,77.65,979.43
"75,286",18,Male,association_football,DI,120,"7,200","8,488.15",269.8,24.44,27,3,4.24,28.31,108,74,8,6.91,70.73,88.49,"1,154.57"
"75,286",18,Male,association_football,DI,95,"5,700",484.31,0,0,0,0,0.31,20.2,3,3,4.15,4.61,5.1,62.02,62.98
"75,286",18,Male,association_football,DI,90,"5,400","5,126.47",85.66,0,4,0,3.42,23.45,48,29,5.81,5.78,56.96,78.27,633.55
"75,286",18,Male,association_football,DI,90,"5,400","4,446.67",134.38,40.76,14,4,2.96,26.42,41,28,4.91,5.91,49.41,88.19,496.77
"75,286",18,Male,association_football,DI,90,"5,400","6,542.54",297.85,108.91,28,7,4.36,31.99,46,54,5.98,9.12,72.69,106.77,854.72
"75,286",18,Male,association_football,DI,95,"5,700","6,026.70",270.22,82.22,29,7,3.81,28.82,43,53,6.37,6.68,63.44,88.5,"1,046.59"
"75,286",18,Male,association_football,DI,120,"7,200","5,316.22",205.08,15.15,12,2,2.66,25.78,61,30,5.38,5.78,44.3,86.05,612.9
"75,286",18,Male,association_football,DI,120,"7,200","4,532.82",205.12,20.99,21,3,2.27,25.89,39,31,6.64,5.63,37.77,86.4,546.78
"75,286",18,Male,association_football,DI,120,"7,200","6,795.94",252.17,18.18,23,2,3.4,27.2,65,49,6.1,6.65,56.63,90.8,807.31
"75,286",18,Male,association_football,DI,120,"7,200","4,942.07",140.7,0,17,0,2.47,23.57,63,37,5.63,5.6,41.18,78.66,585.71
"75,286",18,Male,association_football,DI,120,"7,200","5,922.89",79.62,10.15,10,2,2.96,25.94,80,48,6.26,5.98,49.36,86.57,686.17
"75,286",18,Male,association_football,DI,120,"7,200","6,169.02",143.85,13.96,17,2,3.08,26.5,82,38,6.08,7,51.41,88.44,744.34
"75,286",18,Male,association_football,DI,120,"7,200","7,989.01",212.18,49.49,21,3,3.99,29.75,54,46,6.35,6.31,66.58,99.29,"1,031.59"
"75,286",18,Male,association_football,DI,195,"11,700","7,176.41",174.83,98.75,21,5,2.21,29.72,43,55,5.77,6.83,36.8,99.2,869.53
"75,286",18,Male,association_football,DI,120,"7,200","5,350.91",162.59,0,15,0,2.68,24.37,72,40,5.69,6.26,44.59,81.34,654.26
"75,286",18,Male,association_football,DI,120,"7,200","8,404.08",356.31,60.59,34,6,4.2,27.5,54,57,6.35,6.49,70.03,91.8,"1,108.97"
"75,286",18,Male,association_football,DI,120,"7,200","5,515.69",256.13,40.03,24,3,2.76,29.96,68,42,5.72,5.66,45.96,104.39,723.41
"75,286",18,Male,association_football,DI,75,"4,500","4,236.20",21.53,0,4,0,3.39,22.36,35,23,5.26,5.51,56.48,68.66,500.36
"75,286",18,Male,association_football,DI,110,"6,600","7,479.35",274.12,12.56,27,2,4.08,25.44,77,50,5.87,6.52,67.99,78.13,"1,005.74"
"75,286",18,Male,association_football,DI,95,"5,700","4,972.02",187.7,117.13,15,2,3.14,28.58,53,30,5.44,5.6,52.34,87.76,543.92
"75,286",18,Male,association_football,DI,120,"7,200","6,291.83",320.89,50.09,24,4,3.15,30.52,43,37,6.55,5.37,52.43,93.72,860.84
"75,286",18,Male,association_football,DI,90,"5,400","5,181.34",59.18,0,8,0,3.45,24.98,57,56,5.55,5.62,57.57,76.7,614.63
"75,286",18,Male,association_football,DI,120,"7,200","6,337.46",197.48,91.48,23,7,3.17,30.21,63,67,5.68,5.41,52.81,92.77,862.42
"75,286",18,Male,association_football,DI,120,"7,200","1,596.91",0,0,0,0,0.8,18.82,18,10,4.62,4.5,13.31,57.79,224.36
"75,286",18,Male,association_football,DI,120,"7,200","6,890.47",152.57,17.56,16,1,3.45,27.22,50,45,5.84,6.04,57.42,83.56,858.98
"75,286",18,Male,association_football,DI,120,"7,200","3,982.49",110.79,9.66,11,1,1.99,26.52,26,28,6.42,5.4,33.19,81.44,515.67
"75,286",18,Male,association_football,DI,120,"7,200","5,076.05",0,0,0,0,2.54,18.65,23,9,5.81,6.48,42.3,57.25,622.05
"75,286",18,Male,association_football,DI,120,"7,200","4,902.14",0,0,0,0,2.45,19.97,46,25,5.95,5.14,40.85,61.31,568.23
"75,286",18,Male,association_football,DI,120,"7,200","8,019.83",428.13,98.55,41,9,4.01,28.98,85,58,5.96,5.71,66.83,88.97,"1,109.50"
"75,286",18,Male,association_football,DI,79,"4,740","9,286.46",415.96,112.52,43,7,7.05,30.28,86,99,6.01,6.96,117.55,92.98,"1,770.71"
"75,286",18,Male,association_football,DI,100,"6,000","7,133.97",314.82,112.42,36,8,4.28,29.67,43,60,6.19,7.27,71.34,91.11,"1,020.75"
"75,286",18,Male,association_football,DI,100,"6,000","7,344.76",357.63,119.72,39,5,4.41,32.55,66,65,6.26,6.4,73.45,99.94,"1,186.32"
"75,286",18,Male,association_football,DI,100,"6,000","9,111.62",389.05,121.46,44,9,5.47,31.7,73,75,6.45,8.6,91.12,97.34,"1,257.63"
"75,462",19,Female,association_football,DI,90,"5,400","6,421.95",109.34,115.47,15,5,4.28,28.88,37,42,6.17,6.13,71.35,104.34,855.51
"75,462",19,Female,association_football,DI,60,"3,600","3,940.57",683.49,0,36,0,3.94,22.26,34,18,5.13,5.37,65.68,86.18,614.06
"75,462",19,Female,association_football,DI,50,"3,000","2,241.95",138.39,223.43,18,15,2.69,27.68,12,16,5.12,5.78,44.84,107.13,289.58
"75,462",19,Female,association_football,DI,100,"6,000","5,967.98",919.24,7.3,54,1,3.58,23.76,49,25,5.53,6.11,59.68,91.96,964.22
"75,462",19,Female,association_football,DI,120,"7,200","8,397.93",215.68,123.98,25,7,4.2,25.83,47,63,5.72,6.83,69.98,108.81,"1,176.08"
"75,462",19,Female,association_football,DI,95,"5,700","6,815.59",77.61,0,10,0,4.3,21.37,39,73,5.19,6.42,71.74,82.71,930.82
"75,462",19,Female,association_football,DI,120,"7,200","7,002.64",102.85,0,15,0,3.5,21.18,66,75,5.36,6.57,58.36,82,984.58
"75,462",19,Female,association_football,DI,90,"5,400","4,681.77",304.7,27.85,18,2,3.12,23.74,54,37,5.06,6.42,52.02,102.34,596.36
"75,462",19,Female,association_football,DI,90,"5,400","7,701.60",60.86,0,7,0,5.13,21.47,44,61,4.45,5.37,85.57,83.12,"1,091.11"
"75,462",19,Female,association_football,DI,90,"5,400","5,633.62",596.97,0,44,0,3.76,22.05,34,2,4.87,3.5,62.6,76.34,763.59
"75,462",19,Female,association_football,DI,100,"6,000","5,317.98",125.73,106.44,17,7,3.19,25.06,31,40,6.22,6.02,53.18,96.99,661.86
"75,462",19,Female,association_football,DI,100,"6,000","8,215.20",793.81,35.61,60,4,4.93,24.94,44,27,5.64,5.17,82.15,90.1,"1,273.30"
"75,462",19,Female,association_football,DI,90,"5,400","1,047",0,0,0,0,0.7,14,5,7,3.86,3.47,11.63,54.21,85.27
"75,462",19,Female,association_football,DI,70,"4,200","5,596.09",114.53,0,11,0,4.8,21.03,28,29,5.44,5.32,79.94,76,790.84
"75,462",19,Female,association_football,DI,90,"5,400","5,843.73",19.56,0,2,0,3.9,20.95,39,51,5.78,5.8,64.93,88.23,756.72
"75,462",19,Female,association_football,DI,90,"5,400","3,702.03",20.28,0,3,0,2.47,19.94,51,59,5.33,6.18,41.13,0,528.05
"75,462",19,Female,association_football,DI,90,"5,400","5,998.13",204.03,10.79,22,2,4,23.2,61,63,5.43,6.13,66.65,116.32,810.75
"75,462",19,Female,association_football,DI,75,"4,500","4,319.87",200,24.4,13,1,3.46,23.77,22,32,5.36,6.22,57.6,82.3,551.16
"75,697",21,Male,american_football,DI,150,"9,000","6,854.02",353.35,107.26,31,12,2.74,29,56,25,6.93,7.41,45.69,0,898.87
"75,697",21,Male,american_football,DI,70,"4,200","1,826.11",126.55,92.2,15,2,1.57,32.28,33,21,6.31,6.25,26.09,98.57,300.34
"75,697",21,Male,american_football,DI,150,"9,000","5,939.15",273.03,65.15,27,6,2.38,28.71,45,23,6.49,8.64,39.59,98.98,739.62
"75,697",21,Male,american_football,DI,130,"7,800","6,177.74",275.17,68.62,24,7,2.85,28.29,43,28,6.66,7.13,47.52,97.55,899.53
"75,697",21,Male,american_football,DI,70,"4,200","3,362.52",296.09,105.26,30,8,2.88,28.38,46,27,6.72,6.71,48.04,86.54,540.63
"75,697",21,Male,american_football,DI,70,"4,200","1,637.62",99.06,116.58,10,3,1.4,32.79,29,11,6.31,4.78,23.39,100.13,236.57
"75,697",21,Male,american_football,DI,70,"4,200","1,317.04",32.58,0,2,0,1.13,22.36,16,2,6.68,3.59,18.81,68.28,223.97
"75,697",21,Male,american_football,DI,70,"4,200","3,010.38",147.23,84.84,19,2,2.58,32.75,30,31,6.66,5.44,43.01,112.92,521.05
"75,697",21,Male,american_football,DI,330,"19,800","12,209.11",193.15,4.42,22,1,2.22,25.35,43,15,6.66,6.81,37,87.41,"1,001.34"
"75,738",20,Male,american_football,DI-FCS,130,"7,800","5,672.52",151.95,0,16,0,2.62,25.08,89,111,8.49,7.08,43.63,87.27,740.53
"75,738",20,Male,american_football,DI-FCS,95,"5,700","1,721.84",0,0,0,0,1.09,19.22,41,31,5.36,5.77,18.12,0,332.47
"75,738",20,Male,american_football,DI-FCS,80,"4,800","3,106.25",65.6,0,7,0,2.33,23.5,75,58,7.84,6.14,38.83,81.8,370.32
"75,738",20,Male,american_football,DI-FCS,106,"6,360","5,324.24",299.41,9.29,29,2,3.01,25.78,82,123,7.81,9.09,50.23,102.82,663.75
"75,738",20,Male,american_football,DI-FCS,137,"8,220","1,702.46",379.3,0,24,0,0.75,24.77,24,2,5.86,3.26,12.43,86.2,272.06
"75,738",20,Male,american_football,DI-FCS,100,"6,000","2,614.51",22.01,0,2,0,1.57,22.02,52,43,8.97,9.97,26.15,85.41,327.93
"75,738",20,Male,american_football,DI-FCS,90,"5,400","3,141.35",93.13,0,11,0,2.09,22.42,59,79,6.81,7.91,34.9,86.96,393.08
"76,087",22,Male,association_football,DI,91,"5,460","6,526.86",118.92,0,17,0,4.3,23.29,58,74,6.03,7.06,71.72,0,"1,416.77"
"76,391",18,Female,association_football,DI,90,"5,400","4,799.55",38.52,20.03,4,1,3.2,24.63,32,21,6.07,4.37,53.33,60.12,604.49
"76,391",18,Female,association_football,DI,120,"7,200","5,497.30",138.81,63.01,17,5,2.75,24.85,31,43,6.57,6.61,45.81,60.67,775.79
"76,391",18,Female,association_football,DI,120,"7,200","5,884.31",119.78,30.42,12,2,2.94,25.17,41,39,5.75,5.25,49.04,61.44,708.18
"76,391",18,Female,association_football,DI,120,"7,200",422.45,0,0,0,0,0.21,6.21,0,0,0,0,3.52,15.17,29.27
"76,391",18,Female,association_football,DI,90,"5,400",117.97,4.69,0,1,0,0.079,19.54,0,0,0,0,1.31,47.71,92.85
"76,391",18,Female,association_football,DI,90,"5,400",981.05,0,0,0,0,0.65,11.73,4,4,4.21,3.75,10.9,28.63,79.45
"76,391",18,Female,association_football,DI,120,"7,200","5,970.07",50.84,15.74,5,1,2.99,24.47,35,40,4.8,5.64,49.75,59.74,719.19
"76,391",18,Female,association_football,DI,120,"7,200","7,657.01",118.56,8.47,13,1,3.83,22.55,17,31,4.36,5.12,63.81,55.05,"1,082.08"
"76,391",18,Female,association_football,DI,120,"7,200","2,550.21",49.83,0,5,0,1.28,22.34,7,8,4.62,4.83,21.25,54.53,227.24
"76,391",18,Female,association_football,DI,120,"7,200","6,171.67",18.54,0,3,0,3.09,22.04,26,31,4.44,5.17,51.43,53.81,832.34
"76,391",18,Female,association_football,DI,120,"7,200","2,963.48",50.52,0,5,0,1.48,21.41,21,18,4.65,5.42,24.7,52.27,348.71
"76,391",18,Female,association_football,DI,90,"5,400","3,243.88",65.26,39.85,8,2,2.16,24.22,8,19,4.8,5.49,36.04,59.12,510.01
"76,391",18,Female,association_football,DI,90,"5,400",458.59,0,0,0,0,0.31,6.73,0,0,0,0,5.1,16.43,43.78
"76,391",18,Female,association_football,DI,120,"7,200","7,103.26",51.58,81.51,8,3,3.55,27.31,33,46,5.66,6.71,59.19,66.68,972.18
"76,391",18,Female,association_football,DI,90,"5,400","5,701.99",48.67,0,5,0,3.8,21.85,30,28,4.54,5.68,63.36,53.34,758.06
"76,391",18,Female,association_football,DI,120,"7,200",368.94,0,0,0,0,0.18,9.85,0,0,0,0,3.07,24.04,32.97
"76,391",18,Female,association_football,DI,120,"7,200","6,113.45",28.63,0,3,0,3.06,20.83,27,46,5.64,6.76,50.95,50.84,779.57
"76,391",18,Female,association_football,DI,120,"7,200","3,358.98",33.71,13.64,3,1,1.68,23.45,12,22,4.68,5.45,27.99,57.24,443.11
"76,391",18,Female,association_football,DI,120,"7,200",557.68,0,0,0,0,0.28,5.88,0,0,0,0,4.65,14.35,49.45
"76,391",18,Female,association_football,DI,120,"7,200","2,680.28",33.92,0,4,0,1.34,21.18,25,12,5.99,6.08,22.34,51.71,309.18
"76,391",18,Female,association_football,DI,120,"7,200","4,377.01",47.04,22.11,4,1,2.19,25.57,15,13,5.35,4.55,36.48,62.43,543.99
"76,391",18,Female,association_football,DI,120,"7,200","6,771.55",75.79,46.43,8,2,3.39,25.14,55,33,5.45,6.04,56.43,61.37,954.55
"76,391",18,Female,association_football,DI,120,"7,200","6,251.54",18.58,13.89,3,1,3.13,24.93,21,22,4.75,4.63,52.1,60.87,844
"76,391",18,Female,association_football,DI,90,"5,400","3,822.17",50.01,0,6,0,2.55,22.62,28,21,4.7,6.41,42.47,55.21,572.68
"76,391",18,Female,association_football,DI,120,"7,200","2,695.25",185.42,"1,831.53",22,38,1.35,40.8,3,5,3.23,4.1,22.46,99.61,464.44
"76,391",18,Female,association_football,DI,120,"7,200","5,726.51",379.02,"3,515.02",48,92,2.86,40.96,8,5,4.45,3.3,47.72,100.39,866.03
"76,391",18,Female,association_football,DI,90,"5,400","1,691.14",24.58,9.81,3,1,1.13,23.38,9,10,3.91,6.06,18.79,57.08,222.34
"76,391",18,Female,association_football,DI,85,"5,100",436.33,0,0,0,0,0.31,8.37,0,0,0,0,5.13,20.43,31.64
"76,391",18,Female,association_football,DI,90,"5,400","1,553.32",34.44,0,4,0,1.04,21.21,7,13,5.57,6.14,17.26,51.78,213.75
"76,391",18,Female,association_football,DI,90,"5,400","3,061.42",0,0,0,0,2.04,19.6,18,14,4.79,4.67,34.02,47.85,334.62
"76,391",18,Female,association_football,DI,90,"5,400",470,0,0,0,0,0.31,5.46,0,0,0,0,5.22,13.33,24.17
"76,391",18,Female,association_football,DI,90,"5,400","4,963.40",18.01,0,3,0,3.31,21.09,18,22,4.51,4.97,55.15,51.48,667.15
"76,391",18,Female,association_football,DI,90,"5,400","1,521.29",0,0,0,0,1.01,12.12,3,2,3.91,3.87,16.9,29.59,103.18
"76,391",18,Female,association_football,DI,90,"5,400",218.3,0,0,0,0,0.15,11.35,0,1,0,3.31,2.43,27.71,18.35
"76,391",18,Female,association_football,DI,120,"7,200",489.12,0,0,0,0,0.24,8.48,0,0,0,0,4.08,20.69,23.32
"76,391",18,Female,association_football,DI,120,"7,200",439.78,0,0,0,0,0.22,7.72,0,0,0,0,3.66,18.84,30.95
"76,391",18,Female,association_football,DI,90,"5,400","2,946.99",10.69,0,2,0,1.96,20.2,11,8,5.94,4.01,32.74,49.31,391.22
"76,391",18,Female,association_football,DI,90,"5,400","3,948.93",13.93,0,2,0,2.63,21.93,22,14,4.93,4.53,43.88,53.53,484.74
"76,391",18,Female,association_football,DI,95,"5,700","2,733.44",64.99,40.3,10,5,1.73,25.03,7,15,4.59,4.8,28.77,61.11,385.87
"76,391",18,Female,association_football,DI,90,"5,400","4,157.25",5.83,0,1,0,2.77,20.34,20,17,5.16,5.21,46.19,49.65,619.78
"76,391",18,Female,association_football,DI,90,"5,400","1,422.19",12.58,0,1,0,0.95,20.78,7,5,3.76,4.66,15.8,50.74,118.56
"76,391",18,Female,association_football,DI,120,"7,200",530.57,0,0,0,0,0.27,9.03,0,0,0,0,4.42,22.04,44.57
"76,391",18,Female,association_football,DI,120,"7,200",430.58,0,0,0,0,0.22,14.66,0,0,0,0,3.59,35.78,30.37
"76,391",18,Female,association_football,DI,120,"7,200",613.56,0,0,0,0,0.31,6.01,0,0,0,0,5.11,14.67,38.3
"76,391",18,Female,association_football,DI,120,"7,200",468.37,0,0,0,0,0.23,12.8,3,0,5.54,0,3.9,31.25,41.15
"76,391",18,Female,association_football,DI,120,"7,200",415.96,0,0,0,0,0.21,7.77,0,0,0,0,3.47,18.97,36.84
"76,391",18,Female,association_football,DI,90,"5,400",431.74,0,0,0,0,0.29,9.29,0,0,0,0,4.8,22.68,40.03
"76,958",20,Female,association_football,DI,90,"5,400","5,927.86",143.32,39.71,19,4,3.95,24.01,31,38,4.31,6.48,65.87,59.29,825.06
"76,958",20,Female,association_football,DI,110,"6,600","4,240.78",228.74,65.4,22,5,2.31,24.85,21,17,5.02,6.37,38.55,61.36,543.55
"76,958",20,Female,association_football,DI,90,"5,400","4,246.96",74.86,20.2,9,1,2.83,25.63,37,19,5.15,5.79,47.19,63.29,536.7
"76,958",20,Female,association_football,DI,100,"6,000","4,716.06",68.52,12.28,9,1,2.83,24.24,30,27,5.47,5.15,47.16,98.45,523.23
"76,958",20,Female,association_football,DI,116,"6,960","6,912.92",100.26,9.48,17,2,3.58,23.55,35,42,5.31,6.9,59.59,58.15,"1,193.64"
"76,958",20,Female,association_football,DI,99,"5,940","3,557.60",9.44,0,2,0,2.16,19.55,20,16,4.39,5.76,35.94,48.85,356.47
"76,958",20,Female,association_football,DI,91,"5,460","7,159.89",205.44,64.9,19,4,4.72,25.01,53,53,5.82,7.04,78.68,61.74,"1,172.72"
"76,958",20,Female,association_football,DI,80,"4,800","3,501.83",51.96,42.46,6,2,2.63,25.39,27,11,4.95,5.46,43.77,62.69,423.45
"76,958",20,Female,association_football,DI,60,"3,600","1,946.19",0,0,0,0,1.95,16.2,10,3,4.86,5.93,32.44,40,196.02
"76,958",20,Female,association_football,DI,120,"7,200","6,972.25",121.07,0,8,0,3.49,22.36,23,16,5.37,4.19,58.1,55.21,956.15
"76,958",20,Female,association_football,DI,123,"7,380","8,055.34",142.73,63.86,16,5,3.93,24.62,35,28,4.85,5.43,65.49,0,"1,058.09"
"76,958",20,Female,association_football,DI,90,"5,400","3,955.23",54.3,29.53,9,2,2.64,25.75,19,28,5.17,5.23,43.95,63.59,547.64
"76,958",20,Female,association_football,DI,105,"6,300","3,150.39",27.83,0,3,0,1.8,22.17,27,26,5.48,6.25,30,90.06,420.05
"76,958",20,Female,association_football,DI,75,"4,500",901.32,0,0,0,0,0.72,12.98,1,0,3.19,0,12.02,52.71,81.88
"76,958",20,Female,association_football,DI,78,"4,680","4,370.53",37.97,0,3,0,3.36,22.01,19,26,5.24,5.95,56.03,89.4,558.48
"76,958",20,Female,association_football,DI,100,"6,000","1,954.95",17.72,0,2,0,1.17,21.42,15,9,4.33,4.68,19.55,52.88,231.88
"76,958",20,Female,association_football,DI,110,"6,600","4,459.04",192.33,59.66,18,6,2.43,24.25,28,19,5.52,4.53,40.54,98.48,512.76
"76,958",20,Female,association_football,DI,105,"6,300","3,056.07",28.47,0,3,0,1.75,22.13,12,13,4.74,6.57,29.11,89.9,350.25
"76,958",20,Female,association_football,DI,120,"7,200","5,660.09",60.47,21.27,6,2,2.83,23.59,17,17,4.97,5.73,47.17,95.82,738.04
"76,958",20,Female,association_football,DI,90,"5,400","8,415.05",211.66,49.1,25,6,5.61,24.18,38,49,5.23,5.72,93.5,59.71,"1,266.69"
"76,958",20,Female,association_football,DI,104,"6,240","4,504.54",146.37,11.38,17,2,2.6,23.17,23,33,4.89,6.75,43.31,57.2,664.46
"76,958",20,Female,association_football,DI,100,"6,000","3,700.51",9.05,0,1,0,2.22,19.56,30,38,9.16,8.72,37.01,48.28,428.35
"76,958",20,Female,association_football,DI,70,"4,200","4,252.96",160.8,30.69,10,2,3.65,23.44,19,25,4.91,5.27,60.76,57.88,583.72
"76,958",20,Female,association_football,DI,95,"5,700","3,664.39",71.88,10.49,11,1,2.31,23.63,36,23,5.17,5.64,38.57,87.81,447.27
"76,958",20,Female,association_football,DI,77,"4,620","3,239.17",71.98,11.13,6,1,2.52,23.73,28,13,7.59,6.04,42.07,88.21,402.82
"76,958",20,Female,association_football,DI,100,"6,000","5,718.69",85.49,35.48,12,3,3.43,25.72,25,35,4.9,6.65,57.19,63.49,757.69
"76,958",20,Female,association_football,DI,105,"6,300","4,372.81",111.86,25.86,7,2,2.5,25.17,17,20,5.16,5.85,41.65,62.16,636.9
"76,958",20,Female,association_football,DI,110,"6,600","1,857.52",27.14,0,4,0,1.01,20.31,19,2,4.77,5.39,16.89,50.16,246.38
"76,958",20,Female,association_football,DI,100,"6,000","4,623.22",64.02,17.24,6,1,2.77,25.43,18,25,5.79,5.32,46.23,62.78,589.98
"76,958",20,Female,association_football,DI,110,"6,600","4,755.75",89.55,19.02,10,2,2.59,23.44,50,35,6.75,6.1,43.23,57.87,704.66
"76,958",20,Female,association_football,DI,90,"5,400","3,577.32",31.46,17.28,4,1,2.38,24.48,21,15,4.96,6.47,39.75,60.43,465.37
"76,958",20,Female,association_football,DI,90,"5,400","2,777.19",42.42,13,4,1,1.85,25.04,6,15,4.71,5.19,30.86,61.84,385.81
"76,958",20,Female,association_football,DI,110,"6,600","3,801.90",28.69,9.37,3,1,2.07,24.83,19,26,5.39,6.84,34.56,61.3,532.61
"76,958",20,Female,association_football,DI,90,"5,400",807.53,6.1,0,1,0,0.54,19.71,4,2,3.72,5.48,8.97,48.66,124.52
"76,958",20,Female,association_football,DI,70,"4,200","3,391.51",0,0,0,0,2.91,19.03,25,33,5.11,5.34,48.45,46.98,470.86
"76,958",20,Female,association_football,DI,90,"5,400","1,643.03",39.46,0,3,0,1.1,22.32,6,10,4.01,5.23,18.26,55.1,194.7
"76,958",20,Female,association_football,DI,90,"5,400","2,831.92",74.49,18.64,8,2,1.89,23.97,17,24,5.1,6.81,31.47,59.17,455.15
"76,958",20,Female,association_football,DI,105,"6,300","4,612.46",69.68,5.34,8,1,2.64,22.23,34,30,4.89,6.18,43.93,90.28,612.37
"76,958",20,Female,association_football,DI,110,"6,600","2,950.09",61.45,21.31,6,1,1.61,23.48,47,27,5.33,4.74,26.82,57.97,410.54
"76,958",20,Female,association_football,DI,90,"5,400","6,617.27",155.38,92.57,19,5,4.41,26.91,20,26,4.27,5.26,73.53,66.43,928.16
"76,958",20,Female,association_football,DI,90,"5,400","3,852.58",100.88,0,11,0,2.57,21.85,54,40,4.96,6.35,42.81,53.95,495.09
"76,958",20,Female,association_football,DI,90,"5,400","4,089.90",29.52,0,4,0,2.73,20.97,49,39,4.64,5.5,45.44,51.78,567.55
"76,958",20,Female,association_football,DI,90,"5,400","4,309.56",108.98,6.63,12,1,2.87,23.11,30,32,4.83,5.14,47.88,57.06,614.15
"76,958",20,Female,association_football,DI,90,"5,400",183.95,0,0,0,0,0.12,7.93,0,0,0,0,2.04,19.58,14.68
"76,958",20,Female,association_football,DI,90,"5,400","4,632.80",154.22,5.1,19,1,3.09,22.54,29,27,5.26,5.9,51.48,55.64,669.01
"76,958",20,Female,association_football,DI,76,"4,560","2,722.48",0,0,0,0,2.15,18.74,12,10,4.72,5.7,35.82,46.27,376.71
"76,958",20,Female,association_football,DI,90,"5,400","4,329.68",10.95,0,2,0,2.89,19.82,26,22,4.17,5.22,48.11,48.94,514.86
"76,958",20,Female,association_football,DI,90,"5,400","3,778.78",43.6,0,4,0,2.52,21.97,35,30,4.42,4.37,41.99,54.25,429.96
"77,172",20,Male,american_football,DI-FCS,80,"4,800","1,908.21",175.74,52.36,14,6,1.43,26.85,30,32,6.31,8.74,23.85,126.24,246.87
"77,172",20,Male,american_football,DI-FCS,95,"5,700","1,473.82",0,0,0,0,0.93,17.93,39,22,4.86,4.76,15.51,0,319.59
"77,172",20,Male,american_football,DI-FCS,80,"4,800","4,262.33",26.86,0,4,0,3.2,21.85,101,69,8.46,6.85,53.28,81.39,554.59
"77,172",20,Male,american_football,DI-FCS,106,"6,360","4,337.10",22.73,0,4,0,2.45,20.78,85,81,6.61,7.94,40.92,77.42,510.54
"77,172",20,Male,american_football,DI-FCS,130,"7,800","3,956.79",74.45,8.95,13,2,1.83,25.38,67,89,8.14,9,30.44,94.52,549.56
"77,172",20,Male,american_football,DI-FCS,137,"8,220","1,620",200.06,0,22,0,0.71,22.93,25,5,5.54,3.42,11.82,85.42,314.67
"77,172",20,Male,american_football,DI-FCS,100,"6,000","2,621.50",0,0,0,0,1.57,19.76,62,70,9.07,8.7,26.21,73.59,343.12
"77,172",20,Male,american_football,DI-FCS,90,"5,400","3,469.75",48.42,0,5,0,2.31,21.67,80,68,8.78,8.2,38.55,80.74,414.42
"77,335",21,Male,american_football,DI,77,"4,620","2,292.10",10.6,0,2,0,1.79,20.67,79,28,6.67,4.79,29.77,63.26,202.35
"77,335",21,Male,american_football,DI,55,"3,300","2,453.76",260.86,5.8,29,1,2.68,25.35,81,57,6.9,6.26,44.61,77.59,300.64
"77,335",21,Male,american_football,DI,52,"3,120","1,855.17",323.14,62.54,32,9,2.14,28.01,31,19,7.93,8.38,35.68,85.73,233.42
"77,335",21,Male,american_football,DI,66,"3,960","1,926.33",230.96,119.26,23,10,1.75,29.68,26,12,6.87,7.48,29.19,90.83,237.41
"77,335",21,Male,american_football,DI,32,"1,920","1,101.46",211.38,17.61,17,2,2.07,26.66,16,5,6.96,4.56,34.42,81.6,125.24
"77,335",21,Male,american_football,DI,66,"3,960","2,050.77",227.73,162.52,18,13,1.86,32.67,30,11,7.2,6.4,31.07,104.39,249.98
"77,335",21,Male,american_football,DI,55,"3,300","2,075.39",357.91,74.01,37,8,2.26,28.36,45,22,7.03,7.77,37.73,86.82,255.25
"77,335",21,Male,american_football,DI,77,"4,620","3,000.96",107.12,16.37,16,1,2.34,27.61,78,50,6.11,5.28,38.97,84.52,324.36
"77,335",21,Male,american_football,DI,66,"3,960","1,909.10",230.03,148.25,19,15,1.74,31.26,34,16,6.86,5.42,28.93,95.67,234.78
"77,335",21,Male,american_football,DI,45,"2,700","1,308.20",0,0,0,0,1.74,18.37,36,30,5.72,7.37,29.07,56.23,127.32
"77,335",21,Male,american_football,DI,42,"2,520","2,549.05","1,079.21",231.4,57,36,3.64,27.6,28,13,5.94,5.77,60.69,84.47,298.54
"77,335",21,Male,american_football,DI,61,"3,660","2,240.78",435.02,140.78,46,13,2.2,28.41,47,32,7.71,9.17,36.73,86.96,286.8
"77,335",21,Male,american_football,DI,45,"2,700","2,628.71","1,178.23",167.39,71,27,3.5,27.05,26,10,6.57,4.37,58.42,82.8,314.09
"77,335",21,Male,american_football,DI,70,"4,200","1,916.59",290.11,71.97,29,10,1.64,31.3,26,7,5.49,7.89,27.38,95.79,222.41
"77,335",21,Male,american_football,DI,62,"3,720","2,325.44",391.21,4.37,28,1,2.25,25.17,43,34,8.18,9.97,37.51,77.03,292.85
"77,335",21,Male,american_football,DI,62,"3,720","1,424.13",323.56,93.51,24,13,1.38,28.25,25,6,6.56,6.28,22.97,86.48,174.6
"77,335",21,Male,american_football,DI,44,"2,640","2,240.75",196.56,7.62,24,1,3.06,27.29,75,44,6.77,8.45,50.93,83.53,287.35
"77,335",21,Male,american_football,DI,130,"7,800","4,820.79",219.68,39.23,28,4,2.22,29.26,126,86,6.48,6.35,37.08,89.56,478.74
"77,335",21,Male,american_football,DI,62,"3,720","2,298.36",446.68,54.41,47,6,2.22,27.11,50,41,7.31,6.06,37.07,82.99,296.05
"77,335",21,Male,american_football,DI,80,"4,800","2,888.07",26.76,0,3,0,2.17,22.66,91,34,6.89,5.48,36.1,69.37,255.47
"77,335",21,Male,american_football,DI,140,"8,400","5,569.81",156.55,14.55,17,2,2.39,28.61,157,80,6.24,7.2,39.78,87.58,581.82
"77,335",21,Male,american_football,DI,105,"6,300","3,921.16",140.08,4.48,13,1,2.24,25.12,119,59,6.59,6.68,37.34,76.9,429.4
"77,373",18,Female,association_football,DI,90,"5,400","1,442.26",22.17,27.1,5,4,0.96,23.27,7,20,4.86,6.8,16.03,55.04,232.47
"77,373",18,Female,association_football,DI,120,"7,200","7,348.96",111.25,17.8,13,3,3.67,26.66,63,85,6.74,7.03,61.24,63.05,"1,422.32"
"77,373",18,Female,association_football,DI,120,"7,200","3,388.86",68.41,5.97,9,1,1.69,23.05,31,28,6.21,6.18,28.24,54.52,458.73
"77,373",18,Female,association_football,DI,90,"5,400","2,399.83",15.4,0,1,0,1.6,21.79,16,13,6.49,6.23,26.66,51.52,378.4
"77,373",18,Female,association_football,DI,90,"5,400","5,726.31",35.62,0,5,0,3.82,22.24,42,61,7.18,7.15,63.63,52.59,"1,073.16"
"77,373",18,Female,association_football,DI,90,"5,400",978.96,0,0,0,0,0.65,14.79,7,10,5.23,4.95,10.88,34.98,85.15
"77,373",18,Female,association_football,DI,120,"7,200","8,053.16",68.34,99.92,9,3,4.03,28.8,58,104,5.57,6.61,67.11,68.09,"1,679.57"
"77,373",18,Female,association_football,DI,90,"5,400","4,669.53",66.78,19.57,8,4,3.11,23.62,47,69,6.67,6.07,51.88,55.84,"1,028.46"
"77,373",18,Female,association_football,DI,120,"7,200","6,439.20",69.25,5.07,10,1,3.22,22.19,50,67,5.65,7.7,53.66,54.32,918.27
"77,373",18,Female,association_football,DI,120,"7,200","5,824.42",23.79,0,3,0,2.91,21.49,38,45,5.72,5.64,48.54,52.61,802.25
"77,373",18,Female,association_football,DI,150,"9,000","3,463.06",3.2,0,1,0,1.39,18.88,14,23,5,5.89,23.09,46.24,534.85
"77,373",18,Female,association_football,DI,120,"7,200","6,477.51",78.57,4.3,11,1,3.24,22.47,56,55,5.77,6.18,53.98,55.02,870.43
"77,373",18,Female,association_football,DI,120,"7,200",241.42,0,0,0,0,0.12,9.08,0,0,0,0,2.01,22.22,23.33
"77,373",18,Female,association_football,DI,120,"7,200",410.83,0,0,0,0,0.21,8.19,0,0,0,0,3.42,20.06,25.44
"77,373",18,Female,association_football,DI,120,"7,200","6,955.26",116.02,103.59,13,3,3.48,27.81,42,41,5.85,5.08,57.96,68.1,919.91
"77,373",18,Female,association_football,DI,90,"5,400","2,121.16",4.24,7.62,1,1,1.41,22.77,4,2,4.92,4.94,23.57,55.76,175.58
"77,373",18,Female,association_football,DI,95,"5,700",551.87,0,0,0,0,0.35,5.03,0,0,0,0,5.81,12.33,10.11
"77,373",18,Female,association_football,DI,120,"7,200",261.47,0,0,0,0,0.13,8.4,0,0,0,0,2.18,19.86,30.88
"77,373",18,Female,association_football,DI,120,"7,200","4,632.17",29.82,5.08,4,1,2.32,23.04,35,43,4.7,5.89,38.6,54.48,733.77
"77,373",18,Female,association_football,DI,120,"7,200",200.04,0,0,0,0,0.1,8.57,0,0,0,0,1.67,20.26,23.19
"77,373",18,Female,association_football,DI,120,"7,200",283.84,0,0,0,0,0.14,6.41,0,0,0,0,2.37,15.15,34.02
"77,373",18,Female,association_football,DI,120,"7,200","2,104.73",58.36,10.44,10,2,1.05,23.36,31,26,6.37,6.52,17.54,55.25,442.75
"77,373",18,Female,association_football,DI,120,"7,200","6,348.64",103.78,72.59,13,3,3.17,28.4,67,47,6.29,8.23,52.91,67.17,"1,452.19"
"77,373",18,Female,association_football,DI,120,"7,200","4,702.35",197.18,88.44,23,8,2.35,26.89,41,52,6.93,7.38,39.19,63.59,"1,058.61"
"77,373",18,Female,association_football,DI,120,"7,200",459.23,0,0,0,0,0.23,6.2,0,0,0,0,3.83,15.18,25.63
"77,373",18,Female,association_football,DI,120,"7,200","6,452.12",106.56,40.37,15,3,3.23,24.43,52,52,5.28,6.69,53.77,59.8,866.99
"77,373",18,Female,association_football,DI,120,"7,200","5,534.23",165.88,"1,297.79",17,47,2.77,42.29,38,26,5.68,5.34,46.12,103.54,640.02
"77,373",18,Female,association_football,DI,120,"7,200","7,142.68",110.61,16.71,13,3,3.57,22.85,39,47,5.71,5.93,59.52,55.95,"1,032.96"
"77,373",18,Female,association_football,DI,120,"7,200","7,293.12",71.77,0,9,0,3.65,22.46,26,79,4.71,6.47,60.78,55,"1,038.08"
"77,373",18,Female,association_football,DI,90,"5,400",998.76,0,0,0,0,0.67,17.83,11,10,4.7,4.76,11.1,43.66,96.54
"77,373",18,Female,association_football,DI,120,"7,200","7,395.10",24.88,0,4,0,3.7,21.85,52,63,5.11,7.43,61.63,53.49,"1,135.11"
"77,373",18,Female,association_football,DI,120,"7,200",544.18,0,0,0,0,0.27,9.48,2,0,6.37,0,4.53,23.21,42.56
"77,373",18,Female,association_football,DI,120,"7,200","7,901.61",117.81,73.18,16,4,3.95,26.71,59,80,6.57,7.12,65.85,65.4,"1,431.24"
"77,373",18,Female,association_football,DI,90,"5,400","3,323.75",53.86,23.1,8,3,2.22,24.26,23,26,5.21,6.41,36.93,59.4,402.78
"77,373",18,Female,association_football,DI,120,"7,200","2,779.11",198.99,"1,818.08",23,36,1.39,40.84,1,3,2.98,3.26,23.16,146.84,448.75
"77,373",18,Female,association_football,DI,120,"7,200","2,149.72",7.73,8.1,2,1,1.07,23.97,13,23,4.34,7.44,17.91,58.7,287.21
"77,373",18,Female,association_football,DI,90,"5,400",607.05,0,0,0,0,0.4,15.27,1,1,4.17,4.68,6.75,37.39,49.16
"77,373",18,Female,association_football,DI,90,"5,400","4,589.10",44.49,0,6,0,3.06,21.37,43,38,5.91,6.72,50.99,52.32,551.64
"77,373",18,Female,association_football,DI,85,"5,100","3,226.45",70.08,3.91,10,1,2.28,23.3,27,17,5.28,6.59,37.96,57.06,516.74
"77,373",18,Female,association_football,DI,90,"5,400","5,576.81",261.12,28.67,18,3,3.72,24.64,43,49,5.71,7.18,61.96,60.32,877.12
"77,373",18,Female,association_football,DI,90,"5,400",475.38,0,0,0,0,0.32,15.32,4,5,3.92,4.19,5.28,37.51,42.83
"77,373",18,Female,association_football,DI,90,"5,400","3,744.48",39.38,5.91,6,1,2.5,22.6,37,32,6.1,6.04,41.61,55.33,452.97
"77,373",18,Female,association_football,DI,90,"5,400","5,352.65",55.85,97.43,9,4,3.57,26.68,31,40,6.07,5.5,59.47,65.32,718.94
"77,373",18,Female,association_football,DI,90,"5,400","5,344.74",40.43,88.75,7,3,3.56,27.66,47,53,6.02,6.3,59.39,67.73,772.42
"77,373",18,Female,association_football,DI,120,"7,200","3,748.53",14.12,0,1,0,1.87,22.59,12,19,5.84,4.94,31.24,55.31,444.19
"77,373",18,Female,association_football,DI,120,"7,200","6,255.69",83.86,47.74,13,4,3.13,26.42,65,84,7.3,7.8,52.13,64.69,"1,135.78"
"77,373",18,Female,association_football,DI,90,"5,400",343.28,0,0,0,0,0.23,7.99,1,0,4.59,0,3.81,18.9,31.24
"77,373",18,Female,association_football,DI,120,"7,200","2,230.99",21.59,6.84,4,1,1.12,26.89,47,31,6.5,9.62,18.59,63.59,521.74
"77,373",18,Female,association_football,DI,90,"5,400",648.66,0,0,0,0,0.43,13.82,5,4,4.73,3.91,7.21,32.69,77.95
"77,496",18,Male,association_football,DI,90,"5,400","5,935.26",126.12,11.25,14,1,3.96,26.69,42,38,5.09,6.27,65.95,64.71,920.82
"77,496",18,Male,association_football,DI,125,"7,500","8,140.69",219.14,84.47,26,6,3.91,27.5,58,74,5.15,7.75,65.13,0,"1,208.67"
"77,496",18,Male,association_football,DI,120,"7,200","5,798.93",256.44,8.78,23,1,2.9,25.36,46,40,5.79,5.74,48.32,92.21,839.24
"77,496",18,Male,association_football,DI,120,"7,200","8,936.34",389.88,92.94,32,5,4.47,29.54,50,71,7.12,8.05,74.47,107.39,"1,349.14"
"77,496",18,Male,association_football,DI,120,"7,200","5,912.81",85.18,8.67,5,1,2.96,25.21,45,20,6.85,6.24,49.27,91.68,621.73
"77,496",18,Male,association_football,DI,195,"11,700","8,402.92",197.66,56.11,22,8,2.59,26.63,48,57,6.26,6.65,43.09,96.81,"1,262.58"
"77,496",18,Male,association_football,DI,120,"7,200","8,457.26",271.24,59.22,24,6,4.23,27.11,47,49,5.69,5.92,70.48,98.56,"1,445.93"
"77,496",18,Male,association_football,DI,120,"7,200","7,376.19",118.83,0,14,0,3.69,23.74,65,61,6.04,5.58,61.47,86.32,"1,118.72"
"77,496",18,Male,association_football,DI,120,"7,200","5,861.81",46.37,0,4,0,2.93,22.85,38,41,5.85,6.02,48.85,83.07,826.03
"77,496",18,Male,association_football,DI,120,"7,200","5,749.95",109.8,0,9,0,2.87,24.6,48,31,5.77,5.8,47.92,83.3,781.85
"77,496",18,Male,association_football,DI,120,"7,200","7,709.34",168.52,10.82,19,2,3.85,24.97,63,52,5.47,5.57,64.24,84.56,"1,139.39"
"77,496",18,Male,association_football,DI,120,"7,200","5,045.54",164.66,116.41,20,7,2.52,29.71,39,45,4.83,5.88,42.05,100.59,837.73
"77,496",18,Male,association_football,DI,120,"7,200","7,049.05",296.99,61.74,26,3,3.52,29.48,52,61,6.08,8.71,58.74,99.83,"1,061.16"
"77,496",18,Male,association_football,DI,90,"5,400",990.76,0,0,0,0,0.66,16.52,3,4,4.15,4.24,11.01,55.62,152.25
"77,496",18,Male,association_football,DI,90,"5,400","4,646.05",97.72,0,9,0,3.1,25.18,42,32,6.28,6.63,51.62,91.54,703.8
"77,496",18,Male,association_football,DI,90,"5,400","5,099.41",15.94,0,2,0,3.4,21.34,62,52,5.99,6.41,56.66,72.27,616.86
"77,496",18,Male,association_football,DI,120,"7,200","8,397.55",281.49,106.21,31,8,4.2,27.52,66,69,6.32,6.63,69.98,92.63,"1,420.57"
"77,496",18,Male,association_football,DI,95,"5,700","6,781.15",74.84,0,9,0,4.28,24.45,69,73,5.88,5.58,71.38,82.28,"1,226.69"
"77,496",18,Male,association_football,DI,120,"7,200","7,685.74",200.71,30.18,22,4,3.84,26.2,64,62,5.8,7.43,64.05,88.19,"1,285.92"
"77,496",18,Male,association_football,DI,120,"7,200","5,351.69",53.31,0,6,0,2.68,22.96,41,51,6.44,6.1,44.6,77.29,839.01
"77,496",18,Male,association_football,DI,90,"5,400","4,794.17",124.74,0,16,0,3.2,23.59,53,32,5.56,5.2,53.27,79.86,560.66
"77,496",18,Male,association_football,DI,121,"7,260","3,724.90",21.42,0,2,0,1.85,22.32,44,44,4.88,5.82,30.78,75.13,524.97
"77,496",18,Male,association_football,DI,120,"7,200","6,750.21",172.74,13.14,17,2,3.38,26.32,53,40,5.5,5.63,56.25,63.79,"1,178.43"
"77,496",18,Male,association_football,DI,91,"5,460","3,762.51",42.26,0,3,0,2.48,23.53,28,21,4.27,5.12,41.35,79.19,577.97
"77,496",18,Male,association_football,DI,121,"7,260","5,582.48",93.47,0,12,0,2.77,22.61,60,56,6.28,5.97,46.14,76.11,874.93
"77,496",18,Male,association_football,DI,101,"6,060","1,537.99",31.9,0,1,0,0.91,25.23,5,22,4.51,5.78,15.23,84.94,246.59
"77,496",18,Male,association_football,DI,100,"6,000","3,785.16",212.47,30.74,18,1,2.27,30.52,25,38,6.12,6.73,37.85,102.72,731.5
"77,496",18,Male,association_football,DI,100,"6,000","4,489.61",237.53,74.12,20,5,2.69,29.83,19,46,5.63,7.47,44.9,72.3,802.87
"77,496",18,Male,association_football,DI,100,"6,000","3,644.65",179.66,0,14,0,2.19,24.68,17,30,5.31,6.53,36.45,59.82,656.55
"77,496",18,Male,association_football,DI,100,"6,000","7,356.40",247.62,75.18,30,7,4.41,28.7,44,66,6.47,9.53,73.56,69.58,"1,298.49"
"77,496",18,Male,association_football,DI,51,"3,060","6,464.43",439.03,96.18,38,6,7.61,29.83,39,61,5.79,8.49,126.75,72.32,"1,349.88"
"77,496",18,Male,association_football,DI,120,"7,200","7,654.19",494.9,44.5,40,5,3.83,28.59,71,54,5.99,7.64,63.78,96.24,"1,328.76"
"77,496",18,Male,association_football,DI,120,"7,200","5,551.78",113.38,17.49,8,1,2.78,26.44,57,35,6.47,6.7,46.26,89,834.68
"77,496",18,Male,association_football,DI,120,"7,200","6,809.30",84.35,0,9,0,3.4,24.52,53,60,5.4,6.9,56.74,80.33,"1,064.65"
"77,496",18,Male,association_football,DI,120,"7,200","5,909.01",178.71,282.61,20,19,2.95,41.25,34,28,7.64,5.74,49.24,135.17,"1,183"
"77,496",18,Male,association_football,DI,120,"7,200","7,960.73",259.83,62.09,28,5,3.98,28.83,62,56,5.41,5.98,66.34,69.89,"1,440.62"
"77,496",18,Male,association_football,DI,120,"7,200","1,862.76",8.04,0,1,0,0.93,20.87,17,4,4.79,3.67,15.52,50.6,258.12
"77,496",18,Male,association_football,DI,120,"7,200","8,185.49",306.45,30.61,27,4,4.09,27.42,48,71,5.21,6.86,68.21,66.46,"1,320.12"
"77,496",18,Male,association_football,DI,90,"5,400","4,947.80",102.62,0,11,0,3.3,24.66,53,42,5.62,6.78,54.98,59.77,833.64
"77,496",18,Male,association_football,DI,120,"7,200","8,917.11",508.28,79.5,40,7,4.46,30.49,66,62,5.76,6.13,74.31,73.92,"1,597.81"
"77,496",18,Male,association_football,DI,95,"5,700","4,758.27",153.87,0,11,0,3.01,23.75,29,31,5.94,7.43,50.09,57.57,699.84
"77,496",18,Male,association_football,DI,110,"6,600","7,892.43",218.17,32.77,26,4,4.3,26.91,58,56,5.5,5.84,71.75,65.23,"1,380.21"
"77,496",18,Male,association_football,DI,75,"4,500","5,218.73",20.11,0,2,0,4.17,22.47,30,36,6.2,6.07,69.58,54.48,838.8
"77,496",18,Male,association_football,DI,90,"5,400","6,141",96.75,0,9,0,4.09,24.46,36,27,6.08,6.31,68.23,59.3,873.23
"77,496",18,Male,association_football,DI,90,"5,400","6,426.76",99.73,4.46,15,1,4.28,25.37,47,59,5.6,5.81,71.41,61.49,"1,046.37"
"77,496",18,Male,association_football,DI,90,"5,400","5,720.32",33.96,0,5,0,3.81,22.01,40,36,5.45,6.96,63.56,53.35,969.16
"77,496",18,Male,association_football,DI,80,"4,800","5,208.46",54.64,57.03,6,2,3.91,27.91,30,38,4.86,6.56,65.11,67.67,782.9
"77,669",20,Female,association_football,DI,116,"6,960","6,619.22",77.48,0,7,0,3.42,21.11,22,22,4.91,5.32,57.06,52.4,989.63
"77,669",20,Female,association_football,DI,105,"6,300","4,310.57",5.45,0,1,0,2.46,20.01,39,24,5.22,5.44,41.05,75.32,632.71
"77,669",20,Female,association_football,DI,91,"5,460","6,848.54",62.05,28.9,8,2,4.52,24.87,17,22,4.25,5.09,75.26,61.74,"1,155.55"
"77,669",20,Female,association_football,DI,99,"5,940","3,637.97",62.57,12.34,7,2,2.2,23.57,22,23,4.7,4.83,36.75,59.61,414.57
"77,669",20,Female,association_football,DI,80,"4,800","3,624.38",39.28,40.12,7,1,2.72,26.17,33,25,5.02,4.85,45.3,64.98,488.85
"77,669",20,Female,association_football,DI,90,"5,400","3,547.63",52.18,6.05,6,1,2.37,22.59,10,17,4.34,4.93,39.42,56.09,519.76
"77,669",20,Female,association_football,DI,60,"3,600","1,613.75",6.36,0,1,0,1.61,20.35,7,2,4.78,3.14,26.9,50.51,170.6
"77,669",20,Female,association_football,DI,120,"7,200","6,512.67",272.18,28.96,23,3,3.26,24.26,22,18,5.27,5.99,54.27,60.24,859.33
"77,669",20,Female,association_football,DI,80,"4,800","4,544.15",140.77,0,20,0,3.41,22.43,39,26,5.8,5.98,56.8,83.48,594.39
"77,669",20,Female,association_football,DI,90,"5,400","3,638.38",43.27,6.24,7,1,2.43,22.8,32,28,4.76,4.87,40.43,56.61,434.13
"77,669",20,Female,association_football,DI,76,"4,560","2,739.05",4.05,0,1,0,2.16,19.16,13,8,4.71,4.94,36.04,47.58,277.29
"77,669",20,Female,association_football,DI,90,"5,400","9,047.09",110.5,72.12,14,5,6.03,25.39,35,48,4.84,5.33,100.52,63.03,"1,407.49"
"77,669",20,Female,association_football,DI,90,"5,400","6,721.49",103.12,45.02,12,2,4.48,24.57,22,35,5.61,4.96,74.68,61,954.53
"77,669",20,Female,association_football,DI,90,"5,400","5,417.61",102.62,44.06,11,3,3.61,25.28,33,27,5.55,5.54,60.2,62.77,735.04
"77,669",20,Female,association_football,DI,90,"5,400","4,096.39",10.66,0,2,0,2.73,19.73,21,44,4.51,5.96,45.52,48.99,587.63
"77,669",20,Female,association_football,DI,105,"6,300","2,937.99",55.81,18.26,9,3,1.68,23.49,30,28,5.58,5.8,27.98,101.22,361.93
"77,669",20,Female,association_football,DI,90,"5,400","3,858.60",4.97,0,1,0,2.57,19.14,20,19,4.91,4.83,42.87,47.52,586.91
"77,669",20,Female,association_football,DI,75,"4,500",874.58,0,0,0,0,0.7,13.36,3,0,4.17,0,11.66,56.89,90.47
"77,669",20,Female,association_football,DI,78,"4,680","5,277.90",112.15,35.34,9,2,4.06,25.55,33,43,5.66,5.76,67.67,108.79,805.11
"77,669",20,Female,association_football,DI,100,"6,000","2,225.34",9.53,0,1,0,1.34,21.5,21,16,4.9,5.19,22.25,53.37,324.56
"77,669",20,Female,association_football,DI,110,"6,600","4,590.47",104.64,111.03,16,4,2.5,26.57,29,24,5.72,4.85,41.73,103.99,552.96
"77,669",20,Female,association_football,DI,105,"6,300","2,983.63",48.29,23.65,8,3,1.7,24.94,17,17,4.81,6.62,28.42,93.85,350.33
"77,669",20,Female,association_football,DI,120,"7,200","6,765.19",69.72,4.62,8,1,3.38,22.67,15,34,4.34,5.13,56.38,85.31,978.71
"77,669",20,Female,association_football,DI,90,"5,400","3,760.69",93.5,48.99,12,6,2.51,24.55,54,33,4.72,7.81,41.79,60.96,507.68
"77,669",20,Female,association_football,DI,90,"5,400","5,828.53",153.53,35.16,15,2,3.89,24.27,19,29,4.34,4.84,64.76,60.25,863.88
"77,669",20,Female,association_football,DI,90,"5,400","6,919.89",70.26,15.29,8,1,4.61,25,28,40,5.76,5.81,76.89,62.08,889.13
"77,669",20,Female,association_football,DI,70,"4,200","2,757.88",0,0,0,0,2.36,18.74,23,13,5.57,4.42,39.4,46.53,272.4
"77,669",20,Female,association_football,DI,90,"5,400","8,097.59",133.54,0,12,0,5.4,22.53,25,37,4.73,5.21,89.97,55.93,"1,163.86"
"77,669",20,Female,association_football,DI,123,"7,380","7,948.60",102.08,11.54,11,1,3.88,23.2,36,34,4.94,4.83,64.62,0,"1,224.34"
"77,669",20,Female,association_football,DI,110,"6,600","2,974.66",33.48,0,3,0,1.62,21.21,29,31,5.01,6.23,27.04,52.67,378.67
"77,669",20,Female,association_football,DI,90,"5,400","5,459.88",60.77,12.59,10,2,3.64,23.79,14,28,4.63,6.85,60.67,59.05,825.35
"77,669",20,Female,association_football,DI,110,"6,600","3,139.83",73.72,45.17,10,2,1.71,25.48,10,15,4.01,4.74,28.54,63.25,371.49
"77,669",20,Female,association_football,DI,90,"5,400","4,292.26",73.91,37.68,13,1,2.86,26.87,36,21,5,6.32,47.69,66.7,616.18
"77,669",20,Female,association_football,DI,100,"6,000","4,745.46",37.2,38.71,5,3,2.85,25.31,28,29,5.69,5.34,47.45,95.27,606.71
"77,669",20,Female,association_football,DI,110,"6,600","3,971.58",57.02,0,8,0,2.17,21.9,34,31,5.89,5.64,36.11,54.36,510.3
"77,669",20,Female,association_football,DI,90,"5,400","5,977.42",72.99,11.25,9,2,3.98,22.89,29,36,5.15,5.32,66.42,56.84,788.82
"77,669",20,Female,association_football,DI,90,"5,400","5,220.35",76.4,38.6,11,3,3.48,25.68,14,26,5.1,5.86,58,63.74,787.75
"77,669",20,Female,association_football,DI,90,"5,400","4,226.36",15.55,0,2,0,2.82,21.45,28,22,5.86,5.7,46.96,53.25,556.9
"77,669",20,Female,association_football,DI,110,"6,600","4,106.99",26.16,0,2,0,2.24,22.07,34,23,5.03,5.08,37.34,54.8,536.74
"77,669",20,Female,association_football,DI,100,"6,000","8,889.39",77.9,8.94,11,1,5.33,24.01,25,43,4.34,5.83,88.89,59.6,"1,092.89"
"77,669",20,Female,association_football,DI,110,"6,600","5,721.71",102.33,40.01,11,3,3.12,24.36,52,34,5.3,5.62,52.02,60.49,814.87
"77,669",20,Female,association_football,DI,105,"6,300","10,524.62",52.37,8.41,7,2,6.01,22.81,35,52,4.71,6.28,100.23,56.63,"1,803.29"
"77,669",20,Female,association_football,DI,100,"6,000","9,947.54",181.09,26.06,19,3,5.97,23.64,29,44,5.27,5.83,99.48,58.69,"1,410.46"
"77,669",20,Female,association_football,DI,77,"4,620","2,965.36",39.86,10.01,5,1,2.31,24.22,14,12,4.38,4.05,38.51,90.16,336.77
"77,669",20,Female,association_football,DI,95,"5,700","3,783.97",31.98,0,4,0,2.39,21.73,33,16,5.26,4.67,39.83,80.87,495.63
"77,669",20,Female,association_football,DI,70,"4,200","1,739.81",0,0,0,0,1.49,14.86,4,1,4.16,2.59,24.85,36.89,153.4
"77,669",20,Female,association_football,DI,100,"6,000","3,709.04",37.56,60.54,5,1,2.23,26.53,32,22,5.26,5.11,37.09,65.87,457.07
"77,669",20,Female,association_football,DI,104,"6,240","9,016.24",81.72,83.34,11,3,5.2,25.78,29,31,4.33,7.21,86.69,64,"1,409.78"
"77,669",20,Female,association_football,DI,90,"5,400","9,673.75",167.34,28.19,16,2,6.45,23.85,31,50,5.14,6.15,107.49,59.22,"1,624.78"
"77,709",22,Male,association_football,DI,105,"6,300",374.67,0,0,0,0,0.21,19.21,0,0,0,0,3.57,68.83,80.2
"77,709",22,Male,association_football,DI,111,"6,660","6,738.65",171.22,19.12,20,3,3.64,25.84,68,70,6.01,7.97,60.71,0,894.11
"77,709",22,Male,association_football,DI,83,"4,980","5,770.69",143.49,6.85,14,1,4.17,25.29,49,38,6.18,5.99,69.53,97.91,774.6
"77,709",22,Male,association_football,DI,60,"3,600","1,584.50",0,0,0,0,1.58,12.33,4,1,3.83,2.75,26.41,28.79,61.85
"77,709",22,Male,association_football,DI,103,"6,180","3,331.94",0,0,0,0,1.94,8.9,0,0,0,0,32.35,20.78,61.09
"77,709",22,Male,association_football,DI,115,"6,900","3,189.76",8.8,0,2,0,1.66,20.52,58,88,6.99,8.75,27.74,47.9,377.61
"77,709",22,Male,association_football,DI,80,"4,800","3,980.85",39.6,0,5,0,2.99,22.71,31,25,5.32,6.74,49.76,81.4,550.56
"77,709",22,Male,association_football,DI,120,"7,200","6,657.12",94.71,0,11,0,3.33,24.2,61,66,5.16,7.14,55.48,93.68,842.74
"77,709",22,Male,association_football,DI,130,"7,800","7,765.49",85.18,29.85,10,2,3.58,26.89,93,63,5.97,5.72,59.73,104.08,"1,072.39"
"77,709",22,Male,association_football,DI,108,"6,480","4,171.10",17.59,0,3,0,2.32,21.97,35,26,6.4,5.61,38.62,81.7,408.14
"77,709",22,Male,association_football,DI,60,"3,600","2,720.04",32.79,0,4,0,2.72,23.86,26,30,5.61,6.3,45.33,88.75,341.82
"77,709",22,Male,association_football,DI,139,"8,340","9,096.70",156.07,29.73,16,2,3.93,26.53,69,77,7.52,6.98,65.44,98.67,"1,461.52"
"77,709",22,Male,association_football,DI,80,"4,800","5,065.82",55.17,0,7,0,3.8,22.49,48,36,5.99,6.97,63.32,80.61,676.22
"77,709",22,Male,association_football,DI,103,"6,180","10,322.16",482.48,62.12,39,2,6.01,27.9,50,115,5.27,6.84,100.22,100.56,"1,664.77"
"77,709",22,Male,association_football,DI,97,"5,820","8,121.37",291.48,9.33,26,2,5.02,25.2,39,63,6.7,6.56,83.73,90.32,"1,280.63"
"77,709",22,Male,association_football,DI,96,"5,760","10,088.80",415.44,21.99,35,3,6.31,26.51,46,93,6.22,6.35,105.09,95.01,"1,386.96"
"77,709",22,Male,association_football,DI,110,"6,600","3,366.37",36.78,0,6,0,1.84,21.16,16,21,5.54,5.43,30.6,75.82,459.41
"77,709",22,Male,association_football,DI,71,"4,260",833.35,0,0,0,0,0.7,18.97,14,2,5.81,3.2,11.74,67.99,78.74
"77,709",22,Male,association_football,DI,81,"4,860","4,502.01",91.01,0,7,0,3.33,24.49,47,30,5.88,6.29,55.58,57.17,580.61
"77,709",22,Male,association_football,DI,99,"5,940","5,185.64",111.9,47.2,9,4,3.14,27.75,28,35,5.3,6.27,52.38,99.44,845.26
"77,709",22,Male,association_football,DI,111,"6,660",226.49,0,0,0,0,0.12,8.35,1,0,4,0,2.04,29.93,13.35
"77,709",22,Male,association_football,DI,51,"3,060","2,961.18",0,0,0,0,3.48,15.71,10,8,5.37,5.96,58.06,56.3,170.36
"77,709",22,Male,association_football,DI,109,"6,540","1,837.89",9.07,6.6,2,1,1.01,25.41,12,5,4.84,6.23,16.86,91.07,270.75
"77,709",22,Male,association_football,DI,70,"4,200","3,914.53",26.62,0,6,0,3.36,20.87,59,40,5.63,5.75,55.92,48.7,540.99
"77,709",22,Male,association_football,DI,105,"6,300","4,635.74",114.34,0,11,0,2.65,24.85,54,54,5.51,8.49,44.15,57.99,632.88
"77,709",22,Male,association_football,DI,93,"5,580","6,907.99",73.59,0,7,0,4.46,24.96,50,61,5.87,8.12,74.28,58.26,902.66
"77,709",22,Male,association_football,DI,105,"6,300","5,565.66",41.69,0,5,0,3.18,25.14,57,50,5.64,7,53.01,90.08,792.72
"77,709",22,Male,association_football,DI,120,"7,200","6,383.82",47.66,26.85,6,2,3.19,28.59,53,48,5.43,6.34,53.2,102.47,909.66
"77,709",22,Male,association_football,DI,106,"6,360","3,527.22",0,0,0,0,2,18.82,80,95,9.94,8.94,33.28,43.92,445.2
"77,709",22,Male,association_football,DI,115,"6,900","3,792.72",0,0,0,0,1.98,17.63,14,12,5.72,5.53,32.98,41.15,355.32
"77,709",22,Male,association_football,DI,105,"6,300","4,521.13",0,0,0,0,2.58,19.17,44,18,5.71,5.79,43.06,44.75,465.96
"77,709",22,Male,association_football,DI,297,"17,820","16,230.14",731.56,"2,156.17",43,37,3.28,42.85,69,69,5.86,6.53,54.65,100.03,"1,500.97"
"77,709",22,Male,association_football,DI,92,"5,520","2,603.10",21.82,0,4,0,1.7,21.29,41,68,7.17,9.26,28.29,49.7,315.47
"77,709",22,Male,association_football,DI,92,"5,520","3,475.98",0,0,0,0,2.27,17.52,50,81,8.2,8.41,37.78,40.9,420.47
"77,709",22,Male,association_football,DI,101,"6,060","1,765.34",0,0,0,0,1.05,18.26,13,24,5.89,9.68,17.48,42.62,196.72
"77,709",22,Male,association_football,DI,85,"5,100","3,184.20",11.28,0,3,0,2.25,20.04,92,92,9.87,9.86,37.46,46.77,401.58
"77,709",22,Male,association_football,DI,90,"5,400","2,087.85",0,0,0,0,1.39,17.63,56,26,6.74,5.96,23.2,41.15,198.62
"77,709",22,Male,association_football,DI,90,"5,400","3,768.50",192.89,68.73,24,7,2.51,27.65,63,31,7.5,8.61,41.87,64.52,372.63
"77,930",20,Male,american_football,DI-FCS,137,"8,220","1,985.12",384.62,130.34,32,9,0.87,28.37,23,6,6.94,3.89,14.49,95.79,332.45
"77,930",20,Male,american_football,DI-FCS,80,"4,800","2,729.80",104.8,0,8,0,2.05,24,61,14,6.33,5.3,34.12,83.8,270.39
"77,930",20,Male,american_football,DI-FCS,95,"5,700","1,587.60",74.83,0,8,0,1,22.36,55,21,6.19,5.07,16.71,0,322.37
"77,930",20,Male,american_football,DI-FCS,80,"4,800","1,589.39",91.41,160.53,14,7,1.19,30.95,34,52,9.39,7.65,19.87,104.51,229.7
"77,930",20,Male,american_football,DI-FCS,106,"6,360","4,891.89",297.37,425.83,46,26,2.77,29.07,87,101,8.71,8.35,46.15,98.17,614.56
"77,930",20,Male,american_football,DI-FCS,90,"5,400","3,146.80",148.23,0,19,0,2.1,24.76,49,77,7.05,9.77,34.96,79.99,363.93
"77,930",20,Male,american_football,DI-FCS,130,"7,800","5,840.25",490.91,164.69,39,14,2.7,29.62,112,100,7.98,9.32,44.93,103.42,793.89
"78,306",20,Male,american_football,DI-FCS,106,"6,360","5,125.21",542.1,33.43,37,5,2.9,27.15,95,137,9.68,9.33,48.35,95.4,643.68
"78,306",20,Male,american_football,DI-FCS,80,"4,800","3,089.82",121.51,0,11,0,2.32,24.64,62,37,9.42,9.7,38.62,86.6,329.23
"78,306",20,Male,american_football,DI-FCS,90,"5,400","2,858.97",119.73,0,11,0,1.91,24.49,50,76,9.18,7.82,31.77,86.07,322.94
"78,306",20,Male,american_football,DI-FCS,80,"4,800","2,817.16",118.75,131.88,16,12,2.11,28.45,42,54,7.81,8.87,35.21,105.29,359.06
"78,306",20,Male,american_football,DI-FCS,95,"5,700","1,465.14",33.89,0,5,0,0.93,21.42,49,26,5.9,5.5,15.42,0,266.63
"78,306",20,Male,american_football,DI-FCS,130,"7,800","5,268.48",264.13,108.14,26,11,2.43,27.99,91,93,9.25,8.22,40.53,98.37,668.8
"78,554",18,Female,association_football,DI,120,"7,200","3,930",13.76,8.35,2,1,1.97,25.37,34,21,5.56,7.49,32.75,62.15,528.06
"78,554",18,Female,association_football,DI,90,"5,400","2,902.82",0,0,0,0,1.94,18.65,24,9,4.5,4.16,32.25,45.71,338.3
"78,554",18,Female,association_football,DI,95,"5,700","8,863.22",106.34,54.08,15,4,5.6,25.92,45,49,4.5,5.26,93.3,63.51,"1,201.72"
"78,554",18,Female,association_football,DI,90,"5,400","7,376.15",36.25,5.01,5,1,4.92,23,46,49,4.99,5.6,81.96,56.34,"1,061.39"
"78,554",18,Female,association_football,DI,120,"7,200","1,719.89",0,0,0,0,0.86,16.79,15,1,4.02,3.77,14.33,41.15,205.98
"78,554",18,Female,association_football,DI,90,"5,400","8,736.10",55.31,44.05,8,2,5.82,26.16,43,60,5.04,5.92,97.07,64.09,"1,242.26"
"78,554",18,Female,association_football,DI,120,"7,200",495.51,0,0,0,0,0.25,11.35,0,0,0,0,4.13,27.8,32.04
"78,554",18,Female,association_football,DI,120,"7,200","6,139.17",25.16,15.06,4,1,3.07,24.58,31,27,6.09,4.87,51.16,60.22,798.46
"78,554",18,Female,association_football,DI,120,"7,200","5,106.92",157.41,"1,302.52",15,46,2.55,42.22,42,11,4.67,4.61,42.56,103.44,564.85
"78,554",18,Female,association_football,DI,120,"7,200","2,669.34",185.27,"1,858.75",22,41,1.33,40.8,0,4,0,4.03,22.24,99.96,455.33
"78,554",18,Female,association_football,DI,120,"7,200","5,857.28",353.88,"3,652.12",46,104,2.93,40.81,8,8,6.24,3.86,48.81,100.04,893.84
"78,554",18,Female,association_football,DI,90,"5,400","8,669.23",78.32,22.63,9,2,5.78,26.27,40,30,4.87,6.48,96.32,64.37,"1,250.90"
"78,554",18,Female,association_football,DI,85,"5,100","2,033.93",6,0,1,0,1.44,19.56,28,8,4.31,4.2,23.93,47.92,180.21
"78,554",18,Female,association_football,DI,90,"5,400","8,619.19",91.77,23.84,11,2,5.75,23.42,55,40,5.23,7.27,95.77,57.37,"1,230.79"
"78,554",18,Female,association_football,DI,90,"5,400","3,062.66",3.56,0,1,0,2.04,19.01,19,20,4.56,5.2,34.03,46.58,335.44
"78,554",18,Female,association_football,DI,90,"5,400","3,872.47",8.8,0,2,0,2.58,19.29,33,32,5.11,6.32,43.03,47.26,395.64
"78,554",18,Female,association_football,DI,90,"5,400","4,312.01",15.82,0,4,0,2.87,19.83,38,22,5.18,4.79,47.91,48.58,457.52
"78,554",18,Female,association_football,DI,90,"5,400","3,816.90",75.05,0,5,0,2.54,21.35,38,17,4.94,4.32,42.41,52.31,434.42
"78,554",18,Female,association_football,DI,90,"5,400","3,155.85",36.17,49.32,5,2,2.1,24.7,28,10,4.66,5.37,35.07,60.52,353.02
"78,554",18,Female,association_football,DI,100,"6,000","9,444.93",110.56,55.3,15,4,5.67,27.11,35,50,4.4,5.48,94.45,66.42,"1,203.97"
"78,554",18,Female,association_football,DI,120,"7,200","5,290.36",38.97,40.02,7,3,2.65,25.38,48,25,5.2,6.51,44.09,62.17,635.73
"78,554",18,Female,association_football,DI,90,"5,400","3,506.35",3.21,0,1,0,2.34,19.11,28,16,4.79,5.71,38.96,46.81,433.88
"78,554",18,Female,association_football,DI,95,"5,700","8,064.75",52.22,48.54,7,3,5.09,24.69,42,38,4.86,5.73,84.89,60.5,"1,220.78"
"78,554",18,Female,association_football,DI,90,"5,400","3,813.93",3.34,0,1,0,2.54,18.84,51,39,5.23,5.21,42.38,46.17,487.53
"78,554",18,Female,association_football,DI,90,"5,400","2,333.41",0,0,0,0,1.56,18.01,11,6,4.57,5.22,25.93,44.12,193.25
"78,554",18,Female,association_football,DI,120,"7,200","6,441.07",118.22,50.4,13,4,3.22,24.79,54,31,5.58,5.66,53.68,60.73,773.29
"78,554",18,Female,association_football,DI,105,"6,300","10,352.08",104.85,11.62,14,2,5.92,22.54,59,67,4.68,6.6,98.59,55.22,"1,552.30"
"78,554",18,Female,association_football,DI,120,"7,200","4,386.87",49.02,8.95,8,1,2.19,22.96,25,22,5.49,5.4,36.56,56.24,503.93
"78,554",18,Female,association_football,DI,120,"7,200","3,956.37",48.2,0,6,0,1.98,21.84,45,21,5.14,5.15,32.97,53.5,443.57
"78,554",18,Female,association_football,DI,150,"9,000","8,512.34",63.91,8.54,6,1,3.4,22.53,78,74,5.07,5.73,56.75,55.21,"1,161.48"
"78,554",18,Female,association_football,DI,120,"7,200","4,597.47",18.83,0,5,0,2.3,19.37,49,34,5.4,4.98,38.31,47.47,549.59
"78,554",18,Female,association_football,DI,120,"7,200","5,514.59",18.46,0,3,0,2.76,20.33,63,39,5.76,6.26,45.95,49.8,737.13
"78,554",18,Female,association_football,DI,120,"7,200","4,981.68",33.31,0,4,0,2.49,20.81,35,17,4.61,5.4,41.51,50.98,596.5
"78,554",18,Female,association_football,DI,90,"5,400","3,405.60",59.57,0,4,0,2.27,23.17,30,10,5.09,4.08,37.84,56.78,394.31
"78,554",18,Female,association_football,DI,90,"5,400","7,203.91",80.03,0,8,0,4.8,21.68,33,35,4.28,5.43,80.04,51.35,"1,013.20"
"78,554",18,Female,association_football,DI,90,"5,400","1,494.64",0,0,0,0,1,17.07,3,3,4.66,4.79,16.61,40.42,168.44
"78,554",18,Female,association_football,DI,120,"7,200",319.85,0,0,0,0,0.16,18.54,0,1,0,3.23,2.67,43.91,59.33
"78,554",18,Female,association_football,DI,90,"5,400","6,566.73",50.85,35.47,6,2,4.38,25.6,32,27,4.87,5.46,72.96,60.62,963.35
"78,554",18,Female,association_football,DI,120,"7,200","1,830.59",0,0,0,0,0.92,18.65,30,19,5.56,5.06,15.25,44.17,342.44
"78,554",18,Female,association_football,DI,90,"5,400","1,083.43",3.44,0,1,0,0.72,19.69,5,4,4.42,5.05,12.04,46.64,158.77
"78,554",18,Female,association_football,DI,120,"7,200","5,057.11",154.51,63.89,16,6,2.53,24.12,27,32,5.77,5.47,42.14,57.13,755.53
"78,554",18,Female,association_football,DI,120,"7,200","4,418.97",100.84,23.36,8,1,2.21,25.6,43,15,5.11,5.02,36.82,60.62,622.27
"78,554",18,Female,association_football,DI,120,"7,200","1,839.66",4.44,0,1,0,0.92,19.4,19,22,6.27,6.92,15.33,45.96,344.64
"78,554",18,Female,association_football,DI,120,"7,200",384.26,0,0,0,0,0.19,5.87,0,0,0,0,3.2,13.9,45.36
"78,554",18,Female,association_football,DI,120,"7,200","1,514.23",8.46,0,1,0,0.76,20.02,22,15,5.04,5.72,12.62,47.41,231.7
"78,554",18,Female,association_football,DI,120,"7,200","1,722.18",0,0,0,0,0.86,18.83,16,4,5.54,4.44,14.35,44.59,343.21
"78,554",18,Female,association_football,DI,120,"7,200","1,374.60",0,0,0,0,0.69,19.01,11,7,4.76,4.14,11.45,45.02,163.88
"78,554",18,Female,association_football,DI,90,"5,400","4,379.88",52.33,11.18,7,1,2.92,23.26,25,29,4.09,4.94,48.67,55.08,641.5
"78,554",18,Female,association_football,DI,120,"7,200","5,936.67",50.03,50.31,6,2,2.97,25.5,46,38,4.78,4.7,49.47,60.4,702.98
"78,554",18,Female,association_football,DI,90,"5,400","8,533.53",102.41,8.6,8,1,5.69,22.89,54,59,5.22,5.65,94.82,54.2,"1,192.96"
"78,554",18,Female,association_football,DI,120,"7,200","1,762.36",3.32,0,1,0,0.88,19.49,7,3,4.41,2.98,14.69,47.76,175.59
"78,554",18,Female,association_football,DI,90,"5,400","9,256.90",66.14,11.46,8,1,6.17,24.12,43,53,5.07,5.92,102.85,57.12,"1,245.38"
"78,554",18,Female,association_football,DI,120,"7,200","5,216.01",37.91,0,3,0,2.61,21.64,53,19,4.85,5.36,43.47,53.03,652.8
"78,554",18,Female,association_football,DI,120,"7,200","4,357.09",13.89,0,3,0,2.18,19.41,39,24,4.84,4.67,36.31,45.98,504.78
"78,554",18,Female,association_football,DI,120,"7,200","2,476.89",3.17,0,1,0,1.24,19.17,24,16,4.39,5.1,20.64,45.4,260.46
"78,554",18,Female,association_football,DI,120,"7,200","4,919.24",11.25,0,2,0,2.46,22.28,27,23,5.32,8.12,40.99,54.6,695.57
"78,554",18,Female,association_football,DI,120,"7,200","5,836.79",65.68,8.37,5,2,2.92,23,70,42,5.71,4.87,48.64,56.34,676.44
"78,554",18,Female,association_football,DI,90,"5,400","1,157.82",0,0,0,0,0.77,18.47,4,1,3.97,3.48,12.86,45.26,92.63
"79,189",19,Female,association_football,DI,90,"5,400",450.13,0,0,0,0,0.3,8.1,4,1,5.84,3.72,5,111.6,44.79
"79,189",19,Female,association_football,DI,100,"6,000",207.72,0,0,0,0,0.12,7.26,1,1,3.25,4.28,2.08,0,11.24
"79,189",19,Female,association_football,DI,75,"4,500","3,973.78",0,0,0,0,3.18,14.14,12,12,6.27,6.13,52.98,174.54,475.28
"79,413",20,Female,association_football,DI,60,"3,600","1,548.52",21.82,0,4,0,1.55,20.62,14,11,5.48,5.34,25.81,75.93,168.92
"79,413",20,Female,association_football,DI,80,"4,800","4,955.66",18.25,0,4,0,3.72,23.26,73,41,9.69,9.64,61.95,85.66,"2,772.07"
"79,413",20,Female,association_football,DI,105,"6,300","2,789.23",24.34,0,4,0,1.59,21.73,24,21,6.06,5.52,26.56,80,313.42
"79,413",20,Female,association_football,DI,78,"4,680","4,166",15.2,0,2,0,3.2,20.95,32,28,5.1,5.68,53.41,77.16,536.25
"79,413",20,Female,association_football,DI,75,"4,500",757.14,0,0,0,0,0.61,12.92,0,0,0,0,10.1,47.58,68.88
"79,413",20,Female,association_football,DI,123,"7,380","6,650.49",140.13,72.9,20,6,3.24,27.16,27,25,6.57,5.23,54.07,0,871.77
"79,413",20,Female,association_football,DI,110,"6,600","4,534.62",100.6,103.1,12,3,2.47,26.11,23,16,5.51,5.79,41.22,96.17,484.09
"79,413",20,Female,association_football,DI,105,"6,300","3,030.78",16.07,0,3,0,1.73,21.81,18,12,9.91,9.69,28.86,80.3,338.34
"79,413",20,Female,association_football,DI,70,"4,200","2,544.65",4.6,0,1,0,2.18,21.27,14,21,5.09,4.39,36.35,78.32,260.48
"79,421",20,Female,association_football,DI,105,"6,300","2,907.11",7.47,0,2,0,1.66,19.48,19,16,4.6,5.67,27.69,93.28,334.29
"79,421",20,Female,association_football,DI,105,"6,300","4,272.67",0,0,0,0,2.44,18.11,23,18,5.91,5.37,40.69,74.6,589.13
"79,421",20,Female,association_football,DI,100,"6,000","4,787.66",42.4,10.63,4,1,2.87,23.87,20,20,5.46,4.68,47.88,98.3,509.84
"79,421",20,Female,association_football,DI,116,"6,960","2,001.28",6.64,0,1,0,1.04,19.95,11,9,5.95,4.25,17.25,49.21,259.5
"79,421",20,Female,association_football,DI,99,"5,940","3,559.01",0,0,0,0,2.16,18.5,16,12,5.15,4.3,35.95,76.19,339.83
"79,421",20,Female,association_football,DI,123,"7,380","5,536.31",23.85,0,2,0,2.7,20.89,23,12,4.1,4.77,45.01,0,781.01
"79,421",20,Female,association_football,DI,78,"4,680","2,781.09",12.02,0,2,0,2.14,21.01,13,22,4.55,5.28,35.66,100.6,429.35
"79,421",20,Female,association_football,DI,75,"4,500",787.88,0,0,0,0,0.63,11.96,0,0,0,0,10.51,57.25,76.39
"79,421",20,Female,association_football,DI,110,"6,600","4,307.73",113.76,53.74,14,4,2.35,24.28,22,27,5.45,4.92,39.16,115.55,499.07
"79,421",20,Female,association_football,DI,105,"6,300","2,848.53",23.07,0,3,0,1.63,21.05,18,22,5.19,5.94,27.13,86.69,290.46
"79,421",20,Female,association_football,DI,120,"7,200","4,037.42",3.91,0,1,0,2.02,19.04,9,15,4.34,5.28,33.65,78.42,483.42
"79,421",20,Female,association_football,DI,80,"4,800","4,463.54",86.51,10.24,11,2,3.35,22.76,32,25,5.8,7.23,55.79,93.74,760.24
"80,052",20,Female,association_football,DI,95,"5,700","3,477.58",24.18,0,2,0,2.2,21.53,26,12,4.64,4.88,36.61,74.55,407.45
"80,052",20,Female,association_football,DI,105,"6,300","4,058.53",26.59,0,5,0,2.32,20.09,30,26,4.4,5.41,38.65,81.95,482.03
"80,052",20,Female,association_football,DI,100,"6,000","2,856.27",0,0,0,0,1.71,18.2,17,16,4.72,5.39,28.56,44.72,265.6
"80,052",20,Female,association_football,DI,104,"6,240","3,351.67",75.03,22.78,8,3,1.93,23.09,21,20,6.21,5.74,32.23,56.72,447.96
"80,052",20,Female,association_football,DI,120,"7,200","4,791.15",39.18,0,6,0,2.4,20.66,22,36,4.49,5.22,39.93,84.29,544.82
"80,052",20,Female,association_football,DI,105,"6,300","2,924.48",63.75,0,8,0,1.67,21.87,15,14,3.71,6.56,27.85,89.22,273.39
"80,052",20,Female,association_football,DI,110,"6,600","4,036.39",86.69,84.52,11,6,2.2,24.51,28,32,4.86,4.95,36.69,104.35,433.14
"80,052",20,Female,association_football,DI,100,"6,000","1,850.94",3.16,0,1,0,1.11,19.36,17,11,4.55,4.39,18.51,47.57,206.83
"80,052",20,Female,association_football,DI,80,"4,800","3,171.07",46.58,0,6,0,2.38,21.56,21,23,4.64,6.26,39.64,52.98,334.52
"80,052",20,Female,association_football,DI,78,"4,680","4,275.16",97.87,17.11,8,1,3.29,23.49,32,36,5.01,4.65,54.81,108.07,468.47
"80,052",20,Female,association_football,DI,75,"4,500",869.65,0,0,0,0,0.7,10.63,1,0,3.27,0,11.6,48.92,85.16
"80,052",20,Female,association_football,DI,90,"5,400","2,925.39",4.54,5.22,1,1,1.95,22.51,24,17,6.18,6.3,32.5,55.3,410.59
"80,052",20,Female,association_football,DI,90,"5,400","4,895.04",5.46,0,1,0,3.26,19.71,32,29,5.21,6.14,54.39,48.43,629.27
"80,052",20,Female,association_football,DI,76,"4,560","2,633.49",0,0,0,0,2.08,18,13,20,4.53,5.33,34.65,44.23,315.94
"80,052",20,Female,association_football,DI,90,"5,400","1,579.17",66.61,19.77,8,2,1.05,23.34,12,11,4.43,5.14,17.55,57.33,198.29
"80,052",20,Female,association_football,DI,90,"5,400","4,066.56",49.14,0,9,0,2.71,22.31,46,47,5.79,6.67,45.18,54.8,681.41
"80,052",20,Female,association_football,DI,90,"5,400","3,564.68",3.3,0,1,0,2.38,19.15,32,28,6.87,7.66,39.61,47.05,504.3
"80,052",20,Female,association_football,DI,90,"5,400","3,420.15",4.87,0,1,0,2.28,19.34,20,24,4.78,6.12,38,47.52,499.8
"80,052",20,Female,association_football,DI,90,"5,400",543.62,19.54,10.33,3,2,0.36,25.73,2,9,4.89,5.59,6.04,63.21,110.9
"80,052",20,Female,association_football,DI,90,"5,400","3,768.34",36.85,33.64,3,4,2.51,28.88,26,19,7.18,7.7,41.87,70.94,463.86
"80,052",20,Female,association_football,DI,90,"5,400","4,110.03",3.93,0,1,0,2.74,22.05,36,34,5.93,6.91,45.67,54.17,616.12
"80,052",20,Female,association_football,DI,90,"5,400",218.84,0,0,0,0,0.15,4.71,0,0,0,0,2.43,11.58,6.64
"80,052",20,Female,association_football,DI,90,"5,400","4,394.28",43.19,0,4,0,2.93,22.21,23,21,5.73,5.28,48.83,54.56,740.23
"80,052",20,Female,association_football,DI,90,"5,400","4,364.09",17.94,10.68,4,1,2.91,23.72,35,42,4.84,5.89,48.49,58.27,721.84
"80,052",20,Female,association_football,DI,90,"5,400","3,505.79",51.41,0,7,0,2.34,21.66,31,29,5.56,7,38.95,53.21,530.1
"80,052",20,Female,association_football,DI,90,"5,400","1,244.87",10.36,0,2,0,0.83,19.35,2,9,3.93,5.27,13.83,47.54,129.95
"80,052",20,Female,association_football,DI,70,"4,200","2,125.11",3.38,0,1,0,1.82,19.59,10,8,4.78,6.65,30.36,48.14,242.94
"80,052",20,Female,association_football,DI,90,"5,400","1,389.73",59.58,0,5,0,0.93,21.86,3,9,4.21,4.89,15.44,53.71,183.36
"80,052",20,Female,association_football,DI,110,"6,600","4,131.90",78.76,7.44,14,1,2.25,25.03,25,24,5.87,5.72,37.56,61.51,594.08
"80,052",20,Female,association_football,DI,90,"5,400",199.79,0,0,0,0,0.13,6.78,0,0,0,0,2.22,16.65,7.91
"80,052",20,Female,association_football,DI,90,"5,400","3,563.47",83.82,6,9,1,2.38,23.82,28,20,6.16,5.75,39.59,58.52,490.97
"80,052",20,Female,association_football,DI,120,"7,200","5,992.84",186.24,14.13,16,1,3,23.39,19,15,4.85,5.15,49.94,57.48,700.85
"80,052",20,Female,association_football,DI,123,"7,380","5,828.82",35.32,0,7,0,2.84,20.47,36,43,5.26,5.1,47.39,0,735.15
"80,052",20,Female,association_football,DI,105,"6,300","2,982.49",45.13,0,6,0,1.7,21.74,23,18,5.17,6.76,28.4,106.17,313.51
"80,052",20,Female,association_football,DI,110,"6,600","3,914.93",0,21.38,0,1,2.14,25.78,31,31,5.89,6.33,35.59,63.35,512.41
"80,052",20,Female,association_football,DI,100,"6,000","3,721.10",49.71,0,7,0,2.23,22.1,14,25,4.89,5.58,37.21,54.29,381.93
"80,052",20,Female,association_football,DI,105,"6,300","1,265.17",9.52,0,2,0,0.72,20.03,7,8,3.73,5.74,12.05,49.21,156.31
"80,052",20,Female,association_football,DI,90,"5,400","1,243.56",0,0,0,0,0.83,9.47,1,0,3.53,0,13.82,23.26,42.47
"80,052",20,Female,association_football,DI,70,"4,200","4,152.59",177.54,0,10,0,3.56,22.81,23,28,5,5.54,59.32,56.04,481.97
"80,052",20,Female,association_football,DI,60,"3,600","1,745.26",0,0,0,0,1.75,18.45,8,1,3.84,3.51,29.09,45.32,156.48
"80,052",20,Female,association_football,DI,99,"5,940","3,578.63",9.26,0,1,0,2.17,19.92,10,15,4.59,5.08,36.15,68.98,316.97
"80,052",20,Female,association_football,DI,116,"6,960","4,598.03",16.78,0,3,0,2.38,20.01,21,23,4.75,6.02,39.64,49.16,573.07
"80,052",20,Female,association_football,DI,100,"6,000","4,387.88",14.42,5.99,3,1,2.63,22.92,25,25,5.14,5.22,43.88,93.49,445.34
"80,052",20,Female,association_football,DI,110,"6,600","2,919.56",46.82,0,2,0,1.59,22.14,7,11,4.38,5,26.54,54.39,340.53
"81,117",21,Male,american_football,DI,70,"4,200","2,733.05",344.79,142.41,31,5,2.34,32.48,48,47,6.73,6.69,39.04,97.45,394.49
"81,117",21,Male,american_football,DI,70,"4,200","3,400.60",363.67,162,39,12,2.91,30.12,68,44,7.42,6.43,48.58,90.36,535.6
"81,117",21,Male,american_football,DI,70,"4,200","2,633.18",213.44,112.9,23,3,2.26,33.33,50,35,7.35,6.83,37.62,101.72,384.37
"81,117",21,Male,american_football,DI,70,"4,200","3,058.06",147.41,92.16,17,2,2.62,32.77,38,33,6.82,5.53,43.69,0,433.77
"81,117",21,Male,american_football,DI,70,"4,200","2,644",273.49,282.97,33,12,2.27,29.83,44,25,7.69,6.38,37.77,91.02,441.24
"81,117",21,Male,american_football,DI,70,"4,200","1,599.38",186.65,187.3,20,8,1.37,29.72,41,16,6.81,5.45,22.85,89.17,292.75
"81,871",22,Male,association_football,DI,120,"7,200","6,484.95",78,10.72,7,1,3.24,28.07,43,20,6.48,5.84,54.04,88.58,629.41
"81,871",22,Male,association_football,DI,79,"4,740","7,053.11",349.84,162.01,44,11,5.36,30,49,45,6.72,9.45,89.28,94.66,"1,182.85"
"81,871",22,Male,association_football,DI,91,"5,460","5,124.64",244.48,30.8,22,3,3.38,25.88,70,44,6.2,7.04,56.31,81.69,784.46
"81,871",22,Male,association_football,DI,95,"5,700","5,578.25",112.08,52.45,11,4,3.52,28.39,56,28,5.71,6.2,58.72,89.58,687.21
"81,871",22,Male,association_football,DI,79,"4,740","5,264.49",195.64,30.96,17,2,4,29.49,63,30,6.87,7.25,66.64,93.07,750.05
"81,871",22,Male,association_football,DI,74,"4,440","5,215.94",180.72,86.51,22,6,4.23,29.43,78,49,6,6.21,70.49,92.88,859.88
"81,871",22,Male,association_football,DI,104,"6,240","9,916.44",430.65,62.51,41,7,5.72,27.33,93,59,5.74,6.58,95.35,86.26,"1,485.78"
"81,871",22,Male,association_football,DI,90,"5,400","4,348.91",5.51,0,1,0,2.9,21.25,20,14,5.1,5.58,48.32,67.06,274.08
"81,871",22,Male,association_football,DI,127,"7,620","11,009.72",533.7,65.77,52,5,5.2,29.82,109,85,5.91,8.11,86.69,94.1,"2,126.51"
"81,871",22,Male,association_football,DI,85,"5,100","4,331.86",142.04,4.41,15,1,3.06,25.45,50,37,5.56,7.4,50.96,80.32,626.75
"81,871",22,Male,association_football,DI,57,"3,420","5,452.12",249.28,14.23,27,1,5.74,26.67,53,44,5.53,5.91,95.65,84.17,904.68
"81,871",22,Male,association_football,DI,53,"3,180","2,559.76",0,0,0,0,2.9,14.68,10,6,4.37,4.22,48.3,46.34,345.25
"81,871",22,Male,association_football,DI,79,"4,740","5,591.18",197.98,35.92,13,5,4.25,26.98,74,57,5.68,7.52,70.77,85.15,804.56
"81,871",22,Male,association_football,DI,105,"6,300","7,757.18",447.51,146.28,45,10,4.43,30.66,71,72,5.96,7.24,73.88,96.75,"1,522.40"
"81,871",22,Male,association_football,DI,155,"9,300","5,910.98",0,0,0,0,2.29,14.9,15,6,5.66,4.56,38.14,47.01,572.22
"81,871",22,Male,association_football,DI,85,"5,100","3,579.50",67.35,0,6,0,2.53,23.2,38,29,5.58,5.62,42.11,73.21,629.3
"81,871",22,Male,association_football,DI,74,"4,440","5,437.95",303.74,217.45,32,11,4.41,30.03,78,60,5.9,7.63,73.49,94.77,950.14
"81,871",22,Male,association_football,DI,80,"4,800","3,100.20",0,0,0,0,2.33,19.7,24,16,5.09,4.03,38.75,62.16,313.93
"81,871",22,Male,association_football,DI,111,"6,660","11,333.86",437.28,98.36,46,9,6.13,28.86,96,90,5.73,5.9,102.11,91.09,"1,875.11"
"81,871",22,Male,association_football,DI,109,"6,540","10,174.34",418.95,95.45,37,7,5.6,29.74,89,66,6.77,7.33,93.34,93.84,"1,575.51"
"81,871",22,Male,association_football,DI,66,"3,960","2,653.45",6.75,0,1,0,2.41,20.48,40,18,6.05,4.92,40.2,64.62,400.74
"81,871",22,Male,association_football,DI,75,"4,500","4,994.12",110.83,11.27,9,1,4,27.23,53,40,5.7,7.13,66.59,85.94,724.31
"81,871",22,Male,association_football,DI,84,"5,040","2,368.26",20.94,0,2,0,1.69,23.27,9,2,6.32,5.57,28.19,73.44,223.81
"81,871",22,Male,association_football,DI,71,"4,260","3,303.86",15.54,0,2,0,2.79,21.28,39,29,6.92,5.89,46.53,67.14,530.69
"81,871",22,Male,association_football,DI,101,"6,060","10,170.69",367.61,99.36,43,7,6.04,28.63,113,105,5.47,7.99,100.7,90.34,"1,688.72"
"81,871",22,Male,association_football,DI,111,"6,660","5,679.19",274.22,78.16,29,5,3.07,31.69,56,47,6.83,7.9,51.16,113.03,799.32
"81,871",22,Male,association_football,DI,75,"4,500","3,515.57",29.79,0,5,0,2.81,22.47,35,15,4.98,5.38,46.87,80.17,430.51
"81,871",22,Male,association_football,DI,90,"5,400","6,028.28",330.5,70.09,16,4,4.02,28.03,33,21,5.59,5.62,66.98,0,694.46
"81,871",22,Male,association_football,DI,101,"6,060","9,970.81",416.35,119.05,42,8,5.92,29.54,87,78,5.51,6.93,98.72,93.22,"1,464.80"
"82,269",18,Male,association_football,DI,120,"7,200","5,271.99",51.48,0,4,0,2.64,23.94,54,35,4.98,6.45,43.93,90.68,550.93
"82,269",18,Male,association_football,DI,120,"7,200","6,335.08",46.25,4.18,4,1,3.17,25.29,30,34,5.7,4.94,52.79,95.77,773.02
"82,269",18,Male,association_football,DI,90,"5,400",797.97,0,0,0,0,0.53,11.27,1,5,4.02,3.9,8.87,42.68,79.18
"82,269",18,Male,association_football,DI,90,"5,400","3,940.29",0,0,0,0,2.63,17.64,25,21,4.85,4.78,43.78,66.79,468.4
"82,269",18,Male,association_football,DI,90,"5,400","4,314.85",0,0,0,0,2.88,18.55,45,44,5.84,5.27,47.94,70.27,538.31
"82,269",18,Male,association_football,DI,120,"7,200","7,846.33",152.56,5.66,7,1,3.92,24.73,65,36,5.37,6.53,65.39,93.65,"1,014.42"
"82,269",18,Male,association_football,DI,95,"5,700","6,707.07",7.69,0,1,0,4.24,20.74,64,40,5.38,5.88,70.6,78.54,982.04
"82,269",18,Male,association_football,DI,60,"3,600","1,661.61",0,0,0,0,1.66,18.54,5,2,3.69,3.04,27.69,70.22,163.99
"82,269",18,Male,association_football,DI,120,"7,200","1,403",13.4,0,1,0,0.7,21.2,6,0,4.09,0,11.69,80.29,166.2
"82,269",18,Male,association_football,DI,120,"7,200","6,511.33",188.99,0,14,0,3.26,25.32,38,33,5.15,4.95,54.26,95.88,866.63
"82,269",18,Male,association_football,DI,120,"7,200","8,965.01",95.89,34.75,7,3,4.48,26.31,39,34,4.78,5.62,74.71,99.65,"1,482.79"
"82,269",18,Male,association_football,DI,95,"5,700","4,147.58",99.27,16.78,6,2,2.62,25.56,27,15,4.6,5.8,43.66,96.79,467.32
"82,269",18,Male,association_football,DI,110,"6,600","7,628.86",0,0,0,0,4.16,19.59,45,28,5.26,5.82,69.35,74.2,"1,036.95"
"82,269",18,Male,association_football,DI,75,"4,500","4,301.06",0,0,0,0,3.44,18.6,9,8,4.55,5.16,57.35,70.44,459.73
"82,269",18,Male,association_football,DI,120,"7,200","6,573.55",46.6,0,3,0,3.29,24.48,46,45,5.04,6.23,54.78,92.72,899.45
"82,269",18,Male,association_football,DI,120,"7,200","4,211.26",0,0,0,0,2.11,18.75,29,20,5.47,4.85,35.09,71,426.8
"82,269",18,Male,association_football,DI,90,"5,400","4,290.28",3.16,0,1,0,2.86,19.86,29,25,5.23,4.56,47.67,75.21,387.24
"82,269",18,Male,association_football,DI,121,"7,260","3,549.78",0,0,0,0,1.76,18.25,22,13,4.8,5.38,29.34,69.12,409.31
"82,269",18,Male,association_football,DI,120,"7,200","6,350.94",58.55,0,3,0,3.18,24.56,50,33,5.36,6.72,52.92,93.03,912.2
"82,269",18,Male,association_football,DI,91,"5,460","3,456.14",17.85,0,1,0,2.28,22.05,26,14,4.41,4.16,37.98,83.52,443.87
"82,269",18,Male,association_football,DI,121,"7,260","4,894.32",4.2,0,1,0,2.43,19.97,50,25,5.14,4.78,40.45,75.65,541.12
"82,269",18,Male,association_football,DI,125,"7,500","7,514.16",88.81,24.48,7,3,3.61,25.8,46,34,5.01,7.74,60.11,0,980.3
"82,269",18,Male,association_football,DI,90,"5,400","5,188.68",114.73,20.5,6,2,3.46,25.95,36,22,5.47,4.39,57.65,100.6,674.7
"82,269",18,Male,association_football,DI,120,"7,200","4,977.31",193.67,5.11,17,1,2.49,25.2,30,16,5.12,5.5,41.48,97.11,607.93
"82,269",18,Male,association_football,DI,120,"7,200","8,279.80",210.71,0,16,0,4.14,24.09,42,36,4.95,5.48,69,92.81,"1,058.26"
"82,269",18,Male,association_football,DI,120,"7,200","4,918.53",79.43,0,6,0,2.46,23.01,39,12,5.12,8.28,40.99,88.65,556.2
"82,269",18,Male,association_football,DI,101,"6,060","1,258.35",0,0,0,0,0.75,16.6,2,1,3.47,2.82,12.46,62.88,129.41
"82,269",18,Male,association_football,DI,100,"6,000",899.01,0,0,0,0,0.54,9.54,1,1,3.52,3.4,8.99,36.12,59.39
"82,269",18,Male,association_football,DI,17,"1,020",643.82,0,0,0,0,2.27,19.02,4,4,4.25,5.27,37.87,72.04,105.68
"82,269",18,Male,association_football,DI,195,"11,700","7,494.60",62.96,11.85,5,1,2.31,26.4,32,46,7.36,9.53,38.43,101.74,931.21
"82,269",18,Male,association_football,DI,120,"7,200","7,357.47",125.71,0,10,0,3.68,24.09,25,34,4.37,7.69,61.31,91.23,"1,024.70"
"82,269",18,Male,association_football,DI,120,"7,200","7,156.22",61.58,0,7,0,3.58,23.89,56,42,5.44,5.42,59.64,90.5,918.38
"82,269",18,Male,association_football,DI,120,"7,200","5,714.58",19.62,0,3,0,2.86,20.85,36,20,5.28,4.78,47.62,78.98,689.57
"82,269",18,Male,association_football,DI,120,"7,200","4,969.83",3.25,0,1,0,2.48,20.33,38,21,4.65,5.45,41.42,77.01,560.93
"82,269",18,Male,association_football,DI,120,"7,200","6,797.06",74.44,0,8,0,3.4,24.31,51,29,9.55,9.93,56.64,92.07,799.6
"82,269",18,Male,association_football,DI,120,"7,200","4,830.65",116.01,22.99,6,1,2.42,26.09,39,26,4.64,4.73,40.26,98.81,593.68
"82,269",18,Male,association_football,DI,120,"7,200","7,521.09",214.99,0,20,0,3.76,24.3,41,41,4.96,5.68,62.68,92.04,"1,069.72"
"82,269",18,Male,association_football,DI,120,"7,200","4,784.49",30.94,0,1,0,2.39,22.87,19,21,4.56,4.73,39.87,86.62,498.98
"82,269",18,Male,association_football,DI,120,"7,200","5,319.45",14.06,0,3,0,2.66,21.11,41,29,5.26,5.36,44.33,79.96,670.17
"82,269",18,Male,association_football,DI,120,"7,200","3,564.07",11.09,0,1,0,1.78,22.8,24,18,5.72,5.35,29.7,86.36,432.71
"82,269",18,Male,association_football,DI,120,"7,200","6,504.51",132.5,52.33,9,3,3.25,26.28,41,31,5.4,5.45,54.2,99.53,769.82
"82,566",20,Female,association_football,DI,100,"6,000","2,081.35",0,0,0,0,1.25,16.99,10,9,4.22,4.39,20.81,41.8,246.54
"82,566",20,Female,association_football,DI,105,"6,300","2,795.78",17.96,0,2,0,1.6,20.26,19,19,4.99,6.07,26.63,77.67,303.8
"82,566",20,Female,association_football,DI,110,"6,600","3,935.47",100.05,106.48,11,6,2.15,26.06,29,31,5.97,4.94,35.78,99.92,465.66
"82,566",20,Female,association_football,DI,120,"7,200","4,363.47",116.91,7.91,11,2,2.18,22.07,8,25,4.03,6.3,36.36,84.61,553.11
"82,566",20,Female,association_football,DI,104,"6,240",142.22,0,0,0,0,0.082,12.21,0,0,0,0,1.37,30.04,9.82
"82,566",20,Female,association_football,DI,100,"6,000","3,490.45",12.01,0,1,0,2.09,20.63,26,31,5.17,6.29,34.9,50.76,384.82
"82,566",20,Female,association_football,DI,70,"4,200","4,032.74",158.4,0,10,0,3.46,21.72,25,21,5.11,5.75,57.61,53.43,472.36
"82,566",20,Female,association_football,DI,95,"5,700","3,590.54",22.17,0,3,0,2.27,20.3,26,27,4.66,5.19,37.8,77.82,435.13
"82,566",20,Female,association_football,DI,105,"6,300",264.7,0,0,0,0,0.15,6.63,0,0,0,0,2.52,16.31,11.42
"82,566",20,Female,association_football,DI,90,"5,400","3,906.44",0,0,0,0,2.6,18.29,26,22,4.81,5.46,43.4,45,485.01
"82,566",20,Female,association_football,DI,101,"6,060","4,845.28",21.01,0,3,0,2.88,20.07,42,66,6.46,6.76,47.97,73.41,878.88
"82,566",20,Female,association_football,DI,40,"2,400","1,659.14",188.72,60.15,20,8,2.49,25.28,36,24,6.23,5.47,41.48,92.43,372.8
"82,566",20,Female,association_football,DI,100,"6,000","4,542.78",9.67,0,1,0,2.73,22.31,33,34,5.01,6.45,45.43,81.58,796.02
"82,566",20,Female,association_football,DI,90,"5,400","3,373.27",7.91,0,1,0,2.25,21.14,29,46,5.29,7.8,37.48,77.3,529.59
"82,566",20,Female,association_football,DI,60,"3,600","2,747.88",0,0,0,0,2.75,17.87,37,33,6.32,6.95,45.8,65.35,466.93
"82,566",20,Female,association_football,DI,23,"1,380","1,558.99",104.43,157.42,12,9,4.07,27.35,11,8,4.68,4.07,67.78,104.84,356.09
"82,566",20,Female,association_football,DI,90,"5,400",295.16,0,0,0,0,0.2,8.11,0,0,0,0,3.28,19.95,13.07
"82,566",20,Female,association_football,DI,110,"6,600","3,490.15",20.89,0,4,0,1.9,20.87,26,20,5.11,5.15,31.73,51.33,398.74
"82,566",20,Female,association_football,DI,90,"5,400","3,448.98",22.8,5.18,2,1,2.3,22.86,47,26,5.02,5.12,38.32,56.25,374.81
"82,566",20,Female,association_football,DI,90,"5,400","3,743.42",34.11,0,5,0,2.5,22.17,27,43,5.3,6.1,41.59,54.54,464.27
"82,566",20,Female,association_football,DI,90,"5,400","4,629.47",131.47,9.77,13,1,3.09,24.15,25,30,5.03,5.38,51.44,59.4,624.99
"82,566",20,Female,association_football,DI,90,"5,400",183.24,0,0,0,0,0.12,9.09,1,1,4.33,2.81,2.04,22.37,13.39
"82,566",20,Female,association_football,DI,90,"5,400",477.58,0,0,0,0,0.32,7.17,1,0,7.52,0,5.31,17.65,30.77
"82,566",20,Female,association_football,DI,90,"5,400",185.97,0,0,0,0,0.12,9.06,0,0,0,0,2.07,22.29,13.6
"82,566",20,Female,association_football,DI,90,"5,400","3,915.82",25.76,0,4,0,2.61,21.2,40,35,5.18,6,43.51,52.16,498.51
"82,566",20,Female,association_football,DI,73,"4,380","2,287.92",0,0,0,0,1.88,16.27,12,21,4.92,7.39,31.34,59.49,373.95
"82,566",20,Female,association_football,DI,90,"5,400","4,482.69",0,0,0,0,2.99,18.24,27,24,4.66,5.69,49.81,44.88,707.28
"82,566",20,Female,association_football,DI,90,"5,400","3,174.63",0,0,0,0,2.12,17.09,27,23,5.83,5.1,35.27,42.03,418.56
"82,566",20,Female,association_football,DI,60,"3,600","2,562.91",52.45,0,6,0,2.56,22.33,17,10,5.92,5.44,42.72,54.93,257.44
"82,566",20,Female,association_football,DI,60,"3,600","1,744.45",0,0,0,0,1.74,18.59,5,0,4.08,0,29.07,45.74,159.19
"82,566",20,Female,association_football,DI,80,"4,800","3,399.54",50.69,17.53,5,3,2.55,23.93,20,19,3.99,5.35,42.49,58.87,405.45
"82,566",20,Female,association_football,DI,99,"5,940","3,710.34",24.42,0,4,0,2.25,20.33,17,18,5.12,5.85,37.48,77.93,350.1
"82,566",20,Female,association_football,DI,116,"6,960","1,764.83",0,0,0,0,0.91,18.08,5,5,3.88,4.35,15.21,69.33,198.31
"82,566",20,Female,association_football,DI,100,"6,000","4,546.45",18.25,4.79,3,1,2.73,22.96,24,22,5.62,5.28,45.46,88.02,495.94
"82,566",20,Female,association_football,DI,90,"5,400","3,758.01",63.24,0,7,0,2.51,22.48,21,23,4.3,4.41,41.76,55.31,486.11
"82,566",20,Female,association_football,DI,105,"6,300","3,902.10",25.72,5.8,3,1,2.23,22.42,35,30,4.5,4.89,37.16,85.95,521.28
"82,566",20,Female,association_football,DI,90,"5,400",135.68,0,0,0,0,0.09,12.12,0,0,0,0,1.51,29.81,7.63
"82,566",20,Female,association_football,DI,120,"7,200","6,122.13",72.12,0,12,0,3.06,20.43,16,15,5.33,4.39,51.02,50.27,753.07
"82,566",20,Female,association_football,DI,123,"7,380","5,241.95",84.45,25.53,9,2,2.56,26.08,23,28,4.61,7.43,42.62,0,680.96
"82,566",20,Female,association_football,DI,105,"6,300","2,976.06",28.35,0,3,0,1.7,21.9,20,21,6.1,5.76,28.34,83.95,359.03
"82,566",20,Female,association_football,DI,75,"4,500",893,0,0,0,0,0.71,11.91,1,1,3.18,3.51,11.91,45.66,84.47
"82,566",20,Female,association_football,DI,78,"4,680","3,622.76",4.41,0,1,0,2.79,19.88,15,22,4.27,6.04,46.45,76.23,476.58
"82,931",18,Male,association_football,DI,95,"5,700","5,514.38",101.97,51.93,10,4,3.48,27.18,43,47,5.64,7.22,58.05,65.17,699.4
"82,931",18,Male,association_football,DI,125,"7,500","8,440.12",193.44,24.61,18,3,4.05,26.81,74,57,5.38,9.89,67.52,0,"1,153.24"
"82,931",18,Male,association_football,DI,90,"5,400","5,554.48",197.1,31.11,16,2,3.7,26.45,46,50,6.23,6.27,61.72,98.66,776.78
"82,931",18,Male,association_football,DI,120,"7,200","6,483.19",223.17,38.2,21,3,3.24,30.01,64,33,5.19,6.42,54.03,111.96,837.34
"82,931",18,Male,association_football,DI,120,"7,200","9,512.02",293.28,171.09,39,13,4.76,29.52,57,65,5.9,5.67,79.27,98.36,"1,354.14"
"82,931",18,Male,association_football,DI,120,"7,200","5,622.92",134.68,14.19,10,2,2.81,26.14,40,24,6.72,5.15,46.86,87.11,679.17
"82,931",18,Male,association_football,DI,195,"11,700","7,197.74",189.43,32.62,18,2,2.21,28.34,41,51,5.89,7.68,36.91,94.41,923.72
"82,931",18,Male,association_football,DI,120,"7,200","9,527.72",260.64,40.82,19,3,4.76,28.54,47,57,5.38,5.92,79.4,95.1,"1,422.27"
"82,931",18,Male,association_football,DI,120,"7,200","7,840.55",183.27,25.11,20,3,3.92,27.03,54,73,5.34,6.27,65.34,90.07,"1,101.33"
"82,931",18,Male,association_football,DI,120,"7,200","6,021.56",104.64,13.95,10,1,3.01,26.85,55,34,5.59,6.06,50.18,89.45,712.84
"82,931",18,Male,association_football,DI,120,"7,200","6,237.19",48.38,0,7,0,3.12,22.37,60,44,6.8,6.38,51.98,74.53,785.91
"82,931",18,Male,association_football,DI,120,"7,200","7,580.58",158.89,27.4,14,2,3.79,26.97,57,48,5.64,5.62,63.17,89.85,926.98
"82,931",18,Male,association_football,DI,120,"7,200","4,398.37",171.54,91.3,13,5,2.2,28.12,31,17,4.55,5.24,36.65,93.69,538.54
"82,931",18,Male,association_football,DI,120,"7,200","7,718.40",237.99,101.77,24,7,3.86,27.69,70,45,6.43,6.04,64.32,92.25,"1,033.77"
"82,931",18,Male,association_football,DI,95,"5,700","8,936.49",241.4,17.11,19,3,5.64,25.17,52,63,5.84,6.52,94.07,83.87,"1,562.58"
"82,931",18,Male,association_football,DI,90,"5,400","9,313.51",283.23,32.68,22,3,6.21,27.29,37,54,6.95,6.81,103.48,90.94,"1,458"
"82,931",18,Male,association_football,DI,90,"5,400","6,026.10",102.37,24.06,9,2,4.02,26.94,46,34,5.55,6.52,66.96,89.76,880.94
"82,931",18,Male,association_football,DI,90,"5,400","5,112.75",80.52,57.12,9,5,3.41,27.94,42,28,6.05,5.42,56.81,93.11,637.19
"82,931",18,Male,association_football,DI,95,"5,700","1,382.92",42.64,0,3,0,0.87,24.61,5,11,4.12,5.66,14.56,82.01,211.93
"82,931",18,Male,association_football,DI,120,"7,200","9,054.37",194.71,54.63,19,4,4.53,27.72,73,77,6.97,6.55,75.45,92.36,"1,309.65"
"82,931",18,Male,association_football,DI,95,"5,700","7,628.88",86.83,0,10,0,4.82,25.45,69,64,6.68,6.72,80.3,84.79,"1,116.67"
"82,931",18,Male,association_football,DI,120,"7,200","7,906.57",116.62,25.43,12,3,3.95,28.61,84,73,5.81,7.18,65.89,95.33,"1,148.18"
"82,931",18,Male,association_football,DI,120,"7,200","5,547.31",23.78,0,3,0,2.77,22.09,49,38,6.3,5.77,46.23,73.59,711.81
"82,931",18,Male,association_football,DI,100,"6,000","8,300.42",198.48,68.32,21,4,4.98,28.62,39,55,5.11,7.4,83,95.36,"1,253.84"
"82,931",18,Male,association_football,DI,90,"5,400","1,292.74",22.6,0,1,0,0.86,23.38,4,3,4.67,3.5,14.36,77.91,128.41
"82,931",18,Male,association_football,DI,120,"7,200","7,052.12",123.34,9.89,10,1,3.53,26.66,56,49,5.39,7.31,58.77,63.91,"1,035.95"
"82,931",18,Male,association_football,DI,91,"5,460","3,913.94",32.04,0,3,0,2.58,22.41,36,25,5.66,5.36,43.01,74.66,504.59
"82,931",18,Male,association_football,DI,121,"7,260","5,394.79",105.2,61.18,10,4,2.68,28.53,50,28,5.49,4.63,44.59,95.05,676.57
"82,931",18,Male,association_football,DI,101,"6,060","9,561.21",333.44,50.38,28,4,5.68,27.8,49,75,5.62,7.32,94.67,92.63,"1,400.74"
"82,931",18,Male,association_football,DI,100,"6,000","10,556.29",404.29,23.12,35,3,6.33,26.23,61,82,5.91,7.06,105.56,87.39,"1,719.57"
"82,931",18,Male,association_football,DI,100,"6,000","10,141.50",328.03,54.18,29,4,6.08,29.93,52,69,5.97,7.02,101.42,71.76,"1,457.53"
"82,931",18,Male,association_football,DI,100,"6,000","10,428.33",238.21,32.91,26,3,6.26,26.33,61,88,5.7,6.67,104.28,63.12,"1,776.48"
"82,931",18,Male,association_football,DI,100,"6,000","10,231.74",311,34,26,4,6.14,25.93,50,64,5.7,6.93,102.32,62.16,"1,402.54"
"82,931",18,Male,association_football,DI,109,"6,540","12,745.41",523.13,69.39,48,7,7.02,27.95,64,122,5.78,6.84,116.93,67.02,"2,286.92"
"82,931",18,Male,association_football,DI,120,"7,200","8,377.08",274.85,40.35,23,4,4.19,28.35,81,58,5.88,6.53,69.81,94.47,"1,299.13"
"82,931",18,Male,association_football,DI,120,"7,200","5,586.77",47.9,0,5,0,2.79,22.99,33,11,6.08,4.9,46.56,76.61,717.62
"82,931",18,Male,association_football,DI,120,"7,200","6,104.80",326.33,409.81,23,12,3.05,41.71,30,23,5.19,7.76,50.87,138.97,"1,124.71"
"82,931",18,Male,association_football,DI,120,"7,200","1,916.22",24.52,0,1,0,0.96,23.54,17,5,5.33,4.7,15.97,56.45,212.57
"82,931",18,Male,association_football,DI,120,"7,200","7,977.42",283.15,99.22,29,5,3.99,29.13,68,63,6.12,7.31,66.48,69.85,"1,155.82"
"82,931",18,Male,association_football,DI,90,"5,400","5,278.65",11.85,0,1,0,3.52,21.28,67,57,7.76,5.67,58.65,51.02,734.81
"82,931",18,Male,association_football,DI,120,"7,200","9,662.24",540.48,164.98,46,9,4.83,28.53,84,80,6.77,6.65,80.52,68.4,"1,712.77"
"82,931",18,Male,association_football,DI,110,"6,600","8,210.72",188.65,54.37,18,4,4.48,28.39,73,57,6.22,6.48,74.64,68.06,"1,331.70"
"82,931",18,Male,association_football,DI,75,"4,500","4,814.93",20.04,0,2,0,3.85,22.06,37,36,5.1,7.31,64.2,52.9,635.25
"82,931",18,Male,association_football,DI,90,"5,400","5,881.56",81.46,11.09,9,1,3.92,25.79,45,33,5.28,6.37,65.35,61.84,731.52
"82,931",18,Male,association_football,DI,90,"5,400","7,683.99",206.92,19.25,23,2,5.12,26.54,58,60,6.07,8.61,85.38,63.62,"1,145.09"
"82,931",18,Male,association_football,DI,90,"5,400","5,971.09",61.25,0,6,0,3.98,24.6,49,33,7.51,5.98,66.35,58.97,810.28
"84,645",22,Male,association_football,DI,103,"6,180","4,423.47",17.65,0,2,0,2.58,22.58,21,8,5.39,4.99,42.95,52.59,254.29
"84,645",22,Male,association_football,DI,115,"6,900","4,994.71",23.67,0,6,0,2.61,21.1,108,73,9.63,9.07,43.43,49.14,566.45
"84,645",22,Male,association_football,DI,90,"5,400","5,637.84",40.65,0,3,0,3.76,24.6,39,27,4.69,5.9,62.64,57.29,725.04
"84,645",22,Male,association_football,DI,94,"5,640","5,144.36",56.86,0,6,0,3.28,22.34,46,28,5.25,5.68,54.73,52.03,645.43
"84,645",22,Male,association_football,DI,130,"7,800","8,165.63",262.56,10.59,19,1,3.77,26.21,69,53,5.1,5.21,62.81,83.29,"1,063.10"
"84,645",22,Male,association_football,DI,120,"7,200","8,220.87",119.5,0,10,0,4.11,25.65,68,57,5.49,6.09,68.51,81.49,"1,063.54"
"84,645",22,Male,association_football,DI,95,"5,700","7,384.98",424.64,68.82,34,4,4.66,28.58,59,60,6.12,7.14,77.74,90.81,"1,159.04"
"84,645",22,Male,association_football,DI,75,"4,500","3,910.94",64.24,0,4,0,3.13,22.68,38,30,4.58,5.05,52.15,72.07,477.29
"84,645",22,Male,association_football,DI,80,"4,800","5,048.33",139.71,0,14,0,3.79,24.55,46,29,5.27,5.8,63.1,78.02,683.21
"84,645",22,Male,association_football,DI,108,"6,480","5,214.25",17.12,0,2,0,2.9,21.38,36,26,5.54,5.51,48.28,67.92,437.27
"84,645",22,Male,association_football,DI,60,"3,600","3,384.02",71.86,0,5,0,3.38,23.17,33,23,4.9,5.46,56.4,73.63,372.94
"84,645",22,Male,association_football,DI,139,"8,340","13,254.84",364.99,32.88,37,3,5.72,27.91,102,89,5.75,6.92,95.36,88.69,"2,343.50"
"84,645",22,Male,association_football,DI,80,"4,800","5,826.51",178.12,5.14,15,1,4.37,25.43,67,42,5.34,5.5,72.83,80.81,741.75
"84,645",22,Male,association_football,DI,103,"6,180","11,079.08",525.81,59.63,45,7,6.45,27.82,92,94,5.89,6.44,107.56,88.42,"1,922.35"
"84,645",22,Male,association_football,DI,97,"5,820","9,139.42",473.27,9.33,38,2,5.65,25.2,60,64,4.98,7.06,94.22,80.08,"1,343.58"
"84,645",22,Male,association_football,DI,110,"6,600","6,780.61",207.63,0,19,0,3.7,23.73,39,35,5.84,5.6,61.64,75.41,"1,007.48"
"84,645",22,Male,association_football,DI,71,"4,260","1,743.49",7.96,0,1,0,1.47,21.61,18,8,5.46,4.88,24.56,68.67,204.35
"84,645",22,Male,association_football,DI,81,"4,860","5,029.01",117.55,0,12,0,3.73,24.34,50,31,5.67,5.88,62.09,56.7,676.29
"84,645",22,Male,association_football,DI,111,"6,660","10,970.31",548.09,117.14,55,10,5.93,29.55,61,60,5.12,6.13,98.83,93.88,"1,698.35"
"84,645",22,Male,association_football,DI,51,"3,060","3,001.33",0,0,0,0,3.53,18.81,17,14,4.06,5.28,58.85,59.78,178.34
"84,645",22,Male,association_football,DI,99,"5,940","10,370.71",489.1,34.37,48,3,6.29,26.74,85,82,5.73,6.57,104.75,84.95,"1,618.61"
"84,645",22,Male,association_football,DI,96,"5,760","5,971.77",230.24,0,18,0,3.73,23.91,46,47,5.9,7.27,62.21,75.99,877.23
"84,645",22,Male,association_football,DI,90,"5,400","4,195.07",100.92,0,12,0,2.8,23.17,57,40,7.77,6.43,46.61,53.97,413.4
"84,645",22,Male,association_football,DI,90,"5,400","4,277.24",10.96,0,2,0,2.85,22.1,78,45,7.48,7.36,47.52,51.48,452.69
"84,645",22,Male,association_football,DI,80,"4,800","1,148.24",0,0,0,0,0.86,15.13,31,45,8.23,9.48,14.35,35.23,196.42
"84,645",22,Male,association_football,DI,85,"5,100","6,456.02",119.35,9.23,17,1,4.56,26.53,76,74,8.68,9.78,75.95,61.8,658.78
"84,645",22,Male,association_football,DI,101,"6,060",200.08,0,0,0,0,0.12,12.36,0,2,0,3.81,1.98,28.79,22.21
"84,645",22,Male,association_football,DI,92,"5,520","5,919.13",130.02,0,16,0,3.86,24.62,82,65,8.7,8.44,64.34,57.35,644.9
"84,645",22,Male,association_football,DI,297,"17,820","19,524.05",467.31,"1,991.34",28,29,3.94,42.93,107,82,7.42,6.94,65.74,100.37,"1,676.11"
"84,645",22,Male,association_football,DI,105,"6,300","6,963.59",42.2,0,8,0,3.98,22.35,83,42,5.36,6.22,66.32,52.05,960.56
"84,645",22,Male,association_football,DI,115,"6,900","7,596.42",182.77,0,12,0,3.96,24.72,70,53,5.72,6.25,66.06,57.59,"1,094.78"
"84,645",22,Male,association_football,DI,66,"3,960","4,763.30",18.74,0,4,0,4.33,20.97,55,39,4.84,4.83,72.17,48.84,676.68
"84,645",22,Male,association_football,DI,105,"6,300","7,774.68",380.57,29.41,33,3,4.44,26.37,49,40,6.18,6.19,74.04,83.79,"1,213.07"
"84,645",22,Male,association_football,DI,109,"6,540","9,431.78",459.91,34.22,37,3,5.19,27.51,61,56,5.54,7.43,86.53,87.43,"1,458.81"
"84,645",22,Male,association_football,DI,105,"6,300","5,976.39",215.77,19.22,23,3,3.42,26.46,45,48,6.61,7.16,56.92,61.64,836.83
"84,645",22,Male,association_football,DI,93,"5,580","8,052.78",245.41,47.85,21,4,5.2,27.76,58,59,5.09,6.11,86.59,64.65,"1,200.36"
"84,645",22,Male,association_football,DI,105,"6,300","6,273.10",106.4,0,11,0,3.58,23.25,66,41,6.3,6,59.74,73.89,908.14
"84,645",22,Male,association_football,DI,120,"7,200","7,957.23",71.36,0,8,0,3.98,23.08,88,42,5.55,5.68,66.31,73.35,"1,103.06"
"84,645",22,Male,association_football,DI,110,"6,600","11,085.77",680.38,42.4,58,5,6.05,27.79,86,65,5.78,6,100.78,88.3,"1,613.24"
"84,645",22,Male,association_football,DI,110,"6,600","12,215.58",402.43,17.01,34,1,6.66,27.71,95,80,5.24,6.12,111.05,88.04,"2,178.89"
"84,645",22,Male,association_football,DI,111,"6,660","6,388.70",261.73,0,23,0,3.45,24.46,58,52,5.34,5.95,57.56,77.73,"1,036.45"
"84,645",22,Male,association_football,DI,111,"6,660","10,812.14",215.25,6.87,19,1,5.84,25.62,86,62,5.68,5.65,97.41,81.42,"1,746.20"
"84,645",22,Male,association_football,DI,106,"6,360","2,718.08",21.65,0,4,0,1.54,21.97,39,20,6.59,6.15,25.64,51.17,264.69
"84,645",22,Male,association_football,DI,95,"5,700","5,230.33",218.33,21.23,19,1,3.3,28.9,54,41,5.33,6.49,55.06,67.31,782.17
"84,645",22,Male,association_football,DI,85,"5,100","5,184.10",84.12,0,8,0,3.66,23.56,42,26,5.36,6.38,60.99,54.88,698.94
"84,645",22,Male,association_football,DI,111,"6,660","7,671.17",54.86,0,8,0,4.15,23.08,98,57,5.42,5.45,69.11,0,"1,031.67"
"84,645",22,Male,association_football,DI,113,"6,780","10,443.25",416.85,0,37,0,5.55,24.67,68,81,5.77,7.18,92.42,57.68,"1,769.50"
"84,645",22,Male,association_football,DI,83,"4,980","6,519.56",163.7,64.79,18,3,4.71,31.47,66,38,5.23,4.97,78.55,128.84,887.38
"84,645",22,Male,association_football,DI,60,"3,600","1,919.97",0,0,0,0,1.92,10.4,7,1,4.17,4.18,32,24.23,84.62
"84,651",20,Female,association_football,DI,90,"5,400","6,087.58",113.63,105.48,17,9,4.06,26.34,24,29,5.84,7.74,67.64,64.78,756.68
"84,651",20,Female,association_football,DI,91,"5,460","6,102.09",131.47,80.55,18,7,4.02,26.11,26,30,5.78,7.18,67.06,64.22,857.04
"84,651",20,Female,association_football,DI,80,"4,800","3,286.17",22.64,4.85,4,1,2.46,23.4,16,15,4.08,4.95,41.08,111,384.57
"84,651",20,Female,association_football,DI,90,"5,400","3,121.47",100.19,27.9,12,2,2.08,24.42,10,14,4.57,5.8,34.68,60.06,383.27
"84,651",20,Female,association_football,DI,23,"1,380","1,506.35",137.3,100.49,8,8,3.93,29.12,10,6,4.93,3.96,65.49,102.94,180.02
"84,651",20,Female,association_football,DI,80,"4,800","4,415.45",26.63,0,4,0,3.31,22.21,37,25,5.92,6.32,55.19,78.5,524
"84,651",20,Female,association_football,DI,60,"3,600","2,537.35",55.58,13.54,8,3,2.54,23.28,14,16,6.32,5.92,42.29,57.26,274.91
"84,651",20,Female,association_football,DI,60,"3,600","1,715.80",18.43,5.84,3,1,1.72,23.17,12,11,6.3,7,28.6,56.98,169.35
"84,651",20,Female,association_football,DI,70,"4,200","2,636.74",0,0,0,0,2.26,19.19,11,23,5.29,4.08,37.67,65.9,230.43
"84,651",20,Female,association_football,DI,101,"6,060","4,122.21",5.73,0,1,0,2.45,22.1,39,40,4.75,6,40.81,75.91,432.46
"84,651",20,Female,association_football,DI,40,"2,400","1,531.13",162.55,13.63,11,2,2.3,26.24,29,26,5.6,4.94,38.28,90.12,220.45
"84,651",20,Female,association_football,DI,100,"6,000","4,081.83",7.26,0,1,0,2.45,21.56,23,15,5.4,6.31,40.82,74.04,447.11
"84,651",20,Female,association_football,DI,90,"5,400","3,149.62",0,0,0,0,2.1,19.7,35,25,5.22,5.34,35,67.66,344.96
"84,651",20,Female,association_football,DI,60,"3,600","1,627.76",5.52,0,1,0,1.63,22.18,27,31,6.7,6.87,27.13,76.17,223.66
"84,651",20,Female,association_football,DI,60,"3,600","2,319.24",0,0,0,0,2.32,18.64,27,24,4.87,5.51,38.65,64.01,255.61
"84,651",20,Female,association_football,DI,28,"1,680",462.08,0,0,0,0,0.99,6.07,0,0,0,0,16.5,21.46,11.63
"84,651",20,Female,association_football,DI,90,"5,400","2,593.77",0,0,0,0,1.73,16.34,7,12,4.28,4.23,28.82,40.2,199.54
"84,651",20,Female,association_football,DI,90,"5,400","3,616.27",14.43,0,3,0,2.41,20.8,21,14,4.22,4.63,40.18,51.15,385.7
"84,651",20,Female,association_football,DI,76,"4,560","2,371.52",0,0,0,0,1.87,18.05,7,7,4.69,4.55,31.2,44.4,324.51
"84,651",20,Female,association_football,DI,73,"4,380","2,300.18",0,0,0,0,1.89,18.94,21,12,4.35,4.85,31.51,65.04,260.58
"84,651",20,Female,association_football,DI,90,"5,400","6,914.57",185.67,67.13,21,7,4.61,25.09,35,37,5.27,5.8,76.83,61.71,880.69
"84,651",20,Female,association_football,DI,90,"5,400","3,610.38",63.97,4.98,6,1,2.41,23.57,31,30,4.24,6.1,40.12,57.97,430.71
"84,651",20,Female,association_football,DI,90,"5,400","3,320.55",25.66,0,3,0,2.21,21.73,12,16,4.75,6.93,36.89,53.45,361.89
"84,651",20,Female,association_football,DI,90,"5,400","3,443.99",16.44,0,2,0,2.3,21.8,23,9,4.94,4.75,38.27,53.62,329.37
"84,651",20,Female,association_football,DI,90,"5,400","5,032.95",117.91,84.28,17,7,3.36,26.38,17,26,5,5.03,55.92,64.89,634.56
"84,651",20,Female,association_football,DI,90,"5,400","3,261.29",16.83,5.81,2,1,2.17,22.88,20,18,5.2,6.7,36.24,56.27,366.34
"84,651",20,Female,association_football,DI,90,"5,400","3,544.31",0,0,0,0,2.36,16.35,36,27,4.87,5.5,39.38,40.21,416.1
"84,651",20,Female,association_football,DI,90,"5,400","6,336.37",148.12,82.32,20,7,4.22,27.01,26,39,5.42,6.75,70.4,66.44,811.64
"84,651",20,Female,association_football,DI,90,"5,400","4,226.38",57.56,9.95,8,1,2.82,23.78,25,29,5.04,5.45,46.96,58.48,498.31
"84,651",20,Female,association_football,DI,90,"5,400","3,810.83",14.02,0,2,0,2.54,20.72,26,39,5.04,5.18,42.34,50.97,513.41
"84,651",20,Female,association_football,DI,120,"7,200","6,628.94",122.45,0,13,0,3.31,21.08,22,15,4.98,5.02,55.24,0,816.19
"84,651",20,Female,association_football,DI,100,"6,000","1,906.81",0,0,0,0,1.14,17.47,14,6,5.26,3.87,19.07,82.88,223.86
"84,651",20,Female,association_football,DI,90,"5,400","8,172.34",247.15,124.2,32,9,5.45,27.6,62,45,5.67,6.29,90.8,67.89,"1,147.50"
"84,651",20,Female,association_football,DI,104,"6,240","6,293.38",158.67,107.42,22,10,3.63,25.41,30,32,7.26,7.86,60.51,108.61,910.14
"84,651",20,Female,association_football,DI,100,"6,000","3,207.19",19.55,5.85,2,1,1.92,22.85,27,19,7.31,7.16,32.07,89.91,347.28
"84,651",20,Female,association_football,DI,77,"4,620","2,901.68",62.2,8.29,7,1,2.26,22.77,17,12,5.15,4.72,37.68,80.49,337.14
"84,651",20,Female,association_football,DI,100,"6,000","7,761.04",159.14,93.92,24,7,4.66,26.94,30,45,5.06,6.56,77.61,66.27,933.01
"84,651",20,Female,association_football,DI,105,"6,300","8,210.41",171.59,61.56,23,6,4.69,25.9,32,37,5.66,5.62,78.19,63.7,"1,063.49"
"84,651",20,Female,association_football,DI,110,"6,600","4,680.14",45.05,0,4,0,2.55,21.84,27,19,5.53,4.85,42.55,53.72,559.45
"84,651",20,Female,association_football,DI,100,"6,000","5,580.99",129.4,35.82,14,4,3.35,26.69,21,27,4.81,5.69,55.81,65.65,641.7
"84,651",20,Female,association_football,DI,90,"5,400","3,081.54",17.66,0,4,0,2.05,19.77,17,14,4.25,4.79,34.24,48.62,324.58
"84,651",20,Female,association_football,DI,92,"5,520","8,380.64",223.69,219.85,29,16,5.47,28.25,47,52,5.15,7.3,91.09,69.49,"1,149.37"
"84,651",20,Female,association_football,DI,90,"5,400","5,645.28",81.93,48.56,14,4,3.76,27.72,28,23,5.82,6.06,62.73,68.19,748.47
"84,651",20,Female,association_football,DI,90,"5,400","5,313.54",88.34,66.53,14,6,3.54,28.29,21,30,5.02,5.92,59.04,69.58,672.18
"84,651",20,Female,association_football,DI,110,"6,600","3,477.02",8.92,0,1,0,1.9,21.21,26,22,5.04,5.39,31.61,52.16,363.92
"84,651",20,Female,association_football,DI,90,"5,400","6,539.19",139.71,37.12,18,4,4.36,25.63,31,55,4.91,7.24,72.66,63.05,853.38
"84,651",20,Female,association_football,DI,70,"4,200","2,877.94",0,0,0,0,2.47,19.26,18,13,5.67,4.63,41.11,47.36,348.77
"84,651",20,Female,association_football,DI,90,"5,400","5,099.99",108.26,25.81,11,4,3.4,24.7,15,30,4.38,5.93,56.67,60.76,618.69
"84,651",20,Female,association_football,DI,90,"5,400","7,501.55",237.72,106.81,22,7,5,26.42,32,48,5.96,5.41,83.35,64.97,998.22
"84,651",20,Female,association_football,DI,90,"5,400","3,396.43",42.3,0,5,0,2.26,21.11,21,27,4.62,6.79,37.74,51.91,417.54
"84,651",20,Female,association_football,DI,110,"6,600","2,382.48",5.65,0,1,0,1.3,20.04,26,22,4.51,5.34,21.66,49.28,279.99
"84,651",20,Female,association_football,DI,90,"5,400","3,671.79",27.1,17.82,5,1,2.45,24.56,25,21,5.35,9.94,40.8,60.41,463.97
"84,934",21,Male,american_football,DI,70,"4,200","2,818.34",75.93,10.04,6,2,2.42,25.27,18,20,5.47,5.47,40.26,0,473.25
"84,934",21,Male,american_football,DI,70,"4,200","2,665.20",108.83,27.22,12,2,2.28,25.82,31,22,5.71,5.82,38.07,102.19,380.7
"84,934",21,Male,american_football,DI,70,"4,200","1,651.53",110.89,0,7,0,1.42,22.95,20,3,5.75,3.4,23.59,88.89,259.98
"84,934",21,Male,american_football,DI,70,"4,200","2,559.30",230.89,0,14,0,2.19,24.42,28,14,5.77,6.32,36.56,96.63,452.11
"84,934",21,Male,american_football,DI,70,"4,200","3,347.85",139.54,0,12,0,2.87,23.53,33,17,5.34,5.41,47.83,88.53,555.96
"84,934",21,Male,american_football,DI,70,"4,200","2,736.64",138.07,23.36,12,2,2.35,26.58,30,26,6.04,5.93,39.09,102.94,436.2
"84,978",19,Female,association_football,DI,50,"3,000","2,209.54",163.96,141.26,17,7,2.65,26.6,19,16,4.86,5.27,44.19,106.27,305.25
"84,978",19,Female,association_football,DI,90,"5,400","4,647.23",135.21,0,14,0,3.1,21.07,33,27,5.76,6.64,51.64,91.96,619.61
"84,978",19,Female,association_football,DI,90,"5,400","5,118.77",109.6,104.94,16,5,3.41,26.14,36,29,5.35,5.98,56.88,98.28,577.62
"84,978",19,Female,association_football,DI,90,"5,400","5,539.28",524.8,0,68,0,3.69,20.93,21,9,4.48,4,61.55,78.7,578.48
"84,978",19,Female,association_football,DI,75,"4,500","4,712.60",194.08,7.97,18,2,3.77,22.6,25,25,4.77,5.71,62.83,84.99,575.11
"84,978",19,Female,association_football,DI,120,"7,200","5,665.68",84.34,6.67,16,1,2.83,23.18,64,52,5.81,5.85,47.21,92.62,818.72
"84,978",19,Female,association_football,DI,120,"7,200","8,453.91",310.43,111.15,40,15,4.23,24.9,49,39,5.9,7.45,70.45,108.67,"1,011.33"
"84,978",19,Female,association_football,DI,100,"6,000","5,161.46",120.42,32.74,16,4,3.1,23.79,41,37,5.69,6.03,51.61,95.05,753.24
"84,978",19,Female,association_football,DI,90,"5,400","7,898.45",158.38,14.84,17,3,5.27,25.03,65,55,5.03,6.56,87.76,100.51,"1,145.40"
"84,978",19,Female,association_football,DI,90,"5,400","5,917.91",135.93,6.64,14,1,3.95,22.91,56,45,6.15,6.09,65.75,125.84,754.17
"84,978",19,Female,association_football,DI,60,"3,600","3,883.01",562.63,0,65,0,3.88,22.31,35,14,5.45,5.41,64.72,89.13,575.85
"84,978",19,Female,association_football,DI,90,"5,400",817.68,0,0,0,0,0.55,16.39,3,4,3.33,3.82,9.09,65.49,45.75
"84,978",19,Female,association_football,DI,70,"4,200","5,427.33",125.15,17.62,17,1,4.65,24.23,24,34,4.7,4.8,77.53,91.11,688.83
"84,978",19,Female,association_football,DI,90,"5,400","5,532.09",203.53,0,24,0,3.69,21.66,47,46,5.46,5.8,61.47,86.57,617.98
"84,978",19,Female,association_football,DI,90,"5,400","5,575.47",0,0,0,0,3.72,18.85,43,39,5.12,5.16,61.95,82.28,667.83
"84,978",19,Female,association_football,DI,90,"5,400","5,126.61",710.52,0,84,0,3.42,21.64,39,5,5.39,4.71,56.96,94.42,663.71
"84,978",19,Female,association_football,DI,90,"5,400","4,142.84",0,0,0,0,2.76,18.21,43,46,5.16,5.96,46.03,0,568.81
"84,978",19,Female,association_football,DI,100,"6,000","8,373.28",493.58,69.98,90,5,5.02,24.74,63,28,5.29,6.28,83.73,93.03,"1,166.81"
"84,978",19,Female,association_football,DI,100,"6,000","6,062.59",616.45,0,98,0,3.64,21.28,58,21,5.61,5.39,60.63,85.03,900.66
"85,874",18,Male,association_football,DI,195,"11,700","7,566.08",68.1,29.59,10,2,2.33,28.06,41,58,8.46,6.62,38.8,101.02,883.79
"85,874",18,Male,association_football,DI,90,"5,400","1,263.81",0,0,0,0,0.84,17.14,4,2,4.44,3.05,14.04,61.07,121.51
"85,874",18,Male,association_football,DI,100,"6,000","8,232.75",317.72,11.48,29,1,4.94,26.64,46,55,5.93,8.82,82.33,94.93,"1,218.37"
"85,874",18,Male,association_football,DI,120,"7,200","5,563.62",22.2,0,5,0,2.78,22.57,40,47,6.54,6.14,46.36,80.45,693.84
"85,874",18,Male,association_football,DI,120,"7,200","7,552.82",119.28,0,8,0,3.78,25.28,59,70,6.09,6.87,62.94,90.1,"1,139.56"
"85,874",18,Male,association_football,DI,95,"5,700","7,012.19",51.92,0,6,0,4.43,24.13,63,78,6.08,6.55,73.81,86.01,"1,115.75"
"85,874",18,Male,association_football,DI,120,"7,200","8,145.89",196.42,6.57,15,1,4.07,24.99,47,56,5.06,6.83,67.88,89.08,"1,152.92"
"85,874",18,Male,association_football,DI,120,"7,200","5,343.68",57.64,0,5,0,2.67,23.26,43,38,5.43,5.56,44.53,82.89,646.77
"85,874",18,Male,association_football,DI,120,"7,200","4,532.40",41,0,6,0,2.27,21.25,22,3,6.82,3.88,37.77,73.35,616.55
"85,874",18,Male,association_football,DI,120,"7,200","5,864.19",206.97,398.29,17,13,2.93,41.03,32,20,5.21,6.56,48.87,141.63,943.52
"85,874",18,Male,association_football,DI,120,"7,200","6,665.27",34.89,0,3,0,3.33,25.24,51,44,5.01,5.71,55.54,61.5,892.51
"85,874",18,Male,association_football,DI,120,"7,200","1,980.65",0,0,0,0,0.99,19.23,15,5,4.97,3.62,16.51,46.87,243.26
"85,874",18,Male,association_football,DI,120,"7,200","7,756.66",116.78,4.13,9,1,3.88,25.31,45,59,5.78,6.16,64.64,61.68,"1,091.91"
"85,874",18,Male,association_football,DI,95,"5,700","5,936.77",11.37,0,2,0,3.75,20.94,62,47,5.12,7.26,62.49,51.04,750.46
"85,874",18,Male,association_football,DI,95,"5,700","7,481.28",220.77,8.81,22,1,4.73,26.49,38,45,5.12,7.44,78.75,64.55,"1,111.95"
"85,874",18,Male,association_football,DI,125,"7,500","7,745.57",195.46,47.85,24,3,3.72,27.77,92,59,5.67,5.88,61.96,0,"1,046.89"
"85,874",18,Male,association_football,DI,90,"5,400","5,018.84",133.09,20.83,7,3,3.35,26.28,31,32,6.45,6.1,55.76,94.63,579
"85,874",18,Male,association_football,DI,120,"7,200","5,581.82",263.77,10.21,23,1,2.79,25.9,61,33,5.52,6.92,46.52,93.24,700.34
"85,874",18,Male,association_football,DI,100,"6,000","6,809.59",18.43,0,1,0,4.09,23.3,77,36,5.95,5.46,68.1,56.79,853.41
"85,874",18,Male,association_football,DI,95,"5,700","7,919.60",184.87,0,13,0,5,24.07,44,47,5.44,5.48,83.36,58.67,"1,066.02"
"85,874",18,Male,association_football,DI,95,"5,700","5,894.59",37.84,0,4,0,3.72,22.8,61,70,7.02,6.37,62.05,55.57,770.34
"85,874",18,Male,association_football,DI,80,"4,800","4,229.55",44.83,0,6,0,3.17,23.15,51,65,5.57,5.83,52.87,56.41,690.88
"85,874",18,Male,association_football,DI,95,"5,700","6,652.80",26.78,0,3,0,4.2,22.92,64,69,5.49,7.14,70.03,55.87,855.49
"85,874",18,Male,association_football,DI,95,"5,700","5,041.33",23.29,0,3,0,3.18,21.71,43,67,5.83,6.96,53.07,52.9,863.83
"85,874",18,Male,association_football,DI,100,"6,000","7,359.40",162.29,14.57,14,1,4.42,25.85,36,57,5.45,7.47,73.59,62.99,"1,243.31"
"85,874",18,Male,association_football,DI,83,"4,980","4,581.10",16.38,0,1,0,3.31,21.89,58,44,6.03,6.09,55.19,53.34,715.11
"85,874",18,Male,association_football,DI,100,"6,000","6,468.26",160.16,16.65,16,2,3.88,26.02,72,62,5.64,7.28,64.68,63.41,827.46
"85,874",18,Male,association_football,DI,68,"4,080","3,735.65",15.06,0,2,0,3.3,21.24,39,20,5.53,7.04,54.94,51.76,396.77
"85,874",18,Male,association_football,DI,105,"6,300","7,721.18",156.29,17.62,12,1,4.41,26.77,37,59,5.62,5.37,73.54,65.23,"1,043.08"
"85,874",18,Male,association_football,DI,90,"5,400","4,284.27",0,0,0,0,2.86,19.49,60,22,5.73,6.25,47.6,47.49,470.11
"85,874",18,Male,association_football,DI,80,"4,800","4,843.23",46.26,0,6,0,3.63,21.64,47,33,6.01,6.69,60.54,52.73,555.91
"85,874",18,Male,association_football,DI,90,"5,400","5,725.65",134.77,5.1,14,1,3.82,25.12,64,59,6.1,7.77,63.62,61.21,709.94
"85,874",18,Male,association_football,DI,90,"5,400","4,702.86",0,0,0,0,3.14,19.3,43,35,6.14,5.41,52.25,47.04,561.39
"85,874",18,Male,association_football,DI,90,"5,400","6,224.23",30.52,0,5,0,4.15,22.28,44,53,5.55,6.35,69.16,54.3,763.76
"85,874",18,Male,association_football,DI,75,"4,500","5,059.62",33.21,0,5,0,4.05,22.82,36,37,5.99,7.03,67.46,55.61,661.98
"85,874",18,Male,association_football,DI,110,"6,600","7,724.32",39.23,0,4,0,4.21,22.85,74,43,5.67,6.24,70.22,55.68,"1,053.57"
"85,874",18,Male,association_football,DI,95,"5,700","4,767.53",89.41,0,5,0,3.01,23.77,41,29,6.25,5.26,50.18,57.93,529.64
"85,874",18,Male,association_football,DI,120,"7,200","8,349.02",206.63,34.81,16,4,4.17,26.26,78,52,6.58,6.72,69.58,64,"1,219.56"
"85,874",18,Male,association_football,DI,90,"5,400","5,177.40",8.92,0,1,0,3.45,20.78,58,53,5.5,5.86,57.53,50.65,671.68
"85,874",18,Male,association_football,DI,95,"5,700","6,230.77",29,0,3,0,3.94,24.02,58,76,5.32,6.54,65.59,58.55,816.3
"85,874",18,Male,association_football,DI,90,"5,400","6,473.95",26.12,0,2,0,4.32,22.06,80,48,5.82,5.5,71.93,53.76,853.56
"85,874",18,Male,association_football,DI,90,"5,400","9,315.90",237.45,12.24,20,1,6.21,27.22,46,62,5.86,7.57,103.51,66.33,"1,365.20"
"85,874",18,Male,association_football,DI,90,"5,400","6,500.34",18.56,0,2,0,4.33,21.1,62,67,5.66,5.83,72.23,51.42,839.42
"85,874",18,Male,association_football,DI,120,"7,200","8,453.22",304.5,47.73,30,3,4.23,27.57,40,58,6.61,5.8,70.44,99.25,"1,147.35"
"85,874",18,Male,association_football,DI,121,"7,260","5,281.25",68.09,0,2,0,2.62,23.54,59,40,5.87,5.24,43.65,83.89,636.03
"85,874",18,Male,association_football,DI,101,"6,060","9,474.32",253.34,13.79,24,3,5.63,26.31,55,84,5.52,6.96,93.81,93.78,"1,391.14"
"85,874",18,Male,association_football,DI,100,"6,000","9,471.04",233.36,48.39,24,2,5.68,28.97,51,62,5.56,6.58,94.71,103.26,"1,519.14"
"85,874",18,Male,association_football,DI,100,"6,000","8,666.10",213.91,0,17,0,5.2,24.93,33,53,5.57,6.37,86.66,60.75,"1,160.19"
"85,874",18,Male,association_football,DI,91,"5,460","4,029.05",3.54,0,1,0,2.66,21.3,57,23,5.59,4.91,44.28,75.92,528.06
"85,874",18,Male,association_football,DI,100,"6,000","9,373.65",123.39,6.52,9,1,5.62,25.96,49,67,5.09,7.21,93.74,63.27,"1,409.48"
"85,874",18,Male,association_football,DI,100,"6,000","9,789.39",151.89,22.03,16,1,5.87,27.58,47,56,6.39,7.86,97.89,67.22,"1,394.26"
"85,874",18,Male,association_football,DI,109,"6,540","11,470.63",250.63,110.25,23,6,6.31,29.42,53,79,5.87,5.89,105.24,71.7,"1,787.63"
"85,874",18,Male,association_football,DI,120,"7,200","7,812.51",149.09,0,16,0,3.91,24.08,73,68,5.47,6.48,65.1,85.81,"1,135.47"
"85,874",18,Male,association_football,DI,120,"7,200","6,914.91",56.71,0,2,0,3.46,24.4,59,38,5.29,7.43,57.62,59.46,982.21
"85,874",18,Male,association_football,DI,95,"5,700",863.64,20.67,0,2,0,0.55,21.78,2,5,4.11,5.84,9.09,77.62,137.01
"85,874",18,Male,association_football,DI,90,"5,400","5,021.07",77.01,7.08,3,1,3.35,25.26,40,37,5.7,5.94,55.79,90.03,589.3
"85,874",18,Male,association_football,DI,90,"5,400","4,433.88",17.88,0,3,0,2.96,21.71,51,35,5.43,7.94,49.27,77.38,559.83
"85,874",18,Male,association_football,DI,90,"5,400",784.7,0,0,0,0,0.52,14.16,11,11,4.09,5.12,8.72,50.47,86.86
"85,874",18,Male,association_football,DI,95,"5,700","4,818.03",159.35,32.88,12,3,3.04,27.34,19,33,5.16,6.94,50.72,97.44,840.8
"85,874",18,Male,association_football,DI,120,"7,200","7,214.55",150.38,32.64,12,5,3.61,26.09,68,53,5.64,6.06,60.12,92.99,970.74
"85,874",18,Male,association_football,DI,120,"7,200","5,247.55",131.86,0,5,0,2.62,24.61,58,20,5.58,5.68,43.73,87.73,487.58
"85,874",18,Male,association_football,DI,120,"7,200","7,621.25",55.15,0,7,0,3.81,22.27,64,52,5.75,6.43,63.51,79.37,959.19
"85,874",18,Male,association_football,DI,120,"7,200","5,398.15",107.99,0,7,0,2.7,23.39,64,21,7.29,5.12,44.98,84.22,644.39
"85,874",18,Male,association_football,DI,120,"7,200","5,289.68",19.94,0,4,0,2.64,20.95,62,38,5.93,6.79,44.08,74.66,589.74
"85,874",18,Male,association_football,DI,120,"7,200","5,985.03",58.62,0,6,0,2.99,23.87,67,40,5.56,6.34,49.88,85.07,734.54
"85,874",18,Male,association_football,DI,120,"7,200","7,311.25",74.74,5.23,7,1,3.66,25.32,100,58,5.54,6.67,60.93,90.23,977.16
"85,874",18,Male,association_football,DI,120,"7,200","7,691.49",198.15,29.34,19,2,3.85,27.01,44,52,6.85,7.68,64.1,96.27,"1,087.43"
"86,116",22,Male,association_football,DI,90,"5,400","4,176.13",0,0,0,0,2.78,19.63,52,19,5.33,5.96,46.4,45.74,535.48
"86,116",22,Male,association_football,DI,103,"6,180","4,783.10",15.21,0,1,0,2.79,24.13,14,3,5.18,3.66,46.44,56.21,216.75
"86,116",22,Male,association_football,DI,60,"3,600","2,805.57",0,0,0,0,2.81,19.7,24,15,6.95,5.32,46.76,45.9,177.64
"86,116",22,Male,association_football,DI,83,"4,980","4,660.16",88.59,21.23,9,2,3.37,26.51,29,28,5.39,6.69,56.15,105.46,600.67
"86,116",22,Male,association_football,DI,113,"6,780","2,323.50",93.21,39.08,11,3,1.23,27.72,14,14,6.82,5.33,20.56,64.61,402.36
"86,116",22,Male,association_football,DI,111,"6,660","7,149.48",77.79,8.57,12,1,3.86,25.14,92,53,5.75,4.8,64.41,0,988.55
"86,116",22,Male,association_football,DI,90,"5,400","3,862.57",104.3,40.24,14,2,2.58,29.48,76,39,6.66,7.18,42.92,68.68,386.59
"86,116",22,Male,association_football,DI,90,"5,400","3,692.02",23.73,0,3,0,2.46,22.13,60,33,6.96,8.79,41.02,51.55,354.74
"86,116",22,Male,association_football,DI,90,"5,400","6,951.31",140.53,4.36,18,1,4.63,25.27,83,84,6.84,9.93,77.24,58.88,735.21
"86,116",22,Male,association_football,DI,80,"4,800","4,160.68",8.27,0,1,0,3.12,21.57,68,51,8.6,8.65,52.01,50.26,408.26
"86,116",22,Male,association_football,DI,85,"5,100","4,424.27",70.62,9.84,9,1,3.12,27.72,63,51,6.66,6.95,52.05,64.58,469.9
"86,116",22,Male,association_football,DI,101,"6,060","3,291.85",67.6,31.86,8,3,1.96,27.43,28,36,5.88,6.96,32.59,63.91,332.23
"86,116",22,Male,association_football,DI,92,"5,520","4,733.99",25.44,0,5,0,3.09,20.5,76,53,9.95,7.82,51.46,47.77,501.36
"86,116",22,Male,association_football,DI,92,"5,520","5,144.62",202.56,8.17,19,1,3.36,25.62,61,56,5.8,7.2,55.92,59.68,535.06
"86,116",22,Male,association_football,DI,297,"17,820","9,172.04",421.59,702.35,16,19,1.85,42.92,26,13,5.86,5.43,30.88,100.05,774.82
"86,116",22,Male,association_football,DI,304,"18,240","9,020.33",29.55,11.97,4,1,1.78,26.08,23,14,5.13,4.94,29.67,60.8,486.11
"86,116",22,Male,association_football,DI,105,"6,300",342.34,0,0,0,0,0.2,12.96,1,1,3.12,3.15,3.26,42.55,28.58
"86,116",22,Male,association_football,DI,110,"6,600",341.24,0,0,0,0,0.19,13.5,4,0,4.63,0,3.1,44.32,27.83
"86,116",22,Male,association_football,DI,105,"6,300",140.05,0,0,0,0,0.08,6.52,0,0,0,0,1.33,15.2,9.77
"86,116",22,Male,association_football,DI,115,"6,900","6,506.65",96.23,0,7,0,3.39,24.96,49,37,5.68,5.75,56.58,58.15,822.76
"86,116",22,Male,association_football,DI,66,"3,960","4,604.44",15.94,0,3,0,4.19,21.27,61,35,5.96,5.68,69.76,49.55,648.97
"86,116",22,Male,association_football,DI,139,"8,340","5,826.09",123.1,23.24,14,3,2.51,26.87,41,29,5.12,6.81,41.91,95.8,"1,001.46"
"86,116",22,Male,association_football,DI,80,"4,800","5,615.49",155.95,42.42,18,3,4.21,27.86,42,24,5.09,5.25,70.19,97.5,827.78
"86,116",22,Male,association_football,DI,103,"6,180",442.09,0,0,0,0,0.26,19.02,1,2,4.4,3.89,4.29,67.23,55.67
"86,116",22,Male,association_football,DI,110,"6,600",453.04,0,0,0,0,0.25,11.85,0,0,0,0,4.12,38.91,39.63
"86,116",22,Male,association_football,DI,71,"4,260","4,177.52",151.44,46.1,19,2,3.53,28.3,59,41,6.51,9.13,58.84,99.03,676.05
"86,116",22,Male,association_football,DI,81,"4,860","5,551.47",106.24,6.25,12,1,4.11,25.34,52,21,5.86,5.16,68.54,59.05,806.55
"86,116",22,Male,association_football,DI,111,"6,660",387.82,0,0,0,0,0.21,17.4,5,5,4.58,4.51,3.49,57.11,55.67
"86,116",22,Male,association_football,DI,51,"3,060","3,117.60",8.87,0,2,0,3.67,22.59,34,25,5.75,7.4,61.13,79.83,341.88
"86,116",22,Male,association_football,DI,99,"5,940",387.08,0,0,0,0,0.23,17.66,5,2,4.28,3.03,3.91,62.39,52.78
"86,116",22,Male,association_football,DI,105,"6,300",454.99,0,0,0,0,0.26,21.03,2,2,3.68,3.21,4.33,74.32,39.81
"86,116",22,Male,association_football,DI,70,"4,200","4,918.34",41.1,0,7,0,4.22,21.3,73,30,6.03,6.12,70.26,49.64,761.91
"86,116",22,Male,association_football,DI,105,"6,300","5,473.17",134.58,7.27,14,1,3.13,25.86,63,29,6.27,6.89,52.13,60.24,792.18
"86,116",22,Male,association_football,DI,93,"5,580","7,910.52",151.9,24.17,13,2,5.1,28.64,38,48,5.13,7.81,85.06,66.73,"1,156.33"
"86,116",22,Male,association_football,DI,105,"6,300","6,619.88",72.56,0,6,0,3.78,24.53,63,57,5.84,6.34,63.05,80.55,"1,020.15"
"86,116",22,Male,association_football,DI,120,"7,200","6,799.47",60.58,0,6,0,3.4,21.92,59,34,5.29,5.62,56.66,71.97,968.85
"86,116",22,Male,association_football,DI,60,"3,600","3,100.14",0,0,0,0,3.1,19.1,34,18,5.97,5.82,51.67,68.09,398.32
"86,116",22,Male,association_football,DI,108,"6,480","4,395.45",8.68,0,1,0,2.44,21.04,23,17,5.79,5.71,40.7,74.99,423.67
"86,116",22,Male,association_football,DI,130,"7,800","8,739.13",310.08,63.79,26,5,4.03,28.05,59,37,5.86,7.51,67.22,104.25,"1,262.80"
"86,116",22,Male,association_football,DI,120,"7,200","7,129.94",92.34,7.33,7,1,3.56,25.61,61,33,6.03,6.11,59.42,95.15,986.7
"86,116",22,Male,association_football,DI,95,"5,700","3,824.92",122.92,44.28,13,4,2.42,26.91,37,23,5.77,7.03,40.26,101.51,673.8
"86,116",22,Male,association_football,DI,75,"4,500","4,172.31",37.35,0,4,0,3.34,22.68,41,20,5.35,5.98,55.63,84.27,547.21
"86,116",22,Male,association_football,DI,80,"4,800","5,142.10",110.71,44.77,14,2,3.86,30.46,57,35,5.81,6.39,64.28,107.64,819.55
"86,116",22,Male,association_football,DI,90,"5,400","4,234.68",0,0,0,0,2.82,18.95,33,22,5.47,5.45,47.05,66.95,276
"86,116",22,Male,association_football,DI,95,"5,700","6,606.06",123.08,48.11,15,3,4.17,29.76,62,45,5.73,7.18,69.54,69.34,947.64
"86,116",22,Male,association_football,DI,106,"6,360","7,151.81",54.83,36.58,7,3,4.05,28.12,102,81,7.38,7.47,67.47,65.51,716.95
"86,116",22,Male,association_football,DI,111,"6,660",358.59,0,0,0,0,0.19,12.69,3,1,3.75,2.82,3.23,41.67,31.92
"86,116",22,Male,association_football,DI,111,"6,660",661.69,25.33,0,2,0,0.36,21.64,2,3,3.96,4,5.96,71.04,86.66
"86,116",22,Male,association_football,DI,110,"6,600",505.76,3.74,0,1,0,0.28,20.11,4,2,3.67,3.62,4.6,66.03,72.38
"86,116",22,Male,association_football,DI,115,"6,900","4,920.91",14.71,0,3,0,2.57,20.59,83,86,9.31,7.93,42.79,47.96,536.19
"86,224",20,Male,american_football,DI-FCS,95,"5,700","1,575.97",0,0,0,0,1,16.85,38,21,5.08,5,16.59,0,334.34
"86,224",20,Male,american_football,DI-FCS,90,"5,400","3,393.20",18.87,0,3,0,2.26,20.62,64,96,6.8,9.96,37.7,85.23,428.29
"86,224",20,Male,american_football,DI-FCS,100,"6,000","2,217.54",0,0,0,0,1.33,18.6,35,33,9.84,7.11,22.18,76.87,220.82
"86,224",20,Male,american_football,DI-FCS,137,"8,220","1,606.87",180.26,0,18,0,0.7,22.5,23,6,5.03,2.91,11.73,93,269.15
"86,224",20,Male,american_football,DI-FCS,80,"4,800","2,230",186.38,0,15,0,1.67,24.19,29,38,7.19,9.91,27.88,114.23,269.52
"86,224",20,Male,american_football,DI-FCS,130,"7,800","4,493.36",24.3,0,5,0,2.07,21.7,74,67,8.7,9.99,34.56,89.69,588.6
"86,224",20,Male,american_football,DI-FCS,106,"6,360","4,018.79",14.23,0,2,0,2.27,22.24,59,74,9.19,8.14,37.91,91.92,466.54
"86,224",20,Male,american_football,DI-FCS,80,"4,800","2,788.52",23.5,0,4,0,2.09,21.32,49,49,9.96,6.36,34.86,88.12,306.55
"86,338",22,Male,association_football,DI,84,"5,040","4,835.21",17.33,0,2,0,3.45,21.86,47,40,5.75,6.75,57.56,80.62,868.62
"86,338",22,Male,association_football,DI,95,"5,700","6,784.03",213.77,0,12,0,4.28,24.85,58,59,5.91,6.95,71.41,87.21,"1,042.12"
"86,338",22,Male,association_football,DI,79,"4,740","6,628.38",292.42,47.34,22,4,5.03,26.4,54,74,6.26,6.99,83.9,92.63,"1,248.60"
"86,338",22,Male,association_football,DI,74,"4,440","6,045.92",268.49,118.02,28,8,4.9,27.77,55,68,5.9,6.45,81.7,97.46,990.49
"86,338",22,Male,association_football,DI,66,"3,960","5,413.10",161.52,0,18,0,4.92,23.75,76,52,5.5,5.79,82.02,83.35,"1,069.24"
"86,338",22,Male,association_football,DI,3,180,416.06,35.24,0,4,0,8.32,24.65,7,5,5.14,4.68,138.69,86.51,97.28
"86,338",22,Male,association_football,DI,90,"5,400","5,654.25",26.49,13.79,5,1,3.77,28.49,18,23,4.49,6.6,62.82,101.14,509.64
"86,338",22,Male,association_football,DI,8,480,934.77,30.81,0,3,0,7.01,24.42,4,9,5.42,6.02,116.85,85.71,202.89
"86,338",22,Male,association_football,DI,85,"5,100","6,130.93",140.74,53.21,12,3,4.33,27.1,29,48,5.13,5.9,72.13,96.18,"1,106.94"
"86,338",22,Male,association_football,DI,53,"3,180","5,432.30",49.37,0,5,0,6.15,23.93,46,65,5.25,6.41,102.5,84.93,"1,071.23"
"86,338",22,Male,association_football,DI,79,"4,740","7,104.43",303.4,16.26,15,2,5.4,26.76,48,81,5.7,6.02,89.93,94.98,"1,288.84"
"86,338",22,Male,association_football,DI,155,"9,300","7,738.80",23.67,0,3,0,3,21.98,50,51,5.36,5.73,49.93,78.02,819.5
"86,338",22,Male,association_football,DI,85,"5,100","6,757.23",188.53,16.31,16,2,4.77,26.62,30,64,5.39,6.27,79.5,94.48,"1,209.86"
"86,338",22,Male,association_football,DI,74,"4,440","6,931.68",287.75,32.89,27,2,5.62,26.98,35,51,5.68,6.47,93.67,95.77,"1,231.54"
"86,338",22,Male,association_football,DI,80,"4,800","4,584.12",59.11,0,7,0,3.44,23.76,39,39,5.47,6.65,57.3,84.33,851.51
"86,338",22,Male,association_football,DI,31,"1,860","4,552.36",262.79,15.3,20,2,8.81,27.24,17,42,4.96,5.25,146.85,99.95,892.84
"86,338",22,Male,association_football,DI,40,"2,400","5,636.60",400.69,32.44,35,2,8.45,28.17,37,50,6.16,6.04,140.92,103.37,"1,089.25"
"86,338",22,Male,association_football,DI,66,"3,960","3,785.14",90.46,4.41,7,1,3.44,25.19,40,50,5.02,6.69,57.35,92.42,624.79
"86,338",22,Male,association_football,DI,75,"4,500","7,407.58",276.46,26.82,25,2,5.93,27.26,47,85,5.01,6.76,98.77,100.52,"1,444.99"
"86,338",22,Male,association_football,DI,71,"4,260","4,703.47",140.71,10.94,13,1,3.97,26.45,45,57,5.63,6.51,66.25,97.53,829.16
"86,338",22,Male,association_football,DI,54,"3,240","6,224.61",111.2,12.43,13,2,6.92,25.85,36,56,6.26,7.59,115.27,95.33,"1,227.87"
"86,338",22,Male,association_football,DI,100,"6,000","7,350.20",114.57,0,11,0,4.41,23.53,59,83,5.59,7.91,73.5,86.78,"1,390.11"
"86,338",22,Male,association_football,DI,111,"6,660","3,335.13",197.31,5.14,16,1,1.8,25.75,16,35,4.98,5.94,30.05,94.98,596.17
"86,338",22,Male,association_football,DI,106,"6,360","2,896.45",46.98,0,5,0,1.64,24.17,13,20,4.44,5.06,27.32,89.13,519.91
"86,338",22,Male,association_football,DI,75,"4,500","5,302.66",192.94,4.38,19,1,4.24,25.14,59,55,5.52,5.99,70.7,92.71,"1,085.88"
"86,338",22,Male,association_football,DI,90,"5,400","7,717.21",421.14,69.52,19,5,5.14,27.12,32,55,5.1,6.03,85.75,0,"1,316.71"
"86,338",22,Male,association_football,DI,55,"3,300","6,158.56",75.54,0,8,0,6.72,23.72,44,56,4.73,5.86,111.97,87.47,"1,209.71"
"86,338",22,Male,association_football,DI,101,"6,060","3,333.21",93.25,11.07,8,1,1.98,25.93,22,26,4.87,7.09,33,95.65,567.96
"86,338",22,Male,association_football,DI,120,"7,200","7,578.44",172.17,6.56,14,1,3.79,25.46,29,42,4.98,5.9,63.15,90.37,"1,001.91"
"86,338",22,Male,association_football,DI,65,"3,900","6,535.88",592.53,205.45,30,14,6.03,26.82,61,55,6.24,7.04,100.55,95.21,"1,285.30"
"86,338",22,Male,association_football,DI,78,"4,680","6,957.19",87.25,11.72,8,1,5.35,25.82,59,73,5.77,6.09,89.19,94.74,"1,324.80"
"86,522",21,Male,american_football,DI,70,"4,200","3,040.86",255.71,97.9,24,2,2.61,33.09,45,35,7.1,6.27,43.44,104.82,445.33
"86,522",21,Male,american_football,DI,70,"4,200","3,264.46",314.34,59.44,28,6,2.8,27.37,49,18,7.12,4.91,46.64,82.71,449.36
"86,522",21,Male,american_football,DI,150,"9,000","6,359.99",215.49,35.42,23,4,2.54,26.34,71,41,6.02,7.3,42.4,0,734.93
"86,522",21,Male,american_football,DI,70,"4,200","2,779.15",188.59,91.84,18,2,2.38,31.51,39,20,6.82,6,39.7,99.8,396.64
"86,522",21,Male,american_football,DI,150,"9,000","5,619.81",230.41,16.18,23,3,2.25,26.5,87,46,6.31,7.35,37.47,100.63,649.56
"86,522",21,Male,american_football,DI,130,"7,800","4,833.88",168.69,5.09,15,1,2.23,25.28,45,26,6.2,5.95,37.18,95.4,548.57
"86,522",21,Male,american_football,DI,330,"19,800","13,634.54",256.74,68.32,29,5,2.48,30.78,90,54,5.95,8.52,41.32,116.14,"1,155.47"
"86,522",21,Male,american_football,DI,70,"4,200","2,904.18",149.21,76.02,14,2,2.49,31.57,19,30,6.21,6.2,41.49,102.56,417.57
"86,522",21,Male,american_football,DI,70,"4,200","2,792.63",284.98,96.58,25,8,2.39,28.44,34,14,6.98,6.21,39.89,90.09,405.93
"86,522",21,Male,american_football,DI,70,"4,200","1,620.93",123.38,55.95,14,6,1.39,26.37,24,4,6.88,4.1,23.16,83.54,232.03
"86,632",20,Female,association_football,DI,23,"1,380","1,512.74",132.45,194.53,14,8,3.95,24.54,10,8,4.78,3.39,65.77,102.91,208.33
"86,632",20,Female,association_football,DI,60,"3,600",201.55,0,0,0,0,0.2,6.23,0,0,0,0,3.36,15.46,14.54
"86,632",20,Female,association_football,DI,90,"5,400","3,161.90",12.61,0,2,0,2.11,21.27,27,20,6.91,9.09,35.13,52.78,445.7
"86,632",20,Female,association_football,DI,73,"4,380","2,275.48",0,0,0,0,1.87,17.47,19,15,4.43,4.97,31.17,64.51,246.57
"86,632",20,Female,association_football,DI,90,"5,400","1,519.78",11.33,0,1,0,1.01,20.22,5,7,3.31,3.86,16.89,50.17,189.18
"86,632",20,Female,association_football,DI,90,"5,400","3,532.96",32.74,0,3,0,2.36,21.22,41,54,4.61,5.56,39.26,52.65,410.61
"86,632",20,Female,association_football,DI,90,"5,400","3,639.31",47.69,0,5,0,2.43,20.76,32,36,4.79,5.52,40.44,51.5,459.15
"86,632",20,Female,association_football,DI,90,"5,400","2,930.11",19.61,7.32,3,1,1.95,23.37,16,21,4.41,5.73,32.56,57.97,325.8
"86,632",20,Female,association_football,DI,100,"6,000","3,463.97",7.59,0,2,0,2.08,19.62,26,15,8.46,9.26,34.64,48.68,348.73
"86,632",20,Female,association_football,DI,90,"5,400","3,439.89",13.89,0,2,0,2.29,21.7,20,20,4.5,5.98,38.22,53.83,394.52
"86,632",20,Female,association_football,DI,90,"5,400","3,232.25",6.37,0,1,0,2.15,20.3,12,24,4.12,5.18,35.91,50.36,334.79
"86,632",20,Female,association_football,DI,90,"5,400","2,248.78",0,0,0,0,1.5,18.66,5,7,4.16,4.45,24.99,46.29,241.99
"86,632",20,Female,association_football,DI,90,"5,400","3,627.39",0,0,0,0,2.42,18.44,35,42,4.56,5.57,40.3,45.74,454.91
"86,632",20,Female,association_football,DI,90,"5,400",227.63,0,0,0,0,0.15,5.64,0,0,0,0,2.53,14,7.68
"86,632",20,Female,association_football,DI,104,"6,240","2,725.87",49.16,10.95,5,1,1.57,22.79,13,16,5.1,7.41,26.21,56.53,380.15
"86,632",20,Female,association_football,DI,90,"5,400","1,154.53",19.76,0,3,0,0.77,20.2,5,5,4.8,3.81,12.83,50.11,157.96
"86,632",20,Female,association_football,DI,120,"7,200","5,545.23",96.78,12.39,8,2,2.77,22.64,16,30,4.67,5.42,46.21,96.26,596.92
"86,632",20,Female,association_football,DI,105,"6,300","3,051.07",90.2,9.52,10,2,1.74,23.26,20,24,4.18,4.98,29.06,98.9,306.7
"86,632",20,Female,association_football,DI,110,"6,600","4,549.11",117.2,64.22,12,4,2.48,23.52,26,26,4.92,5.51,41.36,105.94,467.26
"86,632",20,Female,association_football,DI,90,"5,400",594.69,5.73,0,1,0,0.4,19.5,1,4,3.24,4.46,6.61,48.39,54.86
"86,632",20,Female,association_football,DI,70,"4,200","3,056.16",74.91,38.55,6,2,2.62,23.33,19,19,5.3,4.36,43.66,57.89,284.12
"86,632",20,Female,association_football,DI,90,"5,400",175.08,0,0,0,0,0.12,10.78,0,0,0,0,1.95,26.75,11.64
"86,632",20,Female,association_football,DI,110,"6,600",949.38,0,0,0,0,0.52,14.97,7,5,4.37,4.46,8.63,37.15,98.91
"86,632",20,Female,association_football,DI,90,"5,400","3,921.82",86.67,17.74,4,2,2.61,23.04,15,19,4.4,4.99,43.58,57.17,431.54
"86,632",20,Female,association_football,DI,90,"5,400","1,818.63",27.1,0,5,0,1.21,20.34,6,17,4.5,5.56,20.21,50.45,275.64
"86,632",20,Female,association_football,DI,92,"5,520","2,646.68",91.3,24.72,10,2,1.73,23.28,5,14,3.69,5.87,28.77,57.75,317.2
"86,632",20,Female,association_football,DI,90,"5,400","2,148.84",7.12,0,1,0,1.43,19.54,8,7,4.73,4.65,23.88,48.47,233.25
"86,632",20,Female,association_football,DI,110,"6,600","1,380.73",0,0,0,0,0.75,16.19,13,7,4.01,4.42,12.55,40.16,195.65
"86,632",20,Female,association_football,DI,100,"6,000","4,211.48",103.28,0,8,0,2.53,22.53,13,27,4.16,5.6,42.11,55.89,476.44
"86,632",20,Female,association_football,DI,110,"6,600","2,307.37",0,0,0,0,1.26,17.54,11,10,3.72,3.99,20.98,43.52,278.76
"86,632",20,Female,association_football,DI,105,"6,300","2,819.40",22.67,7.8,4,1,1.61,22.59,5,21,3.54,5.01,26.85,56.05,382.97
"86,632",20,Female,association_football,DI,100,"6,000","3,291.39",76.95,0,8,0,1.97,22.2,16,22,4.57,5.95,32.91,55.09,434.55
"86,632",20,Female,association_football,DI,77,"4,620","3,157.95",48.38,0,2,0,2.46,21.74,7,12,4.09,5.03,41.01,91.16,317.54
"86,632",20,Female,association_football,DI,95,"5,700","3,426.83",83,11.01,8,2,2.16,22.99,17,19,5.58,5.76,36.07,96.38,377.76
"86,632",20,Female,association_football,DI,70,"4,200","3,899.08",162.78,0,7,0,3.34,22.05,25,23,4.58,5.76,55.7,54.72,508.22
"86,632",20,Female,association_football,DI,100,"6,000","1,844.17",10.13,0,1,0,1.11,21.1,11,6,4.27,4.29,18.44,52.35,196.38
"86,632",20,Female,association_football,DI,78,"4,680","4,332.08",0,0,0,0,3.33,18.88,26,35,4.21,5.34,55.54,85.02,541.65
"86,632",20,Female,association_football,DI,75,"4,500",764.6,0,0,0,0,0.61,14.01,1,2,4.11,3.49,10.19,63.1,68.05
"86,632",20,Female,association_football,DI,105,"6,300","3,052.92",34.18,0,5,0,1.74,20.99,28,30,5.45,6.23,29.08,94.53,331.77
"86,632",20,Female,association_football,DI,123,"7,380","8,069.70",134.59,5.1,14,1,3.94,22.2,29,42,4.25,4.85,65.61,0,932.84
"86,632",20,Female,association_football,DI,120,"7,200","6,018.41",135.91,0,14,0,3.01,20.64,28,17,4.99,5.91,50.15,51.2,704.76
"86,632",20,Female,association_football,DI,60,"3,600","1,667.49",0,0,0,0,1.67,18.01,3,3,4.38,4.82,27.79,44.68,162.93
"86,632",20,Female,association_football,DI,105,"6,300","4,433.30",14.95,0,2,0,2.53,20.96,24,26,4.97,5.83,42.22,89.09,490.84
"86,632",20,Female,association_football,DI,110,"6,600","2,711.53",29.43,19.04,3,1,1.48,23.85,6,13,4.83,5.19,24.65,59.17,271.94
"86,632",20,Female,association_football,DI,100,"6,000","4,483.52",11.18,0,1,0,2.69,20.2,18,26,4.97,5.73,44.84,85.88,451.86
"86,632",20,Female,association_football,DI,116,"6,960","4,252.11",59.9,0,6,0,2.2,21.75,21,18,6.58,5.52,36.66,53.96,474.69
"86,632",20,Female,association_football,DI,80,"4,800","2,725.35",0,0,0,0,2.04,19.28,14,15,4.37,5.28,34.07,47.83,289.97
"86,632",20,Female,association_football,DI,99,"5,940","3,224.11",5.9,0,1,0,1.95,19.28,8,11,3.71,5.28,32.57,48.48,249.1
"86,632",20,Female,association_football,DI,74,"4,440","3,612.66",3.5,0,1,0,2.93,19.02,28,15,6.04,5.38,48.82,70.26,248.52
"86,632",20,Female,association_football,DI,101,"6,060","4,330.81",26.43,0,3,0,2.57,20.65,32,36,4.36,6.42,42.88,76.28,438.41
"86,632",20,Female,association_football,DI,40,"2,400","1,730.43",193.79,171.15,28,9,2.6,24.21,35,26,5.3,4.47,43.26,89.4,209.61
"86,632",20,Female,association_football,DI,100,"6,000","3,912.37",69.29,6.83,9,1,2.35,21.64,14,20,4.56,5.79,39.12,79.91,395.97
"86,632",20,Female,association_football,DI,90,"5,400","3,121.62",10.76,0,1,0,2.08,20.54,26,33,4.76,6.4,34.68,75.85,337.56
"86,632",20,Female,association_football,DI,60,"3,600","1,785.71",60.85,22.34,8,2,1.79,27.08,33,25,9.82,8.67,29.76,110.31,236.47
"86,632",20,Female,association_football,DI,60,"3,600","2,368.27",0,0,0,0,2.37,17.85,32,26,4.62,5.39,39.47,72.73,262.23
"86,632",20,Female,association_football,DI,90,"5,400","1,272.87",0,0,0,0,0.85,14.64,9,6,4.12,4.81,14.14,36.33,130.62
"86,632",20,Female,association_football,DI,28,"1,680","1,457.47",0,0,0,0,3.12,13.48,14,4,5.27,4.15,52.05,56.51,331.44
"86,945",21,Male,american_football,DI,55,"3,300","2,611.81",212.41,0,26,0,2.85,24.49,77,48,7.26,9.6,47.49,76.29,344.5
"86,945",21,Male,american_football,DI,105,"6,300","3,718.05",77.96,0,7,0,2.12,24.74,102,38,6.68,6.33,35.41,77.08,402.49
"86,945",21,Male,american_football,DI,140,"8,400","4,274.81",85.42,4.68,10,1,1.83,26.77,95,39,5.8,5.8,30.53,83.4,402.2
"86,945",21,Male,american_football,DI,80,"4,800","2,556.74",0,0,0,0,1.92,19.58,35,13,5.87,4.67,31.96,60.98,199.31
"86,945",21,Male,american_football,DI,77,"4,620","2,322.04",0,0,0,0,1.81,17.1,39,16,4.36,4.79,30.16,53.26,187.64
"86,945",21,Male,american_football,DI,130,"7,800","4,185.37",59.94,9.08,11,2,1.93,26.09,101,48,6.16,8.73,32.2,81.28,391.85
"86,945",21,Male,american_football,DI,44,"2,640","2,280.12",109.13,5.16,17,1,3.11,25.2,55,33,7.21,6.61,51.82,78.5,258.61
"86,945",21,Male,american_football,DI,62,"3,720","1,468.76",230.25,21.42,21,3,1.42,26.52,25,5,9.66,4.18,23.69,82.63,173.16
"86,945",21,Male,american_football,DI,62,"3,720","2,474.97",257.43,0,23,0,2.4,23.83,44,28,8.11,7.81,39.92,74.23,294.98
"86,945",21,Male,american_football,DI,70,"4,200","2,133.11",219.19,49.02,18,2,1.83,31.88,28,8,9.36,7.46,30.47,99.31,263.96
"86,945",21,Male,american_football,DI,45,"2,700","2,913.24","1,233.77",23.87,62,5,3.88,26.29,25,7,5.84,9.36,64.74,81.89,350.18
"86,945",21,Male,american_football,DI,61,"3,660","2,400.75",430.3,4.34,41,1,2.36,25.51,47,33,6.46,6.83,39.36,79.46,299.46
"86,945",21,Male,american_football,DI,42,"2,520","2,720.79","1,312.54",40.5,64,8,3.89,25.92,25,5,5.84,5.35,64.78,80.74,319.83
"86,945",21,Male,american_football,DI,62,"3,720","2,500.38",418.19,5,45,1,2.42,27.05,50,45,8.31,6.06,40.33,84.28,316.93
"86,945",21,Male,american_football,DI,52,"3,120","1,990.24",268.07,0,32,0,2.3,24.45,50,25,7.64,8.29,38.27,76.16,234.11
"86,945",21,Male,american_football,DI,66,"3,960","2,134.52",220.17,64.4,18,6,1.94,29,25,10,7.22,4.93,32.34,90.32,238.41
"86,945",21,Male,american_football,DI,32,"1,920","1,232.61",180.96,5.83,14,1,2.31,25.64,16,4,6.06,6.23,38.52,79.86,129.63
"86,945",21,Male,american_football,DI,51,"3,060","2,454.53",917.26,65.15,60,12,2.89,26.25,27,10,5.67,6.32,48.13,81.77,293.46
"86,945",21,Male,american_football,DI,66,"3,960","2,128.82",235.31,81.14,20,7,1.94,32,38,7,5.56,5,32.25,99.7,237.73
"86,945",21,Male,american_football,DI,60,"3,600","1,524.94",289,5.72,23,1,1.52,25.91,35,14,7.04,5.31,25.42,80.71,198.9
"86,945",21,Male,american_football,DI,55,"3,300","2,286.47",318.67,11.51,35,1,2.49,27.37,41,19,7.38,4.65,41.57,85.27,260.78
"86,945",21,Male,american_football,DI,77,"4,620","2,172.39",58.45,0,7,0,1.69,24.81,41,13,5.8,7.52,28.21,77.29,205.68
"86,945",21,Male,american_football,DI,66,"3,960","1,973.30",238.75,66.68,20,5,1.79,32.1,29,5,7.3,4.76,29.9,100.3,215.04
"86,945",21,Male,american_football,DI,45,"2,700","1,237.90",0,0,0,0,1.65,15.62,11,2,4.5,3.91,27.51,48.67,90.29
"87,353",19,Female,association_football,DI,90,"5,400","5,162.54",695.68,0,46,0,3.44,21.55,37,1,5.3,3.17,57.36,78.07,611.86
"87,353",19,Female,association_football,DI,100,"6,000","8,044.30",697.1,9.22,62,1,4.83,23.23,60,21,5.7,5.58,80.44,85.4,"1,144.78"
"87,353",19,Female,association_football,DI,90,"5,400","4,881.60",311.98,0,16,0,3.25,21.89,45,41,5.61,5.65,54.24,84.49,646.09
"87,353",19,Female,association_football,DI,70,"4,200","5,189.56",87.98,0,8,0,4.45,22.46,17,14,4.33,4.38,74.14,82.57,669.77
"87,353",19,Female,association_football,DI,60,"3,600","4,083.43",645.99,9.39,51,2,4.08,23.05,34,17,5.73,4.71,68.06,88.97,550.86
"87,353",19,Female,association_football,DI,60,"3,600","1,666.04",12,0,3,0,1.67,19.32,38,55,5.23,5.86,27.77,74.57,340.17
"87,353",19,Female,association_football,DI,100,"6,000","4,934.90",91.4,77.55,15,5,2.96,25.91,44,26,5.6,7.41,49.35,102.04,593.38
"87,353",19,Female,association_football,DI,90,"5,400","2,051.72",5.04,0,1,0,1.37,20.04,17,2,4.77,3.56,22.8,77.37,253.65
"87,353",19,Female,association_football,DI,95,"5,700","6,166.23",95.9,0,10,0,3.89,21.7,51,58,5.26,5.83,64.91,85.48,803.79
"87,353",19,Female,association_football,DI,60,"3,600","1,659.28",20.01,0,3,0,1.66,20.25,37,50,5.54,4.89,27.65,79.77,367.75
"87,353",19,Female,association_football,DI,50,"3,000","1,980.50",157.57,148.34,18,6,2.38,27.21,11,11,4.87,4.08,39.61,105,252.94
"87,353",19,Female,association_football,DI,100,"6,000","5,746.32",731.98,5.89,56,1,3.45,23.09,55,19,5.77,5.12,57.46,90.94,776.21
"87,353",19,Female,association_football,DI,120,"7,200","8,278.44",136.44,131.97,19,9,4.14,25.39,46,31,5.49,5.81,68.99,108.06,"1,100.29"
"87,353",19,Female,association_football,DI,120,"7,200","6,763.41",110.06,8.48,13,2,3.38,22.9,75,43,4.96,6.15,56.36,90.17,873.34
"87,353",19,Female,association_football,DI,90,"5,400","6,817.79",67.77,20.23,8,2,4.55,23.98,56,29,5.21,5.16,75.75,94.44,889.83
"87,353",19,Female,association_football,DI,90,"5,400","4,213.63",184.02,0,15,0,2.81,21.46,36,20,5.53,6.33,46.82,91.34,582.12
"87,353",19,Female,association_football,DI,90,"5,400","4,723.66",78.67,20.72,13,3,3.15,23.5,91,72,9.99,8.58,52.49,0,"2,685.77"
"87,353",19,Female,association_football,DI,90,"5,400","5,637.73",25.66,0,4,0,3.76,21.45,43,33,5.51,6.28,62.64,91.27,741.86
"87,353",19,Female,association_football,DI,75,"4,500","3,524.47",158.79,31.79,13,2,2.82,23.21,20,24,4.79,5.74,46.99,84.09,397
"87,353",19,Female,association_football,DI,90,"5,400","5,407.21",47.57,90.94,8,4,3.6,27.6,35,18,6.31,5.6,60.08,101.44,643.96
"87,432",20,Male,american_football,DI-FCS,130,"7,800","4,205.50",27.33,0,6,0,1.94,26.39,95,104,9.41,9.62,32.35,103.5,638.98
"87,432",20,Male,american_football,DI-FCS,106,"6,360","4,724.93",13.6,0,3,0,2.67,20,105,108,9.18,8.08,44.57,75.79,591.23
"87,432",20,Male,american_football,DI-FCS,80,"4,800","3,502.51",13.16,0,3,0,2.63,22.6,66,52,9.55,9.81,43.78,88.64,425.49
"87,432",20,Male,american_football,DI-FCS,95,"5,700","1,615.81",0,0,0,0,1.02,16.09,36,22,4.99,4.06,17.01,0,317.44
"87,432",20,Male,american_football,DI-FCS,90,"5,400","2,663.44",0,0,0,0,1.78,19.09,65,70,9.63,9.29,29.59,72.34,352.29
"87,432",20,Male,american_football,DI-FCS,80,"4,800","1,826.89",164.48,4.66,9,1,1.37,25.5,37,31,8.71,7.91,22.84,101.5,244.88
"87,432",20,Male,american_football,DI-FCS,100,"6,000","2,613.32",0,0,0,0,1.57,17.96,38,32,8.06,7.92,26.13,68.05,285.84
"87,432",20,Male,american_football,DI-FCS,137,"8,220","1,706.21",97.49,0,12,0,0.75,21.92,23,2,5.68,3.03,12.45,83.08,286.54
"87,820",21,Male,american_football,DI,66,"3,960","1,945.97",164.14,48.31,18,3,1.77,30.61,32,6,7.41,4.76,29.48,109.1,216.97
"87,820",21,Male,american_football,DI,62,"3,720","1,505.89",190.59,0,13,0,1.46,24.52,21,6,8.18,6.16,24.29,80.1,162.01
"87,820",21,Male,american_football,DI,62,"3,720","2,050.40",144.56,0,17,0,1.98,22.26,38,20,7.22,7.17,33.07,72.71,210.24
"87,820",21,Male,american_football,DI,70,"4,200","1,999.08",176.02,35.35,21,3,1.71,28.06,24,14,5.43,5.2,28.56,91.66,193.12
"87,820",21,Male,american_football,DI,45,"2,700","2,717.66",948.95,113.47,64,15,3.62,26.99,19,5,6.29,8.81,60.39,88.18,284.69
"87,820",21,Male,american_football,DI,61,"3,660","2,042.93",313.67,12.33,36,2,2.01,26.75,38,25,7.32,6.63,33.49,87.39,228.77
"87,820",21,Male,american_football,DI,42,"2,520","2,320.55",753.58,45.02,49,8,3.32,26.72,12,3,5.45,5.47,55.25,87.3,288.89
"87,820",21,Male,american_football,DI,62,"3,720","2,134.65",283.17,11.44,32,1,2.07,27.08,33,20,6.35,7.21,34.43,88.47,231.88
"87,820",21,Male,american_football,DI,55,"3,300","2,179.61",143.69,16.13,20,1,2.38,27.23,68,28,9.88,5.02,39.63,88.94,269.86
"87,820",21,Male,american_football,DI,52,"3,120","1,786.99",252.21,0,28,0,2.06,22.75,34,17,7.9,6.86,34.37,74.33,189.77
"87,820",21,Male,american_football,DI,66,"3,960","1,975.32",202.79,22.55,17,3,1.8,26.57,20,6,7.83,3.82,29.93,86.79,214.66
"87,820",21,Male,american_football,DI,32,"1,920","1,108.17",142.36,0,15,0,2.08,22.81,10,2,5.51,6.04,34.63,74.52,107.24
"87,820",21,Male,american_football,DI,51,"3,060","2,112.83",525.43,82.57,40,12,2.49,27.55,18,5,7.14,4.31,41.43,89.99,234.69
"87,820",21,Male,american_football,DI,44,"2,640","1,816.26",107.25,0,12,0,2.48,22.76,52,35,8.84,7.59,41.28,74.36,219.41
"87,820",21,Male,american_football,DI,60,"3,600","1,542.87",205.26,31.83,18,5,1.54,27.8,25,13,6.82,5.58,25.71,90.82,184.17
"87,820",21,Male,american_football,DI,55,"3,300","2,063.63",328.07,15.9,33,1,2.25,27.74,33,16,7.53,7.36,37.52,90.61,206.22
"87,820",21,Male,american_football,DI,77,"4,620","2,585.92",76.95,21.35,9,1,2.02,28.96,47,26,7.65,4.31,33.58,94.62,263.29
"87,820",21,Male,american_football,DI,66,"3,960","1,918.57",221.35,32.95,17,2,1.74,28.02,33,10,7.26,5.61,29.07,91.54,211.43
"87,820",21,Male,american_football,DI,45,"2,700",784.57,0,0,0,0,1.05,18.28,12,9,6.91,7.78,17.43,59.71,101.31
"87,820",21,Male,american_football,DI,130,"7,800","4,114.08",115.89,54.23,19,5,1.9,28.48,110,59,7.17,8.85,31.65,93.04,424.48
"87,820",21,Male,american_football,DI,77,"4,620","1,862.62",0,0,0,0,1.45,16.89,60,22,6.49,5.5,24.19,55.16,157.41
"87,820",21,Male,american_football,DI,80,"4,800","2,010.53",0,0,0,0,1.51,17.81,41,21,5.61,8.51,25.13,58.16,182.18
"87,820",21,Male,american_football,DI,140,"8,400","4,501.46",36.41,41.04,4,2,1.93,29.12,94,45,7.14,6.1,32.15,95.11,434.24
"87,820",21,Male,american_football,DI,105,"6,300","2,893.25",46.68,4.41,5,1,1.65,25.18,61,25,6.17,6.67,27.55,82.25,281.81
"89,053",20,Male,american_football,DI-FCS,80,"4,800","2,228.99",170.1,173.8,21,11,1.67,31.98,33,42,8.15,7.56,27.86,121.84,261.03
"89,053",20,Male,american_football,DI-FCS,90,"5,400","2,991.83",102.49,0,11,0,1.99,23.62,68,74,9,9.84,33.24,73.87,406.62
"89,053",20,Male,american_football,DI-FCS,100,"6,000","4,288",220.15,32.57,26,4,2.57,27.07,77,74,8.97,9.53,42.88,84.65,527.15
"89,053",20,Male,american_football,DI-FCS,137,"8,220","1,854.86",331.32,120.29,29,8,0.81,30.85,23,4,6.76,3.56,13.54,96.49,316.94
"89,053",20,Male,american_football,DI-FCS,130,"7,800","5,793.90",328.33,70.01,36,4,2.67,29.28,125,111,9.24,9.43,44.57,91.57,825.1
"89,053",20,Male,american_football,DI-FCS,106,"6,360","4,735.48",417.66,23.48,39,3,2.68,26.7,87,107,8.55,8.32,44.67,83.49,574.57
"89,053",20,Male,american_football,DI-FCS,80,"4,800","4,860.14",90.48,0,11,0,3.65,24.64,85,47,6.05,9.29,60.75,77.06,559.93
"89,053",20,Male,american_football,DI-FCS,95,"5,700","1,436.37",19.11,0,2,0,0.91,22.36,42,18,5.49,5.89,15.12,0,236.77
"89,246",21,Female,association_football,DI,111,"6,660","3,672.64",154.79,166.26,23,10,1.99,26.93,27,29,5.1,6.41,33.09,62.79,590.29
"89,246",21,Female,association_football,DI,60,"3,600","1,524.58",12.57,0,2,0,1.52,20.25,15,7,5.25,5.91,25.41,71.45,163.16
"89,246",21,Female,association_football,DI,60,"3,600","2,025.23",16.25,0,2,0,2.03,21.01,21,16,5.82,5.44,33.75,74.16,263.27
"89,246",21,Female,association_football,DI,95,"5,700","3,581.47",50.68,33.06,7,4,2.26,25.03,41,25,5.44,5.3,37.7,92.6,556.39
"89,246",21,Female,association_football,DI,65,"3,900","3,258.37",41.99,0,5,0,3.01,22.51,35,23,5.79,5.23,50.13,79.43,519.44
"89,246",21,Female,association_football,DI,120,"7,200","4,002.91",50.36,14.54,6,2,2,23.17,32,23,5.01,5.27,33.36,99.12,594.24
"89,246",21,Female,association_football,DI,110,"6,600","4,261.75",32.42,3.8,5,1,2.32,22.69,33,34,5.58,5.4,38.74,88.26,659.7
"89,246",21,Female,association_football,DI,100,"6,000","7,516.49",305.84,78.16,30,5,4.51,25.71,41,53,5.52,7.13,75.16,110,"1,268"
"89,246",21,Female,association_football,DI,95,"5,700","2,288.30",0,0,0,0,1.45,17.62,15,15,4.6,7.13,24.09,68.53,303.66
"89,246",21,Female,association_football,DI,55,"3,300","2,396.64",34.51,6.58,5,1,2.61,22.61,18,9,4.7,5.36,43.58,55.28,321.59
"89,246",21,Female,association_football,DI,62,"3,720","1,927.20",3.84,0,1,0,1.87,19.81,23,17,5.4,6.46,31.08,84.76,273.58
"89,246",21,Female,association_football,DI,120,"7,200","3,857.05",116.24,11.96,13,1,1.93,23.37,45,36,5.21,6.61,32.14,57.13,654.94
"89,246",21,Female,association_football,DI,83,"4,980","2,718.75",15.32,0,2,0,1.97,21.27,37,35,5.22,6.84,32.76,82.72,349.86
"89,246",21,Female,association_football,DI,90,"5,400","4,067.27",188.6,133.77,20,8,2.71,25.93,18,43,7.55,8.97,45.19,100.86,767.81
"89,246",21,Female,association_football,DI,83,"4,980","1,847.14",0,0,0,0,1.34,19.26,7,3,5.32,8.37,22.25,74.27,252.02
"89,246",21,Female,association_football,DI,60,"3,600","2,350.78",6.83,0,2,0,2.35,19.34,20,15,5.87,5.12,39.18,72.94,385.42
"89,246",21,Female,association_football,DI,108,"6,480","5,730.33",330.67,139.72,33,13,3.18,26.52,30,55,5.99,6.2,53.06,102.27,"1,017.58"
"89,246",21,Female,association_football,DI,66,"3,960","1,948.97",16.38,0,2,0,1.77,21.36,2,5,3.43,3.6,29.53,80.56,255.17
"89,246",21,Female,association_football,DI,75,"4,500","2,836.02",22.91,0,4,0,2.27,21.6,40,24,9.51,5.02,37.81,79.91,394.67
"89,246",21,Female,association_football,DI,93,"5,580","7,953.45",497.28,151.34,53,10,5.13,27.03,62,81,6.07,5.66,85.52,101.94,"1,420.69"
"89,246",21,Female,association_football,DI,100,"6,000","1,930.86",80.98,42.61,13,5,1.16,25.54,11,17,5,6.56,19.31,94.48,347.56
"89,246",21,Female,association_football,DI,120,"7,200","4,835.15",58.32,0,9,0,2.42,21.84,51,55,5.49,5.68,40.29,80.79,815.95
"89,246",21,Female,association_football,DI,109,"6,540","5,154.40",172.65,114.2,24,10,2.84,27.37,25,46,4.86,6.62,47.29,96.59,847.86
"89,246",21,Female,association_football,DI,70,"4,200","2,418.40",3.74,16.06,1,2,2.07,24.01,34,9,5.36,5.13,34.55,88.81,360.91
"89,246",21,Female,association_football,DI,61,"3,660","1,046.28",0,0,0,0,1.03,13.2,3,2,4.75,3.79,17.15,48.82,197.89
"89,246",21,Female,association_football,DI,78,"4,680","3,166.65",25.15,0,3,0,2.44,21.55,37,23,6.35,5.74,40.6,79.73,477.29
"89,246",21,Female,association_football,DI,109,"6,540","6,825.79",375.24,154.06,49,9,3.76,26.52,40,53,5.66,5.6,62.62,98.09,"1,198.34"
"89,246",21,Female,association_football,DI,65,"3,900","2,458.16",30.88,3.64,4,1,2.27,22.22,17,25,5.74,4.83,37.82,82.21,291.67
"89,246",21,Female,association_football,DI,105,"6,300","4,365.53",254.58,109.38,28,11,2.49,25.61,18,33,4.98,6.91,41.58,94.73,727.69
"89,246",21,Female,association_football,DI,104,"6,240","9,777.45",505.37,193.23,62,18,5.64,26.78,59,92,5.77,8.47,94.01,94.51,"1,645.28"
"89,246",21,Female,association_football,DI,97,"5,820","3,130.60",78.63,4.59,9,1,1.94,22.7,33,30,5.5,5.16,32.27,83.96,466.91
"89,246",21,Female,association_football,DI,61,"3,660","1,283.15",9.43,0,1,0,1.26,21,6,1,4.55,4.4,21.04,77.69,175.07
"89,246",21,Female,association_football,DI,94,"5,640","4,317.22",42.27,0,7,0,2.76,21.35,33,23,5.18,7.33,45.93,78.96,663.86
"89,246",21,Female,association_football,DI,120,"7,200","4,653.04",122.49,7.32,16,1,2.33,23.48,40,40,6.08,6.85,38.78,82.85,752.23
"89,246",21,Female,association_football,DI,105,"6,300","6,624.66",196.22,134.81,28,8,3.79,28.33,39,54,5.95,6.31,63.09,104.82,"1,216.03"
"89,246",21,Female,association_football,DI,97,"5,820","5,399.30",112.14,89.08,16,7,3.34,25.91,36,44,5.29,5.37,55.66,91.45,"1,026.60"
"89,246",21,Female,association_football,DI,87,"5,220","3,823.96",83.41,11.41,9,2,2.64,23.41,49,41,5.49,4.9,43.95,82.63,626.39
"89,246",21,Female,association_football,DI,36,"2,160","1,554.32",34.55,0,5,0,2.59,22.23,28,20,6.24,5.16,43.18,78.44,254.38
"89,246",21,Female,association_football,DI,107,"6,420","3,462.45",192.31,72.41,19,7,1.94,26.84,17,20,5.72,6.3,32.36,94.71,604.25
"89,246",21,Female,association_football,DI,100,"6,000","4,230.74",21.55,0,4,0,2.54,20.35,31,47,5.2,5.2,42.31,71.82,781.95
"89,246",21,Female,association_football,DI,106,"6,360","6,263.15",236.05,161.88,32,12,3.55,27.81,33,46,5.07,6.36,59.09,65.27,"1,055.94"
"89,246",21,Female,association_football,DI,106,"6,360","6,229.62",265.37,141.41,29,12,3.53,26.86,38,44,5.83,9.75,58.77,94.78,"1,104.30"
"89,246",21,Female,association_football,DI,111,"6,660","5,768.62",278.6,93.03,31,7,3.12,25.78,27,49,5.18,6.82,51.97,90.97,"1,084.44"
"89,246",21,Female,association_football,DI,60,"3,600","1,720.52",0,0,0,0,1.72,18.54,28,13,4.72,5.56,28.68,65.42,256.16
"89,246",21,Female,association_football,DI,108,"6,480","6,111.97",294.92,188.85,35,15,3.4,26.99,30,51,4.42,6.7,56.59,95.26,"1,114.33"
"89,246",21,Female,association_football,DI,110,"6,600","6,696.55",221.06,113.28,30,8,3.65,26.67,51,59,5.42,7.3,60.88,94.14,"1,171.04"
"89,246",21,Female,association_football,DI,75,"4,500","2,405.76",0,0,0,0,1.92,18.49,17,2,4.75,5.26,32.08,65.25,254.45
"89,246",21,Female,association_football,DI,60,"3,600","2,427.64",33.69,0,5,0,2.43,21.58,28,13,5.54,4.73,40.46,76.16,374.58
"89,246",21,Female,association_football,DI,75,"4,500","2,144.36",5.38,6.71,1,1,1.72,23.41,32,21,4.95,4.48,28.59,82.62,284.83
"89,246",21,Female,association_football,DI,112,"6,720","6,133.16",259.83,138.41,30,13,3.29,25.92,32,53,5.53,6.49,54.76,91.49,"1,076.24"
"89,246",21,Female,association_football,DI,60,"3,600","1,593.42",0,0,0,0,1.59,18.85,4,6,3.93,3.79,26.56,66.51,213.52
"89,246",21,Female,association_football,DI,60,"3,600","1,186.52",4.56,936.55,1,17,1.19,42.89,0,0,0,0,19.78,151.36,233.32
"89,246",21,Female,association_football,DI,60,"3,600","2,352.01",20.5,0,3,0,2.35,21.18,38,22,5.66,5.2,39.2,49.39,386.26
"89,246",21,Female,association_football,DI,111,"6,660","4,783.32",116.79,70.94,16,6,2.59,26.37,43,47,5.72,5.07,43.09,61.49,836.4
"89,246",21,Female,association_football,DI,112,"6,720","9,283.96",487.2,361.61,59,26,4.97,28.79,60,86,5.86,6.56,82.89,67.14,"1,604.68"
"89,246",21,Female,association_football,DI,115,"6,900","8,797.94",399.51,152.94,46,11,4.59,27.89,57,85,5.48,6.76,76.5,65.04,"1,466.54"
"89,246",21,Female,association_football,DI,60,"3,600","3,288.10",519.79,119.25,31,6,3.29,26.14,20,13,6.07,4.44,54.8,60.94,686.28
"89,246",21,Female,association_football,DI,53,"3,180","1,362.97",44.83,114.27,8,6,1.54,28.07,17,4,5.93,4.91,25.72,65.45,187.87
"89,246",21,Female,association_football,DI,75,"4,500","5,538.99",169.57,59.67,21,6,4.43,25.26,55,69,7.96,7.37,73.85,58.9,568.77
"89,246",21,Female,association_football,DI,75,"4,500","3,327.89",32.14,0,5,0,2.66,22.01,50,65,5.96,8.91,44.37,51.33,341.97
"89,246",21,Female,association_football,DI,75,"4,500","5,054.35",257.25,283.71,33,24,4.04,26.99,69,96,6.04,7.98,67.39,62.94,604.13
"89,246",21,Female,association_football,DI,75,"4,500","4,691.81",218.05,117.83,28,9,3.75,26.3,54,56,6.14,6.72,62.56,61.32,479.29
"89,568",18,Female,association_football,DI,120,"7,200","6,704.58",54.33,59.89,8,3,3.35,26.45,56,57,5.71,6.13,55.87,64.97,"1,026.54"
"89,568",18,Female,association_football,DI,120,"7,200","6,213.91",35.21,46.7,5,3,3.11,25.06,99,58,5.75,6.11,51.78,61.56,967.34
"89,568",18,Female,association_football,DI,120,"7,200","7,968.42",236.43,57.32,23,5,3.98,24.75,89,63,6.34,5.68,66.4,60.79,"1,403.62"
"89,568",18,Female,association_football,DI,120,"7,200","2,580.94",22.11,0,3,0,1.29,20.35,10,12,4.77,3.97,21.51,49.98,269.97
"89,568",18,Female,association_football,DI,120,"7,200","5,763.02",48.09,0,5,0,2.88,21.94,50,39,5.18,6.62,48.03,53.89,932.7
"89,568",18,Female,association_football,DI,120,"7,200","2,853.91",53.5,0,5,0,1.43,22.48,23,16,5.24,5.1,23.78,55.22,377.71
"89,568",18,Female,association_football,DI,90,"5,400","1,975.52",81,4.49,9,1,1.32,22.82,12,20,4.17,5.25,21.95,56.04,345.42
"89,568",18,Female,association_football,DI,120,"7,200","2,609.74",64.98,0,7,0,1.3,21.53,24,23,5.73,5.54,21.75,52.87,468.63
"89,568",18,Female,association_football,DI,120,"7,200","5,563.82",71.65,0,8,0,2.78,22.09,39,20,5.49,5.19,46.37,54.26,849.27
"89,568",18,Female,association_football,DI,120,"7,200","5,792.53",9.08,0,1,0,2.9,20.53,52,56,5.29,5.66,48.27,50.43,776.94
"89,568",18,Female,association_football,DI,90,"5,400","2,104.33",35.55,0,5,0,1.4,21.86,14,15,5.61,5.99,23.38,53.68,335.86
"89,568",18,Female,association_football,DI,120,"7,200","4,611.63",77.13,0,8,0,2.31,21.86,41,20,5.22,5.31,38.43,53.68,621.53
"89,568",18,Female,association_football,DI,120,"7,200","6,137.31",23.94,0,3,0,3.07,20.68,71,52,5.2,6.05,51.14,50.8,907.24
"89,568",18,Female,association_football,DI,90,"5,400",370.32,0,0,0,0,0.25,19.08,2,4,4.52,4.25,4.11,46.85,63.34
"89,568",18,Female,association_football,DI,90,"5,400","3,779.85",29.99,0,3,0,2.52,22.12,28,28,4.78,5.73,42,54.34,590.96
"89,568",18,Female,association_football,DI,120,"7,200","3,482.48",218.75,"1,814.71",21,47,1.74,40.69,8,6,2.96,3.76,29.02,99.93,471.09
"89,568",18,Female,association_football,DI,120,"7,200","6,165.65",132.34,860.37,13,28,3.08,40.72,17,19,4.44,4.03,51.38,100.07,561.01
"89,568",18,Female,association_football,DI,90,"5,400","1,074.61",7.72,0,1,0,0.72,21.07,11,7,4.46,4.17,11.94,51.75,128.53
"89,568",18,Female,association_football,DI,85,"5,100","2,735.68",95.9,6.13,12,1,1.93,22.72,18,16,5.98,4.33,32.18,55.79,389.63
"89,568",18,Female,association_football,DI,90,"5,400",558.47,0,0,0,0,0.37,11.7,4,3,4.21,3.74,6.21,28.74,66.26
"89,568",18,Female,association_football,DI,120,"7,200",298.3,0,0,0,0,0.15,8.53,0,0,0,0,2.49,20.96,36.12
"89,568",18,Female,association_football,DI,90,"5,400",449.35,0,0,0,0,0.3,9.27,0,0,0,0,4.99,22.77,43.07
"89,568",18,Female,association_football,DI,90,"5,400",359.39,0,0,0,0,0.24,6.16,0,0,0,0,3.99,15.12,37.16
"89,568",18,Female,association_football,DI,120,"7,200","4,147.16",159.81,21.65,19,2,2.07,23.18,33,24,5.42,5.58,34.56,56.94,774.9
"89,568",18,Female,association_football,DI,120,"7,200",199.88,0,0,0,0,0.1,6.77,0,0,0,0,1.67,16.62,19.73
"89,568",18,Female,association_football,DI,120,"7,200","3,886.07",48.38,0,7,0,1.94,20.45,51,41,5.33,5.02,32.38,50.22,713.88
"89,568",18,Female,association_football,DI,120,"7,200","5,888.81",92.44,4.72,11,1,2.94,23.3,36,41,4.83,5.54,49.07,57.22,859.2
"89,568",18,Female,association_football,DI,120,"7,200","5,557.69",12.09,0,1,0,2.78,20.79,51,37,5.87,6.09,46.31,51.06,926.73
"89,568",18,Female,association_football,DI,120,"7,200","6,302.32",52.02,0,6,0,3.15,21.31,53,46,5.04,5.89,52.52,52.34,994.01
"89,568",18,Female,association_football,DI,150,"9,000","5,005.80",102.33,0,9,0,2,23.28,52,50,5.14,6.08,33.37,57.19,796.65
"89,568",18,Female,association_football,DI,120,"7,200",434.81,0,0,0,0,0.22,8.24,0,0,0,0,3.62,20.23,38.46
"89,568",18,Female,association_football,DI,120,"7,200","4,258.89",26.73,16.05,5,2,2.13,23.65,25,34,5.77,4.87,35.49,58.09,521.76
"89,568",18,Female,association_football,DI,120,"7,200","3,182.68",9.12,0,1,0,1.59,21.19,19,10,4.8,5.25,26.52,52.05,349.3
"89,568",18,Female,association_football,DI,120,"7,200","5,605.92",70.23,56.1,7,2,2.8,25.5,43,27,5.64,4.68,46.72,62.62,679.4
"89,568",18,Female,association_football,DI,90,"5,400","1,750.33",7.29,0,1,0,1.17,20.09,4,2,4.26,3.57,19.45,49.33,153.62
"89,568",18,Female,association_football,DI,90,"5,400","3,876.82",0,0,0,0,2.58,19.32,53,43,5.85,5.91,43.08,47.44,562.2
"89,568",18,Female,association_football,DI,95,"5,700",216.75,0,0,0,0,0.14,6.22,0,0,0,0,2.28,15.27,9.08
"89,568",18,Female,association_football,DI,95,"5,700","1,230.78",0,0,0,0,0.78,15.57,7,7,4.93,3.66,12.96,38.23,80.46
"89,568",18,Female,association_football,DI,90,"5,400","3,294.24",18.07,0,3,0,2.2,20.44,20,20,4.62,5.32,36.6,50.19,483.94
"89,568",18,Female,association_football,DI,120,"7,200","5,279.83",43.94,37.65,7,2,2.64,25.34,59,40,5.21,6.93,44,62.23,757.82
"89,568",18,Female,association_football,DI,90,"5,400","4,409.98",86.56,39.44,10,4,2.94,25.16,51,35,5.68,5.45,49,61.8,615.8
"89,568",18,Female,association_football,DI,120,"7,200","3,714.54",31.75,0,3,0,1.86,22.57,30,27,7.53,5.49,30.95,55.43,465.12
"89,568",18,Female,association_football,DI,90,"5,400","3,568.35",201.22,0,20,0,2.38,22.51,35,20,5.93,5.85,39.65,55.29,531.93
"89,568",18,Female,association_football,DI,90,"5,400","2,121.50",126.45,17.02,11,2,1.41,24.29,17,18,5.06,6.33,23.57,59.65,312.23
"89,568",18,Female,association_football,DI,90,"5,400","2,781.20",3.44,0,1,0,1.85,19.54,17,14,5.01,5.96,30.9,47.99,309.52
"89,568",18,Female,association_football,DI,90,"5,400","4,034.91",32.46,0,7,0,2.69,21.03,33,31,5.77,6.05,44.83,51.64,505.89
"89,568",18,Female,association_football,DI,90,"5,400","4,831.03",4.19,0,1,0,3.22,20.13,37,37,5.32,5.58,53.68,49.43,679
"89,568",18,Female,association_football,DI,90,"5,400","4,606.66",23.77,56.19,4,2,3.07,26.16,52,33,5.34,5.86,51.19,64.24,624.77
"89,568",18,Female,association_football,DI,100,"6,000","3,872.61",116.65,46.36,16,6,2.32,25.25,28,38,5,8.46,38.73,62.01,606.17
"89,568",18,Female,association_football,DI,120,"7,200",325.48,0,0,0,0,0.16,7.52,2,0,5.88,0,2.71,18.48,33.65
"89,568",18,Female,association_football,DI,90,"5,400","4,278.46",151.44,0,17,0,2.85,21.67,42,34,4.73,5.9,47.54,53.23,774.41
"89,568",18,Female,association_football,DI,90,"5,400","4,436.81",36.74,34.43,5,2,2.96,24.95,50,37,5.05,5.76,49.3,61.27,660.97
"89,568",18,Female,association_football,DI,90,"5,400",848.34,0,0,0,0,0.57,13.61,6,4,4.75,4.18,9.43,33.42,68.95
"89,681",20,Male,american_football,DI-FCS,80,"4,800","1,736.45",142.33,72.99,13,6,1.3,29.85,47,50,8.03,7.45,21.71,116.28,270
"89,681",20,Male,american_football,DI-FCS,95,"5,700","1,789.21",28.48,0,4,0,1.13,21.24,42,17,5.61,4.92,18.83,0,347.96
"89,681",20,Male,american_football,DI-FCS,80,"4,800","4,408.54",40.14,0,6,0,3.31,23.09,120,84,9.08,9.89,55.11,77.35,630.18
"89,681",20,Male,american_football,DI-FCS,106,"6,360","5,037.73",296.94,5.25,37,1,2.85,25.33,102,123,8.92,8.69,47.53,84.85,633.35
"89,681",20,Male,american_football,DI-FCS,130,"7,800","4,699.07",70.35,8.41,11,1,2.17,26.43,153,162,9.57,9.46,36.15,88.55,783.87
"89,681",20,Male,american_football,DI-FCS,137,"8,220","1,989.02",388.31,0,24,0,0.87,24.88,24,3,5.69,3.2,14.52,83.32,355.56
"89,681",20,Male,american_football,DI-FCS,100,"6,000","3,276.41",81.35,0,12,0,1.97,23.72,66,55,8.25,9.93,32.76,79.46,411.92
"89,681",20,Male,american_football,DI-FCS,90,"5,400","3,148.18",67.19,0,7,0,2.1,23.06,62,99,8.85,7.97,34.98,77.25,386.84
"89,890",21,Male,american_football,DI,105,"6,300","3,929.37",27.64,0,5,0,2.25,20.63,46,20,5.62,5.14,37.42,70.5,621.82
"89,890",21,Male,american_football,DI,100,"6,000","3,956.79",129.23,47.26,16,6,2.37,28.52,88,57,5.86,9.87,39.57,97.49,491.05
"89,890",21,Male,american_football,DI,90,"5,400","2,786.14",161.79,0,14,0,1.86,23.66,65,49,6.82,6.51,30.96,80.85,362.91
"89,890",21,Male,american_football,DI,100,"6,000","4,725.15",148.07,12.91,14,2,2.84,25.49,60,27,6.36,5.31,47.25,87.12,659.86
"89,890",21,Male,american_football,DI,90,"5,400","3,314.13",86.23,0,10,0,2.21,23.68,57,41,7.52,8.16,36.82,80.94,400.31
"89,890",21,Male,american_football,DI,100,"6,000","3,112.89",114.74,9.25,11,1,1.87,26.68,70,82,6.44,9.47,31.13,91.18,427.08
"89,890",21,Male,american_football,DI,80,"4,800","3,119.52",92,25.04,8,1,2.34,27.22,32,17,6.65,6.34,38.99,93.02,487.83
"89,890",21,Male,american_football,DI,100,"6,000","3,850",87.75,21.23,13,3,2.31,26.24,53,24,6.49,5.78,38.5,89.7,594.33
"89,890",21,Male,american_football,DI,100,"6,000","3,241.19",89.06,0,9,0,1.94,24.95,47,27,6.21,5.91,32.41,85.27,473.63
"89,890",21,Male,american_football,DI,105,"6,300","4,436.46",161.84,73.7,20,3,2.54,28.3,54,35,6,6.52,42.25,96.71,660.55
"89,890",21,Male,american_football,DI,80,"4,800","3,106.37",100.15,47.08,14,5,2.33,28.03,42,40,6.97,9.03,38.83,95.81,361.67
"89,890",21,Male,american_football,DI,105,"6,300","3,901.63",172.08,4.27,21,1,2.23,25.7,47,26,6.18,8.66,37.16,87.85,551.34
"89,890",21,Male,american_football,DI,112,"6,720","4,439.18",174.01,93.28,23,5,2.38,29.09,56,36,6.01,6.39,39.64,99.42,654.61
"89,890",21,Male,american_football,DI,80,"4,800","3,900.08",181.24,23.06,19,3,2.93,26.53,51,29,6.43,4.99,48.75,90.68,644.06
"89,890",21,Male,american_football,DI,100,"6,000","4,909.85",195.8,8.9,18,1,2.95,25.45,60,39,6.46,6.6,49.1,86.99,808.98
"89,890",21,Male,american_football,DI,110,"6,600","4,963.80",189.49,28.66,20,4,2.71,25.81,75,47,6.38,7.43,45.13,88.22,840.52
"89,890",21,Male,american_football,DI,105,"6,300","3,714.77",147.38,8.98,18,2,2.12,25.95,72,36,7.21,6.71,35.38,88.7,435.74
"89,890",21,Male,american_football,DI,100,"6,000","4,187.05",252.41,0,17,0,2.51,24.7,41,16,6,5.01,41.87,84.41,639.58
"89,890",21,Male,american_football,DI,85,"5,100","4,419.75",415.94,26.48,27,3,3.12,27.4,59,32,6.34,8.33,52,93.64,767.55
"89,890",21,Male,american_football,DI,112,"6,720","5,124.03",162.67,18,16,1,2.75,27.25,71,39,5.94,8.03,45.75,93.14,868.32
"89,890",21,Male,american_football,DI,112,"6,720","5,003.32",255.02,52.3,28,3,2.68,27.9,65,31,5.68,6.77,44.67,95.36,762.76
"89,890",21,Male,american_football,DI,94,"5,640","2,854.49",62.24,5.9,7,1,1.82,26.03,57,30,8.21,5.83,30.37,88.98,352.57
"89,890",21,Male,american_football,DI,85,"5,100","2,935.34",58.39,19.84,5,2,2.07,25.99,29,9,5.28,4.46,34.53,88.84,465.74
"89,890",21,Male,american_football,DI,95,"5,700","4,154.63",68.22,0,10,0,2.62,23,50,30,5.75,7.54,43.73,78.63,640.12
"89,890",21,Male,american_football,DI,111,"6,660","4,686.09",150.12,41.5,15,2,2.53,28.51,59,24,6.24,9.51,42.22,97.45,706.05
"89,890",21,Male,american_football,DI,90,"5,400","2,886.09",104.02,0,12,0,1.92,24.21,61,25,8.66,6.51,32.07,82.76,353.93
"89,890",21,Male,american_football,DI,80,"4,800","2,717.50",43.58,19.66,4,1,2.04,27.11,25,14,5.56,4.97,33.97,92.65,389.62
"89,890",21,Male,american_football,DI,180,"10,800","1,013.51",30.47,0,4,0,0.34,20.88,6,2,4.63,4.57,5.63,71.37,187.32
"89,890",21,Male,american_football,DI,70,"4,200","2,148.02",69.16,10.54,8,1,1.84,26.25,39,25,9.76,7.87,30.69,89.71,254.08
"89,890",21,Male,american_football,DI,109,"6,540","2,231.75",66.15,49.77,9,2,1.23,28.76,30,11,6.33,6.75,20.47,98.31,368.07
"89,890",21,Male,american_football,DI,80,"4,800","2,353.46",99.87,21.43,13,2,1.77,27.03,38,22,6.95,5.67,29.42,92.39,283.77
"89,890",21,Male,american_football,DI,123,"7,380","2,713.15",40.62,0,4,0,1.32,23.94,27,14,6.96,8.21,22.06,81.82,411.73
"89,890",21,Male,american_football,DI,172,"10,320","1,107.89",4.11,0,1,0,0.39,19.8,11,4,6,4.77,6.44,67.67,192.99
"89,890",21,Male,american_football,DI,74,"4,440","3,210.21",4.32,0,1,0,2.6,21.53,21,21,6.93,6.41,43.38,73.58,246.56
"89,890",21,Male,american_football,DI,73,"4,380","2,686.99",110.25,0,8,0,2.21,25.06,28,13,5.38,5.47,36.81,85.64,418.84
"89,890",21,Male,american_football,DI,105,"6,300","7,063.09",164.73,101.33,22,8,4.04,28.38,59,42,7.74,8.07,67.27,96.99,610.21
"89,890",21,Male,american_football,DI,90,"5,400","3,704.61",248.27,0,14,0,2.47,24.67,33,10,5.99,4.93,41.16,84.3,587.6
"89,890",21,Male,american_football,DI,96,"5,760","4,186.27",93.56,0,11,0,2.62,24.08,46,25,5.51,7.11,43.61,82.32,655.03
"89,890",21,Male,american_football,DI,91,"5,460","3,862.39",77.16,0,7,0,2.55,24.7,53,12,5.92,5.26,42.44,84.41,608.12
"89,890",21,Male,american_football,DI,80,"4,800","2,068.59",23.64,0,3,0,1.55,21.72,31,10,5.94,4.32,25.86,74.25,292.8
"89,890",21,Male,american_football,DI,95,"5,700","2,943.55",77.43,23.99,9,1,1.86,27.99,55,27,5.57,7.87,30.98,95.65,481.2
"89,890",21,Male,american_football,DI,108,"6,480","5,579.71",213.36,26.06,21,4,3.1,25.86,71,48,6.2,7.08,51.66,88.4,497.3
"89,890",21,Male,american_football,DI,105,"6,300","7,366.50",133.52,12.87,17,2,4.21,26.12,72,36,7.09,9.02,70.16,89.27,650.82
"89,890",21,Male,american_football,DI,91,"5,460","3,010.32",8.64,0,2,0,1.98,20.91,46,18,6.13,4.32,33.08,71.47,366.56
"89,890",21,Male,american_football,DI,77,"4,620","2,924.30",59.47,0,8,0,2.28,24.3,34,10,5.87,5.48,37.98,83.06,352.76
"89,890",21,Male,american_football,DI,90,"5,400","3,932.66",6.55,0,1,0,2.62,20.54,53,10,6.48,6.2,43.7,70.21,412.09
"89,890",21,Male,american_football,DI,82,"4,920","5,213.65",137.81,0,6,0,3.81,23.19,54,45,9.4,9.58,63.58,79.26,485.27
"89,890",21,Male,american_football,DI,184,"11,040","1,055",19.25,0,3,0,0.34,21.06,11,4,5.39,5.13,5.73,71.98,186.46
"89,890",21,Male,american_football,DI,86,"5,160","2,498.23",70.96,0,4,0,1.74,22.36,25,4,6.29,3.63,29.05,76.42,306.42
"89,890",21,Male,american_football,DI,124,"7,440","2,445.57",22.93,0,2,0,1.18,23.57,15,8,5.57,7.71,19.72,80.58,242.31
"89,890",21,Male,american_football,DI,61,"3,660","3,404.02",0,0,0,0,3.35,22.65,24,29,9.23,9.97,55.8,77.41,322.23
"89,890",21,Male,american_football,DI,97,"5,820","3,143.19",61.34,0,7,0,1.94,22.76,32,14,5.82,6.48,32.4,77.78,397.54
"89,890",21,Male,american_football,DI,114,"6,840","4,009.24",146.12,4.16,17,1,2.11,25.23,65,42,5.99,7.03,35.17,86.24,543.56
"89,890",21,Male,american_football,DI,120,"7,200","3,803.10",72.66,15.96,9,1,1.9,29.26,45,24,5.93,7.44,31.69,104.97,519.58
"89,890",21,Male,american_football,DI,66,"3,960","1,702.87",15.87,0,3,0,1.55,22.29,16,7,6.54,5.02,25.8,79.99,191.02
"89,890",21,Male,american_football,DI,145,"8,700",191.89,0,0,0,0,0.079,9.46,0,0,0,0,1.32,32.33,20.18
"89,890",21,Male,american_football,DI,65,"3,900","3,785.83",0,0,0,0,3.49,19.93,27,8,9.99,9.71,58.24,71.51,243.77
"89,890",21,Male,american_football,DI,180,"10,800","4,208.05",67.99,0,9,0,1.4,24.95,48,14,5.68,8.07,23.38,89.52,539.58
"89,890",21,Male,american_football,DI,97,"5,820","3,705.71",27.74,0,5,0,2.29,23.35,35,13,6.92,5.28,38.2,83.76,491.97
"89,890",21,Male,american_football,DI,67,"4,020","4,134.05",87.36,0,7,0,3.7,23.37,34,22,6.02,7.37,61.7,79.88,339.26
"89,890",21,Male,american_football,DI,10,600,261.26,0,0,0,0,1.57,17.06,3,0,6.01,0,26.13,58.31,30.87
"89,890",21,Male,american_football,DI,96,"5,760","4,735.28",88.38,7.15,12,1,2.96,25.57,42,23,6.63,5.7,49.33,91.76,603.72
"89,890",21,Male,american_football,DI,129,"7,740","4,065.54",49.42,0,6,0,1.89,23.08,50,12,6.1,4.22,31.52,82.82,661.49
"89,890",21,Male,american_football,DI,105,"6,300","3,623.15",98.53,13.74,14,2,2.07,24.99,28,13,6.01,5.59,34.51,89.66,518.02
"89,890",21,Male,american_football,DI,127,"7,620","7,777.65",13.64,0,3,0,3.67,26.65,94,53,9.33,7.3,61.24,95.61,567.79
"89,890",21,Male,american_football,DI,127,"7,620","9,205.01",41.61,23.49,7,3,4.35,27.87,113,62,9.81,6.27,72.48,116.87,696.8
"89,890",21,Male,american_football,DI,128,"7,680","6,093.23",189.33,0,23,0,2.86,25.13,82,45,6.47,8.65,47.6,90.16,949.2
"89,890",21,Male,american_football,DI,67,"4,020","4,332.48","1,399.80",0,43,0,3.88,23.85,46,12,5.95,4.12,64.66,0,586.85
"89,890",21,Male,american_football,DI,127,"7,620","4,386.01",170.72,37.76,18,2,2.07,26.88,65,31,6.33,6.3,34.54,96.44,631.68
"89,890",21,Male,american_football,DI,75,"4,500","2,037.99",0,0,0,0,1.63,19.16,20,6,9.94,9.42,27.17,68.74,166.31
"89,890",21,Male,american_football,DI,76,"4,560","2,515.31",124.86,14.46,10,2,1.99,25.69,21,12,5.27,4.85,33.1,87.79,410.27
"89,890",21,Male,american_football,DI,85,"5,100","4,059.33",64.9,0,6,0,2.87,23.76,57,21,6.73,5.79,47.76,81.21,562.75
"89,890",21,Male,american_football,DI,92,"5,520","3,748.41",185.35,54.93,20,2,2.44,26.82,62,34,5.89,7.83,40.74,91.67,487.77
"89,890",21,Male,american_football,DI,101,"6,060","3,630.59",28.17,0,5,0,2.16,23.62,32,20,7.02,6.68,35.95,84.76,357.88
"89,890",21,Male,american_football,DI,106,"6,360","4,223",116.76,41.86,14,2,2.39,26.57,58,39,5.88,7.86,39.84,90.81,653.04
"89,890",21,Male,american_football,DI,95,"5,700","6,185.19",70.08,6.11,10,1,3.91,27.74,48,28,7.3,5.93,65.11,94.82,499
"89,890",21,Male,american_football,DI,101,"6,060","2,858.45",29.69,15.08,3,1,1.7,25.25,37,15,6.28,5.59,28.3,90.61,367.87
"89,890",21,Male,american_football,DI,129,"7,740","2,914.15",93.13,0,11,0,1.36,23.78,29,19,6.22,7.94,22.59,85.34,413.64
"89,890",21,Male,american_football,DI,105,"6,300","2,770.98",119.2,24.41,15,3,1.58,27.04,24,16,5.46,4.75,26.39,92.43,221.1
"90,013",18,Female,association_football,DI,120,"7,200","5,593.22",27.31,0,5,0,2.8,21.23,41,42,5,5.4,46.61,50.04,817.35
"90,013",18,Female,association_football,DI,120,"7,200","5,516.09",39.14,15.79,8,2,2.76,23.77,40,30,5.13,6.2,45.97,58.08,686.85
"90,013",18,Female,association_football,DI,90,"5,400","4,579.87",25.41,56.29,4,3,3.05,27.09,31,38,5.01,5.41,50.89,66.2,630.26
"90,013",18,Female,association_football,DI,120,"7,200","2,666.87",19.82,0,2,0,1.33,22.44,20,30,4.62,6.04,22.22,52.88,304.77
"90,013",18,Female,association_football,DI,90,"5,400","4,675.37",57.87,0,7,0,3.12,21.13,23,35,4.95,6.11,51.95,49.8,754.14
"90,013",18,Female,association_football,DI,90,"5,400","4,595.74",11.59,3.87,2,1,3.06,23.88,32,28,9.78,4.71,51.06,56.29,584.19
"90,013",18,Female,association_football,DI,90,"5,400",999.34,0,0,0,0,0.67,12.92,3,7,4.34,3.6,11.1,30.46,82.27
"90,013",18,Female,association_football,DI,120,"7,200","5,994.94",35.07,91.42,5,3,3,27.64,41,61,7.31,6.31,49.96,65.14,"1,093.41"
"90,013",18,Female,association_football,DI,90,"5,400","5,035.24",77.86,16.47,8,2,3.36,23.11,33,48,7.32,6.08,55.95,54.47,805.55
"90,013",18,Female,association_football,DI,120,"7,200","1,428.58",0,0,0,0,0.71,18.54,10,12,4.44,4.21,11.9,43.7,182.58
"90,013",18,Female,association_football,DI,120,"7,200","5,732.97",83.95,5.9,13,1,2.87,23.08,48,48,4.62,5.65,47.77,54.39,879.7
"90,013",18,Female,association_football,DI,120,"7,200","1,956.28",14.14,0,2,0,0.98,20.77,22,23,4.79,5.29,16.3,48.96,305.74
"90,013",18,Female,association_football,DI,120,"7,200","4,210.92",74.11,0,6,0,2.11,22.03,39,37,5.24,5.62,35.09,51.93,657.96
"90,013",18,Female,association_football,DI,120,"7,200","1,915.35",6.86,5.38,2,1,0.96,22.82,35,23,5.86,6.38,15.96,53.79,380.01
"90,013",18,Female,association_football,DI,120,"7,200","4,598.80",41.89,57.75,6,5,2.3,25.38,44,38,5.22,5.85,38.32,59.82,972.18
"90,013",18,Female,association_football,DI,120,"7,200","5,522.23",161.55,129.66,19,9,2.76,27.94,35,53,6.65,5.78,46.02,65.84,860.99
"90,013",18,Female,association_football,DI,90,"5,400","1,202.78",5.01,0,1,0,0.8,19.84,6,7,4.44,5.55,13.36,46.75,191.33
"90,013",18,Female,association_football,DI,120,"7,200","1,809.44",14.6,0,1,0,0.9,21.71,39,20,6.47,6.07,15.08,51.16,368.18
"90,013",18,Female,association_football,DI,90,"5,400","1,306.27",10.85,0,1,0,0.87,21.64,7,9,4.8,4.29,14.51,50.99,181.54
"90,013",18,Female,association_football,DI,150,"9,000","6,233.37",40.83,23.17,6,2,2.49,24.93,28,37,5.69,6.16,41.56,60.92,879.72
"90,013",18,Female,association_football,DI,120,"7,200","5,597.52",34.51,0,4,0,2.8,20.7,34,26,5.59,5.65,46.65,50.58,706.77
"90,013",18,Female,association_football,DI,120,"7,200","4,843",50.98,0,6,0,2.42,21.12,28,23,5.35,4.9,40.36,51.61,534.21
"90,013",18,Female,association_football,DI,120,"7,200","3,136.22",20.58,0,3,0,1.57,21.12,8,14,4.54,5.35,26.14,51.61,310.02
"90,013",18,Female,association_football,DI,120,"7,200","6,236.28",109.49,101.76,16,6,3.12,27.61,36,33,5.48,5.22,51.97,67.46,794.08
"90,013",18,Female,association_football,DI,90,"5,400","2,089.30",0,0,0,0,1.39,20.08,2,2,4.41,3.36,23.21,49.07,178.62
"90,013",18,Female,association_football,DI,90,"5,400","3,982.06",45.2,0,5,0,2.65,22.64,45,48,6.15,5.69,44.25,55.33,515.6
"90,013",18,Female,association_football,DI,95,"5,700",170.78,0,0,0,0,0.11,4.89,0,0,0,0,1.8,11.95,7.12
"90,013",18,Female,association_football,DI,90,"5,400","3,717.86",13.99,18.3,3,1,2.48,26.38,28,21,4.91,5.52,41.31,64.45,515.7
"90,013",18,Female,association_football,DI,95,"5,700",922.73,0,0,0,0,0.58,14.62,3,4,4.1,3.67,9.71,35.73,47.7
"90,013",18,Female,association_football,DI,90,"5,400","3,173.92",15.91,0,3,0,2.12,21.68,19,20,5.1,5.98,35.27,52.97,450.25
"90,013",18,Female,association_football,DI,120,"7,200","4,754.70",31.68,5.84,5,1,2.38,22.36,33,30,5.56,5.52,39.62,54.64,585.87
"90,013",18,Female,association_football,DI,120,"7,200","6,040.61",23.01,32.52,4,1,3.02,27.74,37,38,5.46,6.15,50.34,67.79,750.38
"90,013",18,Female,association_football,DI,120,"7,200","3,803.42",31.69,0,2,0,1.9,22.42,16,22,5.05,5.89,31.7,54.78,426.6
"90,013",18,Female,association_football,DI,100,"6,000",858.62,0,0,0,0,0.52,14.26,7,5,4.25,4.5,8.59,34.85,88.74
"90,013",18,Female,association_football,DI,90,"5,400","4,185.40",51.34,71.26,7,3,2.79,27.24,22,15,5.83,5.81,46.5,66.56,530.37
"90,013",18,Female,association_football,DI,90,"5,400","5,443.44",83.95,3.72,11,1,3.63,22.03,39,40,5.4,5.89,60.48,53.83,708.98
"90,013",18,Female,association_football,DI,90,"5,400","2,324.03",16.85,0,2,0,1.55,20.98,18,18,6.07,5.27,25.82,51.27,286.25
"90,013",18,Female,association_football,DI,90,"5,400",245.91,0,0,0,0,0.16,8.4,0,0,0,0,2.73,20.53,8.88
"90,013",18,Female,association_football,DI,90,"5,400","5,041.86",172.23,16.32,18,3,3.36,23.46,40,46,5.46,5.65,56.02,57.32,820.67
"90,013",18,Female,association_football,DI,90,"5,400","4,762.60",33.16,61.6,3,2,3.18,26.66,34,28,5.58,5.28,52.92,65.15,585.68
"90,013",18,Female,association_football,DI,85,"5,100","2,264.50",11.84,0,2,0,1.6,20.82,18,12,4.41,5.04,26.64,50.86,245.68
"90,013",18,Female,association_football,DI,90,"5,400","4,383.69",29.36,0,6,0,2.92,19.81,45,52,8.98,7.62,48.71,48.41,476.75
"90,013",18,Female,association_football,DI,90,"5,400","4,685.77",35.22,0,5,0,3.12,22.5,36,32,4.78,6.03,52.06,54.98,635.52
"90,013",18,Female,association_football,DI,90,"5,400",500,0,0,0,0,0.33,14.49,2,1,3.92,4.59,5.56,35.42,39.73
"90,013",18,Female,association_football,DI,120,"7,200","7,399.78",358.01,"3,760.99",50,88,3.7,40.92,16,16,4.08,5.25,61.66,100.18,"1,048.80"
"90,013",18,Female,association_football,DI,120,"7,200","2,685.53",187.34,"1,821.04",19,33,1.34,40.85,1,5,2.48,3.27,22.38,99.82,450.16
"90,013",18,Female,association_football,DI,90,"5,400","3,828.97",101.93,15.36,15,3,2.55,23.2,30,31,4.79,5.56,42.54,56.69,562.88
"90,013",18,Female,association_football,DI,120,"7,200","5,408.50",4.53,0,1,0,2.7,20.03,35,42,4.65,6.34,45.07,48.94,829.45
"90,013",18,Female,association_football,DI,120,"7,200","4,540.30",38.85,0,3,0,2.27,21.77,17,16,5.57,5.77,37.84,53.2,536.81
"90,013",18,Female,association_football,DI,90,"5,400",789.84,0,0,0,0,0.53,12.7,4,8,3.89,3.54,8.78,31.03,74.49
"90,013",18,Female,association_football,DI,120,"7,200","5,302.18",17.93,0,3,0,2.65,20.51,27,56,4.54,5.42,44.18,50.11,738.66
"90,013",18,Female,association_football,DI,120,"7,200","6,901.48",89.8,20.1,12,2,3.45,24.35,38,40,7.62,5.62,57.51,59.51,"1,003.59"
"90,013",18,Female,association_football,DI,120,"7,200","6,061.79",45.47,59.73,7,3,3.03,28.03,50,56,5.91,5.37,50.51,68.49,846.11
"90,013",18,Female,association_football,DI,120,"7,200","5,324.10",176.56,"1,318.97",21,48,2.66,42.43,44,28,6.1,5.5,44.37,103.68,655.86
"90,013",18,Female,association_football,DI,120,"7,200","8,136.78",84.47,16.36,11,2,4.07,23.56,58,43,5.33,6.08,67.81,57.57,"1,161.86"
"90,013",18,Female,association_football,DI,120,"7,200","2,364.45",14.28,0,2,0,1.18,20.88,8,5,4.52,3.91,19.7,51.02,224.87
"90,013",18,Female,association_football,DI,90,"5,400","1,760.81",61.81,35.48,7,2,1.17,26.44,5,17,3.92,4.7,19.56,62.32,307.07
"90,529",21,Male,american_football,DI,77,"4,620","1,204",0,0,0,0,0.94,16.96,16,8,4.55,6.61,15.64,63.99,99.62
"90,529",21,Male,american_football,DI,130,"7,800","2,898.26",0,0,0,0,1.34,18.45,77,21,6.19,8.42,22.29,69.62,284.14
"90,529",21,Male,american_football,DI,44,"2,640","1,785.80",25.84,0,5,0,2.44,21.66,66,24,7.01,6.99,40.59,81.71,233.26
"90,529",21,Male,american_football,DI,45,"2,700","2,280.74",504.04,0,60,0,3.04,23.21,22,3,4.72,3.84,50.68,87.55,236.63
"90,529",21,Male,american_football,DI,61,"3,660","2,216.72",160.5,0,21,0,2.18,23.21,52,25,6.39,4.97,36.34,87.56,245.7
"90,529",21,Male,american_football,DI,42,"2,520","2,000.69",493.95,0,60,0,2.86,22.96,21,4,5.06,5.45,47.64,86.6,198.51
"90,529",21,Male,american_football,DI,62,"3,720","2,233.98",151.82,0,18,0,2.16,24.12,53,18,7.97,5.47,36.03,91,246.07
"90,529",21,Male,american_football,DI,55,"3,300","2,076.85",56.06,0,7,0,2.27,21.74,61,26,5.86,6.42,37.76,82.03,267.39
"90,529",21,Male,american_football,DI,52,"3,120","1,700",155.19,0,20,0,1.96,24.88,34,23,5.41,8.22,32.69,93.86,199.08
"90,529",21,Male,american_football,DI,66,"3,960","1,790.49",207.93,15.83,16,2,1.63,26.51,35,12,7.39,5.17,27.13,100.19,224.47
"90,529",21,Male,american_football,DI,32,"1,920","1,043.09",77.48,0,8,0,1.96,22.45,19,5,9.51,5.76,32.6,84.7,103.39
"90,529",21,Male,american_football,DI,51,"3,060","2,004.65",610,4.45,43,1,2.36,25.33,25,3,5.56,6.04,39.31,95.55,235.92
"90,529",21,Male,american_football,DI,66,"3,960","1,811.81",127.13,9.88,16,2,1.65,26.11,26,7,7.68,5.79,27.45,98.49,195.64
"90,529",21,Male,american_football,DI,62,"3,720","2,111.24",109.09,0,16,0,2.04,23.32,36,19,6.25,6.9,34.05,87.98,223.09
"90,529",21,Male,american_football,DI,70,"4,200","1,959.91",124.51,15.04,19,2,1.68,26.46,33,10,6.15,4.93,28,99.81,223.62
"90,529",21,Male,american_football,DI,45,"2,700",748.65,0,0,0,0,1,18.6,17,15,5.56,7.87,16.64,70.17,91.95
"90,529",21,Male,american_football,DI,66,"3,960","1,771",111.4,0,12,0,1.61,24.96,27,13,6.58,7.16,26.83,94.14,189.12
"90,529",21,Male,american_football,DI,77,"4,620","1,614.76",0,0,0,0,1.26,18.72,37,12,5.54,8.39,20.97,70.61,168.43
"90,529",21,Male,american_football,DI,55,"3,300","1,963.74",193.02,0,23,0,2.14,24.15,43,15,5.37,4.76,35.7,91.09,208.57
"90,529",21,Male,american_football,DI,60,"3,600","1,432.71",202.17,0,20,0,1.43,24.08,37,23,7.49,5.03,23.88,90.84,180.94
"90,529",21,Male,american_football,DI,105,"6,300","2,406.15",0,0,0,0,1.37,18.17,41,14,4.98,4.47,22.92,68.54,216.3
"90,529",21,Male,american_football,DI,140,"8,400","3,168.56",0,0,0,0,1.36,19.37,51,8,5.33,3.81,22.63,73.07,279.1
"90,529",21,Male,american_football,DI,80,"4,800","1,705.04",0,0,0,0,1.28,16.91,38,10,6.27,5.99,21.31,63.81,159.47
"90,639",18,Female,association_football,DI,90,"5,400","1,185.56",0,0,0,0,0.79,18.54,4,9,4.98,5.03,13.17,43.89,171.21
"90,639",18,Female,association_football,DI,90,"5,400","2,564.53",11.74,9.09,3,2,1.71,24.09,17,16,4.98,5.64,28.49,57.05,300.89
"90,639",18,Female,association_football,DI,120,"7,200","2,731.01",9.7,4.56,2,1,1.37,24.26,28,12,5.95,5.81,22.76,57.44,343.82
"90,639",18,Female,association_football,DI,90,"5,400","1,719.96",11.09,0,1,0,1.15,21.03,10,3,4.76,4.47,19.11,49.79,159.99
"90,639",18,Female,association_football,DI,120,"7,200","5,743.73",91.89,144.5,13,10,2.87,27.72,30,40,6.14,6.51,47.86,65.64,739.76
"90,639",18,Female,association_football,DI,90,"5,400","1,858.81",48.85,48.91,8,4,1.24,27.08,4,19,4.51,5.62,20.65,66.23,360.48
"90,639",18,Female,association_football,DI,120,"7,200","4,206.13",44.37,0,4,0,2.1,22.46,24,24,5.08,5.25,35.05,53.17,502.74
"90,639",18,Female,association_football,DI,120,"7,200","3,378.20",64.71,57.36,10,2,1.69,24.4,20,14,6.96,5.83,28.15,57.78,408.92
"90,639",18,Female,association_football,DI,120,"7,200","2,981.99",0,0,0,0,1.49,17.59,20,13,4.96,4.74,24.85,41.65,279.58
"90,639",18,Female,association_football,DI,120,"7,200","2,420.05",39.13,0,4,0,1.21,22.21,18,20,4.91,5.68,20.17,52.59,263.62
"90,639",18,Female,association_football,DI,120,"7,200","6,107.18",72.63,68.02,7,3,3.05,28.27,56,26,5.97,5.15,50.89,66.95,695.21
"90,639",18,Female,association_football,DI,90,"5,400","3,589.63",54.98,49.93,7,3,2.39,27.47,14,23,4.76,6.33,39.88,65.04,490.62
"90,639",18,Female,association_football,DI,120,"7,200","4,138.57",37.15,11.75,6,2,2.07,23.45,22,19,5.72,5,34.49,57.35,482.76
"90,639",18,Female,association_football,DI,120,"7,200","6,641.06",48.6,85.97,6,6,3.32,28.62,91,74,6.66,7.4,55.34,70,951.27
"90,639",18,Female,association_football,DI,90,"5,400","4,274.59",100,9.05,12,2,2.85,24.29,33,42,5.75,6.15,47.5,59.41,683.16
"90,639",18,Female,association_football,DI,120,"7,200","2,856.61",190.89,"1,797.69",25,35,1.43,40.73,5,4,3.24,3.3,23.81,99.63,459.46
"90,639",18,Female,association_football,DI,90,"5,400","4,585.87",74.74,28.52,9,2,3.06,26,36,40,6.63,5.68,50.95,63.59,561.15
"90,639",18,Female,association_football,DI,120,"7,200","5,619.70",51.82,0,5,0,2.81,21.59,33,31,5.36,5.87,46.83,52.79,640.08
"90,639",18,Female,association_football,DI,120,"7,200","6,690.50",64.86,5.21,8,1,3.35,23.02,71,61,5.87,6.76,55.75,56.3,854.56
"90,639",18,Female,association_football,DI,120,"7,200","5,611.12",43.97,0,7,0,2.81,22.16,57,38,5.8,5.98,46.76,54.2,641.51
"90,639",18,Female,association_football,DI,150,"9,000","7,719.70",78.52,14.62,9,2,3.09,24.91,52,47,5.7,5.56,51.46,60.92,"1,000.05"
"90,639",18,Female,association_football,DI,120,"7,200","4,434.48",58.76,0,8,0,2.22,21.38,46,28,5.42,5.73,36.95,52.29,424.49
"90,639",18,Female,association_football,DI,120,"7,200","5,082.73",61.87,0,8,0,2.54,21.55,27,26,4.95,5.8,42.36,52.7,548.67
"90,639",18,Female,association_football,DI,120,"7,200","4,120.84",22.76,7.19,4,1,2.06,25.02,15,20,5.05,5.1,34.34,61.2,433.01
"90,639",18,Female,association_football,DI,105,"6,300","9,005.33",93.02,24.23,12,2,5.15,25.94,46,75,5.69,6.68,85.77,63.45,"1,458.12"
"90,639",18,Female,association_football,DI,120,"7,200","6,717.43",96.84,97.41,11,4,3.36,27.26,66,45,5.82,5.9,55.98,66.67,860.99
"90,639",18,Female,association_football,DI,90,"5,400","1,945.28",12.92,0,1,0,1.3,21.84,16,4,5.09,3.99,21.61,53.43,161.55
"90,639",18,Female,association_football,DI,90,"5,400","3,216.64",21.07,0,2,0,2.14,21.27,28,23,4.98,6.38,35.74,52.02,356.06
"90,639",18,Female,association_football,DI,90,"5,400","3,163.59",7.61,0,2,0,2.11,19.97,18,21,4.79,5.57,35.15,48.84,527.51
"90,639",18,Female,association_football,DI,90,"5,400","4,184.52",227.57,29.52,29,6,2.79,24.76,35,32,5.65,8.97,46.49,60.56,677.02
"90,639",18,Female,association_football,DI,85,"5,100","2,542.98",10.49,0,1,0,1.8,21.01,23,18,5.52,5.88,29.92,51.4,233.9
"90,639",18,Female,association_football,DI,90,"5,400","3,792.84",28.21,7.5,5,1,2.53,24.04,16,36,4.62,5.36,42.14,58.79,605.15
"90,639",18,Female,association_football,DI,90,"5,400","4,204.95",18.14,0,3,0,2.8,21.13,48,50,6.23,6.48,46.72,51.67,532.41
"90,639",18,Female,association_football,DI,95,"5,700","6,022.02",117.28,97.16,15,6,3.8,26.63,30,47,4.58,6.31,63.39,65.12,"1,028.64"
"90,639",18,Female,association_football,DI,120,"7,200","6,198.81",402.24,"3,721.34",53,95,3.1,40.89,4,4,3.06,4.3,51.66,100.38,897.33
"90,639",18,Female,association_football,DI,90,"5,400","3,744",0,0,0,0,2.5,20.65,26,33,5.09,5.8,41.6,50.51,505.53
"90,639",18,Female,association_football,DI,95,"5,700","5,359.90",68.86,64.85,10,3,3.39,27.04,28,31,5.23,6.44,56.42,66.13,747.04
"90,639",18,Female,association_football,DI,90,"5,400","4,635.76",27.58,0,3,0,3.09,20.67,28,33,5.23,5.77,51.51,50.56,554.47
"90,639",18,Female,association_football,DI,120,"7,200","5,588.37",38.04,64.1,7,2,2.79,27.82,36,42,5.6,7.01,46.57,68.03,668.68
"90,639",18,Female,association_football,DI,90,"5,400","3,677.91",69.96,0,8,0,2.45,21.26,18,15,4.96,5.32,40.87,52,428.07
"90,639",18,Female,association_football,DI,90,"5,400","4,277.27",60.57,75.82,10,4,2.85,25.91,30,24,5.33,4.96,47.53,63.37,468.84
"90,639",18,Female,association_football,DI,120,"7,200","3,519.66",21.06,9.05,4,1,1.76,23.05,25,26,5.52,5.38,29.33,56.37,437.81
"90,639",18,Female,association_football,DI,90,"5,400","3,601.88",33.88,0,5,0,2.4,22.29,23,28,5.55,7.03,40.02,54.51,497.71
"90,639",18,Female,association_football,DI,100,"6,000","7,063.84",100.31,74.84,13,4,4.24,27.15,44,46,6.03,7.98,70.64,66.41,"1,012.99"
"90,639",18,Female,association_football,DI,90,"5,400","4,245.10",30.89,79.26,6,5,2.83,28.96,41,34,5.2,6.27,47.17,70.83,605.63
"90,639",18,Female,association_football,DI,90,"5,400","4,472.18",28.97,0,3,0,2.98,20.82,39,52,5.87,6.14,49.69,50.92,517.08
"90,639",18,Female,association_football,DI,90,"5,400","1,532.04",3.82,0,1,0,1.02,20.04,4,1,4.28,4.91,17.02,47.46,178.08
"90,639",18,Female,association_football,DI,90,"5,400","6,849.91",79.5,42.14,9,3,4.57,27.44,23,52,4.67,6.91,76.11,64.97,"1,064.47"
"90,639",18,Female,association_football,DI,120,"7,200","2,731.91",16.12,0,2,0,1.37,21.95,25,15,4.75,5.2,22.77,51.97,291.12
"90,639",18,Female,association_football,DI,120,"7,200","5,050.21",39.71,0,5,0,2.53,21.94,43,46,6.02,6.14,42.09,51.95,715.69
"90,639",18,Female,association_football,DI,90,"5,400","7,097.66",148.66,65.47,17,5,4.73,24.84,30,49,5.44,7.62,78.86,58.81,998.3
"90,639",18,Female,association_football,DI,120,"7,200","2,609.03",9.58,0,1,0,1.3,20.6,10,3,5.21,4.51,21.74,50.39,208.23
"90,639",18,Female,association_football,DI,120,"7,200","8,739.70",158.6,46,19,6,4.37,23.81,80,53,5.35,5.91,72.83,58.23,"1,194.38"
"90,639",18,Female,association_football,DI,120,"7,200","5,622.23",184.16,"1,323.75",18,44,2.81,42.24,62,23,5.01,4.26,46.85,103.3,628.01
"90,639",18,Female,association_football,DI,120,"7,200","6,495.42",19.39,0,3,0,3.25,21.51,34,37,5.56,5.68,54.13,52.61,846.77
"90,639",18,Female,association_football,DI,120,"7,200","1,589.53",0,0,0,0,0.79,19.71,5,1,5.03,3.61,13.25,48.2,190.61
"90,639",18,Female,association_football,DI,90,"5,400","6,064.97",129.49,66.28,17,6,4.04,27.01,27,47,5.53,6.69,67.39,66.06,962.72
"90,639",18,Female,association_football,DI,120,"7,200","6,083.22",15.1,0,2,0,3.04,21.18,44,29,4.85,6.25,50.69,51.79,748.08
"90,639",18,Female,association_football,DI,90,"5,400","2,950.54",125.14,13.29,13,2,1.97,24.06,13,17,4.85,6.03,32.78,56.97,412.19
"90,639",18,Female,association_football,DI,120,"7,200","7,574.66",73.99,93.29,9,4,3.79,29.29,55,79,5.51,6.27,63.12,69.34,"1,123.99"
"90,639",18,Female,association_football,DI,90,"5,400","5,108.95",67.43,19.51,9,1,3.41,26.45,41,53,4.79,6.28,56.77,62.62,691.82
"90,639",18,Female,association_football,DI,120,"7,200","2,255.12",14.48,0,1,0,1.13,20.89,10,9,5.32,4.76,18.79,49.46,276.34
"90,669",18,Female,association_football,DI,90,"5,400","6,031.06",320.71,74.27,29,6,4.02,24.7,34,49,5.4,6.05,67.01,58.76,"1,253.23"
"90,669",18,Female,association_football,DI,120,"7,200","1,971.38",0,0,0,0,0.99,18.11,26,16,4.73,5.75,16.43,43.09,321.25
"90,669",18,Female,association_football,DI,90,"5,400","1,104.86",12.77,0,1,0,0.74,21.89,3,1,4.64,3.64,12.28,52.08,140.61
"90,669",18,Female,association_football,DI,120,"7,200","5,404.34",257.71,163.26,30,12,2.7,26.5,34,50,6,7.23,45.04,63.05,959.58
"90,669",18,Female,association_football,DI,90,"5,400","3,690.72",52.37,44.8,9,4,2.46,25.49,24,16,5.39,5.34,41.01,62.36,503.97
"90,669",18,Female,association_football,DI,150,"9,000","8,677.66",204.42,34.2,28,5,3.47,23.41,41,54,5.14,6.1,57.85,57.27,"1,411.12"
"90,669",18,Female,association_football,DI,120,"7,200","6,866.26",52.74,0,8,0,3.43,20.59,47,44,5.01,6.12,57.22,50.37,"1,085.65"
"90,669",18,Female,association_football,DI,120,"7,200","6,502.72",76.06,0,10,0,3.25,21.39,49,53,5.5,6.49,54.19,52.33,973.43
"90,669",18,Female,association_football,DI,120,"7,200","5,665.11",73.97,24.81,12,2,2.83,25.11,30,41,6.48,5.19,47.21,61.42,837.34
"90,669",18,Female,association_football,DI,90,"5,400","2,051.34",0,0,0,0,1.37,18.02,2,2,4.39,3.53,22.79,44.08,175.98
"90,669",18,Female,association_football,DI,120,"7,200","4,649.94",49.42,26.48,9,3,2.32,23.59,37,40,6.75,5.65,38.75,57.71,569.41
"90,669",18,Female,association_football,DI,120,"7,200","4,627.58",54.88,0,9,0,2.31,21.62,25,40,5.19,6.84,38.56,52.88,652.81
"90,669",18,Female,association_football,DI,120,"7,200","3,740.57",90.52,18.15,13,3,1.87,22.68,15,31,4.19,6.39,31.17,55.49,476.48
"90,669",18,Female,association_football,DI,120,"7,200","5,362.93",127.85,84.93,17,5,2.68,27.54,37,33,4.91,6.26,44.69,65.53,874.23
"90,669",18,Female,association_football,DI,120,"7,200","1,566.92",35.21,0,4,0,0.78,21.28,30,29,5.25,5.89,13.06,50.63,267.51
"90,669",18,Female,association_football,DI,120,"7,200","1,327.60",0,0,0,0,0.66,14.11,6,1,5.45,3.3,11.06,33.58,200.28
"90,669",18,Female,association_football,DI,120,"7,200","2,467.56",37.75,0,4,0,1.23,22.46,20,18,6.77,7.37,20.56,53.45,459.84
"90,669",18,Female,association_football,DI,120,"7,200","2,023.12",30.16,0,3,0,1.01,22.21,13,2,4.5,4.01,16.86,52.85,302.22
"90,669",18,Female,association_football,DI,90,"5,400","8,722.24",411.03,172.5,48,13,5.81,25.78,38,55,5.22,6.5,96.91,61.33,"1,654.02"
"90,669",18,Female,association_football,DI,120,"7,200","1,394.72",16.58,0,1,0,0.7,21.42,14,6,5.02,4.85,11.62,50.97,207.89
"90,669",18,Female,association_football,DI,90,"5,400","4,843.39",104.13,35.28,14,2,3.23,24.62,44,35,5.22,6.01,53.82,58.59,875.03
"90,669",18,Female,association_football,DI,120,"7,200","7,019.10",62.58,95.54,12,4,3.51,28,44,44,5.82,5.57,58.49,66.64,"1,075.19"
"90,669",18,Female,association_football,DI,90,"5,400","9,146.05",338.63,156.22,48,14,6.1,25.46,41,54,5.17,6.64,101.62,60.58,"1,595.22"
"90,669",18,Female,association_football,DI,90,"5,400","1,557.10",5.64,0,1,0,1.04,20.17,8,8,4.94,3.65,17.3,48,183.31
"90,669",18,Female,association_football,DI,90,"5,400","7,231.89",262.4,112.14,28,8,4.82,26.09,33,46,5.06,6.87,80.35,62.09,"1,293.29"
"90,669",18,Female,association_football,DI,120,"7,200","3,263.23",47.61,72.06,6,4,1.63,28.09,24,32,5.27,6.47,27.19,66.83,501.02
"90,669",18,Female,association_football,DI,120,"7,200","5,099.24",98.84,7.61,15,1,2.55,22.62,23,31,5.28,5.72,42.49,53.82,810.9
"90,669",18,Female,association_football,DI,90,"5,400","10,373.59",369.86,133.28,43,11,6.92,27,43,54,4.91,6.56,115.26,64.25,"1,825.73"
"90,669",18,Female,association_football,DI,120,"7,200","2,689.24",28.93,0,5,0,1.34,21.33,9,4,4.28,4.43,22.41,52.18,295.67
"90,669",18,Female,association_football,DI,120,"7,200","8,742.53",298.87,179.34,39,16,4.37,26.79,42,44,4.99,5.47,72.85,65.54,"1,490.29"
"90,669",18,Female,association_football,DI,120,"7,200","5,433.64",173.39,"1,338.38",17,49,2.72,42.03,48,28,5.15,5.51,45.28,102.81,690.65
"90,669",18,Female,association_football,DI,120,"7,200","7,675.60",252.81,64.51,33,6,3.84,24.89,40,40,5.6,5.93,63.96,60.9,"1,422.12"
"90,669",18,Female,association_football,DI,120,"7,200","1,433.06",5.47,0,1,0,0.72,19.5,7,3,5.26,4.56,11.94,47.7,150.61
"90,669",18,Female,association_football,DI,90,"5,400","9,321.53",362.42,122.26,42,9,6.21,28.07,34,60,5.51,5.86,103.57,68.66,"1,655.50"
"90,669",18,Female,association_football,DI,120,"7,200","1,820.06",0,0,0,0,0.91,17.56,14,3,4.42,4.4,15.17,42.97,249.06
"90,669",18,Female,association_football,DI,90,"5,400","9,007.45",347.61,70.56,38,8,6,27.85,31,60,4.82,6.26,100.08,68.12,"1,566.07"
"90,669",18,Female,association_football,DI,120,"7,200","4,859.88",53.29,26.37,10,3,2.43,23.69,26,24,4.92,5.85,40.5,57.95,703.03
"90,669",18,Female,association_football,DI,120,"7,200","7,120.20",40.41,60.43,8,3,3.56,27.33,72,50,6.21,5.95,59.34,66.87,"1,132.03"
"90,669",18,Female,association_football,DI,90,"5,400","4,134.80",60.34,24.88,8,2,2.76,24.99,33,30,5.12,5.87,45.94,61.13,698.63
"90,669",18,Female,association_football,DI,120,"7,200","2,679.52",174.24,"1,844.50",25,40,1.34,40.88,4,5,4.2,3.24,22.33,151.52,448.04
"90,669",18,Female,association_football,DI,120,"7,200",566.7,0,0,0,0,0.28,13.01,0,0,0,0,4.72,31.82,28.8
"90,669",18,Female,association_football,DI,90,"5,400","8,761.46",300.18,150.66,35,9,5.84,26.14,29,55,4.89,6.79,97.35,63.94,"1,645.67"
"90,669",18,Female,association_football,DI,85,"5,100","3,730.24",136.15,33.95,15,4,2.63,24.11,14,13,5.23,4.96,43.89,58.98,482.13
"90,669",18,Female,association_football,DI,90,"5,400","1,188.94",8.78,0,1,0,0.79,22.58,8,3,4.45,3.85,13.21,55.23,146.76
"90,669",18,Female,association_football,DI,90,"5,400","9,841.25",380.15,149.39,47,13,6.56,26.86,39,51,4.88,7.34,109.35,65.69,"1,839.22"
"90,669",18,Female,association_football,DI,90,"5,400","2,724.08",30.02,0,5,0,1.82,20.81,12,20,4.38,6.21,30.27,50.9,336.97
"90,669",18,Female,association_football,DI,90,"5,400","3,701.36",27.74,31.35,5,1,2.47,26.43,30,36,6.06,7.03,41.13,64.64,548.71
"90,669",18,Female,association_football,DI,90,"5,400","4,665.03",48.31,60.04,6,2,3.11,26.24,27,32,5.34,4.84,51.83,64.19,650.39
"90,669",18,Female,association_football,DI,100,"6,000","11,982.59",398.59,86.65,46,9,7.19,24.87,46,80,5.02,6.39,119.83,60.84,"2,165.58"
"90,669",18,Female,association_football,DI,90,"5,400","1,939.47",10.02,0,1,0,1.29,20.87,5,4,4.24,3.97,21.55,51.05,168.51
"90,669",18,Female,association_football,DI,120,"7,200","4,246.76",57.92,18.63,9,2,2.12,23.79,28,41,5.66,6.17,35.39,58.2,595.3
"90,669",18,Female,association_football,DI,90,"5,400","4,552.75",62.52,81.72,9,5,3.04,26.66,22,22,5.88,4.61,50.59,65.21,640.93
"90,669",18,Female,association_football,DI,120,"7,200","6,457.37",97.96,51.08,12,2,3.23,26.7,55,52,5.57,6.37,53.81,65.3,965.32
"90,669",18,Female,association_football,DI,90,"5,400","3,878.91",125.07,14.4,14,2,2.59,23,28,25,6.26,6.59,43.1,56.26,597.99
"90,669",18,Female,association_football,DI,90,"5,400","5,735.36",36.08,0,5,0,3.82,21.02,46,41,5.26,5.48,63.73,51.43,873.8
"90,669",18,Female,association_football,DI,95,"5,700","9,908.26",285.23,171.75,38,11,6.26,26.14,46,68,5.52,6.56,104.3,63.95,"1,752.11"
"90,669",18,Female,association_football,DI,90,"5,400","4,126.64",42.02,0,5,0,2.75,21.97,23,20,4.43,5.46,45.85,53.74,667.99
"90,669",18,Female,association_football,DI,95,"5,700","8,032.23",197.78,59.81,26,6,5.07,24.24,34,50,5.3,5.81,84.55,59.29,"1,488.10"
"90,669",18,Female,association_football,DI,90,"5,400","4,916.51",109.41,3.72,16,1,3.28,22.55,58,58,6.25,5.62,54.63,55.17,751.14
"90,669",18,Female,association_football,DI,120,"7,200","6,358.79",104.6,91.83,16,5,3.18,26.98,43,38,5.93,5.67,52.99,66,805.62
"90,669",18,Female,association_football,DI,90,"5,400","8,545.03",418.17,113.56,36,11,5.7,26.5,39,49,5.04,6.55,94.94,63.05,"1,560.13"
"91,134",20,Male,american_football,DI-FCS,137,"8,220","1,691.59",270.41,122.68,29,8,0.74,29.12,23,5,6.24,4.36,12.35,103.14,312.12
"91,134",20,Male,american_football,DI-FCS,90,"5,400","3,259.88",118.12,0,14,0,2.17,24.87,81,84,9.9,8.64,36.22,76.89,418.27
"91,134",20,Male,american_football,DI-FCS,100,"6,000","5,267.84",68.16,0,10,0,3.16,22.69,114,94,9.05,8.9,52.68,70.15,629.18
"91,134",20,Male,american_football,DI-FCS,80,"4,800","1,955.60",133.05,141.9,18,12,1.47,32.35,27,33,7.82,9.92,24.45,111.06,233.85
"91,134",20,Male,american_football,DI-FCS,95,"5,700","1,366.22",70.24,0,9,0,0.86,24.52,40,30,6.01,5.42,14.38,0,282.3
"91,134",20,Male,american_football,DI-FCS,80,"4,800","3,544.46",112.84,0,8,0,2.66,23.08,73,37,8.51,7.98,44.31,94.16,370.13
"91,134",20,Male,american_football,DI-FCS,130,"7,800","5,007.76",321.1,151.86,32,15,2.31,28.24,93,116,9.36,8.78,38.52,115.18,657.07
"91,190",22,Male,association_football,DI,90,"5,400","4,633.25",25.47,0,4,0,3.09,23.14,82,79,7.01,9.67,51.48,53.95,525.03
"91,190",22,Male,association_football,DI,80,"4,800","4,672.97",117.77,0,11,0,3.5,23.97,60,37,6.38,6.35,58.41,80.34,846.12
"91,190",22,Male,association_football,DI,75,"4,500","4,000.83",87.53,4.29,10,1,3.2,25.6,58,30,5.6,6.02,53.34,89.98,613.91
"91,190",22,Male,association_football,DI,95,"5,700","6,859.02",232.29,33.4,21,2,4.33,28.45,81,57,5.66,5.99,72.2,105.17,"1,290.94"
"91,190",22,Male,association_football,DI,120,"7,200","7,125.48",161.37,8.99,14,1,3.56,26.69,99,64,6.7,5.33,59.38,93.82,"1,162"
"91,190",22,Male,association_football,DI,130,"7,800","8,028.37",232.28,50.7,25,4,3.71,29.28,97,50,6.12,5.13,61.76,102.94,"1,321.62"
"91,190",22,Male,association_football,DI,108,"6,480","4,317.45",34.8,0,5,0,2.4,22.58,40,21,5.77,5.42,39.98,77.11,427.81
"91,190",22,Male,association_football,DI,60,"3,600","2,745.46",0,0,0,0,2.75,19.81,52,25,6.44,5.73,45.76,67.66,399.34
"91,190",22,Male,association_football,DI,139,"8,340","9,759.39",235.01,62.76,24,5,4.21,29.84,114,95,7.82,8.5,70.21,101.89,"1,875.39"
"91,190",22,Male,association_football,DI,90,"5,400","3,878.97",121.52,49.69,15,3,2.59,29.77,64,63,6.66,7.24,43.1,69.4,387.66
"91,190",22,Male,association_football,DI,90,"5,400","3,457.67",42.21,0,5,0,2.31,22.86,69,59,9,9.12,38.42,53.29,392.92
"91,190",22,Male,association_football,DI,90,"5,400","6,752.21",150.01,16.12,22,3,4.5,25.71,106,124,9.32,8.95,75.02,59.95,761.66
"91,190",22,Male,association_football,DI,80,"4,800","3,765.37",0,0,0,0,2.82,19.73,67,53,9.42,7.72,47.07,45.99,388.93
"91,190",22,Male,association_football,DI,85,"5,100","5,577.98",43.03,4.96,7,1,3.94,26.86,108,105,9.02,9.32,65.62,62.61,607.42
"91,190",22,Male,association_football,DI,101,"6,060",200.75,0,0,0,0,0.12,12.73,0,3,0,3.72,1.99,29.69,30.46
"91,190",22,Male,association_football,DI,92,"5,520","5,063.05",44.92,0,5,0,3.3,23.32,89,95,8,8.78,55.03,54.37,580.64
"91,190",22,Male,association_football,DI,92,"5,520","3,649.35",43.22,0,4,0,2.38,23.09,70,74,7.16,7.47,39.67,53.83,400.36
"91,190",22,Male,association_football,DI,297,"17,820","19,681.62",742.87,"2,450.21",37,35,3.98,42.89,127,73,6.68,6.2,66.27,100.11,"1,794.02"
"91,190",22,Male,association_football,DI,105,"6,300","6,924.48",149.66,45.25,16,3,3.96,27.91,91,60,5.62,7.26,65.95,65.08,"1,212.88"
"91,190",22,Male,association_football,DI,95,"5,700","4,890.20",51.71,4.31,7,1,3.09,25.39,65,38,5.89,5.41,51.48,59.2,873.77
"91,190",22,Male,association_football,DI,85,"5,100","4,984.24",109,7.3,12,1,3.52,25.11,67,39,7.06,5.7,58.64,58.53,918.43
"91,190",22,Male,association_football,DI,106,"6,360","2,138.82",19.33,0,3,0,1.21,21.89,49,38,6.47,6.98,20.18,51.04,250.13
"91,190",22,Male,association_football,DI,111,"6,660","11,786.97",310.13,54.07,25,3,6.37,27.16,98,89,5.92,6.94,106.19,91.04,"2,169.50"
"91,190",22,Male,association_football,DI,111,"6,660","10,273.75",225.31,0,20,0,5.55,24.66,91,80,6.25,9.11,92.56,82.67,"1,979.98"
"91,190",22,Male,association_football,DI,110,"6,600","9,858.44",252.68,16.9,21,1,5.38,27.63,87,77,6.28,8.5,89.62,92.61,"1,992.39"
"91,190",22,Male,association_football,DI,110,"6,600","10,043.78",276.89,46.59,27,6,5.48,28.07,82,79,6.11,6.6,91.31,94.07,"1,793.97"
"91,190",22,Male,association_football,DI,120,"7,200","6,873.23",14.68,0,1,0,3.44,22.46,84,59,8.29,5.59,57.28,75.29,"1,162.68"
"91,190",22,Male,association_football,DI,93,"5,580","7,463.14",170.31,0,14,0,4.81,24.96,70,67,5.49,7.64,80.25,58.2,"1,268.14"
"91,190",22,Male,association_football,DI,105,"6,300","4,973.66",155.67,0,17,0,2.84,23.78,60,45,6.59,7.85,47.37,55.43,815.69
"91,190",22,Male,association_football,DI,109,"6,540","10,753.35",332.51,37.2,32,4,5.92,26.42,117,85,5.82,9.71,98.65,88.57,"2,008.74"
"91,190",22,Male,association_football,DI,96,"5,760","10,568.74",221.94,24.22,27,2,6.61,28.05,91,78,5.69,6.24,110.09,94.03,"1,698.19"
"91,190",22,Male,association_football,DI,99,"5,940","10,137.34",400.03,27.31,30,2,6.14,26.58,83,77,5.61,5.87,102.4,89.1,"2,025.84"
"91,190",22,Male,association_football,DI,51,"3,060","2,897.66",11.62,0,2,0,3.41,22.03,25,25,5.19,4.79,56.82,73.83,281.17
"91,190",22,Male,association_football,DI,111,"6,660","11,539.20",352.59,38.83,27,3,6.24,29.67,118,88,6.7,6.95,103.96,99.44,"2,132.37"
"91,190",22,Male,association_football,DI,81,"4,860","4,737.70",27.07,0,4,0,3.51,21.85,77,31,8.2,7.34,58.49,50.94,782.73
"91,190",22,Male,association_football,DI,71,"4,260","1,542.48",4.66,0,1,0,1.3,20.96,25,16,6.01,7.68,21.73,70.27,231.24
"91,190",22,Male,association_football,DI,110,"6,600","11,385.10",395.23,14.17,34,2,6.21,25.9,103,102,6.37,9.82,103.5,86.81,"2,055.22"
"91,190",22,Male,association_football,DI,97,"5,820","10,801.04",282.94,74.89,38,8,6.68,28.1,126,94,5.52,7.35,111.35,94.17,"1,927.34"
"91,190",22,Male,association_football,DI,103,"6,180","11,539.80",387.69,100.74,33,5,6.72,27.93,97,98,6.23,5.91,112.04,93.62,"2,329.78"
"91,190",22,Male,association_football,DI,80,"4,800","5,386.33",83.93,0,9,0,4.04,24.02,72,53,5.59,5.51,67.33,80.5,934.6
"91,190",22,Male,association_football,DI,111,"6,660","7,625.40",149.35,0,16,0,4.12,23.49,113,90,5.96,7.08,68.7,0,"1,336.88"
"91,190",22,Male,association_football,DI,113,"6,780","11,083.11",229.9,56.25,25,4,5.88,27.85,103,77,6.23,7.21,98.08,65,"2,104.05"
"91,190",22,Male,association_football,DI,83,"4,980","6,542.50",194.38,20.31,14,2,4.73,27.05,71,64,5.72,6.96,78.83,115.15,"1,159.88"
"91,190",22,Male,association_football,DI,60,"3,600",484.67,0,0,0,0,0.48,3.72,0,0,0,0,8.08,8.68,0.91
"91,190",22,Male,association_football,DI,103,"6,180","5,377.38",0,0,0,0,3.13,16.95,13,4,5.5,3.46,52.21,39.51,230.74
"91,190",22,Male,association_football,DI,90,"5,400","4,338.53",23.71,0,3,0,2.89,21.45,54,33,5.81,6.19,48.21,50,672.7
"92,681",18,Male,association_football,DI,120,"7,200","7,077.42",176.29,83.98,19,4,3.54,30.9,69,41,5.54,6.55,58.98,99.9,923.6
"92,681",18,Male,association_football,DI,95,"5,700","7,959.61",342.21,20.72,28,3,5.03,26.6,60,47,5.88,6.03,83.79,85.27,"1,316.98"
"92,681",18,Male,association_football,DI,125,"7,500","8,531.41",313.14,131.57,30,6,4.1,30.93,136,96,9.12,8.07,68.25,0,"1,188.59"
"92,681",18,Male,association_football,DI,90,"5,400","5,750.42",181.54,13.87,18,1,3.83,25.36,85,77,6.42,7.33,63.89,81.99,748.83
"92,681",18,Male,association_football,DI,120,"7,200","5,986.53",233.17,85.55,27,8,2.99,27.26,91,35,5.86,5.48,49.89,88.12,767.91
"92,681",18,Male,association_football,DI,100,"6,000","6,119.32",51.94,26.7,8,3,3.67,27.01,114,74,6.55,5.52,61.19,86.56,892
"92,681",18,Male,association_football,DI,120,"7,200","9,418.68",500.13,117.16,46,10,4.71,29.99,106,101,6.29,6.23,78.49,96.96,"1,369.34"
"92,681",18,Male,association_football,DI,120,"7,200","6,059.94",129.14,57.22,13,3,3.03,27.93,86,36,6.07,5.72,50.5,90.28,796.64
"92,681",18,Male,association_football,DI,195,"11,700","8,432.43",289.86,160.76,37,11,2.59,30.28,83,64,6.37,6.84,43.24,97.88,"1,245.71"
"92,681",18,Male,association_football,DI,120,"7,200","8,676.09",508.97,134.69,47,12,4.34,28.74,73,71,5.82,6.13,72.3,92.9,"1,222"
"92,681",18,Male,association_football,DI,120,"7,200","7,477.79",181.04,20,19,2,3.74,26.57,108,79,6.12,6.2,62.31,85.88,987.61
"92,681",18,Male,association_football,DI,120,"7,200","6,344.39",144.48,31.29,14,3,3.17,27.24,100,58,6.29,5.7,52.87,88.07,778.19
"92,681",18,Male,association_football,DI,120,"7,200","6,412.25",139.19,0,18,0,3.21,23.31,71,65,5.74,5.61,53.44,75.36,858.93
"92,681",18,Male,association_football,DI,120,"7,200","7,903.26",365.18,71.58,39,7,3.95,27.49,106,97,5.68,6.83,65.86,88.87,"1,125.27"
"92,681",18,Male,association_football,DI,120,"7,200","6,204.93",179.78,38.48,15,2,3.1,27.68,84,67,5.74,6.68,51.71,89.46,820.06
"92,681",18,Male,association_football,DI,95,"5,700","3,429.22",253.12,106.42,30,8,2.17,29.54,45,48,6.35,8.43,36.1,95.48,713.23
"92,681",18,Male,association_football,DI,90,"5,400","5,186.53",353.98,147.41,42,11,3.46,28.74,59,58,6.18,7.31,57.63,92.89,926.94
"92,681",18,Male,association_football,DI,90,"5,400","5,704.41",131.1,26.45,18,2,3.8,27.54,79,82,6.07,6.12,63.38,89.02,811.61
"92,681",18,Male,association_football,DI,90,"5,400","5,642.05",117.57,44.42,14,4,3.76,25.97,76,46,5.74,7.17,62.69,83.95,744.56
"92,681",18,Male,association_football,DI,95,"5,700",147.69,0,0,0,0,0.093,4.94,0,0,0,0,1.55,15.96,4.68
"92,681",18,Male,association_football,DI,120,"7,200","8,678.51",232.1,15.35,22,2,4.34,25.62,106,99,5.81,6.99,72.32,82.8,"1,177.26"
"92,681",18,Male,association_football,DI,95,"5,700","7,543.48",141.68,0,17,0,4.76,23.81,112,92,6.26,6.25,79.41,76.98,"1,107.63"
"92,681",18,Male,association_football,DI,120,"7,200","8,046.76",186.33,18.28,19,2,4.02,27.29,110,86,6.48,5.92,67.06,88.21,"1,081.10"
"92,681",18,Male,association_football,DI,120,"7,200","7,268.62",128.1,0,14,0,3.63,24.85,103,55,5.94,5.36,60.57,80.35,876.62
"92,681",18,Male,association_football,DI,90,"5,400","6,474.51",507.65,144.95,47,12,4.32,30.62,67,67,6.37,6.5,71.94,98.14,"1,089.21"
"92,681",18,Male,association_football,DI,90,"5,400","6,877.64",39.74,12.67,6,1,4.59,26.96,97,69,6.73,6.38,76.42,86.42,"1,009.80"
"92,681",18,Male,association_football,DI,95,"5,700","6,891.32",82.48,14.5,13,2,4.35,26.7,131,77,6.37,5.92,72.54,85.57,"1,047.23"
"92,681",18,Male,association_football,DI,100,"6,000","7,645.73",167.75,5.19,18,1,4.59,25.43,110,90,6.41,5.84,76.46,81.52,"1,158.60"
"92,681",18,Male,association_football,DI,100,"6,000","8,493.18",457.81,127.49,48,10,5.1,30.31,88,83,5.79,6.24,84.93,97.15,"1,484.94"
"92,681",18,Male,association_football,DI,95,"5,700","7,601.50",134.24,19.59,15,2,4.8,27.14,108,85,6.01,6.08,80.02,87,"1,071.73"
"92,681",18,Male,association_football,DI,95,"5,700","6,640.07",144.2,6.83,13,1,4.19,27.27,102,72,6.4,5.84,69.9,87.4,920.52
"92,681",18,Male,association_football,DI,95,"5,700","8,594.21",512.42,144.91,52,13,5.43,29.68,89,86,5.4,7.13,90.47,95.13,"1,357.02"
"92,681",18,Male,association_football,DI,95,"5,700","5,779.48",83.74,0,11,0,3.65,25.09,100,74,6.62,6.25,60.84,80.41,851.47
"92,681",18,Male,association_football,DI,90,"5,400",485.44,0,0,0,0,0.32,6.65,0,0,0,0,5.39,21.33,47.9
"92,681",18,Male,association_football,DI,90,"5,400","5,141.72",38.8,0,4,0,3.43,24.51,63,58,5.77,5.02,57.13,78.54,711.83
"92,681",18,Male,association_football,DI,90,"5,400","6,286.41",167.68,20.86,22,3,4.19,27.02,62,53,5.92,5.87,69.85,86.6,832.79
"92,681",18,Male,association_football,DI,75,"4,500","4,395.13",31.26,0,5,0,3.52,23.82,45,31,5.9,7.17,58.6,76.34,552.45
"92,681",18,Male,association_football,DI,110,"6,600","8,069.63",217.22,30.92,27,3,4.4,28.73,96,62,6.08,5.81,73.36,92.07,"1,187.72"
"92,681",18,Male,association_football,DI,95,"5,700","5,232.92",174.73,19.24,14,1,3.3,27.46,78,58,5.97,5.8,55.08,88.01,636.95
"92,681",18,Male,association_football,DI,120,"7,200","8,461.14",350.86,30.95,30,4,4.23,25.99,103,74,5.81,6.22,70.51,83.3,"1,377.69"
"92,681",18,Male,association_football,DI,90,"5,400","5,685.36",90.02,0,12,0,3.79,23.07,81,73,5.92,6.39,63.17,73.95,742.4
"92,681",18,Male,association_football,DI,120,"7,200","6,995.02",223.42,48.01,23,5,3.5,27.17,87,81,5.47,6.21,58.29,87.09,935.79
"92,681",18,Male,association_football,DI,120,"7,200","1,664.74",18.56,0,1,0,0.83,23.79,28,9,5.93,4.28,13.87,76.25,229.85
"92,681",18,Male,association_football,DI,60,"3,600","1,742.03",6.96,0,1,0,1.74,21.01,18,6,4.93,3.81,29.03,67.34,165.57
"92,681",18,Male,association_football,DI,120,"7,200","7,795.21",151.77,22.24,17,3,3.9,26.56,79,63,5.76,6.09,64.96,85.12,"1,092.19"
"92,681",18,Male,association_football,DI,120,"7,200","4,206.86",91.74,15.18,13,1,2.1,26.24,41,38,5.37,5.49,35.06,84.83,537.47
"92,681",18,Male,association_football,DI,120,"7,200","4,261.05",0,0,0,0,2.13,19.35,13,3,5.94,4.58,35.51,62.55,554.83
"92,681",18,Male,association_football,DI,120,"7,200","5,946.12",116.36,20.85,11,1,2.97,26.34,68,49,5.4,5.32,49.55,85.15,793.45
"92,681",18,Male,association_football,DI,100,"6,000","4,111.96",201.95,74.31,21,5,2.47,29.37,41,50,5.69,5.93,41.12,94.13,648.29
"92,681",18,Male,association_football,DI,100,"6,000","6,266.81",405.47,228.71,41,17,3.76,31.2,58,71,6.46,7.04,62.67,100.86,"1,018.82"
"92,681",18,Male,association_football,DI,100,"6,000","9,303.26",851.49,265.63,69,19,5.58,28.68,92,98,5.88,7.24,93.03,92.73,"1,532.41"
"92,681",18,Male,association_football,DI,101,"6,060","1,964.19",91.27,30.07,10,4,1.17,28.59,11,13,4.52,7.14,19.45,92.42,254.36
"92,681",18,Male,association_football,DI,121,"7,260","5,237.20",33.56,0,5,0,2.6,21.1,77,49,5.99,5.82,43.28,68.22,607.9
"92,681",18,Male,association_football,DI,91,"5,460","3,699.98",60.49,0,5,0,2.44,24.93,62,26,5.67,5.27,40.66,80.6,485.17
"92,681",18,Male,association_football,DI,120,"7,200","6,699.47",185.15,22.07,22,2,3.35,26.82,75,52,5.5,6.17,55.83,85.96,"1,053.75"
"92,681",18,Male,association_football,DI,90,"5,400","1,632.63",18.35,0,1,0,1.09,22.25,16,9,5.6,4.52,18.14,71.93,192.64
"92,681",18,Male,association_football,DI,100,"6,000",735.89,47.54,14.1,5,2,0.44,27.53,4,8,4.45,7.16,7.36,89,116.63
"92,842",21,Male,american_football,DI,150,"9,000","5,440.26",62.02,0,5,0,2.18,22.95,52,9,6.57,5.19,36.27,0,540.15
"92,842",21,Male,american_football,DI,70,"4,200","2,673.80",117.62,57.86,15,2,2.29,29.09,42,18,6.55,6.85,38.2,97.64,397.02
"92,842",21,Male,american_football,DI,150,"9,000","4,253.08",6.59,0,1,0,1.7,20.3,71,3,6.53,4.24,28.35,88.47,422.67
"92,842",21,Male,american_football,DI,70,"4,200","2,677.99",168.33,35.22,15,3,2.3,26.86,29,13,6.66,6.84,38.26,89.85,361.75
"92,842",21,Male,american_football,DI,70,"4,200","2,912.83",137.89,64.48,17,2,2.5,29.9,37,24,6.71,6.88,41.61,100.36,415.23
"92,842",21,Male,american_football,DI,70,"4,200","1,639.53",139.2,37.95,12,4,1.41,26.05,16,5,6.55,6.65,23.42,87.46,242.72
"92,842",21,Male,american_football,DI,70,"4,200","2,583.51",294.35,64.89,29,7,2.21,26.97,31,15,6.72,6.93,36.91,90.53,375.97
"92,842",21,Male,american_football,DI,70,"4,200","2,688.97",92.33,56.26,11,2,2.3,29.79,14,29,6.83,5.76,38.41,122.12,394.39
"92,842",21,Male,american_football,DI,330,"19,800","9,875.39",7,0,1,0,1.8,21.04,79,18,6.1,6.04,29.93,86.25,798.26
"92,842",21,Male,american_football,DI,130,"7,800","4,410.45",34.18,0,3,0,2.04,24.39,34,4,5.63,3.65,33.93,106.31,516.62
"92,899",20,Male,american_football,DI-FCS,137,"8,220","1,845.07",316.07,224.1,38,16,0.81,28.8,23,6,7.2,3.87,13.47,90.05,345.72
"92,899",20,Male,american_football,DI-FCS,90,"5,400","3,421.08",273.45,0,26,0,2.28,24.22,73,93,9.11,9.9,38.01,75.72,436.22
"92,899",20,Male,american_football,DI-FCS,95,"5,700","1,390.87",63.06,0,7,0,0.88,23.04,46,40,6.15,6.56,14.64,0,249.05
"92,899",20,Male,american_football,DI-FCS,80,"4,800","1,989.96",107.52,237.79,14,11,1.49,31.98,22,51,5.27,9.94,24.87,108,247.37
"92,899",20,Male,american_football,DI-FCS,106,"6,360","5,115.14",461.58,359.71,61,28,2.9,29.65,94,163,8.81,8.91,48.26,92.72,683.07
"92,899",20,Male,american_football,DI-FCS,130,"7,800","5,640.82",411.24,234.87,39,9,2.6,31.74,104,121,9.68,8.81,43.39,99.23,742.07
"92,899",20,Male,american_football,DI-FCS,100,"6,000","3,440.25",85.74,0,11,0,2.06,22.84,86,94,8.54,9.1,34.4,71.42,466.4
"94,171",21,Female,association_football,DI,53,"3,180","3,477.52",240.83,105.64,19,6,3.94,25.25,21,15,5.62,4.29,65.61,93.29,648.65
"94,171",21,Female,association_football,DI,75,"4,500","2,608.33",35.45,0,5,0,2.09,22.09,27,10,4.98,4.47,34.78,81.62,279.96
"94,171",21,Female,association_football,DI,60,"3,600","2,883.43",0,0,0,0,2.88,18.69,22,17,5,5.13,48.06,69.05,440.66
"94,171",21,Female,association_football,DI,75,"4,500","3,125.14",6.2,0,1,0,2.5,20.2,25,20,4.79,6.15,41.67,74.65,334.44
"94,171",21,Female,association_football,DI,110,"6,600","2,340.69",43.8,0,3,0,1.28,22.27,5,13,4.12,4.92,21.28,82.29,297.18
"94,171",21,Female,association_football,DI,60,"3,600","1,906.56",8.26,0,2,0,1.91,19.54,25,15,5.73,5.52,31.78,72.19,258.82
"94,171",21,Female,association_football,DI,109,"6,540","4,377.94",149.16,0,12,0,2.41,22.83,18,24,4.69,7.3,40.16,90.01,792.12
"94,171",21,Female,association_football,DI,65,"3,900","2,393.90",19.07,0,2,0,2.21,19.73,18,16,5.27,6.6,36.83,77.78,287.41
"94,171",21,Female,association_football,DI,105,"6,300","2,753.46",73.01,0,6,0,1.57,22.46,10,12,4.81,5.79,26.22,88.54,474.11
"94,171",21,Female,association_football,DI,97,"5,820","5,331.43",43.56,18.61,6,1,3.3,24.51,39,26,4.93,5.51,54.96,90.54,872.08
"94,171",21,Female,association_football,DI,105,"6,300","6,163.91",95.17,104.94,16,6,3.52,27.07,33,23,5.86,4.37,58.7,106.7,"1,056.46"
"94,171",21,Female,association_football,DI,104,"6,240","1,933.95",48.04,0,5,0,1.12,21.1,8,11,3.82,5.66,18.6,77.96,298.67
"94,171",21,Female,association_football,DI,97,"5,820","3,142.24",39.64,0,4,0,1.94,21.17,23,24,4.64,5.19,32.39,83.45,398.68
"94,171",21,Female,association_football,DI,61,"3,660","2,226.94",4.99,0,1,0,2.19,19.75,16,15,6.06,5.08,36.51,77.86,344.23
"94,171",21,Female,association_football,DI,94,"5,640","3,398.91",31.34,11.79,4,2,2.17,23.24,40,14,5.58,5.02,36.16,91.61,555.18
"94,171",21,Female,association_football,DI,55,"3,300","2,760.87",12.79,0,2,0,3.01,20.49,19,7,4.71,5.77,50.2,50.16,359.46
"94,171",21,Female,association_football,DI,60,"3,600","2,133.88",0,0,0,0,2.13,17.42,29,7,5.82,5.32,35.56,64.35,226.19
"94,171",21,Female,association_football,DI,95,"5,700","4,511.90",135.11,36.46,14,5,2.85,24.08,47,26,5.94,5.65,47.49,94.95,716.69
"94,171",21,Female,association_football,DI,65,"3,900","3,031.49",10.75,4.43,2,1,2.8,24.26,31,23,4.92,5.56,46.64,89.64,432.27
"94,171",21,Female,association_football,DI,120,"7,200","4,399.65",67.94,0,9,0,2.2,22.88,27,18,4.44,4.71,36.66,104.07,628.43
"94,171",21,Female,association_football,DI,110,"6,600","3,907.47",55.41,7.9,8,1,2.13,23.41,30,24,6.08,4.95,35.52,97.64,591.87
"94,171",21,Female,association_football,DI,100,"6,000","6,160.57",68.5,10.12,9,1,3.7,23.98,26,31,5.2,6.01,61.61,102.41,"1,081.53"
"94,171",21,Female,association_football,DI,95,"5,700","2,256.64",8.1,0,1,0,1.43,20.41,17,6,7.08,9.73,23.75,85.11,279.06
"94,171",21,Female,association_football,DI,62,"3,720","2,283.27",0,0,0,0,2.21,20.01,17,15,5.32,4.74,36.83,91.01,327.09
"94,171",21,Female,association_football,DI,120,"7,200","5,666.12",108.74,0,12,0,2.83,21.99,37,39,5.97,4.68,47.22,53.82,"1,018.74"
"94,171",21,Female,association_football,DI,83,"4,980","2,646.95",8.05,0,2,0,1.91,20.64,22,30,5.41,6.82,31.89,86.09,348.36
"94,171",21,Female,association_football,DI,90,"5,400","4,101.38",39.01,0,7,0,2.73,20.94,20,27,5.91,6.05,45.57,87.34,833.69
"94,171",21,Female,association_football,DI,83,"4,980","3,303.43",7.86,0,2,0,2.39,21.12,23,19,4.85,5.67,39.8,88.07,629.07
"94,171",21,Female,association_football,DI,60,"3,600","2,395.25",11.1,0,2,0,2.4,21.26,19,13,6.2,6.29,39.92,83.83,391.9
"94,171",21,Female,association_football,DI,108,"6,480","4,795.40",94.65,35.25,12,2,2.66,25.36,18,31,5.43,5.54,44.4,105.78,854.63
"94,171",21,Female,association_football,DI,120,"7,200","4,342.46",91.54,4.57,12,1,2.17,22.77,44,23,5.99,6.89,36.19,84.14,624.12
"94,171",21,Female,association_football,DI,66,"3,960","2,013.41",0,0,0,0,1.83,18.5,4,1,3.9,4.15,30.51,72.95,315.24
"94,171",21,Female,association_football,DI,78,"4,680","3,255.71",21.16,0,2,0,2.5,23.08,32,18,5.57,4.5,41.74,90.98,489.18
"94,171",21,Female,association_football,DI,106,"6,360","2,051.18",30.98,0,4,0,1.16,21.53,6,9,4.52,5.36,19.35,79.55,328.81
"94,171",21,Female,association_football,DI,106,"6,360","2,330.24",36.24,8.34,4,1,1.32,23.25,6,13,3.6,6.11,21.98,54.4,362.1
"94,171",21,Female,association_football,DI,100,"6,000","4,882.44",73.68,3.97,6,1,2.93,22.95,31,32,5.13,5.32,48.82,84.8,698.38
"94,171",21,Female,association_football,DI,107,"6,420","2,204.63",22.07,0,4,0,1.24,21.3,5,9,4.65,4.95,20.6,78.69,304.97
"94,171",21,Female,association_football,DI,36,"2,160","1,465.40",19.34,0,4,0,2.44,21.01,14,10,5.66,4.32,40.71,77.64,211.56
"94,171",21,Female,association_football,DI,87,"5,220","3,515.16",69.6,0,8,0,2.42,21.31,23,18,5.04,4.71,40.4,78.74,497.54
"94,171",21,Female,association_football,DI,70,"4,200","2,808.04",19.89,0,2,0,2.41,20.44,29,4,6.05,5.94,40.11,80.6,322.42
"94,171",21,Female,association_football,DI,109,"6,540","2,821.21",70.91,24.9,8,2,1.55,25.12,12,14,5.12,4.9,25.88,92.83,401.94
"94,171",21,Female,association_football,DI,120,"7,200","5,297.64",40.72,0,6,0,2.65,21.09,41,36,5.92,6.42,44.15,83.14,863.6
"94,171",21,Female,association_football,DI,100,"6,000","3,398.93",60.18,13.12,7,2,2.04,23.66,13,27,4.77,5.99,33.99,93.27,540.58
"94,171",21,Female,association_football,DI,75,"4,500","2,891.12",37.35,0,6,0,2.31,21.41,34,28,6.11,6.08,38.55,84.42,467.84
"94,171",21,Female,association_football,DI,61,"3,660","3,109.82",18.63,0,3,0,3.06,21.92,33,28,5.83,4.43,50.98,86.44,506.67
"94,171",21,Female,association_football,DI,75,"4,500","5,347.14",58.93,0,7,0,4.28,21.85,44,26,5.65,5.95,71.3,80.73,521.23
"94,171",21,Female,association_football,DI,75,"4,500","4,875.29",97.48,55.8,13,6,3.9,24.93,55,36,8.32,6.21,65,92.13,484.77
"94,171",21,Female,association_football,DI,75,"4,500","4,043.39",38.97,0,6,0,3.23,21.09,36,45,6.98,7.31,53.91,77.94,393.45
"94,171",21,Female,association_football,DI,75,"4,500","5,023.05",34.49,7.28,6,1,4.02,23.04,27,42,4.33,6.6,66.97,85.11,528.86
"94,221",19,Female,association_football,DI,120,"7,200","6,136.59",70.56,0,11,0,3.07,22.53,49,34,5.8,6.9,51.14,85.84,815.59
"94,221",19,Female,association_football,DI,60,"3,600","1,694.33",6.7,0,2,0,1.69,19.23,40,42,5.36,5.95,28.24,73.29,338.39
"94,221",19,Female,association_football,DI,120,"7,200","7,488.97",121.51,125.1,19,10,3.74,26.24,41,33,5.61,5.47,62.41,109.4,975.67
"94,221",19,Female,association_football,DI,100,"6,000","5,279.09",407.63,0,51,0,3.17,21.77,48,39,5.76,6.37,52.79,82.97,907.27
"94,221",19,Female,association_football,DI,100,"6,000","9,031.97",357.58,10.85,49,1,5.42,24.13,58,35,5.44,5.67,90.32,91,"1,331.59"
"94,221",19,Female,association_football,DI,90,"5,400","4,302.83",190.78,0,18,0,2.87,22.35,31,22,6.21,5.17,47.81,85.18,661.9
"94,221",19,Female,association_football,DI,70,"4,200","5,221.25",126.38,21.29,14,3,4.48,23.66,15,21,4.13,5.99,74.59,89.22,781.9
"94,221",19,Female,association_football,DI,60,"3,600","4,060.79",463.29,0,50,0,4.06,22.08,33,12,6.17,4.56,67.68,84.14,736.82
"94,221",19,Female,association_football,DI,60,"3,600","2,912.67",6.35,0,2,0,2.91,19.77,42,55,5.61,5.07,48.54,75.33,538.07
"94,221",19,Female,association_football,DI,100,"6,000","4,685.94",99.46,114.53,12,7,2.81,25.82,21,21,5.93,5.18,46.86,98.39,595.04
"94,221",19,Female,association_football,DI,90,"5,400","3,215.47",0,0,0,0,2.14,17.14,7,14,3.7,5.5,35.73,65.32,233.31
"94,221",19,Female,association_football,DI,95,"5,700","6,138.81",43.79,0,6,0,3.88,21.84,40,42,4.67,6.14,64.62,83.24,853.22
"94,221",19,Female,association_football,DI,90,"5,400","5,660.57",16.36,0,2,0,3.77,21.91,39,23,5.39,4.96,62.9,91.33,762.03
"94,221",19,Female,association_football,DI,90,"5,400","4,967.82",372.33,31.42,43,4,3.31,23.99,38,4,5.47,3.38,55.2,111.65,870.42
"94,221",19,Female,association_football,DI,90,"5,400","2,626.87",0,0,0,0,1.75,18.19,42,40,5.19,4.53,29.19,0,395.52
"94,221",19,Female,association_football,DI,90,"5,400","5,648.30",145.23,0,16,0,3.77,21.48,44,45,5.42,6.23,62.76,118.11,793.55
"94,221",19,Female,association_football,DI,90,"5,400","7,188.15",131.8,50.54,15,4,4.79,24.92,49,35,5.79,5.05,79.87,94.97,"1,065.34"
"94,221",19,Female,association_football,DI,50,"3,000","2,271.10",221.3,198.37,21,11,2.73,26.51,17,14,5.73,5.52,45.42,101.04,278.97
"94,221",19,Female,association_football,DI,75,"4,500","4,258.11",87.04,0,6,0,3.41,22.52,31,28,5.22,5.69,56.77,83.01,597.19
"94,221",19,Female,association_football,DI,90,"5,400","3,185.82",173.14,0,25,0,2.12,20.46,23,0,5.18,0,35.4,75.43,635.81
"94,221",19,Female,association_football,DI,90,"5,400","5,296.68",99.39,77.39,14,6,3.53,27.13,32,26,5.36,5.06,58.85,102.31,832.5
"94,221",19,Female,association_football,DI,90,"5,400","4,350.86",181.76,10.93,12,2,2.9,22.85,34,16,5.88,5.81,48.34,95.27,669.92
"94,865",20,Female,association_football,DI,108,"6,480","10,785.97",134.3,8.02,25,2,5.99,25.23,163,166,9.84,9.61,99.87,102.59,"1,388.23"
"94,865",20,Female,association_football,DI,56,"3,360","4,266.82",226.98,31.48,26,4,4.57,23.61,50,72,7.78,9.96,76.19,96.86,459.81
"94,865",20,Female,association_football,DI,88,"5,280","5,072.36",169.38,91.44,22,8,3.46,25.86,89,114,9.07,9.32,57.64,102.49,615.87
"94,865",20,Female,association_football,DI,59,"3,540","4,531.78",72.7,0,8,0,4.61,22.79,76,85,9.66,8.07,76.81,88.15,504.92
"94,865",20,Female,association_football,DI,106,"6,360","6,815.58",233.41,24.94,29,1,3.86,25.24,56,78,5.1,5.52,64.3,97.6,"1,092.15"
"94,865",20,Female,association_football,DI,139,"8,340","10,179.25",547.87,0,56,0,4.39,22.97,206,187,8.67,9.61,73.23,88.82,"1,165.23"
"94,865",20,Female,association_football,DI,75,"4,500","5,082.68",565.64,41.74,63,6,4.07,23.72,63,102,5.77,9.68,67.77,96.44,504.84
"94,865",20,Female,association_football,DI,87,"5,220","6,158.92",232.94,29.05,34,2,4.25,24.59,104,123,9.84,9.96,70.79,106.32,652.75
