athlete_number,athlete_relative_age,active_minutes,total_distance_m,max_speed_kph,session_load,total_dist_perc_rank,max_speed_perc_rank,session_load_perc_rank
1018,18,90,3880.64,24.26,458.53,49.54248366,70.13071895,47.25490196
1018,18,120,2742.19,26.04,357.28,35.29411765,84.31372549,36.14379085
1018,18,90,5627.94,22.02,1039.85,76.92810458,51.76470588,88.03921569
1018,18,90,4359.94,21.78,561.44,57.25490196,48.88888889,57.32026144
1018,18,90,484.12,4.78,15.35,11.4379085,0.130718954,1.503267974
1018,18,120,1319.92,19.37,143.63,19.47712418,24.96732026,17.97385621
1018,18,120,377.49,8.09,38.1,5.22875817,7.189542484,10.26143791
1018,18,120,5641.85,19.92,762.98,77.12418301,28.75816993,73.1372549
1018,18,120,2835.94,18.8,389.32,36.92810458,22.15686275,39.01960784
1018,18,120,4559.67,21.5,629.93,60.8496732,45.62091503,62.61437908
1018,18,120,436.85,8.34,45.68,8.104575163,7.843137255,12.74509804
1018,18,120,5759.73,25.41,860.16,78.36601307,80.58823529,78.88888889
1018,18,120,5661.5,24.22,893.52,77.25490196,69.73856209,80.91503268
1018,18,90,1907.2,19.72,188.24,23.9869281,27.25490196,21.76470588
1018,18,120,2625.19,17.31,311.75,32.87581699,18.82352941,32.41830065
1018,18,90,1592.27,23.05,177.96,21.69934641,62.09150327,20.45751634
1018,18,90,2873.59,24.48,479.39,37.25490196,72.02614379,49.67320261
1018,18,90,1579.99,22.88,280.12,21.4379085,60.39215686,29.73856209
1018,18,120,2772.64,18.58,291.84,35.81699346,21.50326797,30.58823529
1018,18,120,8274.06,24.82,1324.26,95.94771242,75.49019608,94.96732026
1018,18,120,5324.1,25.61,770.28,72.2875817,82.09150327,73.52941176
1018,18,120,5636.81,22.4,758.99,77.05882353,55.16339869,73.00653595
1018,18,90,846.76,10.02,68.07,15.94771242,10.98039216,15.03267974
1018,18,90,2120.28,23.02,389.05,26.47058824,61.63398693,38.95424837
1018,18,120,5038.21,42.02,560.9,68.36601307,98.82352941,57.05882353
1018,18,120,4335.08,24.76,560.58,56.79738562,75.03267974,56.99346405
1018,18,120,5087.93,20.81,674.2,69.01960784,37.38562092,66.20915033
1018,18,90,3914.63,20.59,551.48,50.52287582,34.83660131,56.47058824
1018,18,120,2624.79,40.84,444.55,32.81045752,97.45098039,45.03267974
1018,18,120,5625.62,40.91,833.35,76.8627451,98.30065359,77.64705882
1018,18,90,2424.54,21.8,398.54,30.19607843,49.21568627,40.13071895
1018,18,90,4297.37,21.35,593.28,55.81699346,44.50980392,59.47712418
1018,18,90,4065.38,21.53,517.85,52.61437908,45.94771242,53.33333333
1018,18,85,3485.78,19.98,439.02,43.66013072,29.01960784,44.24836601
1018,18,90,4475.29,24.62,590.1,59.54248366,73.52941176,59.21568627
1018,18,120,431.93,12.34,27.37,7.647058824,13.59477124,5.032679739
1018,18,120,473.75,7.5,34.37,10.8496732,5.098039216,7.908496732
1018,18,120,651.24,10.67,33.44,14.83660131,12.02614379,7.516339869
1018,18,120,426.95,6.58,21.17,7.189542484,2.483660131,2.614379085
1018,18,120,543.48,8.06,32.3,12.67973856,6.993464052,6.797385621
1018,18,90,470.59,7.82,29.92,10.58823529,6.14379085,5.68627451
1018,18,90,3685.91,23.46,565.86,46.07843137,65.4248366,57.7124183
1018,18,90,2965.78,20.55,404.39,38.36601307,34.5751634,40.65359477
1018,18,120,452.21,8.42,35.26,9.411764706,8.104575163,8.431372549
1018,18,120,519.65,7.6,19.41,12.15686275,5.424836601,2.287581699
1018,18,90,3603,20.9,467.57,44.96732026,39.01960784,48.69281046
1018,18,90,1800.37,19.54,224.4,23.33333333,26.07843137,24.83660131
1018,18,90,4842.84,21.15,730.12,65.4248366,41.96078431,70.65359477
1081,18,90,7606.28,23.98,985.12,93.07189542,68.23529412,85.16339869
1081,18,90,7031.86,25.34,999.52,90.19607843,79.93464052,86.0130719
1081,18,120,1904.57,17.75,336.5,23.92156863,19.47712418,34.37908497
1081,18,90,1237.55,15.19,201.64,18.69281046,17.18954248,22.74509804
1081,18,120,5269.62,28.19,1079.28,71.50326797,94.5751634,89.41176471
1081,18,120,5535.15,26.86,1220.33,75.4248366,89.67320261,93.33333333
1081,18,120,2018.08,23.18,398.02,25.35947712,63.07189542,40.06535948
1081,18,120,382.69,10.19,46.17,5.359477124,11.17647059,12.94117647
1081,18,120,226.68,7.02,27.43,1.699346405,3.921568627,5.098039216
1081,18,120,2051.41,19.65,153.93,25.88235294,26.92810458,18.62745098
1081,18,120,4508.86,22.97,403.21,60.06535948,60.98039216,40.45751634
1081,18,120,4060.59,22.69,391.09,52.48366013,58.95424837,39.21568627
1081,18,90,3344.53,19.52,328.93,42.2875817,26.0130719,33.7254902
1081,18,150,7064.67,24.46,871.95,90.52287582,71.76470588,79.54248366
1081,18,120,5169.91,19.21,586.14,70.19607843,23.9869281,58.88888889
1081,18,120,543.56,10.22,31.11,12.74509804,11.37254902,6.274509804
1081,18,90,4607.4,23.24,561.22,62.09150327,63.59477124,57.25490196
1081,18,95,8065.15,25.16,1177.61,95.22875817,78.43137255,92.48366013
1081,18,90,2483.12,16.16,226.12,30.78431373,17.90849673,25.03267974
1081,18,95,8388.91,26.22,1053.33,96.47058824,85.81699346,88.5620915
1081,18,90,2002.16,15.58,139.6,24.96732026,17.58169935,17.77777778
1081,18,90,2609.72,18.02,252.66,32.54901961,20,27.18954248
1081,18,120,5566.31,23.76,611.31,75.88235294,67.32026144,61.17647059
1081,18,90,4504.24,21.75,481.17,59.93464052,48.49673203,49.80392157
1081,18,120,3203.96,20.39,402.97,40.65359477,32.87581699,40.39215686
1081,18,100,8361.25,26.06,1079.17,96.33986928,84.50980392,89.34640523
1081,18,90,3707.97,21.7,412.55,46.53594771,48.03921569,41.63398693
1081,18,90,2033.88,15.05,191.05,25.68627451,17.05882353,22.02614379
1081,18,90,7470.52,26.8,1045.55,92.54901961,89.28104575,88.30065359
1081,18,85,460.87,9.04,25.64,10.13071895,9.411764706,4.575163399
1081,18,90,7754.08,24.54,1023.42,93.7254902,72.87581699,87.12418301
1081,18,120,2673.96,40.9,444.83,33.52941176,98.23529412,45.09803922
1081,18,90,3913.49,20.29,499.2,50.39215686,31.76470588,51.37254902
1081,18,120,6336.99,23.58,1057.62,84.31372549,66.33986928,88.62745098
1081,18,120,5595.75,24.73,906.8,76.33986928,74.64052288,81.63398693
1081,18,90,2474,18.5,267.02,30.52287582,21.11111111,28.62745098
1081,18,120,5193.56,23.06,586.4,70.52287582,62.2875817,58.95424837
1081,18,120,2505.97,21.12,218.96,31.24183007,41.24183007,24.18300654
1081,18,120,368.66,7.24,24.94,4.836601307,4.575163399,4.052287582
1081,18,90,6250.11,26.71,882.39,83.33333333,88.95424837,80.19607843
1081,18,90,3471.5,24.62,673.91,43.39869281,73.52941176,66.14379085
1081,18,90,8117.72,27.39,1043.57,95.35947712,92.02614379,88.16993464
1081,18,90,1644.08,12.65,178.26,21.89542484,14.05228758,20.58823529
1081,18,90,5759.74,26.97,718.86,78.43137255,90.26143791,70.19607843
1081,18,120,3263.87,22.4,457.96,41.56862745,55.16339869,47.18954248
1081,18,90,7355.47,28.05,896.27,91.89542484,94.11764706,81.17647059
1081,18,120,2033.39,19.83,181.9,25.62091503,28.23529412,20.91503268
1081,18,120,6834.16,24.26,743.23,88.5620915,70.13071895,71.50326797
1081,18,120,5265.87,42.53,561.69,71.37254902,99.86928105,57.38562092
1081,18,120,6159.86,21.38,1103.83,82.15686275,44.77124183,90.45751634
1081,18,120,476.8,10.53,30.91,10.98039216,11.83006536,6.013071895
1081,18,90,7385.87,25.7,1002.14,92.15686275,82.54901961,86.14379085
2227,20,120,6491.61,22.45,741.44,88.11059908,57.41935484,79.53917051
2227,20,105,5359.72,19.52,766.29,79.7235023,22.48847926,81.10599078
2227,20,110,2756.57,22.37,333.37,22.21198157,56.12903226,23.96313364
2227,20,90,100.87,6.51,6.47,0.092165899,0.737327189,0.276497696
2227,20,110,723.16,17.27,76.25,4.331797235,9.861751152,4.700460829
2227,20,90,3668.85,22.1,475.91,47.92626728,52.16589862,51.42857143
2227,20,100,5422.53,22.8,669.02,80.82949309,61.84331797,73.82488479
2227,20,116,5364.42,24.07,798.08,79.9078341,77.41935484,82.85714286
2227,20,99,3911.98,21.83,394.24,54.10138249,48.01843318,35.66820276
2227,20,91,2012.69,23.44,400.37,13.640553,70.32258065,36.86635945
2227,20,80,3484.37,20.38,420.48,40.82949309,30.04608295,40.46082949
2227,20,90,824.75,19.16,116.17,5.714285714,19.07834101,7.004608295
2227,20,123,8095.3,20.82,1255.1,96.49769585,34.47004608,96.40552995
2227,20,105,3482.31,22.31,447.83,40.64516129,55.29953917,45.99078341
2227,20,75,801.68,13.02,80.09,5.34562212,4.700460829,4.884792627
2227,20,78,4588.82,23.32,726.06,70.41474654,68.94009217,78.24884793
2227,20,100,2001.41,18.86,296.28,13.5483871,16.68202765,19.44700461
2227,20,110,4832.57,25.4,604.28,74.65437788,88.75576037,67.92626728
2227,20,105,3272.9,21.29,409.85,34.74654378,40.64516129,38.43317972
2227,20,120,6774.86,20.83,968.07,90.32258065,34.83870968,90.23041475
2227,20,90,2763.17,21.83,448.06,22.48847926,48.01843318,46.17511521
2227,20,104,2318.14,23.84,355.05,16.12903226,75.29953917,28.38709677
2227,20,100,3852.53,21.28,441.55,52.99539171,40.46082949,44.70046083
2227,20,77,3471.07,22.7,378.83,40.1843318,60.46082949,32.81105991
2227,20,100,2545.63,21.75,377.36,18.80184332,47.09677419,32.16589862
2227,20,110,5475.45,22.49,712.83,81.38248848,57.78801843,77.32718894
2227,20,110,2954.99,22.37,355.91,27.37327189,56.12903226,28.57142857
2227,20,90,3375.33,21.64,417,37.32718894,45.43778802,39.63133641
2227,20,90,179.97,7.48,9.94,1.290322581,1.290322581,1.290322581
2227,20,90,1880.27,22.07,257.64,12.62672811,51.52073733,15.11520737
2227,20,110,4495.18,24.34,628.2,68.29493088,80,70.13824885
2227,20,90,221.44,13.08,25.16,2.488479263,4.884792627,2.764976959
2227,20,70,4141.19,24.53,501.91,60,81.19815668,56.03686636
2227,20,90,2030.76,20.61,249.37,13.82488479,32.07373272,14.74654378
2227,20,90,3766.15,20.89,449.53,50.69124424,35.39170507,46.5437788
2227,20,90,4191.37,21,629.99,60.92165899,37.32718894,70.41474654
2227,20,90,4756.44,25.08,670.2,73.5483871,86.359447,74.00921659
2227,20,90,1620.78,17.77,229.43,10.13824885,11.61290323,12.44239631
2227,20,90,4319.95,18.91,629.27,64.60829493,17.23502304,70.23041475
2227,20,90,3292.26,19.94,391.25,35.57603687,25.80645161,35.39170507
2227,20,90,2739.51,21.51,418.34,21.93548387,43.50230415,40
2227,20,90,4240.76,20.62,551.83,62.30414747,32.25806452,62.58064516
2227,20,90,4069.35,23.03,511.13,58.52534562,65.25345622,57.41935484
2227,20,90,4201.53,21.39,561.16,61.47465438,41.65898618,63.50230415
2227,20,90,1270.23,19.13,207.87,8.387096774,18.52534562,11.24423963
2227,20,76,2537.47,20.55,261.9,18.61751152,31.33640553,15.94470046
2227,20,90,4249.06,18.7,559.03,62.58064516,15.85253456,63.31797235
2227,20,90,2783.73,19.15,309.84,23.13364055,18.80184332,21.10599078
5841,20,110,3676.5,24.66,436.28,48.20276498,83.04147465,43.77880184
5841,20,105,2667.7,21.88,339.77,20.82949309,48.94009217,25.52995392
5841,20,120,4834.54,23.68,674.23,74.74654378,73.1797235,74.19354839
5841,20,90,2879.11,24.53,448.83,25.25345622,81.19815668,46.4516129
5841,20,104,1724.49,24.05,281.46,10.69124424,77.14285714,18.15668203
5841,20,90,4279.48,21.15,705.78,63.41013825,38.98617512,76.49769585
5841,20,110,2976.68,21.94,425.24,28.20276498,49.58525346,40.92165899
5841,20,105,3768.57,22.39,564.79,50.87557604,56.68202765,63.87096774
5841,20,100,3475.25,21.8,440.45,40.36866359,47.64976959,44.51612903
5841,20,70,4524.78,22.02,635.28,68.66359447,50.87557604,71.15207373
5841,20,77,3151.46,24.65,377.59,31.79723502,82.76497696,32.25806452
5841,20,100,2492.87,23.04,376.27,17.97235023,65.43778802,31.98156682
5841,20,105,7376.96,20.91,1213.34,93.91705069,35.66820276,95.76036866
5841,20,110,5268.27,22.82,814.41,79.17050691,62.30414747,83.77880184
5841,20,100,7578.38,22.27,1130.52,94.28571429,54.74654378,94.10138249
5841,20,110,5256.2,22.81,795.7,79.07834101,62.02764977,82.48847926
5841,20,90,3556.07,21.84,513.6,42.85714286,48.20276498,57.88018433
5841,20,92,2117.2,21.19,337.95,14.47004608,39.26267281,25.06912442
5841,20,90,2967.13,22.11,459.28,27.64976959,52.53456221,48.57142857
5841,20,110,4341.43,20.67,607.19,65.34562212,32.99539171,68.11059908
5841,20,90,2929.68,21.29,488.79,26.9124424,40.64516129,53.73271889
5841,20,70,3616.1,23.36,490.38,45.62211982,69.21658986,54.00921659
5841,20,90,669.68,17.48,85.57,3.963133641,10.59907834,5.806451613
5841,20,90,3532.53,21.65,468.62,42.39631336,45.62211982,50.59907834
5841,20,90,5472.01,20.88,808.34,81.29032258,35.29953917,83.59447005
5841,20,90,4545.44,21.48,702.67,69.30875576,42.67281106,76.12903226
5841,20,90,4659.41,22.6,706.41,72.16589862,58.98617512,76.58986175
5841,20,90,1320.72,17.26,187.78,8.847926267,9.769585253,9.861751152
5841,20,90,4394.41,21.14,612.62,66.4516129,38.80184332,68.66359447
5841,20,90,2794.52,19.66,324.8,23.59447005,23.68663594,23.13364055
5841,20,90,3542.76,20.78,395.04,42.58064516,34.10138249,36.12903226
5841,20,90,2902.05,20.93,374.64,25.89861751,35.85253456,31.61290323
5841,20,74,2853.87,14.58,294,24.60829493,6.820276498,19.26267281
5841,20,101,4811.06,18.13,613.49,74.47004608,12.71889401,68.84792627
5841,20,80,4714.85,22.62,537.22,72.62672811,59.26267281,60.82949309
5841,20,70,2567.57,21.94,278.56,19.26267281,49.58525346,17.51152074
5841,20,90,3273.43,20.87,388.28,34.83870968,35.02304147,34.74654378
5841,20,90,5641.61,19.12,829.44,82.48847926,18.43317972,84.88479263
5841,20,76,2977.27,22.27,401.84,28.29493088,54.74654378,37.14285714
5841,20,73,2442.21,17.54,279.69,17.78801843,10.78341014,17.69585253
5841,20,75,798.15,11.95,80.88,5.253456221,3.041474654,4.976958525
5841,20,90,614.84,14.05,64.44,3.778801843,6.6359447,3.686635945
5841,20,105,3124.67,21.41,406.59,31.05990783,41.75115207,37.88018433
5841,20,90,4471.45,22.7,657.41,67.64976959,60.46082949,72.71889401
5841,20,78,5488.59,20.96,787.11,81.56682028,36.22119816,81.84331797
5841,20,123,6404.3,24.79,903.22,87.64976959,84.05529954,88.75576037
5841,20,120,6153.29,23.1,753.28,85.71428571,66.26728111,80.2764977
5841,20,80,3351.67,19.95,413.32,36.77419355,25.99078341,38.98617512
5841,20,91,2988.88,20.24,599.27,28.57142857,28.29493088,67.55760369
5841,20,99,3431.23,19.48,353.31,38.70967742,21.84331797,27.92626728
5841,20,116,1880.21,20.4,241.91,12.53456221,30.23041475,13.3640553
5841,20,100,5242.81,22.79,660.11,78.80184332,61.56682028,73.1797235
5841,20,90,3561.12,22.93,507.1,43.41013825,63.77880184,56.77419355
5841,20,110,1216.76,17.11,118.59,8.01843318,9.493087558,7.096774194
5841,20,100,2238.22,18.53,285.11,15.29953917,15.20737327,18.43317972
6200,21,75,4615.09,26.46,433.76,74.77477477,89.18918919,41.74174174
6613,20,90,2391.25,21.44,298.39,17.23502304,42.11981567,19.63133641
6613,20,100,3579.46,18.34,403.01,44.23963134,13.82488479,37.32718894
6613,20,104,2904.64,24.51,413.53,25.99078341,81.01382488,39.07834101
6613,20,120,5545.11,21.87,687.77,81.84331797,48.66359447,75.02304147
6613,20,105,2927.51,24.09,356.96,26.8202765,77.78801843,28.94009217
6613,20,110,3842.2,25.17,458.31,52.71889401,87.28110599,48.29493088
6613,20,80,3241.71,19.19,367.18,33.640553,19.53917051,30.69124424
6613,20,90,2643.22,16.09,260.57,20.2764977,8.202764977,15.66820276
6613,20,90,4487.84,18.93,572.63,68.20276498,17.41935484,64.51612903
6613,20,76,2063.5,14.39,204.54,14.19354839,6.728110599,10.78341014
6613,20,90,1383.93,14.91,161.62,9.124423963,7.373271889,8.940092166
6613,20,90,3877.81,18.87,472.67,53.3640553,16.86635945,50.96774194
6613,20,90,2899.96,19.27,367.91,25.71428571,20,30.96774194
6613,20,90,6310.95,21.43,878.19,86.8202765,42.02764977,87.64976959
6613,20,90,2746.7,24.26,340.34,22.02764977,79.44700461,25.71428571
6613,20,90,3895.47,17.38,513.04,53.640553,10.04608295,57.69585253
6613,20,90,1874.09,15.66,225.79,12.35023041,7.834101382,12.07373272
6613,20,90,3958.37,20.6,550.48,56.12903226,31.98156682,62.30414747
6613,20,90,3265.07,20.58,391.12,34.56221198,31.52073733,35.29953917
6613,20,90,1871.78,20.27,216.24,12.16589862,28.75576037,11.61290323
6613,20,70,3090.46,17.29,374.74,30.69124424,9.953917051,31.70506912
6613,20,90,1186.24,20.52,180.53,7.741935484,30.96774194,9.493087558
6613,20,110,954.97,13.92,103.04,7.281105991,6.451612903,6.451612903
6613,20,90,3261.01,21.92,438.15,34.28571429,49.40092166,43.96313364
6613,20,90,7004.26,24.68,965.25,91.79723502,83.13364055,90.13824885
6613,20,78,4365.9,20.09,653.9,65.80645161,27.09677419,72.53456221
6613,20,100,1881.93,18.91,250.18,12.71889401,17.23502304,14.83870968
6613,20,75,833.77,12.08,83.32,5.99078341,3.225806452,5.161290323
6613,20,105,2876.48,21.46,348.84,24.97695853,42.39631336,27.18894009
6613,20,123,7420.91,20.99,1031.53,94.00921659,37.05069124,91.79723502
6613,20,120,6611.26,22.65,758.58,88.75576037,59.7235023,80.73732719
6613,20,90,115.86,5.91,4.93,0.460829493,0.368663594,0
6613,20,105,4213.3,21.32,546.62,61.65898618,41.19815668,61.84331797
6613,20,110,2664.84,21.57,342.65,20.73732719,44.42396313,26.359447
6613,20,90,4164.57,21.77,575.6,60.46082949,47.28110599,64.88479263
6613,20,90,2763.2,20.74,335.98,22.58064516,33.5483871,24.51612903
6613,20,100,5009.81,23.53,541.89,76.49769585,71.70506912,61.10599078
6613,20,116,4486.37,23.37,608.95,68.11059908,69.40092166,68.47926267
6613,20,99,3745.06,18.51,358.62,50.04608295,15.11520737,29.21658986
6613,20,91,5678.1,22.67,880.88,82.85714286,59.9078341,87.92626728
7181,20,110,4122.79,20.93,556.85,59.7235023,35.85253456,63.04147465
7181,20,90,3735.6,22.72,491.86,49.76958525,60.64516129,54.56221198
7181,20,90,4001.82,21.37,504.23,57.05069124,41.56682028,56.40552995
7181,20,90,112.45,6.6,7.56,0.368663594,0.829493088,0.64516129
7181,20,90,4400.96,22.54,798.02,66.5437788,58.43317972,82.76497696
7181,20,90,5437.66,26.07,987.32,80.92165899,93.0875576,90.87557604
7181,20,90,4311.92,24.03,699.82,64.51612903,77.05069124,75.94470046
7181,20,90,505.85,15.4,66.01,3.225806452,7.649769585,3.870967742
7181,20,90,4591.01,22.06,709.03,70.59907834,51.42857143,76.95852535
7181,20,90,6082.05,18.65,996.3,85.06912442,15.57603687,91.24423963
7181,20,110,6207.47,24.3,1102.89,86.17511521,79.8156682,93.73271889
7181,20,77,3829.42,23.88,459.9,52.44239631,75.76036866,48.84792627
7181,20,95,3608.37,21.36,444.52,45.16129032,41.47465438,45.16129032
7181,20,70,4336.73,23.62,578.81,65.16129032,72.81105991,65.25345622
7181,20,90,954.58,19.98,109.51,7.188940092,26.26728111,6.728110599
7181,20,120,5859.78,23.49,793.01,83.68663594,71.15207373,82.30414747
7181,20,105,2975.84,22.35,347.51,28.01843318,55.94470046,26.6359447
7181,20,110,4357.54,25.3,529.85,65.43778802,88.20276498,60
7181,20,78,4898.46,21.46,699.61,75.29953917,42.39631336,75.85253456
7181,20,75,931.9,12.69,105.55,6.912442396,4.055299539,6.6359447
7181,20,105,3265.87,21.44,419.77,34.65437788,42.11981567,40.1843318
7181,20,123,8146.36,22.53,1151.75,96.86635945,58.06451613,94.56221198
7181,20,90,3301.27,17.82,394.48,35.66820276,11.88940092,35.85253456
7181,20,90,1772.86,21.72,222.5,11.15207373,46.26728111,11.79723502
8588,18,100,628.23,13.64,47.86,14.44444444,15.62091503,13.20261438
8588,18,120,1930.2,18,342.99,24.37908497,19.86928105,35.03267974
8588,18,90,999.32,19.33,120.09,17.18954248,24.77124183,17.38562092
8588,18,120,4578.66,25.09,910.77,61.24183007,77.90849673,81.89542484
8588,18,120,5017.94,26.5,773.65,67.97385621,87.84313725,73.92156863
8588,18,120,177.34,6.41,15.56,0.784313725,2.156862745,1.568627451
8588,18,120,3182.61,21.17,455.41,40.32679739,42.2875817,46.8627451
8588,18,120,1268.31,18.22,217.94,18.88888889,20.45751634,24.11764706
8588,18,120,2576.7,18.54,391.55,32.15686275,21.24183007,39.47712418
8588,18,120,265.58,8.28,33.06,2.418300654,7.712418301,7.254901961
8588,18,120,2684.54,25.94,336.16,33.85620915,83.66013072,34.31372549
8588,18,120,5176.37,20.08,651.52,70.26143791,30.06535948,64.70588235
8588,18,120,5236.03,19.12,207.18,71.11111111,23.46405229,23.26797386
8588,18,120,3500.18,18.49,475.82,43.79084967,21.04575163,49.28104575
8588,18,90,832.25,12.49,78.28,15.88235294,13.85620915,15.75163399
8588,18,90,232.23,15.8,25.52,1.764705882,17.64705882,4.444444444
8588,18,120,3529.97,20.9,449.05,44.18300654,39.01960784,45.75163399
8588,18,120,5862.57,25.89,747.4,79.34640523,83.33333333,71.76470588
8588,18,120,4868,21.41,693.32,66.07843137,45.22875817,67.84313725
8588,18,90,3928.16,20.69,579.58,50.78431373,36.2745098,58.36601307
8588,18,90,4844.05,22.41,879.7,65.62091503,55.4248366,80
8588,18,90,4316.64,20.7,532.79,56.47058824,36.33986928,54.96732026
8588,18,85,2726.18,20.73,340.72,34.96732026,36.60130719,34.83660131
8588,18,90,4588.2,26.13,596.62,61.50326797,84.96732026,59.86928105
8588,18,90,586.13,6.75,12.76,13.7254902,2.810457516,0.980392157
8588,18,90,2895.26,19.32,321.58,37.58169935,24.5751634,33.20261438
8588,18,90,3917.86,21.34,509.23,50.58823529,44.37908497,52.35294118
8588,18,90,4168.81,25.12,544.75,53.85620915,78.10457516,55.94771242
8588,18,120,3116.95,23,403.8,39.67320261,61.11111111,40.52287582
8588,18,120,1484.92,26.01,214.56,20.32679739,83.9869281,23.85620915
8588,18,95,956.01,5.65,15.2,16.66666667,1.045751634,1.37254902
8588,18,90,3655.13,21.74,504.37,45.62091503,48.36601307,51.96078431
8588,18,90,1934.37,23.71,238.57,24.44444444,67.12418301,26.07843137
8588,18,120,6017.76,24.25,765.85,80.65359477,70,73.33333333
8588,18,120,2372.96,20.55,251.41,29.54248366,34.5751634,26.99346405
8588,18,120,3716.32,18.68,405.6,46.79738562,22.02614379,40.91503268
8588,18,120,4743.94,20.87,522.15,63.85620915,38.43137255,53.9869281
8588,18,150,6418.2,23.55,1043.74,84.96732026,66.0130719,88.23529412
8588,18,120,5199.66,21.86,684.49,70.58823529,50.32679739,67.25490196
8588,18,120,5419.21,20.41,740.08,73.85620915,32.94117647,71.37254902
8588,18,90,4314.65,26.19,544.79,56.40522876,85.75163399,56.0130719
8993,21,120,4177.39,23.73,556.67,64.56456456,69.36936937,61.56156156
8993,21,87,3356.07,19.8,405.55,43.24324324,25.22522523,37.23723724
8993,21,97,6539.72,20.3,1098.24,96.6966967,27.92792793,94.89489489
8993,21,105,6331.86,26.41,930.34,96.0960961,88.88888889,88.58858859
8993,21,94,3685.73,21.21,453.33,54.65465465,41.14114114,45.34534535
8993,21,97,3312.72,20.07,413.87,42.04204204,26.12612613,38.43843844
8993,21,91,3833.89,23.4,548.84,57.65765766,64.26426426,60.06006006
8993,21,93,1470.94,21.68,252.3,8.408408408,48.34834835,14.41441441
8993,21,90,2760.77,23.89,415.08,28.22822823,71.17117117,39.03903904
8993,21,75,4661.37,21.67,413.13,76.27627628,48.04804805,38.13813814
8993,21,75,3929.96,23.88,386.57,59.45945946,70.87087087,34.53453453
8993,21,75,3288.2,17.88,308.14,41.14114114,15.61561562,22.22222222
8993,21,75,4533.63,20.73,449.95,73.57357357,33.93393393,44.74474474
8993,21,70,2442.74,17.73,300.35,21.92192192,14.11411411,21.02102102
8993,21,109,707.67,13.58,38.23,5.105105105,3.603603604,3.003003003
8993,21,120,4197.25,20.32,620.65,65.46546547,28.22822823,69.66966967
8993,21,100,2205.37,19.51,359.49,15.61561562,23.72372372,30.03003003
8993,21,75,3068.68,20.84,521.18,36.03603604,36.33633634,55.85585586
8993,21,108,2715.17,21.12,444.24,26.72672673,39.33933934,43.54354354
8993,21,83,3452.17,22.91,529.29,46.24624625,57.35735736,57.65765766
8993,21,120,3642.41,20.55,542.34,53.15315315,31.53153153,59.45945946
8993,21,95,2172.63,16.24,212.92,14.71471471,10.21021021,10.51051051
8993,21,100,5166.96,21.57,823.93,86.18618619,46.54654655,84.68468468
8993,21,110,4355.47,24.38,582.91,70.57057057,75.07507508,65.16516517
8993,21,120,3405.44,17.27,370.21,45.34534535,12.31231231,32.73273273
8993,21,95,3981.01,24,555.95,60.66066066,72.67267267,60.96096096
8993,21,111,3067.92,20.78,447.63,35.73573574,35.13513514,44.14414414
8993,21,112,628.3,13.82,45.42,4.204204204,4.804804805,3.903903904
8993,21,115,255.7,15.14,26.95,0.900900901,7.807807808,1.501501502
8993,21,112,3052.41,18.94,488.91,35.43543544,19.51951952,50.75075075
8993,21,75,2538.91,22.06,284.08,22.82282282,50.75075075,18.01801802
8993,21,111,1137.14,17.03,115.58,7.507507508,11.11111111,6.906906907
8993,21,75,2786.93,18.55,325.72,29.42942943,18.01801802,24.62462462
8993,21,111,587.5,15.91,53.16,3.303303303,9.009009009,4.504504505
8993,21,106,2924.2,19.83,472.75,32.73273273,25.52552553,48.04804805
8993,21,106,598.8,13.66,45.6,3.903903904,4.204204204,4.204204204
8993,21,100,4707.35,23.64,916.23,77.17717718,67.86786787,87.98798799
8993,21,107,1646.55,19.39,200.02,9.309309309,22.22222222,9.309309309
9385,18,120,5630.42,22.79,717.14,76.99346405,59.86928105,70.13071895
9385,18,120,6362.56,24.29,973.06,84.64052288,70.52287582,84.5751634
9385,18,120,5952.36,25.68,1040.45,80,82.35294118,88.10457516
9385,18,150,8152.49,28.63,1326.51,95.68627451,95.35947712,95.03267974
9385,18,90,2104.06,23.25,208.5,26.2745098,63.66013072,23.46405229
9385,18,120,3866.53,22.48,447.58,49.08496732,56.60130719,45.4248366
9385,18,120,5475.74,24.85,754.2,74.50980392,75.68627451,72.54901961
9385,18,120,4313.75,26.28,676.91,56.33986928,86.53594771,66.47058824
9385,18,105,10457.89,24.54,2134.11,99.73856209,72.87581699,99.80392157
9385,18,120,7374.24,27.91,1086.46,92.02614379,93.7254902,89.73856209
9385,18,95,8943.89,28.32,1632.1,97.97385621,94.83660131,98.49673203
9385,18,90,921.64,13.83,86.06,16.40522876,15.88235294,16.53594771
9385,18,95,7566.6,26.35,1476.75,92.87581699,86.92810458,97.25490196
9385,18,90,4789.06,22.34,619.85,64.44444444,54.64052288,61.69934641
9385,18,90,3888.8,24.02,544.67,49.73856209,68.43137255,55.88235294
9385,18,120,6146.42,26.92,818.07,82.02614379,90.13071895,76.73202614
9385,18,90,4444.75,26.25,593.8,59.01960784,86.14379085,59.54248366
9385,18,120,4536.52,22.91,543.9,60.32679739,60.65359477,55.75163399
9385,18,100,9901.37,25.08,1796.24,99.28104575,77.84313725,99.41176471
9385,18,90,4372.61,29.48,698.67,57.38562092,95.94771242,68.69281046
9385,18,90,3891.13,22.77,461.27,49.80392157,59.34640523,47.77777778
9385,18,90,3659.09,23.06,431.8,45.75163399,62.2875817,43.20261438
9385,18,90,7860.65,26.02,1555.75,94.44444444,84.05228758,97.97385621
9385,18,85,3651.6,24.5,454.47,45.55555556,72.2875817,46.66666667
9385,18,90,8328.47,24.31,1561.54,96.14379085,70.78431373,98.16993464
9385,18,120,5790.91,40.78,891.13,78.69281046,96.99346405,80.78431373
9385,18,120,2770.16,40.86,466.21,35.68627451,97.84313725,48.5620915
9385,18,120,7550.9,24.97,1093.99,92.81045752,76.73202614,90.26143791
9385,18,120,4948.16,23.41,653.27,67.18954248,64.83660131,64.90196078
9385,18,90,2595.14,23.28,438.86,32.35294118,63.85620915,44.18300654
9385,18,90,6972.76,26.5,1296.38,89.60784314,87.84313725,94.64052288
9385,18,120,448.06,12.79,31.04,9.019607843,14.5751634,6.14379085
9385,18,120,7167.95,23.94,1426.52,91.24183007,67.90849673,96.33986928
9385,18,120,5369.01,42.35,644.78,73.00653595,99.54248366,64.18300654
9385,18,120,2784.87,20.13,265.64,36.14379085,30.45751634,28.43137255
9385,18,90,8209.46,26.22,1474.79,95.81699346,85.81699346,97.18954248
9385,18,120,4794.97,22.13,824.64,64.64052288,53.00653595,77.18954248
9385,18,120,3187.58,25.15,386.89,40.45751634,78.30065359,38.75816993
9385,18,90,5333.49,25.76,1011,72.48366013,82.87581699,86.53594771
9385,18,90,1564.11,20.43,165.32,21.11111111,33.20261438,19.41176471
9385,18,90,9348.09,24.97,1714.96,98.62745098,76.73202614,99.21568627
9385,18,120,7762.46,27.24,1197.03,93.85620915,91.37254902,92.81045752
9385,18,90,4632.24,21.78,910.42,62.48366013,48.88888889,81.83006536
9385,18,120,1685.44,22.68,228.66,22.09150327,58.75816993,25.29411765
9385,18,90,7810.97,25.2,1525.07,93.9869281,78.82352941,97.7124183
9385,18,120,2242.55,22.5,310.62,28.03921569,56.79738562,32.2875817
9385,18,120,2488.95,23.9,443.26,30.91503268,67.84313725,44.83660131
9385,18,120,336.05,9.61,38.65,4.052287582,10.32679739,10.58823529
9385,18,120,1922.93,21.67,378.65,24.24836601,47.58169935,37.77777778
9385,18,120,6248.03,26.14,1414.29,83.26797386,85.03267974,96.0130719
9385,18,120,3566.89,26.14,661.45,44.44444444,85.03267974,65.49019608
9385,18,90,1302.55,18.9,208.57,19.34640523,22.54901961,23.52941176
9385,18,120,2137.79,19.4,419.44,26.92810458,25.22875817,42.02614379
9385,18,90,7162.12,24.95,1559.97,91.04575163,76.53594771,98.03921569
9385,18,90,3508.52,25.33,410.41,43.92156863,79.86928105,41.4379085
10135,20,110,5183.71,24.05,707.65,78.15668203,77.14285714,76.86635945
10135,20,105,8128.13,27.4,1162.79,96.68202765,97.69585253,94.93087558
10135,20,100,8764.16,25.06,976.5,98.43317972,86.08294931,90.59907834
10135,20,95,3526.76,25.08,422.36,42.30414747,86.359447,40.55299539
10135,20,70,1652.79,13.84,128.33,10.32258065,6.267281106,7.373271889
10135,20,100,3800.45,21.03,384.7,51.61290323,37.88018433,34.19354839
10135,20,104,7025.46,26.81,933.22,91.88940092,96.22119816,89.67741935
10135,20,90,6234.54,24,853.52,86.359447,76.49769585,85.89861751
10135,20,120,5388.8,21.89,572.5,80.36866359,49.03225806,64.42396313
10135,20,105,3012.21,24.65,281.2,28.84792627,82.76497696,18.06451613
10135,20,110,4392.21,25.51,448.07,66.17511521,90.04608295,46.26728111
10135,20,100,1758.22,16.52,180.32,10.96774194,8.847926267,9.400921659
10135,20,78,3954.05,19.5,431.59,55.66820276,22.21198157,42.39631336
10135,20,75,726.82,10.43,58.9,4.516129032,2.304147465,3.410138249
10135,20,105,2947.8,18.64,282.64,27.18894009,15.48387097,18.24884793
10135,20,123,7073.79,25.5,864.84,92.44239631,89.95391705,86.7281106
10135,20,120,6169.19,21.31,803.64,85.89861751,40.92165899,83.22580645
10135,20,90,6811.64,27.59,1211.44,90.41474654,98.15668203,95.66820276
10135,20,80,3335.41,21.78,379.25,36.40552995,47.46543779,32.99539171
10135,20,99,3377.11,22.97,290.44,37.41935484,64.60829493,18.70967742
10135,20,116,5833.17,25.27,710.14,83.50230415,87.92626728,77.14285714
10135,20,100,4558.4,24.17,438.75,69.86175115,78.43317972,44.23963134
10135,20,90,4273.86,23.3,703.09,63.22580645,68.75576037,76.22119816
10135,20,110,2990.91,22.68,298.95,28.66359447,60.2764977,19.7235023
10135,20,77,3142.03,26.46,467.55,31.24423963,94.65437788,50.23041475
10135,20,105,4233.91,24.64,464.51,62.21198157,82.67281106,49.67741935
10135,20,90,6757.83,26.63,1232.2,89.95391705,95.48387097,96.12903226
10135,20,74,2372.22,18.36,318.82,16.58986175,14.00921659,22.11981567
10135,20,101,4741.97,21.51,778.48,73.1797235,43.50230415,81.65898618
10135,20,100,4458.07,21.48,699.6,67.18894009,42.67281106,75.76036866
10135,20,90,3694.66,20.46,488.02,48.57142857,30.78341014,53.3640553
10135,20,70,2453.08,20.1,342.31,17.88018433,27.46543779,26.26728111
10135,20,90,4790.13,20.75,722.16,74.10138249,33.640553,77.97235023
10135,20,76,2914.64,18.48,390.07,26.359447,14.83870968,35.20737327
10135,20,73,2660.39,21.2,378.27,20.64516129,39.35483871,32.44239631
10135,20,90,7305.87,27.26,1329.76,93.2718894,97.41935484,97.88018433
10135,20,90,3980.04,23.7,699.22,56.58986175,73.2718894,75.66820276
10135,20,90,3896.18,18.65,508.2,53.73271889,15.57603687,56.95852535
10135,20,90,3570.73,20.68,518.15,43.87096774,33.0875576,58.24884793
10135,20,90,4222.83,19.05,501.77,61.84331797,18.06451613,55.94470046
10135,20,90,7627.26,27.09,1373.88,94.37788018,97.05069124,98.52534562
10135,20,90,4987.94,23.98,820.66,76.22119816,76.40552995,84.14746544
10135,20,90,2424.45,20.99,316.32,17.41935484,37.05069124,21.65898618
10135,20,90,3845.67,23.28,593.58,52.81105991,68.29493088,67.00460829
10135,20,90,7864.44,28.39,1317.19,95.57603687,99.07834101,97.60368664
10135,20,90,6070.56,25.63,608.81,84.88479263,90.50691244,68.38709677
10135,20,70,2426.51,16.6,295.72,17.51152074,9.032258065,19.35483871
10135,20,90,6541.5,26.14,861.45,88.47926267,93.5483871,86.5437788
10135,20,110,3559.35,20.42,365.04,43.22580645,30.41474654,30.41474654
10135,20,90,6837.49,26.64,841.73,90.78341014,95.57603687,85.43778802
10135,20,90,3950.49,22.49,643.37,55.39170507,57.78801843,72.07373272
10135,20,110,4658.86,25.23,645.74,72.07373272,87.46543779,72.16589862
10135,20,100,5095.16,23.97,561.44,77.78801843,76.22119816,63.59447005
12385,20,123,6014.48,27.05,793.79,84.60829493,96.95852535,82.39631336
12385,20,120,3070.19,22.24,373.76,29.95391705,54.65437788,31.33640553
12385,20,105,2832.77,21.66,296.43,24.33179724,45.71428571,19.53917051
12385,20,110,4661.7,27.51,528.73,72.25806452,97.97235023,59.63133641
12385,20,78,4829.07,20.28,669.06,74.56221198,28.84792627,73.91705069
12385,20,75,839.57,12.32,83.84,6.082949309,3.870967742,5.437788018
12385,20,105,3513.91,22.95,472.72,42.11981567,64.05529954,51.05990783
12385,20,90,1465.99,24.01,206.36,9.585253456,76.58986175,10.96774194
12385,20,74,2565.34,18.33,267.04,19.17050691,13.73271889,16.40552995
12385,20,100,4594.33,22.95,550.86,70.69124424,64.05529954,62.39631336
12385,20,90,3289.88,18.9,370.4,35.29953917,17.05069124,31.15207373
12385,20,80,4563.02,22.19,522.33,69.95391705,53.73271889,58.89400922
12385,20,70,2519.99,19.33,242.57,18.24884793,20.36866359,13.5483871
12385,20,90,2659.02,18.28,271.23,20.55299539,13.2718894,16.49769585
12385,20,90,3250.71,22,341.33,34.10138249,50.50691244,25.99078341
12385,20,73,2441.52,18.9,291.8,17.69585253,17.05069124,18.98617512
12385,20,90,1319.41,17.46,122.46,8.755760369,10.32258065,7.188940092
12385,20,90,8065.32,28.14,1132.31,96.22119816,98.70967742,94.19354839
12385,20,90,3559.38,25.36,427.22,43.31797235,88.47926267,41.56682028
12385,20,90,4048.41,23.82,561.61,57.78801843,75.02304147,63.68663594
12385,20,90,5296.56,22.48,685.12,79.44700461,57.60368664,74.74654378
12385,20,90,3757.72,23.58,432.56,50.13824885,72.35023041,42.85714286
12385,20,90,8890.47,25.91,1213.51,98.61751152,92.25806452,95.85253456
12385,20,90,5327.72,22.95,638.38,79.63133641,64.05529954,71.52073733
12385,20,70,2719.39,16.58,258.77,21.47465438,8.940092166,15.29953917
12385,20,90,3508.61,25.49,457.52,41.93548387,89.86175115,48.20276498
12385,20,110,4549.09,20.62,573.4,69.49308756,32.25806452,64.70046083
12385,20,90,2499.47,22.38,300.43,18.06451613,56.40552995,19.9078341
12385,20,90,4307.29,25.92,581.35,64.05529954,92.53456221,65.43778802
12385,20,90,4076.36,24.15,489.68,58.61751152,78.15668203,53.91705069
13689,18,90,2906.28,14.31,221.25,37.77777778,16.33986928,24.44444444
13689,18,150,6987.16,19.75,582.33,89.67320261,27.45098039,58.62745098
13689,18,120,4826.97,21.71,441.89,65.16339869,48.10457516,44.5751634
13689,18,120,4596.14,21.19,387,61.76470588,42.67973856,38.82352941
13689,18,120,4263.92,19.32,329.82,55.22875817,24.5751634,33.92156863
13689,18,90,428.22,7.75,31.07,7.385620915,6.013071895,6.209150327
13689,18,120,3518.06,21.52,302.99,43.9869281,45.88235294,31.63398693
13689,18,120,4111.08,21.67,310.73,52.87581699,47.58169935,32.35294118
13689,18,120,3303.69,20.19,258.39,42.02614379,31.11111111,27.7124183
13689,18,120,4924.6,25.92,425.56,66.79738562,83.52941176,42.35294118
13689,18,95,3995.12,19.9,320.09,51.89542484,28.69281046,32.87581699
13689,18,90,2491.42,13.46,179.5,31.04575163,15.4248366,20.71895425
13689,18,95,4926.66,19,380.56,66.8627451,22.87581699,38.16993464
13689,18,90,3718.49,20.86,325.22,46.92810458,38.30065359,33.39869281
13689,18,90,2769.8,20.3,223.39,35.62091503,31.83006536,24.70588235
13689,18,120,3801.66,26.39,226.94,48.23529412,87.32026144,25.16339869
13689,18,90,4112.74,25.17,374.54,53.00653595,78.62745098,37.45098039
13689,18,120,3796.43,19.59,295.67,48.10457516,26.53594771,30.91503268
13689,18,100,6348.58,19.18,464.09,84.37908497,23.7254902,48.30065359
13689,18,90,3285.35,25.34,318.3,41.89542484,79.93464052,32.74509804
13689,18,85,2923.96,13.22,247.34,37.84313725,15.22875817,26.60130719
13689,18,90,3103.97,19.36,249.05,39.54248366,24.90196078,26.8627451
13689,18,90,2324,21.56,201.71,28.95424837,46.33986928,22.81045752
13689,18,90,5384.1,21.34,403.91,73.26797386,44.37908497,40.58823529
13689,18,90,5741.32,19.33,433.93,78.03921569,24.77124183,43.7254902
13689,18,120,6163.96,40.84,830.6,82.2875817,97.45098039,77.45098039
13689,18,120,2817.09,40.84,468.9,36.60130719,97.45098039,48.95424837
13689,18,120,342.08,5.65,18.03,4.31372549,1.045751634,1.764705882
13689,18,120,4435.02,22.4,379.37,58.82352941,55.16339869,37.84313725
13689,18,90,4457.84,18.43,312.62,59.21568627,20.8496732,32.61437908
13689,18,90,5703.42,20.83,417.74,77.64705882,37.90849673,41.83006536
13689,18,120,449.75,8.51,36.59,9.150326797,8.300653595,9.346405229
13689,18,120,4274.81,22.46,374.15,55.35947712,56.14379085,37.38562092
13689,18,120,2416.02,21.91,219.95,29.93464052,50.78431373,24.37908497
13689,18,90,4425.17,21.16,277.8,58.62745098,42.15686275,29.54248366
13689,18,120,2705.36,12.73,270.93,34.50980392,14.31372549,29.01960784
13689,18,90,5337.88,22.79,463.45,72.61437908,59.86928105,48.23529412
13689,18,90,436.16,6.94,50.49,7.973856209,3.39869281,13.85620915
13689,18,90,5147.66,20.49,372.92,69.93464052,33.92156863,37.25490196
13689,18,120,4504.16,19.78,411.38,59.86928105,27.7124183,41.50326797
13689,18,120,319.73,8.24,37.21,3.267973856,7.516339869,9.673202614
13689,18,90,2508.57,18.58,236.48,31.30718954,21.50326797,25.81699346
13689,18,120,2200.75,23.29,300.05,27.51633987,63.9869281,31.30718954
13689,18,120,1759.94,21.24,286.58,22.94117647,43.26797386,30.13071895
13689,18,120,213.86,7.92,27.22,1.503267974,6.405228758,4.967320261
13689,18,120,3046.55,16.38,371.09,39.08496732,18.10457516,37.05882353
13689,18,120,410.84,7.96,29.83,6.14379085,6.535947712,5.620915033
13689,18,90,1181.84,21.49,149.33,18.10457516,45.49019608,18.23529412
13689,18,120,246,9.61,24.27,2.091503268,10.32679739,3.725490196
13689,18,90,4326.84,25.02,438.52,56.60130719,77.32026144,44.05228758
13689,18,90,2033.24,20.81,166.15,25.55555556,37.38562092,19.47712418
14904,18,95,3373.16,25.26,592.15,42.41830065,79.21568627,59.41176471
14904,18,120,575.67,6.4,32.4,13.59477124,2.091503268,6.928104575
14904,18,120,407.91,6.92,19.33,5.947712418,3.333333333,2.222222222
14904,18,120,608.03,7.19,37.22,13.92156863,4.379084967,9.738562092
14904,18,120,212.76,27.9,35.28,1.37254902,93.66013072,8.496732026
14904,18,120,4298.76,20.59,726.37,55.88235294,34.83660131,70.45751634
14904,18,120,6430.17,40.86,892.9,85.16339869,97.84313725,80.8496732
14904,18,90,3711.1,20.93,694.99,46.60130719,39.28104575,68.16993464
14904,18,90,2547.51,21.24,474.01,31.69934641,43.26797386,49.21568627
14904,18,120,315.62,9.97,34.57,3.137254902,10.91503268,8.039215686
14904,18,90,1290.83,21.1,162.23,19.21568627,40.8496732,19.1503268
14904,18,120,5485.79,24.91,958.16,74.64052288,76.20915033,83.7254902
14904,18,120,6213.34,25.49,1014.48,82.87581699,81.11111111,86.79738562
14904,18,90,457.11,9.86,38.56,9.738562092,10.71895425,10.52287582
14904,18,120,416.06,7.82,35.76,6.60130719,6.14379085,8.692810458
14904,18,120,415.74,7.4,28.88,6.405228758,4.836601307,5.294117647
14904,18,120,2319.91,20.48,370.59,28.88888889,33.79084967,36.99346405
14904,18,120,410.29,8.06,33.01,6.013071895,6.993464052,7.189542484
14904,18,120,323.96,7.96,37.74,3.660130719,6.535947712,10.06535948
14904,18,120,4786.59,26.64,636.5,64.37908497,88.49673203,63.39869281
14904,18,90,496.1,10.17,49.79,11.83006536,11.11111111,13.79084967
14904,18,90,4985.48,22.17,888.58,67.51633987,53.20261438,80.52287582
14904,18,90,2365.31,21.33,398.84,29.47712418,44.24836601,40.19607843
14904,18,120,1713.69,22.26,215.35,22.22222222,54.05228758,23.9869281
14904,18,120,9726.34,24.09,1605.82,99.01960784,68.82352941,98.36601307
14904,18,90,5180.93,20.42,688.97,70.45751634,33.07189542,67.51633987
14904,18,85,3962.31,22.7,498.93,51.69934641,59.01960784,51.30718954
14904,18,90,3280.22,20.52,389.02,41.83006536,34.37908497,38.88888889
14904,18,90,5160.84,21.75,974.15,70.13071895,48.49673203,84.70588235
14904,18,90,3220.46,20.32,372.71,40.91503268,32.02614379,37.18954248
14904,18,90,4443.98,20.97,546.85,58.95424837,39.54248366,56.20915033
14904,18,90,5012.6,26.1,627.26,67.90849673,84.83660131,62.2875817
14904,18,100,4638.42,23.98,819.36,62.67973856,68.23529412,76.8627451
14904,18,120,478.97,9.58,24.81,11.04575163,10.19607843,3.921568627
14904,18,90,4798.76,24.97,628.25,64.70588235,76.73202614,62.54901961
14904,18,120,449.91,8.96,35.69,9.215686275,9.215686275,8.62745098
14904,18,120,5895.99,23.45,897.47,79.54248366,65.22875817,81.37254902
14904,18,120,6053.28,19.11,780.14,81.04575163,23.33333333,74.50980392
14904,18,90,5672.26,23.55,1018.47,77.38562092,66.0130719,86.92810458
14904,18,90,2808.63,20.87,530.48,36.47058824,38.43137255,54.70588235
14904,18,120,494.18,7.03,31.36,11.69934641,3.986928105,6.470588235
14904,18,120,6910.95,25.57,994.88,89.34640523,81.83006536,85.62091503
14904,18,90,3757.53,20.42,533.96,47.58169935,33.07189542,55.03267974
14904,18,120,2761.49,40.65,462.67,35.49019608,96.33986928,48.16993464
15725,19,90,5368.96,23.98,540.34,50.49180328,72.45901639,22.95081967
15725,19,75,3962.04,23.03,408.12,18.36065574,60.98360656,11.80327869
15725,19,120,5136.58,22.93,641,41.96721311,60.32786885,44.26229508
15725,19,90,4400.57,23.25,443.75,26.2295082,64.26229508,14.09836066
15725,19,90,6918.4,26.05,866.1,84.91803279,90.81967213,75.40983607
15725,19,90,5621.19,24.06,624.82,61.31147541,74.42622951,41.96721311
15725,19,90,3651.09,19.25,433.71,14.42622951,15.40983607,12.78688525
15725,19,90,4835.3,24.02,486.78,35.73770492,73.44262295,16.72131148
15725,19,90,5250.28,21.78,599.35,46.2295082,40.32786885,37.04918033
15725,19,95,5980.86,21.19,664.57,71.14754098,30.81967213,49.50819672
15725,19,100,6628.69,22.85,742.15,80,58.03278689,59.67213115
15725,19,120,8090.5,26.85,915.97,94.09836066,96.72131148,81.96721311
15725,19,100,8552.62,27.8,1149.77,98.36065574,98.68852459,95.73770492
15725,19,90,4830.67,23.36,586.21,35.40983607,65.90163934,32.45901639
15725,19,70,5461.98,26.02,657.65,53.1147541,90.49180328,47.21311475
15725,19,100,4990.82,28.52,548.2,39.67213115,99.01639344,23.60655738
15725,19,90,5091.9,28.56,557.28,40.32786885,99.3442623,25.24590164
15725,19,90,1936.07,17.95,138.44,7.213114754,10.49180328,6.885245902
15959,19,95,6825.15,22.69,820.16,82.62295082,57.04918033,69.83606557
15959,19,75,4248.96,25.33,540.53,23.60655738,85.24590164,23.27868852
15959,19,90,5535.84,23.5,615.82,57.04918033,67.54098361,40.6557377
15959,19,90,5844.82,26.61,707.34,68.19672131,94.75409836,53.7704918
15959,19,100,8494.67,26.42,1192.27,97.70491803,93.44262295,97.37704918
15959,19,90,5349.57,21.95,638.83,49.83606557,43.93442623,43.60655738
15959,19,70,5854.17,26.31,792.63,69.18032787,92.78688525,66.55737705
15959,19,100,3948.82,24.51,504.94,17.37704918,77.70491803,18.03278689
15959,19,90,531.2,13.28,45.55,3.278688525,3.278688525,3.278688525
15959,19,100,6297.53,24.04,945.76,77.04918033,73.7704918,83.27868852
15959,19,120,8041.74,25.41,954.88,93.1147541,86.2295082,84.59016393
15959,19,120,8124.76,24.04,1058.27,94.75409836,73.7704918,92.13114754
15959,19,90,4406.31,26.43,563.63,26.55737705,93.7704918,25.90163934
15959,19,90,7331.55,26.32,961.5,87.21311475,93.1147541,85.57377049
15959,19,90,5761.76,23.61,774.14,66.55737705,69.83606557,63.27868852
15959,19,90,3537.18,18.64,474.76,13.7704918,12.13114754,15.73770492
15959,19,90,5106.16,24.33,648.66,40.6557377,76.72131148,46.2295082
15959,19,90,6829.29,21.23,880.09,83.27868852,31.47540984,77.70491803
19179,18,120,4090,18.32,500.64,52.67973856,20.58823529,51.50326797
19179,18,90,3235.05,24.52,520.63,41.11111111,72.54901961,53.66013072
19179,18,90,7137.91,21.64,1675.99,90.91503268,47.18954248,98.88888889
19179,18,120,333.35,9.68,45.14,3.921568627,10.45751634,12.48366013
19179,18,90,1110.84,18.18,184.89,17.64705882,20.26143791,21.30718954
19179,18,120,334.35,5.94,20.05,3.986928105,1.37254902,2.483660131
19179,18,120,4785.51,23.15,912.77,64.31372549,62.81045752,82.02614379
19179,18,120,1494.21,21.24,305.52,20.39215686,43.26797386,31.83006536
19179,18,120,958.81,11.99,155.99,16.73202614,13.33333333,18.82352941
19179,18,120,2453.04,20.99,529.31,30.32679739,39.73856209,54.50980392
19179,18,120,369.97,7.63,21.92,4.967320261,5.68627451,2.810457516
19179,18,120,414.26,10.58,69.32,6.339869281,11.96078431,15.22875817
19179,18,120,6438.13,24.37,1036.86,85.22875817,71.17647059,87.77777778
19179,18,90,1505.08,15.53,199.33,20.52287582,17.38562092,22.48366013
19179,18,90,7862.54,24.52,1706.28,94.50980392,72.54901961,99.1503268
19179,18,120,2819.8,20.6,428.53,36.79738562,35.09803922,42.81045752
19179,18,90,10574.48,23.22,2255.68,99.80392157,63.33333333,99.93464052
19179,18,120,3030.09,19.39,359.44,38.95424837,25.16339869,36.2745098
19179,18,120,7587.57,22.43,1362.26,93.00653595,55.75163399,95.49019608
19179,18,120,5025.41,42.27,686.58,68.03921569,99.28104575,67.32026144
19179,18,120,413.72,7.6,51.76,6.274509804,5.424836601,13.9869281
19179,18,120,420.21,10.23,45.9,6.862745098,11.4379085,12.87581699
19179,18,90,8319.55,23.17,1829,96.07843137,62.94117647,99.60784314
19179,18,90,6741.84,25.02,1458.06,87.97385621,77.32026144,96.99346405
19179,18,120,5283.72,26.85,854.13,71.63398693,89.60784314,78.49673203
19179,18,120,6692.73,24.66,1149.37,87.51633987,73.9869281,91.89542484
19179,18,90,3707.23,19.24,617.51,46.47058824,24.18300654,61.56862745
19179,18,120,2654.76,40.91,468.32,33.20261438,98.30065359,48.75816993
19179,18,120,7764.97,40.95,1194.97,93.92156863,98.5620915,92.74509804
19179,18,90,6962.25,26.92,1499.7,89.54248366,90.13071895,97.58169935
19179,18,90,3920.11,22.02,597.16,50.65359477,51.76470588,60
19179,18,85,3234.88,23.2,477.39,41.04575163,63.20261438,49.47712418
19179,18,90,4301.65,29.51,694.62,56.0130719,96.0130719,68.10457516
19179,18,90,4509.82,24.53,889.37,60.13071895,72.81045752,80.65359477
19179,18,90,3323.17,21.73,491.98,42.15686275,48.23529412,50.98039216
19179,18,90,5523.94,22.27,996.77,75.22875817,54.11764706,85.68627451
19179,18,90,4545.03,28.07,747.64,60.52287582,94.31372549,71.83006536
19179,18,120,3910.26,19.15,604.94,50.13071895,23.59477124,60.39215686
19179,18,120,6285.28,27.62,991.25,83.7254902,92.81045752,85.35947712
19179,18,95,4373.57,27.44,853.84,57.45098039,92.22222222,78.43137255
19179,18,90,4276.7,20.32,758.67,55.4248366,32.02614379,72.94117647
19179,18,95,2749.66,21.81,485.26,35.35947712,49.34640523,50.32679739
19179,18,90,526.56,19.18,84.84,12.2875817,23.7254902,16.40522876
19179,18,90,2334.26,19.83,270.51,29.1503268,28.23529412,28.95424837
19179,18,120,6163.92,26.83,795.19,82.22222222,89.47712418,75.22875817
19179,18,120,2813.73,19.62,284.38,36.53594771,26.79738562,30
19179,18,120,629.95,7.37,37.07,14.50980392,4.77124183,9.54248366
19179,18,120,432.4,8.32,34.99,7.712418301,7.777777778,8.300653595
19179,18,120,4359.38,24.43,512.7,57.18954248,71.56862745,52.61437908
20057,20,90,3494.79,20.37,382.14,41.38248848,29.86175115,33.5483871
20057,20,90,191.43,5.99,11.98,1.935483871,0.460829493,1.566820276
20057,20,90,3806.59,21.73,491.49,51.98156682,46.4516129,54.47004608
20057,20,90,3922.97,25.61,448.34,55.02304147,90.41474654,46.359447
20057,20,90,193.33,4.69,5.65,2.02764977,0.092165899,0.184331797
20057,20,90,183.43,6.35,13.85,1.658986175,0.64516129,2.211981567
20057,20,90,562.64,12.14,44.47,3.410138249,3.502304147,3.041474654
20057,20,73,2266.49,17.65,234.06,15.57603687,11.24423963,13.1797235
20057,20,76,2356.94,13.41,229.3,16.31336406,5.806451613,12.35023041
20057,20,90,2864.6,21.01,258.03,24.88479263,37.41935484,15.20737327
20057,20,70,2792.55,19.36,260.58,23.50230415,20.73732719,15.76036866
20057,20,80,4549.35,21.95,632,69.67741935,49.86175115,70.59907834
20057,20,90,3428.9,18.04,339.7,38.61751152,12.25806452,25.43778802
20057,20,100,4083.37,20.82,441.54,58.89400922,34.47004608,44.60829493
20057,20,101,4444.12,20.07,528.37,66.9124424,26.9124424,59.44700461
20057,20,74,2764.87,13.67,276.26,22.67281106,6.082949309,17.32718894
20057,20,90,4055.39,18.42,456.08,57.88018433,14.19354839,47.83410138
20057,20,110,1349.75,21.96,142.36,8.940092166,50.04608295,8.110599078
20057,20,90,3186.68,23.7,380.99,32.62672811,73.2718894,33.2718894
20057,20,91,156.22,12.87,9.41,0.921658986,4.331797235,1.105990783
20057,20,90,1667.54,23.72,232.71,10.41474654,73.5483871,12.81105991
20057,20,90,1872.62,19.94,266.38,12.25806452,25.80645161,16.22119816
20057,20,95,3083.58,22.42,361.7,30.32258065,56.95852535,29.67741935
20057,20,77,3191.08,22.89,349.61,32.71889401,63.41013825,27.28110599
20057,20,110,5421.79,21.69,774.16,80.73732719,45.89861751,81.29032258
20057,20,90,3175.8,19.65,337.76,32.35023041,23.41013825,24.97695853
20057,20,90,111.1,8.22,5.57,0.276497696,1.751152074,0.092165899
20562,18,120,421.97,8.9,35.93,6.993464052,9.150326797,8.823529412
20562,18,120,859.06,19.1,81.32,16.14379085,23.20261438,16.14379085
20562,18,90,626.61,12.67,68.18,14.37908497,14.18300654,15.09803922
20562,18,120,1327.75,22.1,169.94,19.60784314,52.48366013,19.93464052
20562,18,120,2689,19.22,313.9,34.05228758,24.05228758,32.67973856
20562,18,120,212.9,8.06,24.27,1.437908497,6.993464052,3.725490196
20562,18,120,1750.79,14.15,214.49,22.87581699,16.14379085,23.79084967
20562,18,120,312.8,9.25,31.11,3.006535948,9.869281046,6.274509804
20562,18,120,1351.19,21.82,212.49,19.67320261,49.54248366,23.66013072
20562,18,120,323.49,7.2,37.92,3.529411765,4.444444444,10.19607843
20562,18,90,1770.95,15.01,268.11,23.1372549,16.99346405,28.75816993
20562,18,120,3673.01,13.99,391.1,45.94771242,15.94771242,39.28104575
20562,18,90,442.56,6.9,47.18,8.758169935,3.267973856,13.07189542
20562,18,90,511.21,6.59,30.04,12.09150327,2.549019608,5.751633987
20562,18,120,4299.43,21.63,328.72,55.94771242,46.99346405,33.66013072
20562,18,120,3469.5,20.67,401.26,43.33333333,35.94771242,40.26143791
20562,18,120,441.13,8.52,44.2,8.562091503,8.366013072,12.2875817
20562,18,120,3460.08,21.69,264.3,43.07189542,47.97385621,28.16993464
20562,18,120,3028.93,20.89,219.61,38.88888889,38.88888889,24.31372549
20562,18,120,398.06,8.42,57.22,5.620915033,8.104575163,14.31372549
20562,18,90,364.11,8.55,23.13,4.705882353,8.562091503,3.333333333
20562,18,90,2940.41,22.27,272.28,38.03921569,54.11764706,29.08496732
20562,18,90,375.23,12.39,18.18,5.098039216,13.7254902,1.830065359
20562,18,90,2186.53,20.5,199.5,27.38562092,34.05228758,22.54901961
20562,18,90,458.86,11.33,25.37,9.934640523,12.48366013,4.31372549
20562,18,85,416.26,6.96,40.89,6.666666667,3.594771242,11.50326797
20562,18,90,3093.02,25.28,257.73,39.28104575,79.34640523,27.64705882
20562,18,120,484.18,6.32,22.68,11.50326797,1.764705882,3.071895425
20562,18,120,454.82,8.02,36.45,9.607843137,6.928104575,9.150326797
20562,18,95,974.54,10.38,22.27,16.8627451,11.56862745,2.875816993
20562,18,120,537.51,9.09,44.66,12.48366013,9.607843137,12.41830065
20562,18,120,396.44,6.49,25.73,5.555555556,2.352941176,4.640522876
20562,18,120,647.21,6.96,32.66,14.70588235,3.594771242,6.993464052
20562,18,120,439.77,9.06,37.46,8.300653595,9.477124183,9.869281046
20562,18,90,413.02,7.13,39.36,6.209150327,4.183006536,10.78431373
20602,21,95,4522.26,22.51,664.77,72.97297297,54.05405405,74.47447447
20602,21,120,5317.36,24.74,988.68,88.28828829,78.37837838,90.09009009
20602,21,110,4758.75,20.69,682.87,78.37837838,33.03303303,75.37537538
20602,21,100,4752.85,20.91,810.48,78.07807808,37.53753754,83.78378378
20602,21,95,2397.98,15.3,289.75,19.81981982,8.108108108,18.91891892
20602,21,120,2771.77,20.9,449.09,28.52852853,37.23723724,44.44444444
20602,21,83,2569.33,18.65,364.35,23.12312312,18.61861862,31.83183183
20602,21,83,3898.01,19.97,768.91,58.25825826,25.82582583,81.68168168
20602,21,78,3465.33,20.97,570.34,47.14714715,38.13813814,64.56456456
20602,21,109,1094.84,20.82,181.59,7.207207207,35.73573574,8.408408408
20602,21,105,4359.87,21.58,734.79,70.87087087,46.84684685,78.67867868
20602,21,104,2673.29,20.23,440.76,25.82582583,27.62762763,42.94294294
20602,21,94,4186.45,20.36,520.49,64.86486486,29.42942943,55.55555556
20602,21,120,4806.7,21.66,730.54,79.87987988,47.74774775,78.37837838
20602,21,105,6304.6,25.34,1062.62,95.7957958,82.88288288,93.69369369
20602,21,97,4106.34,19.5,774.32,63.06306306,23.42342342,81.98198198
20602,21,87,3438.18,21.88,461.6,45.94594595,49.54954955,46.54654655
20602,21,107,4534.46,20.13,758.12,73.87387387,26.42642643,80.78078078
20602,21,100,3697.73,18.58,567.36,55.25525526,18.31831832,63.36336336
20602,21,70,3331.48,19.23,1847.7,42.64264264,21.32132132,99.6996997
20602,21,106,2289.59,21.54,370.36,17.71771772,45.64564565,33.03303303
20602,21,108,2174.31,19.58,379.58,15.01501502,24.02402402,34.23423423
20602,21,110,1443.27,18.87,206.67,8.108108108,18.91891892,9.60960961
20602,21,75,3807.59,23.18,1986.89,56.75675676,60.66066066,100
20602,21,111,1887.21,21.37,302.37,11.11111111,43.24324324,21.32132132
20602,21,75,2653.86,17.31,311.61,25.22522523,12.61261261,22.82282282
20602,21,112,3358.61,22.89,586.82,43.84384384,57.05705706,65.46546547
20602,21,112,117.55,14.67,19.43,0.3003003,6.606606607,0.900900901
20602,21,75,5329.88,20.51,536.09,88.58858859,30.93093093,58.25825826
20602,21,75,4305.89,20.7,434.41,68.16816817,33.63363363,42.04204204
20602,21,75,5054.04,24.73,482.69,83.78378378,78.07807808,49.84984985
21777,19,95,6153.79,19.08,844.13,73.7704918,15.08196721,72.45901639
21777,19,100,5275.39,20.82,899.03,47.21311475,26.2295082,80.32786885
21777,19,120,8034.99,24.71,1191.11,92.78688525,79.67213115,97.04918033
21777,19,90,7304.88,22.5,1073.06,86.8852459,53.7704918,93.1147541
21777,19,90,5849.45,22.22,942.4,68.85245902,49.83606557,82.95081967
21777,19,90,3192.18,18.85,433.27,11.14754098,13.1147541,12.45901639
21777,19,90,4932.78,22.41,738.34,38.03278689,52.13114754,58.36065574
21777,19,90,5458.34,17.99,740.51,52.78688525,10.81967213,59.01639344
21777,19,75,3998.49,23.6,516.91,19.3442623,69.18032787,20.6557377
21777,19,90,5347.3,22.66,862.51,49.50819672,56.72131148,75.08196721
21777,19,90,3396.31,26.72,506.52,12.45901639,96.06557377,18.36065574
21777,19,100,8530.57,24.28,1351.46,98.03278689,76.06557377,99.01639344
21777,19,90,6273.21,22.02,844.63,76.39344262,45.90163934,72.78688525
21777,19,70,5160.88,24.24,722.8,42.29508197,75.73770492,56.72131148
21777,19,100,4893.54,25.73,587.83,37.37704918,88.19672131,32.78688525
21777,19,90,1045.62,17.28,96.35,4.590163934,8.196721311,5.901639344
21859,20,110,4214.88,26.31,509.98,61.75115207,94.10138249,57.23502304
21859,20,90,3493.03,22.42,476.1,41.29032258,56.95852535,51.61290323
21859,20,90,1195.35,24.41,189.96,7.834101382,80.46082949,10.04608295
21859,20,92,2572.58,26.19,352.78,19.35483871,93.91705069,27.83410138
21859,20,90,2039.37,20.18,247.96,13.91705069,27.74193548,14.37788018
21859,20,110,4251.83,24.39,710.62,62.67281106,80.36866359,77.23502304
21859,20,100,4568.89,24.33,626.12,70.04608295,79.9078341,70.04608295
21859,20,110,4746.99,22.34,842.72,73.3640553,55.85253456,85.62211982
21859,20,100,1448.87,26.02,233.7,9.400921659,92.71889401,13.0875576
21859,20,77,2968.94,21.46,400.44,27.74193548,42.39631336,37.05069124
21859,20,70,1458.98,13.9,168.35,9.493087558,6.359447005,9.124423963
21859,20,100,3769.55,20.82,441.82,50.96774194,34.47004608,44.79262673
21859,20,104,6422.44,25.24,974.92,87.74193548,87.64976959,90.50691244
21859,20,90,831.18,22.28,134.83,5.898617512,55.02304147,7.741935484
21859,20,120,6101.18,24.92,739.58,85.25345622,84.60829493,79.35483871
21859,20,105,2641.6,22.91,302.33,20.1843318,63.59447005,20.36866359
21859,20,90,3966.91,20.79,546.74,56.31336406,34.19354839,62.02764977
21859,20,100,1807.67,18.27,234.25,11.42857143,13.0875576,13.2718894
21859,20,78,3446.5,23.28,433.41,39.53917051,68.29493088,43.13364055
21859,20,90,935.16,23.26,200.94,7.004608295,67.92626728,10.69124424
21859,20,75,724.57,12.24,68.3,4.423963134,3.778801843,4.147465438
21859,20,105,3058.19,22.22,395.36,29.76958525,54.28571429,36.22119816
21859,20,123,6736.25,24.86,875.06,89.86175115,84.42396313,87.46543779
21859,20,120,6549.77,23.47,1078.54,88.57142857,70.87557604,93.1797235
21859,20,80,3620.34,24.53,449.55,45.99078341,81.19815668,46.6359447
21859,20,91,1202.13,24.08,207.02,7.926267281,77.69585253,11.15207373
21859,20,99,3441.4,19.39,334.26,39.07834101,21.01382488,24.05529954
21859,20,116,6879.1,26.12,1254.52,91.15207373,93.4562212,96.31336406
21859,20,100,3960.41,23.96,447.72,56.22119816,76.12903226,45.89861751
21859,20,90,2593.79,22.86,319.06,19.63133641,62.67281106,22.21198157
21859,20,110,2375.85,17.25,266.67,16.86635945,9.677419355,16.31336406
21859,20,105,4471.14,23.82,575.49,67.55760369,75.02304147,64.79262673
21859,20,70,2572.59,18.41,354.06,19.44700461,14.10138249,28.11059908
21859,20,90,2668.94,18.71,387.56,20.92165899,15.94470046,34.56221198
21859,20,90,3917.41,22.19,632.05,54.74654378,53.73271889,70.69124424
21859,20,76,2229.5,20.85,215.71,15.20737327,34.93087558,11.52073733
21859,20,90,2049.12,25.4,322.76,14.10138249,88.75576037,22.58064516
21859,20,90,176.99,8.58,15.81,1.105990783,1.843317972,2.580645161
21859,20,90,3342.24,22.62,378.43,36.58986175,59.26267281,32.53456221
21859,20,90,4195.41,26.53,580.64,61.19815668,94.93087558,65.34562212
25203,19,95,3925.79,18.51,422.98,16.72131148,11.80327869,12.13114754
25203,19,100,173,6.8,7.61,0.983606557,1.31147541,0
25203,19,90,441.24,10.72,30.93,2.62295082,2.950819672,2.295081967
25203,19,70,2131.99,16.29,263.17,7.868852459,5.901639344,8.852459016
25203,19,100,4858.54,21.06,533.78,36.06557377,29.50819672,21.96721311
25203,19,90,3693.25,22.76,402.23,14.75409836,57.70491803,11.47540984
25203,19,90,4572.07,20.68,570.21,29.18032787,24.91803279,26.8852459
25203,19,75,2794.25,21.27,260.01,9.180327869,32.13114754,8.524590164
27841,19,100,147.06,6.65,8.78,0.327868852,0.983606557,0.327868852
28009,20,78,4976.22,20.77,688.71,76.12903226,33.91705069,75.20737327
28009,20,75,681.58,10.75,69.78,4.147465438,2.488479263,4.331797235
28009,20,105,2921.67,19.5,400.11,26.5437788,22.21198157,36.77419355
28009,20,123,6689.97,23.4,1040.45,89.58525346,69.95391705,92.16589862
28009,20,120,6898.45,23.44,1060.73,91.24423963,70.32258065,92.71889401
28009,20,105,4183.3,19.77,616.58,60.82949309,24.70046083,69.58525346
28009,20,110,2596.67,18.5,331.91,19.7235023,14.93087558,23.77880184
28009,20,80,3434.55,20.64,453.85,38.89400922,32.53456221,47.18894009
28009,20,99,3599.07,19.44,382.54,44.88479263,21.75115207,33.640553
28009,20,116,6664.23,24.92,1021.94,89.40092166,84.60829493,91.61290323
28009,20,100,4571.82,23.18,566.11,70.13824885,66.8202765,63.96313364
28009,20,90,3558.55,20.03,524.53,43.04147465,26.5437788,59.17050691
28009,20,90,149,7.77,7.3,0.829493088,1.382488479,0.552995392
28009,20,110,3319.51,23.76,438.38,36.03686636,74.00921659,44.05529954
28009,20,101,4556.14,20.97,578.6,69.76958525,36.40552995,65.16129032
28009,20,70,2561.44,19.59,242.68,19.07834101,22.94930876,13.640553
28009,20,90,2373.12,19.66,292.36,16.68202765,23.68663594,19.07834101
28009,20,100,4656.59,21.62,534.68,71.98156682,45.16129032,60.36866359
28009,20,90,4993.19,24.58,668.16,76.31336406,82.21198157,73.640553
28009,20,90,4173.65,25.51,662.71,60.73732719,90.04608295,73.2718894
28009,20,90,3615.93,25.24,492.56,45.52995392,87.64976959,54.65437788
28009,20,90,4060.55,21.48,594.25,58.15668203,42.67281106,67.18894009
28009,20,90,3018.12,23.59,362.76,28.94009217,72.44239631,30.04608295
28009,20,90,3314.81,20.24,417.49,35.85253456,28.29493088,39.7235023
28009,20,90,3611.45,19.16,500.35,45.34562212,19.07834101,55.85253456
28009,20,90,3985.34,23.2,526.14,56.68202765,67.00460829,59.26267281
28009,20,73,2200.42,16.85,264.4,15.02304147,9.216589862,16.03686636
28009,20,90,4620.12,19.41,601.27,71.33640553,21.38248848,67.74193548
28009,20,90,3176.84,20.05,380.73,32.44239631,26.8202765,33.1797235
28009,20,90,3482.45,21.92,431.74,40.73732719,49.40092166,42.48847926
28009,20,110,4258.94,23.47,584.48,62.94930876,70.87557604,65.80645161
28009,20,90,908.23,24.41,112.88,6.728110599,80.46082949,6.912442396
28009,20,90,608.43,21.58,105.38,3.686635945,44.79262673,6.543778802
28009,20,90,2888.11,20.29,432.47,25.34562212,28.94009217,42.76497696
28009,20,110,5209.04,25.06,828.36,78.43317972,86.08294931,84.70046083
28009,20,100,3326.37,21.34,425.76,36.22119816,41.29032258,41.10599078
28009,20,105,3340.45,22.07,571.5,36.49769585,51.52073733,64.33179724
28009,20,70,1795.13,13.37,155.63,11.33640553,5.714285714,8.66359447
28009,20,95,3145.67,22.16,406.24,31.33640553,52.99539171,37.78801843
28009,20,100,3461.96,21.24,435.23,39.8156682,39.9078341,43.59447005
28009,20,104,1902.31,25.15,302.33,12.81105991,87.09677419,20.36866359
28009,20,120,4154.6,21.96,551.41,60.36866359,50.04608295,62.48847926
28009,20,105,2787.94,21.23,355.57,23.31797235,39.8156682,28.47926267
28009,20,110,3914.99,24.97,490.83,54.37788018,85.25345622,54.10138249
28009,20,100,1955.48,15.84,244.52,13.2718894,7.926267281,13.91705069
28299,18,120,4419.58,21.53,636.23,58.5620915,45.94771242,63.20261438
28299,18,90,4500.72,20.6,705.09,59.73856209,35.09803922,69.1503268
28299,18,95,7670.46,21.96,1449.52,93.33333333,51.37254902,96.8627451
28299,18,90,4636.73,19.65,805.74,62.61437908,26.92810458,76.14379085
28299,18,95,7196.55,22.43,1276.96,91.30718954,55.75163399,94.37908497
28299,18,90,3901.6,20.04,627.38,49.93464052,29.67320261,62.35294118
28299,18,120,5910.07,24.48,925.84,79.73856209,72.02614379,82.61437908
28299,18,120,4124.69,20.97,536.7,53.20261438,39.54248366,55.4248366
28299,18,100,4368,23.54,732.83,57.32026144,65.81699346,70.78431373
28299,18,90,4418.08,24.54,581.91,58.43137255,72.87581699,58.49673203
28299,18,90,4822.01,23.65,707.86,65.09803922,66.66666667,69.34640523
28299,18,90,5291.01,21.16,897.14,71.83006536,42.15686275,81.24183007
28299,18,90,1745.85,18.5,289.79,22.74509804,21.11111111,30.32679739
28299,18,120,2143.27,19.62,334.66,26.99346405,26.79738562,34.11764706
28299,18,120,6635.32,24.47,984.37,87.05882353,71.83006536,84.96732026
28299,18,90,2283.53,19.44,206.86,28.5620915,25.55555556,23.20261438
28299,18,120,4290.59,21.4,515.29,55.68627451,45.16339869,52.74509804
28299,18,150,8100.35,22.06,1331.42,95.29411765,52.2875817,95.16339869
28299,18,120,5396.78,20.86,729.85,73.39869281,38.30065359,70.58823529
28299,18,120,6455.5,23,1009.17,85.55555556,61.11111111,86.47058824
28299,18,120,6312.05,20.49,971.1,84.05228758,33.92156863,84.37908497
28299,18,90,5087.01,24.52,783.95,68.88888889,72.54901961,74.77124183
28299,18,90,1189.96,21.31,147.97,18.36601307,43.9869281,18.16993464
28299,18,120,4937.08,24.55,936.31,66.92810458,73.20261438,83.26797386
28299,18,120,6118.08,23.94,1115.27,81.69934641,67.90849673,90.91503268
28299,18,120,2081.31,20.27,355.12,26.0130719,31.56862745,35.94771242
28299,18,120,2269.59,21.78,352.88,28.36601307,48.88888889,35.75163399
28299,18,120,2310.18,35.6,363.3,28.82352941,96.20915033,36.60130719
28299,18,120,4099.25,21.82,682.37,52.74509804,49.54248366,67.05882353
28299,18,90,4662.33,25.67,764.55,63.00653595,82.22222222,73.20261438
28299,18,120,1642.26,20.99,235.5,21.83006536,39.73856209,25.75163399
28299,18,90,5102.81,19.8,968.58,69.21568627,27.84313725,84.31372549
28299,18,120,7759.84,25.48,1286.58,93.79084967,80.98039216,94.44444444
28299,18,90,3911.8,21.5,645.8,50.19607843,45.62091503,64.24836601
28299,18,90,2094.29,19.43,279,26.14379085,25.4248366,29.60784314
28299,18,90,6577.34,23.37,1231.12,86.66666667,64.50980392,93.7254902
28299,18,120,5829.16,21.5,999.46,79.01960784,45.62091503,85.94771242
28299,18,120,2720.28,22.5,345,34.83660131,56.79738562,35.29411765
28299,18,90,4839.84,24.73,911.86,65.35947712,74.64052288,81.96078431
28299,18,120,2373.91,19.47,262.21,29.60784314,25.68627451,27.90849673
28299,18,120,9876.3,22.94,1743.83,99.21568627,60.8496732,99.28104575
28299,18,120,5443.49,42.34,669.77,74.11764706,99.47712418,66.07843137
28299,18,120,6873.86,22.52,1086.68,89.01960784,57.18954248,89.80392157
28299,18,120,5986.88,19.84,816.97,80.39215686,28.43137255,76.53594771
28299,18,90,4681.63,21.61,885.35,63.26797386,46.8627451,80.32679739
28299,18,120,6475.05,20.34,999.43,85.81699346,32.35294118,85.88235294
28299,18,90,907.87,21.38,173.13,16.2745098,44.77124183,20.13071895
28299,18,120,4813.16,19.77,714.89,65.03267974,27.64705882,70
28299,18,120,7019.99,24.42,1123.97,90.06535948,71.50326797,91.24183007
28299,18,90,3896.35,25.29,642.95,49.86928105,79.54248366,64.05228758
28299,18,120,2715.67,40.68,451.04,34.70588235,96.47058824,46.14379085
28299,18,120,609.95,13.15,49.26,13.9869281,15.16339869,13.59477124
28299,18,90,6812.69,23.4,1321.82,88.49673203,64.77124183,94.90196078
28299,18,85,1849.19,21.32,237.24,23.79084967,44.11764706,25.94771242
28299,18,90,1613.62,17.3,121,21.76470588,18.75816993,17.51633987
28299,18,90,7402.85,22.92,1378.01,92.35294118,60.71895425,95.68627451
28299,18,90,3544.05,20.26,486.37,44.31372549,31.4379085,50.39215686
28299,18,90,4395.36,20.31,610.75,58.10457516,31.96078431,61.11111111
28299,18,105,9518.56,23.39,1801.34,98.88888889,64.70588235,99.47712418
28299,18,120,4252.46,21.88,536.51,54.83660131,50.65359477,55.29411765
28747,20,90,7048.66,24.02,1266.15,92.16589862,76.86635945,96.49769585
28747,20,90,2854.76,22.64,367.56,24.70046083,59.44700461,30.78341014
28747,20,110,4085.15,22.08,462.42,58.98617512,51.98156682,49.30875576
28747,20,110,2799.97,19.4,452.76,23.77880184,21.10599078,47.09677419
28747,20,95,3244.47,19.81,361.67,33.73271889,25.06912442,29.49308756
28747,20,77,3327.51,22.77,373.95,36.31336406,61.10599078,31.42857143
28747,20,100,7318.01,24.56,970.91,93.4562212,81.75115207,90.32258065
28747,20,90,3470.4,22.05,476.02,40.0921659,51.15207373,51.52073733
28747,20,100,2821.2,26.06,206.29,24.05529954,92.90322581,10.87557604
28747,20,110,4777.94,22.38,639.09,73.640553,56.40552995,71.61290323
28747,20,92,6673.96,27.34,1035.73,89.49308756,97.60368664,91.98156682
28747,20,110,4112.09,20.61,494.91,59.53917051,32.07373272,54.83870968
28747,20,90,7031.4,27.01,1556.22,91.98156682,96.68202765,99.44700461
28747,20,70,3246.9,19.06,427.91,33.82488479,18.15668203,41.65898618
28747,20,90,5683.04,22.16,802.07,82.94930876,52.99539171,83.13364055
28747,20,90,7265.56,24.61,1341.79,93.1797235,82.48847926,97.97235023
28747,20,90,4599.15,23.02,623.82,70.96774194,64.97695853,69.86175115
28747,20,90,5438.73,23.78,1025.55,81.01382488,74.19354839,91.70506912
28747,20,90,6850.42,27.28,1319.16,91.05990783,97.51152074,97.69585253
28747,20,76,2599.24,17.73,362.17,19.8156682,11.42857143,29.95391705
28747,20,90,2888.56,23.39,382.09,25.43778802,69.76958525,33.4562212
28747,20,91,7629.19,23.73,1621.94,94.47004608,73.82488479,99.63133641
28747,20,80,3149.98,24.72,408.95,31.61290323,83.50230415,38.24884793
28747,20,90,5228.59,24.73,1126.93,78.61751152,83.59447005,94.00921659
28747,20,120,6080.86,23.37,720.48,84.97695853,69.40092166,77.69585253
28747,20,100,3490.54,24.76,478.82,41.19815668,83.87096774,52.07373272
28774,19,75,4125.66,22.04,503.59,20.32786885,46.55737705,17.70491803
28774,19,90,5518.04,22.09,657.66,54.75409836,48.19672131,47.54098361
28774,19,90,5286.57,26.63,717.02,47.86885246,95.08196721,55.40983607
28774,19,100,8956.19,24.83,1176.09,99.3442623,80.98360656,96.72131148
28774,19,90,6032.12,21.43,805.17,71.80327869,34.09836066,68.19672131
28774,19,70,4803.77,22.46,611.24,34.42622951,53.1147541,39.01639344
28774,19,100,4735.13,25.34,564.82,33.44262295,85.57377049,26.2295082
28774,19,90,1540.8,17.35,135.76,5.901639344,8.524590164,6.557377049
28774,19,95,6128.39,19.27,772.54,72.78688525,15.73770492,62.95081967
28774,19,100,6526.12,20.43,972.39,79.3442623,22.29508197,86.8852459
28774,19,120,7968.07,24.4,950.11,91.80327869,77.37704918,83.93442623
28774,19,120,6913.31,23.34,890.3,84.59016393,65.24590164,80
28774,19,90,4641.47,21.3,511.73,30.16393443,32.78688525,20
28774,19,90,7778.05,23.53,1011.64,90.81967213,68.52459016,90.49180328
28774,19,90,5194.92,22.23,646.9,44.59016393,50.16393443,45.24590164
28774,19,90,2722.29,17.12,374.85,8.852459016,7.213114754,10.16393443
28774,19,90,5841.71,21.85,580.59,67.54098361,41.31147541,30.81967213
28774,19,90,5800.5,19.8,650.78,67.21311475,18.68852459,46.55737705
28884,18,120,299.88,9.22,33.88,2.941176471,9.803921569,7.712418301
28884,18,90,572.32,12.92,107.43,13.46405229,14.77124183,17.25490196
28884,18,120,150.98,11.71,4.3,0.392156863,13.00653595,0
28884,18,120,3828.79,21.59,457.6,48.62745098,46.66666667,47.12418301
28884,18,120,3957.9,19.48,460.4,51.50326797,25.75163399,47.64705882
28884,18,150,4378.77,20.72,575.04,57.7124183,36.47058824,58.10457516
28884,18,120,5391.74,22.18,615.49,73.33333333,53.26797386,61.37254902
28884,18,120,4019.4,25.74,617.19,52.09150327,82.74509804,61.50326797
28884,18,120,424.46,12.36,27.02,7.124183007,13.66013072,4.901960784
28884,18,120,571.09,8.53,36.4,13.39869281,8.431372549,9.08496732
28884,18,90,470.22,9.6,34.95,10.52287582,10.26143791,8.235294118
28884,18,90,2776.56,18.34,329.13,35.88235294,20.71895425,33.79084967
28884,18,120,464.44,6.36,30.5,10.32679739,1.895424837,5.882352941
28884,18,120,535.16,7.27,19.32,12.41830065,4.640522876,2.156862745
28884,18,90,617.85,14.33,54.98,14.24836601,16.40522876,14.18300654
28884,18,85,416.89,6.51,26.76,6.732026144,2.418300654,4.77124183
28884,18,90,429.22,6.75,22.79,7.450980392,2.810457516,3.137254902
28884,18,120,322.12,5.63,15.2,3.39869281,0.980392157,1.37254902
28884,18,120,3554.33,19.93,391.42,44.37908497,28.82352941,39.41176471
28884,18,120,442.54,7.56,34.89,8.692810458,5.294117647,8.169934641
28884,18,120,4901.11,25.07,600.27,66.40522876,77.77777778,60.19607843
28884,18,90,3743.58,22.38,457.12,47.32026144,55.09803922,46.99346405
28884,18,120,326.27,8.1,40.77,3.790849673,7.254901961,11.37254902
28884,18,120,4924.42,21.38,668.27,66.73202614,44.77124183,65.94771242
28884,18,120,3830.37,18.72,545.57,48.75816993,22.09150327,56.14379085
28884,18,120,328.61,6.34,37.7,3.85620915,1.830065359,10
28884,18,120,4967.31,26.32,749.45,67.32026144,86.66666667,71.96078431
28884,18,120,3094.43,22.05,319.75,39.34640523,52.15686275,32.81045752
28884,18,90,1240.22,20.12,141.85,18.75816993,30.32679739,17.90849673
32263,18,120,6466.06,26.86,799.62,85.75163399,89.67320261,75.55555556
32263,18,90,4579.27,27.87,607.75,61.30718954,93.59477124,60.8496732
32263,18,120,2490.6,22.12,252.55,30.98039216,52.81045752,27.12418301
32263,18,90,4561.26,20.79,566.97,60.91503268,37.18954248,57.84313725
32263,18,100,506.89,13.52,45.82,12.02614379,15.49019608,12.81045752
32263,18,90,4291.9,27.65,489.29,55.75163399,92.94117647,50.58823529
32263,18,90,3912.64,21.1,453.01,50.26143791,40.8496732,46.40522876
32263,18,90,2695.07,20.33,293.24,34.31372549,32.15686275,30.65359477
32263,18,90,283.98,11.78,17.78,2.745098039,13.20261438,1.699346405
32263,18,85,2345.08,22.43,248.39,29.21568627,55.75163399,26.66666667
32263,18,120,7470.88,40.81,1090.54,92.61437908,97.25490196,90
32263,18,120,2780.06,40.96,451.45,36.0130719,98.62745098,46.20915033
32263,18,90,3693.19,21.93,486.49,46.2745098,50.98039216,50.45751634
32263,18,120,6604.15,26.49,820.84,86.79738562,87.77777778,76.99346405
32263,18,120,4250.03,21.32,481.8,54.77124183,44.11764706,49.86928105
32263,18,120,6365.75,22,812.15,84.70588235,51.69934641,76.2745098
32263,18,120,5443.63,18.82,597.07,74.18300654,22.22222222,59.93464052
32263,18,120,5601.57,21.27,765.25,76.53594771,43.66013072,73.26797386
32263,18,120,8030.98,24.73,1039.72,94.96732026,74.64052288,87.97385621
32263,18,90,880.95,10.56,74.18,16.20915033,11.89542484,15.49019608
32263,18,120,2347,20.65,185.11,29.28104575,35.68627451,21.37254902
32263,18,120,5484.17,19.2,752.31,74.5751634,23.92156863,72.2875817
32263,18,120,2623.43,20.21,264.14,32.74509804,31.30718954,28.10457516
32263,18,90,743.78,12.05,72.83,15.22875817,13.39869281,15.29411765
32263,18,90,4340.28,20.16,505.77,56.8627451,30.78431373,52.15686275
32263,18,90,1065.41,12.77,73.26,17.32026144,14.37908497,15.35947712
32263,18,120,5818.31,28.24,696.79,78.88888889,94.64052288,68.36601307
32263,18,90,3792.18,19.73,565.84,47.97385621,27.32026144,57.64705882
32263,18,120,313.94,9.11,34.57,3.071895425,9.673202614,8.039215686
32263,18,120,5153.78,22.1,773.9,70.06535948,52.48366013,73.9869281
32263,18,120,2012.51,18.97,282.39,25.22875817,22.74509804,29.93464052
32263,18,120,3591.38,19.3,517.74,44.77124183,24.50980392,53.26797386
32263,18,120,161.23,6.84,18.45,0.522875817,3.202614379,1.960784314
32263,18,120,4562.56,26.35,666,60.98039216,86.92810458,65.68627451
32263,18,120,4543.47,26.32,688.68,60.45751634,86.66666667,67.45098039
32263,18,90,1131.47,19.76,127.03,17.77777778,27.58169935,17.58169935
32263,18,90,398.37,8.62,14.5,5.68627451,8.758169935,1.176470588
32263,18,120,348.04,9.79,39.42,4.509803922,10.58823529,10.8496732
32263,18,90,566.54,10.19,61.02,13.20261438,11.17647059,14.5751634
32263,18,120,254.04,12.78,32.38,2.222222222,14.50980392,6.862745098
32263,18,90,4415.66,25.32,540.56,58.36601307,79.80392157,55.68627451
32263,18,120,5763.12,20.13,726.62,78.5620915,30.45751634,70.52287582
32263,18,120,4589.48,20.47,529.86,61.63398693,33.66013072,54.5751634
32263,18,150,6566.4,20.04,888,86.47058824,29.67320261,80.39215686
32263,18,120,4996.61,22.98,590.98,67.7124183,61.04575163,59.34640523
32263,18,120,3657.3,21.63,415.32,45.68627451,46.99346405,41.69934641
32263,18,120,3616.94,20.63,432.49,45.22875817,35.49019608,43.33333333
32263,18,120,6005.7,26.56,709.86,80.58823529,88.36601307,69.54248366
32263,18,90,1784.12,24.12,203.89,23.26797386,69.08496732,22.94117647
32263,18,90,3374.76,21,418.28,42.48366013,39.86928105,41.89542484
32263,18,95,161.72,5.13,8.75,0.588235294,0.45751634,0.45751634
32263,18,90,2498.28,19.27,301.94,31.11111111,24.31372549,31.50326797
32263,18,95,364.26,5.53,10.69,4.77124183,0.784313725,0.849673203
32263,18,90,4332.81,21.81,536.72,56.73202614,49.34640523,55.49019608
32263,18,90,2691.65,19.27,321.08,34.24836601,24.31372549,33.07189542
36400,19,90,4112.46,21.93,557.2,20,43.60655738,24.91803279
36400,19,90,6786.14,23.02,858.59,81.63934426,60.6557377,74.75409836
36400,19,90,5507.95,22.87,716.97,54.42622951,59.3442623,55.08196721
36400,19,90,3255.92,17.63,481.46,12.13114754,9.508196721,16.39344262
36400,19,90,4716.31,21.2,737.36,32.45901639,31.14754098,58.03278689
36400,19,90,5527.8,21.89,677.53,56.06557377,41.63934426,51.80327869
36400,19,95,5490.41,19.93,730.07,53.7704918,19.01639344,57.37704918
36400,19,90,3120.11,25.53,790.28,10.49180328,86.8852459,65.90163934
36400,19,75,4168.69,23.2,571.66,21.63934426,62.95081967,27.86885246
36400,19,90,246.01,7.77,9.39,1.967213115,2.295081967,1.31147541
36400,19,100,4653.94,26.63,508.84,30.81967213,95.08196721,18.68852459
36400,19,70,4814.01,25.71,653.94,34.75409836,87.86885246,46.8852459
36400,19,90,4129.72,20.66,535.07,20.98360656,24.59016393,22.62295082
36400,19,100,7937.91,26.11,1009.89,91.47540984,91.47540984,89.83606557
36400,19,90,4790.14,26.75,572.08,34.09836066,96.39344262,28.85245902
36400,19,100,5931.69,23.5,838.75,70.49180328,67.54098361,72.13114754
36400,19,120,4383.85,23.31,509.12,25.90163934,64.91803279,19.01639344
36400,19,120,7694.71,26.45,888.82,89.50819672,94.09836066,79.01639344
36754,18,120,498.81,5.82,19.94,11.89542484,1.176470588,2.418300654
36754,18,120,406.37,11.33,47.89,5.882352941,12.48366013,13.26797386
36754,18,120,451.14,9.89,45.66,9.281045752,10.78431373,12.67973856
36754,18,90,601.7,10.4,51.78,13.79084967,11.63398693,14.05228758
36754,18,120,483.22,6.38,41.63,11.37254902,2.026143791,11.76470588
36754,18,120,398.67,8.69,63.78,5.751633987,8.888888889,14.70588235
36754,18,85,3278.34,21.85,380.62,41.76470588,50.06535948,38.23529412
36754,18,90,1930.04,21.97,232.97,24.31372549,51.4379085,25.49019608
36754,18,90,2270.82,20.36,209.96,28.43137255,32.61437908,23.59477124
36754,18,90,3736.24,20,434.16,47.18954248,29.1503268,43.79084967
36754,18,120,379.63,7.82,35.24,5.294117647,6.14379085,8.366013072
36754,18,90,457.55,7.12,55.17,9.803921569,4.117647059,14.24836601
36754,18,120,613.25,7.6,41.11,14.05228758,5.424836601,11.56862745
36754,18,120,416.92,12.65,26.68,6.797385621,14.05228758,4.705882353
36754,18,120,459.82,7.17,33.23,10.06535948,4.248366013,7.385620915
36754,18,90,463.87,7.86,33.4,10.26143791,6.339869281,7.450980392
36754,18,120,567.18,6.82,35.51,13.33333333,3.137254902,8.562091503
36754,18,120,440.15,6.94,35.82,8.431372549,3.39869281,8.758169935
36754,18,120,440.25,10.08,33.65,8.496732026,11.04575163,7.581699346
36754,18,120,543.43,6.48,48.49,12.61437908,2.287581699,13.46405229
36754,18,120,434.9,7.92,44.19,7.908496732,6.405228758,12.22222222
36754,18,120,113,4.99,5.15,0,0.326797386,0.065359477
36754,18,120,462.19,6.73,22.97,10.19607843,2.614379085,3.267973856
36754,18,90,472.29,7.62,29.4,10.78431373,5.620915033,5.555555556
36754,18,120,522.22,10.44,43.83,12.22222222,11.69934641,12.09150327
36754,18,120,391.91,9.93,47.99,5.490196078,10.8496732,13.39869281
36754,18,120,428.13,7.28,22.65,7.320261438,4.705882353,3.006535948
36837,21,112,5730.42,17.85,709.12,91.89189189,15.31531532,77.17717718
36837,21,120,2785.19,20.63,353.04,29.12912913,32.43243243,29.42942943
36837,21,110,3218.26,17.32,387.96,40.24024024,12.91291291,35.43543544
36837,21,100,3713.41,18.15,557.81,55.55555556,16.81681682,61.86186186
36837,21,95,1660.97,14.09,160.5,9.60960961,5.405405405,7.807807808
36837,21,120,686.26,13.24,60.38,4.504504505,3.003003003,5.405405405
36837,21,83,2432.12,19.32,387.8,21.32132132,21.92192192,34.83483483
36837,21,83,1426.48,24.71,241.63,7.807807808,77.77777778,12.31231231
36837,21,91,1960.45,21.2,299.79,12.31231231,40.84084084,20.72072072
36837,21,75,3357.42,14.54,290.99,43.54354354,6.306306306,19.21921922
36837,21,75,3423.32,13.17,285.49,45.64564565,2.402402402,18.61861862
36837,21,75,2627.17,13.6,242.52,24.62462462,3.903903904,12.61261261
36837,21,75,2243.85,17.16,149.78,16.51651652,12.01201201,7.507507508
36837,21,120,3517.26,20.62,500.83,49.84984985,32.13213213,52.55255255
36837,21,97,4299.96,15.91,437.63,67.86786787,9.009009009,42.34234234
36837,21,100,2956.34,18.48,337.57,33.33333333,17.41741742,27.02702703
36837,21,106,106.04,6.06,10.25,0,0.3003003,0.600600601
36837,21,112,695.14,12.61,56.75,4.804804805,2.102102102,4.804804805
36837,21,111,3041.3,16.55,284.04,34.83483483,10.51051051,17.71771772
37322,20,90,9079.81,28.73,1589.39,98.98617512,99.35483871,99.53917051
37322,20,120,6198.98,26.7,791.74,86.08294931,95.76036866,82.21198157
37322,20,105,3193.42,23.81,342.15,32.81105991,74.74654378,26.08294931
37322,20,110,5061.7,29.36,637.93,77.41935484,99.7235023,71.42857143
37322,20,100,2357.24,18.95,307.06,16.40552995,17.69585253,20.73732719
37322,20,78,4698.2,21.91,726.82,72.53456221,49.30875576,78.34101382
37322,20,75,816.58,12.49,83.63,5.529953917,3.963133641,5.34562212
37322,20,105,3499.24,21.57,415.2,41.47465438,44.42396313,39.35483871
37322,20,105,5049.39,25.12,868.44,77.23502304,86.7281106,87.00460829
37322,20,123,8087.13,27.5,1101.61,96.40552995,97.88018433,93.640553
37322,20,100,8912.78,26.17,1278.8,98.70967742,93.73271889,96.95852535
37322,20,70,1879.76,14.77,179.09,12.44239631,7.188940092,9.216589862
37322,20,99,3490.29,21.78,364.09,41.01382488,47.46543779,30.32258065
37322,20,116,6281.71,27.79,886.85,86.6359447,98.52534562,88.11059908
37322,20,100,4870.95,25.91,581.79,75.11520737,92.25806452,65.52995392
37322,20,90,7105.88,30.43,1035.07,92.71889401,99.9078341,91.88940092
37322,20,110,3278.37,23.19,389.95,34.93087558,66.9124424,35.11520737
37322,20,90,3958.09,24.02,538.48,55.94470046,76.86635945,60.92165899
37322,20,76,2759.8,22.96,244.5,22.39631336,64.42396313,13.82488479
37322,20,90,4101.18,24.76,542.74,59.26267281,83.87096774,61.19815668
37322,20,90,2674.2,24.25,293.32,21.01382488,79.26267281,19.17050691
37322,20,110,5565.92,25.4,835.16,82.02764977,88.75576037,85.16129032
37322,20,100,6338.26,26.6,798.25,87.28110599,95.39170507,82.94930876
37322,20,90,183.02,4.54,12.88,1.474654378,0,1.751152074
37322,20,110,3260.01,22.86,486.98,34.19354839,62.67281106,53.2718894
37322,20,91,7327.88,27.17,1088.43,93.640553,97.23502304,93.2718894
37322,20,80,3637.81,27.42,430.13,46.8202765,97.78801843,42.11981567
37322,20,90,5574.37,27.63,866.63,82.11981567,98.34101382,86.8202765
37322,20,120,6252.99,25.91,819.51,86.4516129,92.25806452,84.05529954
37322,20,104,7773.68,30.2,1283.46,95.20737327,99.8156682,97.23502304
37322,20,90,1131.04,23.95,185.36,7.557603687,76.03686636,9.769585253
37322,20,90,8312.14,27.99,1267.82,97.69585253,98.61751152,96.68202765
37322,20,90,4844.45,24.34,706.48,74.83870968,80,76.68202765
37322,20,105,4781.72,26.43,689.79,73.82488479,94.56221198,75.29953917
37322,20,90,3800.42,25.06,503.33,51.52073733,86.08294931,56.22119816
37322,20,90,8505.37,28.63,1316.75,98.24884793,99.17050691,97.51152074
37322,20,90,5850.78,26.47,751.8,83.59447005,94.74654378,80.0921659
37322,20,90,7073.56,26.73,1058.33,92.35023041,95.94470046,92.62672811
37322,20,90,3811.52,23.5,465.19,52.25806452,71.42857143,49.76958525
37322,20,100,3951.18,27.23,451.16,55.48387097,97.32718894,46.9124424
37322,20,90,7755.94,26.39,1231.26,95.02304147,94.37788018,96.03686636
37322,20,90,203.88,7.84,14.31,2.211981567,1.474654378,2.396313364
38727,20,100,5284.53,21.81,584.79,79.35483871,47.83410138,65.99078341
38727,20,104,10067.69,24.93,1379.69,99.53917051,84.88479263,98.61751152
38727,20,120,6524.77,22.17,858.32,88.29493088,53.2718894,86.17511521
38727,20,105,3310.16,22.07,340.4,35.76036866,51.52073733,25.80645161
38727,20,110,4632.59,24.5,483.36,71.61290323,80.92165899,52.62672811
38727,20,78,5052.72,19.79,716.42,77.32718894,24.88479263,77.60368664
38727,20,75,859.67,13.43,88.1,6.175115207,5.99078341,6.082949309
38727,20,105,3571.04,19.16,428,43.96313364,19.07834101,41.75115207
38727,20,123,7734.75,24.17,1072.03,94.83870968,78.43317972,92.99539171
38727,20,90,7369.98,24.17,1246.73,93.82488479,78.43317972,96.22119816
38727,20,91,8029.87,25.68,1358.95,95.85253456,90.87557604,98.34101382
38727,20,99,4309.96,22.31,433.98,64.33179724,55.29953917,43.22580645
38727,20,116,6658.33,22.1,829.21,89.30875576,52.16589862,84.79262673
38727,20,100,3743.69,20.54,400.4,49.95391705,31.15207373,36.95852535
38727,20,90,4540.31,24.1,686.06,69.03225806,77.88018433,74.83870968
38727,20,110,3925.16,22.73,486.08,55.11520737,60.82949309,53.0875576
38727,20,90,5206.26,25.42,666.02,78.34101382,89.21658986,73.4562212
38727,20,105,4963.37,18.93,641.81,75.94470046,17.41935484,71.98156682
38727,20,110,4943.96,21.18,799.93,75.57603687,39.17050691,83.04147465
38727,20,100,6397.76,22.38,653.19,87.46543779,56.40552995,72.35023041
38727,20,110,5016.6,22.72,619.49,76.68202765,60.64516129,69.76958525
38727,20,90,3599.91,22.78,491.36,44.97695853,61.47465438,54.37788018
38727,20,92,8327.9,24.18,1278.47,97.78801843,78.70967742,96.86635945
38727,20,90,7747.46,23.56,1002.62,94.93087558,72.07373272,91.42857143
38727,20,90,7732.9,22.39,993.17,94.74654378,56.68202765,91.05990783
38727,20,70,3441.84,19.61,403.02,39.17050691,23.22580645,37.41935484
38727,20,90,7099.36,21.74,868.63,92.53456221,46.8202765,87.09677419
38727,20,90,9471.15,25.16,1280.22,99.17050691,87.18894009,97.05069124
38727,20,90,3508.49,23.22,498.71,41.84331797,67.46543779,55.57603687
38727,20,90,4452.76,25.99,680.66,67.00460829,92.62672811,74.28571429
38727,20,90,8155.15,25.81,1009.19,96.95852535,91.79723502,91.52073733
38727,20,90,3033.12,21.5,423.57,29.21658986,43.04147465,40.82949309
38727,20,90,6321.87,30.73,1312.97,87.00460829,100,97.41935484
38727,20,76,2376.66,19.83,291.63,16.95852535,25.34562212,18.89400922
38727,20,90,3895.22,19.54,503.35,53.5483871,22.58064516,56.31336406
38727,20,90,3646.01,21.97,465.6,47.28110599,50.23041475,49.95391705
38727,20,105,9380.11,26.04,1367.7,99.07834101,92.81105991,98.43317972
38727,20,100,10192.6,24.23,1171.57,99.8156682,79.07834101,95.29953917
40553,21,83,3674.98,23.02,514.56,54.05405405,58.55855856,54.95495495
40553,21,120,4655.37,24.23,548.75,75.97597598,74.47447447,59.75975976
40553,21,110,4020.53,20.32,498.54,61.26126126,28.22822823,51.95195195
40553,21,100,4999.23,22.95,709.23,82.28228228,57.95795796,77.47747748
40553,21,95,2288.92,16.19,245.8,17.41741742,9.90990991,13.81381381
40553,21,120,1631.49,20.17,209.88,9.009009009,27.02702703,9.90990991
40553,21,83,2572.09,19.16,325.64,23.42342342,20.42042042,24.32432432
40553,21,90,281.52,5.78,6.52,1.201201201,0,0
40553,21,91,4325.8,23.07,600.17,69.36936937,59.45945946,67.26726727
40553,21,94,3953.07,20.88,528.04,60.06006006,36.93693694,56.45645646
40553,21,120,4545.62,22.77,617.99,74.17417417,55.85585586,69.36936937
40553,21,105,6118.7,26.75,1000.44,93.69369369,90.39039039,90.39039039
40553,21,97,5021.61,23.53,815.7,82.88288288,66.96696697,84.08408408
40553,21,87,3184.26,21.14,425.62,38.73873874,39.93993994,40.54054054
40553,21,107,730.18,9.84,33.76,6.006006006,0.900900901,2.402402402
40553,21,70,2722.56,22.08,514.34,27.32732733,51.05105105,54.65465465
40553,21,106,391.92,14.43,38.22,1.801801802,6.006006006,2.702702703
40553,21,108,7715.3,23.24,1170.26,98.4984985,61.86186186,96.0960961
40553,21,75,3942.78,22.2,499.54,59.75975976,52.25225225,52.25225225
40553,21,111,592.96,13.94,40.2,3.603603604,5.105105105,3.303303303
40553,21,75,2711.3,20.82,348.87,26.42642643,35.73573574,28.82882883
40553,21,112,754.84,13.43,61.21,6.606606607,3.303303303,5.705705706
40553,21,75,5012.27,23.69,482.27,82.58258258,69.06906907,49.54954955
40553,21,75,4207.22,21.37,387.8,65.76576577,43.24324324,34.83483483
40553,21,75,4887.71,25.86,483.77,81.38138138,86.18618619,50.15015015
40553,21,75,4610.99,25.38,444.29,74.47447447,83.48348348,43.84384384
41100,19,100,6425.46,24.11,961.17,78.68852459,74.75409836,85.24590164
41100,19,120,8311.71,25.96,1029.85,96.06557377,89.83606557,90.81967213
41100,19,120,6845.85,24.69,929.84,83.60655738,79.3442623,82.29508197
41100,19,90,4578.63,24.54,597.41,29.50819672,78.03278689,36.06557377
41100,19,90,7229.52,23.04,946.95,86.55737705,61.31147541,83.60655738
41100,19,100,8753.04,26.45,1546.48,99.01639344,94.09836066,99.67213115
41100,19,90,3776.28,19.47,583.95,16.06557377,16.72131148,31.80327869
41100,19,90,5024.53,24.36,777.25,40,77.04918033,63.93442623
41100,19,90,6390.32,20.72,880.37,78.03278689,25.57377049,78.03278689
41100,19,90,6203.63,26.9,806.8,74.75409836,97.37704918,68.52459016
41100,19,75,3730.93,23.34,511.92,15.40983607,65.24590164,20.32786885
41100,19,90,5664.57,22.18,740.11,64.26229508,49.18032787,58.68852459
41100,19,70,5481.62,23.6,793.14,53.44262295,69.18032787,67.21311475
41100,19,100,4569.42,25.96,629.85,28.85245902,89.83606557,42.29508197
41100,19,90,964.22,15,87.23,4.262295082,5.573770492,5.245901639
41100,19,95,6239.58,21.26,833.66,75.40983607,31.80327869,71.47540984
41837,20,90,2889.73,17.56,289.59,25.52995392,11.05990783,18.52534562
41837,20,110,4581,23.03,587.17,70.23041475,65.25345622,66.359447
41837,20,95,3423.39,23.55,403.23,38.43317972,71.79723502,37.51152074
41837,20,70,1726.28,13.29,135.34,10.78341014,5.161290323,7.834101382
41837,20,123,134.37,12.2,13.82,0.552995392,3.594470046,2.119815668
41837,20,99,3524.22,21.28,301.47,42.21198157,40.46082949,20.1843318
41837,20,100,3915.63,20.95,388.6,54.47004608,36.03686636,34.93087558
41837,20,110,3005.41,26.73,321.38,28.75576037,95.94470046,22.39631336
43549,19,100,5777.06,22.08,954.32,66.8852459,47.86885246,84.26229508
43549,19,90,5635.74,21.89,720.85,62.95081967,41.63934426,56.39344262
43549,19,90,6882.19,25.14,857.02,84.26229508,84.91803279,74.42622951
43549,19,90,4438.86,23.54,563.49,27.21311475,68.85245902,25.57377049
43549,19,120,7384.55,22.02,989.46,88.19672131,45.90163934,88.85245902
43549,19,90,3453.85,19.06,528.14,13.1147541,14.75409836,21.63934426
43549,19,120,7980.11,25.84,986.57,92.45901639,89.18032787,88.19672131
43549,19,75,3806.15,22.1,470.25,16.39344262,48.52459016,15.40983607
43549,19,100,8720.35,22.04,1418.77,98.68852459,46.55737705,99.3442623
43549,19,90,5679.15,21.74,725.57,64.91803279,39.3442623,57.04918033
43549,19,70,3992.29,25.04,460.07,19.01639344,83.93442623,14.75409836
43549,19,90,5187.02,22.12,780.96,43.60655738,48.85245902,64.26229508
43549,19,90,5611.76,20.01,719.41,60.98360656,20,56.06557377
43549,19,100,4126.62,25.58,464.93,20.6557377,87.21311475,15.08196721
43549,19,90,2295.11,19.65,178.07,8.196721311,18.03278689,7.540983607
43549,19,95,5914.09,19.63,769.04,69.83606557,17.70491803,62.29508197
44800,19,90,5380.59,19.71,631.3,50.81967213,18.36065574,42.62295082
44800,19,90,5121.28,24.32,591.55,41.31147541,76.39344262,34.09836066
44800,19,75,3636.4,20.29,364.86,14.09836066,21.31147541,9.836065574
44800,19,70,4498.4,18.94,599.52,27.54098361,14.09836066,37.37704918
44800,19,90,5195.64,18.8,598.08,45.24590164,12.78688525,36.39344262
44800,19,95,5521.71,19.49,667.84,55.08196721,17.37704918,50.16393443
44800,19,90,1592.04,13.86,140.08,6.557377049,3.93442623,7.213114754
44800,19,100,4242.85,22.41,526.53,22.95081967,52.13114754,20.98360656
44800,19,90,6725.78,19.38,875.38,80.6557377,16.39344262,77.04918033
44800,19,90,4243.95,18.99,570.43,23.27868852,14.42622951,27.21311475
44800,19,90,5526.65,17.44,594.25,55.73770492,9.180327869,34.75409836
44800,19,90,4531.51,20.94,571.83,27.86885246,27.54098361,28.19672131
44800,19,100,6877.48,20.42,885.72,83.93442623,21.96721311,78.36065574
44800,19,120,6619.05,19.34,793.09,79.67213115,16.06557377,66.8852459
44800,19,120,7105.01,21.6,875.94,85.90163934,37.04918033,77.37704918
44800,19,100,5495.81,20.46,768.05,54.09836066,22.95081967,61.96721311
44800,19,90,2825.78,16.85,312.27,9.508196721,6.557377049,9.180327869
44844,20,105,3151.81,21.95,361.69,31.88940092,49.86175115,29.58525346
44844,20,78,4055.83,23.02,796.77,57.97235023,64.97695853,82.67281106
44844,20,99,3389.89,20.41,376.04,37.60368664,30.32258065,31.88940092
44844,20,116,5896.29,25.74,929.66,83.77880184,91.33640553,89.30875576
44844,20,110,3668.6,29.18,588.9,47.83410138,99.63133641,66.6359447
44844,20,100,4225.28,24.95,546.71,61.93548387,85.16129032,61.93548387
44844,20,105,4911.22,21.03,878.09,75.39170507,37.88018433,87.55760369
44844,20,120,5364.36,27.52,893.46,79.8156682,98.06451613,88.38709677
44844,20,105,2878.66,25.82,392.59,25.16129032,91.88940092,35.48387097
44844,20,120,6399.95,23.25,1286.42,87.55760369,67.83410138,97.32718894
44844,20,123,5641.8,24.07,698.79,82.58064516,77.41935484,75.57603687
44844,20,75,718.9,10.82,72.47,4.239631336,2.67281106,4.516129032
44846,20,99,3368.75,19.48,342.22,37.14285714,21.84331797,26.17511521
44846,20,120,5483.68,24.74,870.92,81.47465438,83.68663594,87.28110599
44846,20,123,5022.41,21.85,722.55,76.86635945,48.38709677,78.06451613
44846,20,105,2679.02,20.64,327.75,21.10599078,32.53456221,23.41013825
44846,20,75,751.33,12.08,76,4.700460829,3.225806452,4.608294931
44846,20,78,4538.55,20.25,688.05,68.94009217,28.47926267,75.11520737
44846,20,100,2144.12,18.32,307.39,14.65437788,13.640553,20.82949309
44846,20,110,3838.02,25.14,462.33,52.53456221,86.9124424,49.21658986
44846,20,80,2842.61,20.59,358.35,24.42396313,31.79723502,29.12442396
44846,20,105,3291.82,20.77,467.98,35.48387097,33.91705069,50.41474654
44846,20,100,4360.38,22.37,566.26,65.52995392,56.12903226,64.05529954
44846,20,116,2620.89,17.54,325.89,19.9078341,10.78341014,23.31797235
44846,20,105,2556.23,22.27,300.91,18.98617512,54.74654378,20.0921659
44846,20,95,2251.48,28.37,233.38,15.48387097,98.98617512,12.99539171
44846,20,70,4338.22,23.17,657.82,65.25345622,66.6359447,72.90322581
44846,20,100,3214.89,19.81,392.71,33.0875576,25.06912442,35.57603687
44846,20,120,3860.41,22.65,492.68,53.2718894,59.7235023,54.74654378
45048,19,100,6157.35,22,1006.58,74.09836066,44.91803279,89.50819672
45048,19,120,7750.17,24.65,1076.29,90.49180328,79.01639344,93.7704918
45048,19,120,7711.26,22,1034.45,90.16393443,44.91803279,91.14754098
45048,19,90,4427.55,24.61,554.33,26.8852459,78.68852459,24.59016393
45048,19,90,6827.31,23.41,970.08,82.95081967,66.55737705,86.55737705
45048,19,90,5442.33,20.49,705.77,52.45901639,23.60655738,53.1147541
45048,19,90,3735.5,18.77,582.84,15.73770492,12.45901639,31.47540984
45048,19,90,5311.55,25.64,769.17,48.85245902,87.54098361,62.62295082
45048,19,90,5581.06,20.41,854.86,59.3442623,21.63934426,73.44262295
45048,19,90,1646.99,14.47,122.75,6.885245902,4.918032787,6.229508197
45048,19,75,3955.85,23.76,509.33,17.70491803,70.81967213,19.3442623
45048,19,90,5251.82,25.03,662.55,46.55737705,83.27868852,48.85245902
45048,19,90,5605.2,26.88,781.85,60.32786885,97.04918033,64.59016393
45048,19,95,6094.17,21.44,906.38,72.45901639,34.42622951,81.31147541
45048,19,100,8359.56,25.07,1310.13,96.39344262,84.59016393,98.03278689
45048,19,90,5555.18,22.27,824.03,58.03278689,50.49180328,70.16393443
45048,19,70,4054.33,21.81,579.78,19.67213115,40.6557377,30.49180328
45048,19,100,4705.8,24.97,589.22,31.80327869,82.95081967,33.1147541
45111,20,90,4298.77,21.53,528.96,63.68663594,43.77880184,59.7235023
45111,20,110,4953.61,21.51,612.84,75.66820276,43.50230415,68.75576037
45111,20,100,7555.18,23.02,788.04,94.19354839,64.97695853,82.02764977
45111,20,110,4150.65,19.69,485.34,60.1843318,23.96313364,52.99539171
45111,20,90,3654.87,19.67,459.58,47.55760369,23.87096774,48.75576037
45111,20,92,6436.58,22.69,776.9,87.92626728,60.36866359,81.47465438
45111,20,90,6827.09,22.95,806.24,90.69124424,64.05529954,83.50230415
45111,20,70,2436.39,18.29,275.08,17.60368664,13.3640553,16.86635945
45111,20,90,5987.99,23.79,582,84.33179724,74.37788018,65.62211982
45111,20,90,7186.61,25.52,900.06,92.99539171,90.23041475,88.57142857
45111,20,90,3579.55,22.44,389.09,44.33179724,57.32718894,35.02304147
45111,20,90,3619.92,23.42,445.56,45.89861751,70.13824885,45.34562212
45111,20,90,4301.43,25.01,476.55,63.77880184,85.62211982,51.79723502
45111,20,90,7161.26,22.84,839.37,92.90322581,62.39631336,85.34562212
45111,20,90,182.35,8.98,12.53,1.382488479,1.935483871,1.658986175
45111,20,90,101.74,6.15,8.34,0.184331797,0.552995392,1.013824885
45111,20,90,6141.03,24.57,733.05,85.62211982,81.93548387,78.61751152
45111,20,76,2643.58,15.88,328.53,20.36866359,8.01843318,23.50230415
45111,20,90,3586.38,19.2,397.76,44.60829493,19.7235023,36.40552995
45111,20,90,3407.35,20.82,455.94,38.06451613,34.47004608,47.74193548
45111,20,100,8542.9,23.81,857.21,98.34101382,74.74654378,86.08294931
45111,20,77,3250.04,28.64,338.23,34.00921659,99.26267281,25.16129032
45111,20,70,1688.51,12.98,132.27,10.50691244,4.516129032,7.649769585
45111,20,100,3510.03,19.29,356.79,42.02764977,20.2764977,28.75576037
45111,20,104,8187.76,25.72,1064.95,97.32718894,91.05990783,92.90322581
45111,20,90,8246.49,22.98,1036.97,97.60368664,64.79262673,92.07373272
45111,20,120,5366.66,24.47,632.99,80,80.73732719,70.96774194
45111,20,105,3020.23,21.26,322.84,29.03225806,40.0921659,22.67281106
45111,20,110,4329.22,25.45,442.05,64.70046083,89.40092166,44.88479263
45111,20,100,1925.77,17.53,225.47,13.0875576,10.69124424,11.98156682
45111,20,75,675.3,12.86,63.88,4.055299539,4.239631336,3.594470046
45111,20,78,3702.98,17.91,425.39,48.84792627,12.07373272,41.01382488
45111,20,105,2909.84,18.44,309.79,26.17511521,14.47004608,21.01382488
45111,20,123,6817.78,21.31,768.81,90.59907834,40.92165899,81.19815668
45111,20,120,6103.06,21.34,732.63,85.43778802,41.29032258,78.52534562
45111,20,90,6326.3,26.86,733.96,87.09677419,96.31336406,78.70967742
45111,20,80,3410.84,21.55,369.5,38.15668203,44.05529954,31.05990783
45111,20,91,6425.02,22.23,860.3,87.83410138,54.47004608,86.4516129
45111,20,99,3731.33,19.91,322.66,49.58525346,25.62211982,22.48847926
45111,20,116,4197.2,23.52,456.8,61.29032258,71.52073733,47.92626728
45111,20,100,6720.7,21.94,584.64,89.67741935,49.58525346,65.89861751
45111,20,105,362.2,19.41,46.28,2.857142857,21.38248848,3.133640553
45111,20,110,3760.25,22.88,408.57,50.41474654,62.94930876,38.15668203
45111,20,90,6219.36,25.41,734.28,86.26728111,89.03225806,78.80184332
45111,20,105,3972.71,22,440.02,56.49769585,50.50691244,44.42396313
45655,18,85,2462.27,12.98,205.91,30.39215686,14.90196078,23.07189542
45655,18,90,752.82,16.39,33.15,15.29411765,18.16993464,7.320261438
45655,18,120,5918.27,40.91,902.45,79.80392157,98.30065359,81.50326797
45655,18,120,2761.72,40.71,461.96,35.55555556,96.60130719,47.90849673
45655,18,120,3317.61,19.85,273.93,42.09150327,28.5620915,29.21568627
45655,18,90,762.19,13.24,67.42,15.49019608,15.29411765,14.90196078
45655,18,120,438.37,7.11,31.83,8.169934641,4.052287582,6.666666667
45655,18,120,3271.55,25.22,312.3,41.63398693,78.88888889,32.54901961
45655,18,120,4894.41,25.24,490.69,66.33986928,78.95424837,50.78431373
45655,18,120,5029.98,42.35,506.68,68.16993464,99.54248366,52.2875817
45655,18,120,5112.02,23.34,467.56,69.47712418,64.24836601,48.62745098
45655,18,120,2975.61,23.38,265.4,38.43137255,64.5751634,28.30065359
45655,18,90,3128.81,12.77,266.07,39.73856209,14.37908497,28.49673203
45655,18,150,2209.2,17.16,191.84,27.77777778,18.5620915,22.15686275
45655,18,120,4453.5,19.99,417.05,59.1503268,29.08496732,41.76470588
45655,18,120,3946.75,19,329.35,51.17647059,22.87581699,33.85620915
45655,18,120,4133.12,19.43,349.09,53.39869281,25.4248366,35.49019608
45655,18,90,2128.54,19.78,194.74,26.73202614,27.7124183,22.35294118
45655,18,120,447.31,8.61,40.31,8.888888889,8.692810458,11.24183007
45655,18,120,3609.76,19.75,286.67,45.09803922,27.45098039,30.19607843
45655,18,120,2786.56,20.56,242.2,36.20915033,34.70588235,26.20915033
45655,18,120,4572.06,25.28,392.65,61.17647059,79.34640523,39.54248366
45655,18,90,3202.59,20.83,281.16,40.52287582,37.90849673,29.86928105
45655,18,95,271.63,12.5,21.24,2.549019608,13.92156863,2.679738562
45655,18,90,2899.17,14.57,242.24,37.64705882,16.60130719,26.2745098
45655,18,95,756.84,11.33,24.88,15.4248366,12.48366013,3.986928105
45655,18,90,3379.39,20.47,255.81,42.67973856,33.66013072,27.45098039
45655,18,90,2234.22,19.73,188.66,27.97385621,27.32026144,21.83006536
45655,18,120,454.26,8.89,39.8,9.54248366,9.08496732,11.04575163
45655,18,90,551.49,16.06,43.83,12.87581699,17.84313725,12.09150327
45655,18,90,2207.56,20.91,234.13,27.7124183,39.1503268,25.62091503
45655,18,90,2891.55,18.13,236.89,37.45098039,20.19607843,25.88235294
45655,18,90,3240.22,24.8,290.09,41.24183007,75.35947712,30.39215686
45655,18,120,479.41,8.63,22.43,11.11111111,8.823529412,2.941176471
45655,18,90,3499.27,24.83,293.94,43.7254902,75.55555556,30.78431373
45655,18,90,2195.47,17.59,256.89,27.45098039,19.28104575,27.51633987
45655,18,90,654.13,11.52,78.9,14.90196078,12.81045752,15.81699346
45655,18,120,298.02,10.44,32.97,2.810457516,11.69934641,7.058823529
45655,18,90,1277.53,20.77,175.15,18.95424837,36.79738562,20.19607843
45655,18,120,211.39,6.37,24.49,1.241830065,1.960784314,3.85620915
45655,18,120,201.45,7.49,25.16,1.111111111,5.032679739,4.117647059
45655,18,120,2933.38,20.81,360.53,37.90849673,37.38562092,36.47058824
45655,18,120,322.78,8.86,37.82,3.464052288,9.019607843,10.13071895
45655,18,90,2005.03,13.75,245.73,25.03267974,15.68627451,26.47058824
45655,18,90,1138.44,12.32,99.3,17.84313725,13.52941176,17.12418301
45655,18,90,471.4,21.97,46.46,10.65359477,51.4379085,13.00653595
45655,18,120,4126.37,17.49,380.21,53.26797386,18.95424837,38.10457516
45655,18,120,2601.02,14.1,248.86,32.41830065,16.0130719,26.79738562
45907,20,105,5044.53,23.1,587.05,77.14285714,66.26728111,66.26728111
45907,20,110,2971.15,24.57,347.64,27.83410138,81.93548387,26.7281106
45907,20,90,3077.74,27.01,564.5,30.04608295,96.68202765,63.77880184
45907,20,110,212.86,13.28,18.3,2.304147465,5.069124424,2.67281106
45907,20,90,3764.82,23.79,630.3,50.59907834,74.37788018,70.50691244
45907,20,100,4421.81,24.2,532.06,66.7281106,78.89400922,60.1843318
45907,20,116,6622.22,24.94,950.57,89.03225806,84.97695853,89.76958525
45907,20,99,3712.4,23.21,394.37,49.21658986,67.28110599,35.76036866
45907,20,91,3814.28,24.07,834.67,52.35023041,77.41935484,85.06912442
45907,20,80,983.88,18.47,153.41,7.373271889,14.74654378,8.387096774
45907,20,90,1396.03,26.27,221.7,9.30875576,94.00921659,11.70506912
45907,20,120,6387.49,26.57,870.46,87.37327189,95.11520737,87.18894009
45907,20,123,8239.25,23.21,1349.46,97.51152074,67.28110599,98.06451613
45907,20,105,3443.38,22.79,439.82,39.26267281,61.56682028,44.33179724
45907,20,75,821.13,13.34,87.39,5.622119816,5.34562212,5.99078341
45907,20,78,4495.77,20.37,715.35,68.38709677,29.86175115,77.51152074
45907,20,100,2103.03,20.09,318.02,14.37788018,27.09677419,22.02764977
45907,20,110,4302.54,26.71,555.44,63.87096774,95.85253456,62.94930876
45907,20,105,3089.58,24.36,352.35,30.59907834,80.1843318,27.74193548
45907,20,120,5620.26,25.3,853.39,82.39631336,88.20276498,85.80645161
45907,20,90,3068.98,22.88,553.08,29.86175115,62.94930876,62.76497696
45907,20,104,6987.87,26.76,1283.41,91.70506912,96.12903226,97.14285714
45907,20,100,3346.12,23.43,454.04,36.68202765,70.23041475,47.28110599
45907,20,70,1581.64,14.96,162.36,10.04608295,7.465437788,9.032258065
45907,20,95,3658.75,20.98,488.48,47.64976959,36.77419355,53.640553
45907,20,77,503.49,18.34,66.31,3.133640553,13.82488479,3.963133641
45907,20,100,1496.88,25.12,252.45,9.677419355,86.7281106,15.02304147
45907,20,105,8430.43,26.15,1433.04,98.06451613,93.640553,99.17050691
45907,20,110,577.65,15.99,84.06,3.502304147,8.110599078,5.529953917
45907,20,100,6473.45,23.87,981.68,88.01843318,75.57603687,90.78341014
45907,20,90,3705.01,23.44,545.24,48.94009217,70.32258065,61.65898618
45907,20,92,2395.61,25.88,459.41,17.32718894,92.07373272,48.66359447
45907,20,90,826.76,24.58,155.4,5.806451613,82.21198157,8.571428571
45907,20,70,2911.2,22.28,350.84,26.26728111,55.02304147,27.64976959
45907,20,90,1834.99,24.75,259.37,11.61290323,83.77880184,15.39170507
45907,20,90,3633.74,23.27,482.79,46.6359447,68.20276498,52.53456221
45907,20,90,5243.71,21.63,777.84,78.89400922,45.34562212,81.56682028
45907,20,90,3991.17,22.02,658.19,56.95852535,50.87557604,73.0875576
45907,20,90,4731.71,26.58,721.64,73.0875576,95.29953917,77.78801843
45907,20,73,2552.2,17.4,332.34,18.89400922,10.13824885,23.87096774
45907,20,76,2692.08,17.74,275.82,21.19815668,11.52073733,17.14285714
45907,20,90,5191.67,23.08,747.34,78.24884793,65.99078341,79.8156682
45907,20,90,2375.81,19.7,248.3,16.77419355,24.14746544,14.47004608
45907,20,80,4603.2,23.04,698.37,71.05990783,65.43778802,75.48387097
45907,20,90,3451.07,22.31,419.82,39.7235023,55.29953917,40.2764977
45907,20,100,4453.15,22.16,577.83,67.09677419,52.99539171,65.06912442
45907,20,101,5254.02,21.58,656.61,78.98617512,44.79262673,72.62672811
45907,20,74,2717.91,14.65,354.43,21.38248848,7.004608295,28.29493088
47019,20,80,3224.85,25.46,388.53,33.3640553,89.49308756,34.83870968
47019,20,74,2531.65,13.69,378.91,18.52534562,6.175115207,32.90322581
47019,20,90,1909.7,16.8,154.12,12.99539171,9.124423963,8.479262673
47019,20,80,4508.73,21.41,596.08,68.57142857,41.75115207,67.37327189
47019,20,70,2316.3,19.73,210.63,16.03686636,24.51612903,11.33640553
47019,20,90,2185.91,20.52,244.78,14.93087558,30.96774194,14.00921659
47019,20,90,3786.12,22.88,451.08,51.33640553,62.94930876,46.8202765
47019,20,76,2526.43,13.41,357.62,18.43317972,5.806451613,29.03225806
47019,20,90,178.83,7.21,13.95,1.198156682,1.198156682,2.304147465
47019,20,90,2960.79,22.02,450.44,27.46543779,50.87557604,46.7281106
47019,20,90,4166.43,22.55,517.3,60.64516129,58.61751152,58.15668203
47019,20,90,3466.84,20.44,479.78,40,30.69124424,52.16589862
47019,20,90,4639.49,21.57,601.18,71.79723502,44.42396313,67.64976959
47019,20,90,3690.13,22.67,414.91,48.47926267,59.9078341,39.26267281
47019,20,90,1107.51,20.19,183.6,7.465437788,27.83410138,9.677419355
47019,20,90,3219.89,18.44,339.46,33.1797235,14.47004608,25.34562212
47019,20,110,4292.84,23.93,566.87,63.59447005,75.85253456,64.14746544
47019,20,100,3631.63,19.16,457.27,46.4516129,19.07834101,48.11059908
47019,20,105,3894.36,20.97,616.48,53.4562212,36.40552995,69.49308756
47019,20,70,1688.93,12.69,144.21,10.59907834,4.055299539,8.202764977
47019,20,100,3582.38,20.8,409.76,44.42396313,34.28571429,38.34101382
47019,20,104,2016.81,23.45,354.35,13.73271889,70.78341014,28.20276498
47019,20,120,4141.39,18.58,461.61,60.0921659,15.29953917,49.03225806
47019,20,105,2522.32,22.3,252.16,18.34101382,55.20737327,14.93087558
47019,20,110,3926.21,25.48,476.76,55.20737327,89.67741935,51.98156682
47019,20,100,1973,17.88,232.06,13.3640553,11.98156682,12.71889401
47019,20,78,4192.06,21.09,543.13,61.01382488,38.34101382,61.29032258
47019,20,75,650.71,10.88,61.34,3.870967742,2.764976959,3.502304147
47019,20,105,2802.21,20.25,298.98,23.87096774,28.47926267,19.8156682
47019,20,123,5465.33,23.06,776.35,81.19815668,65.89861751,81.38248848
47019,20,120,5994.59,20.17,889.2,84.51612903,27.64976959,88.29493088
47019,20,90,1860.77,20.92,275.33,12.07373272,35.76036866,16.95852535
47019,20,90,414,17.56,56.54,2.949308756,11.05990783,3.31797235
47019,20,91,1280.8,23.23,226.45,8.571428571,67.64976959,12.16589862
47019,20,99,3388.37,20.19,280.93,37.51152074,27.83410138,17.97235023
47019,20,116,4530.14,22.46,614.95,68.75576037,57.51152074,69.12442396
47019,20,100,3840.09,19.65,411.06,52.62672811,23.41013825,38.89400922
47019,20,90,2386.26,19.69,280.54,17.14285714,23.96313364,17.88018433
47019,20,110,1301.79,21.55,135.55,8.66359447,44.05529954,7.926267281
47019,20,105,4081.27,19.8,519.52,58.70967742,24.97695853,58.52534562
47454,19,100,7398.9,24.87,789.17,88.52459016,81.31147541,65.57377049
47454,19,90,5567.09,26.27,639.97,58.68852459,92.45901639,43.93442623
47454,19,90,5623.11,20.95,571.65,61.63934426,27.86885246,27.54098361
47454,19,75,4199.7,22.2,500.32,21.96721311,49.50819672,17.37704918
47454,19,100,203.76,6.39,10.26,1.31147541,0.655737705,1.639344262
47454,19,120,158.52,6.19,8.78,0.655737705,0.327868852,0.327868852
47454,19,120,5611.27,21.98,612.45,60.6557377,44.59016393,40
47454,19,90,6705.84,23.17,736.8,80.32786885,62.29508197,57.70491803
47454,19,90,5382.6,22,576.96,51.14754098,44.91803279,29.50819672
47454,19,90,2881.3,17.82,345.05,9.836065574,9.836065574,9.508196721
47454,19,95,5701.71,21.91,706.88,65.24590164,42.95081967,53.44262295
47454,19,90,1078,14.71,84.47,5.245901639,5.245901639,4.590163934
47454,19,100,4582.63,24.73,434.52,29.83606557,80,13.1147541
47454,19,70,4889.61,20.15,535.03,37.04918033,20.6557377,22.29508197
47454,19,90,5635.54,21.37,590.39,62.62295082,33.1147541,33.44262295
48715,20,105,3055.16,19.38,311.91,29.49308756,20.92165899,21.19815668
48715,20,120,4193.59,19.42,497.82,61.10599078,21.65898618,55.29953917
48715,20,104,100.02,13.34,7.03,0,5.34562212,0.460829493
48715,20,100,3282.86,18.27,337.29,35.02304147,13.0875576,24.79262673
48715,20,70,3989.57,23.55,473.17,56.86635945,71.79723502,51.15207373
48715,20,95,3186.41,22.67,365.53,32.53456221,59.9078341,30.50691244
48715,20,90,3696.14,18.72,467.84,48.66359447,16.03686636,50.32258065
48715,20,90,3758.71,24.97,426.47,50.32258065,85.25345622,41.29032258
48715,20,90,4961.71,19.1,822.37,75.85253456,18.24884793,84.33179724
48715,20,80,3087.97,19.4,323.82,30.50691244,21.10599078,22.76497696
48715,20,99,3650.11,18.84,300.82,47.46543779,16.58986175,20
48715,20,116,1791.05,16.47,179.53,11.24423963,8.755760369,9.30875576
48715,20,100,4730.96,21.16,436.08,72.99539171,39.07834101,43.68663594
48715,20,90,773.29,18.42,93.21,5.069124424,14.19354839,6.267281106
48715,20,105,2895.83,17.69,360.2,25.62211982,11.33640553,29.40092166
48715,20,120,5938.4,20.3,764.18,83.96313364,29.12442396,81.01382488
48715,20,123,5388.75,21.5,614.7,80.2764977,43.04147465,69.03225806
48715,20,105,3247.04,20.31,348.01,33.91705069,29.40092166,26.9124424
48715,20,75,762.85,13.34,64.99,4.884792627,5.34562212,3.778801843
48715,20,90,3146.52,17.77,378.71,31.42857143,11.61290323,32.71889401
48715,20,78,4068.26,18.1,495.88,58.43317972,12.53456221,55.11520737
48715,20,100,2045.69,14.65,211.43,14.00921659,7.004608295,11.42857143
48715,20,110,3422.34,23.2,353.8,38.34101382,67.00460829,28.01843318
49054,21,111,4321.99,24.9,673.78,68.76876877,79.27927928,75.07507508
49054,21,112,3132.33,27.16,662.49,37.23723724,93.99399399,73.87387387
49054,21,115,4259.99,24.96,744.84,66.66666667,80.18018018,78.97897898
49054,21,75,4330.96,17.98,423.67,69.66966967,15.91591592,39.63963964
49054,21,75,3505.53,20.77,378.51,48.94894895,34.83483483,33.93393393
49054,21,75,4652.03,23.61,513.21,75.07507508,67.56756757,54.35435435
49054,21,106,3909.82,24.51,625.95,59.15915916,76.27627628,70.27027027
49054,21,70,2983.09,23.75,356.38,33.93393393,69.66966967,29.72972973
49054,21,100,5202.05,23.03,693.68,86.48648649,58.85885886,75.97597598
49054,21,107,3975.76,23.4,576.09,60.36036036,64.26426426,64.86486486
49054,21,87,3401.61,27.26,636.71,45.04504505,94.29429429,71.77177177
49054,21,97,6361.46,21.49,988.55,96.3963964,44.74474474,89.78978979
49054,21,105,6205.65,26.07,960.46,94.89489489,87.68768769,89.18918919
49054,21,94,3584.98,22.15,453.28,51.65165165,51.65165165,45.04504505
49054,21,97,3560.87,19.19,432.02,50.75075075,21.02102102,41.14114114
49054,21,104,7923.74,24.76,1284.16,98.7987988,78.67867868,97.5975976
49054,21,105,2089.88,25.71,347.01,13.51351351,84.68468468,27.62762763
49054,21,109,1748.31,25.71,327.41,10.51051051,84.68468468,24.92492492
49054,21,78,3376.11,20.75,489.6,44.14414414,34.23423423,51.35135135
49054,21,109,5046.87,23.86,757.82,83.48348348,70.57057057,80.48048048
49054,21,100,1574.6,24.1,223.45,8.708708709,74.17417417,10.81081081
49054,21,93,3905.47,22.57,703.13,58.55855856,54.65465465,76.57657658
49054,21,75,2740.63,20.84,315.04,27.62762763,36.33633634,23.12312312
49054,21,108,4341.27,24.43,648.81,69.96996997,75.97597598,72.67267267
49054,21,83,3110.61,22.92,502.29,36.33633634,57.65765766,52.85285285
49054,21,90,3536.11,24.59,532.91,50.15015015,77.17717718,57.95795796
49054,21,83,2791.67,20.78,369.13,29.72972973,35.13513514,32.43243243
49054,21,120,5095.71,23.33,745.36,84.38438438,63.06306306,79.27927928
49054,21,95,2531.38,17.79,235.06,22.52252252,14.71471471,11.41141141
49054,21,100,4760.74,21.45,759.35,78.67867868,44.14414414,81.08108108
49054,21,110,4244.21,21.75,560.85,66.36636637,48.64864865,62.76276276
49054,21,120,5236.72,23.2,640.57,86.78678679,60.96096096,72.37237237
49054,21,95,4325.08,23.83,659.53,69.06906907,70.27027027,73.27327327
49054,21,106,3213.05,23.76,516.77,39.93993994,69.96996997,55.25525526
49054,21,111,5308.61,23.12,859.01,87.98798799,60.06006006,86.48648649
49054,21,75,4712.34,22.27,472.27,77.47747748,52.55255255,47.74774775
49054,21,108,3632.63,22.54,639.48,52.85285285,54.35435435,72.07207207
49054,21,110,3761.34,21.98,560.38,56.15615616,49.84984985,62.16216216
49054,21,75,3147.88,19.42,406.44,37.83783784,22.52252252,37.53753754
49054,21,111,3496.01,24.97,538.82,48.34834835,80.48048048,58.85885886
49054,21,75,2423.69,21.18,330.62,21.02102102,40.54054054,25.52552553
49054,21,112,4967.62,23.38,792.74,81.68168168,63.96396396,83.18318318
49372,18,120,1719.13,19.12,255.09,22.2875817,23.46405229,27.38562092
49372,18,90,6125.23,23.04,1119.4,81.83006536,61.89542484,91.17647059
49372,18,120,2127.1,17.73,839.83,26.66666667,19.41176471,77.84313725
49372,18,90,1150.83,18.61,187.22,17.90849673,21.83006536,21.63398693
49372,18,120,3788.8,24.3,647.26,47.90849673,70.71895425,64.31372549
49372,18,120,5211.91,25.52,816.46,70.78431373,81.50326797,76.47058824
49372,18,120,1116.11,13.28,164.44,17.7124183,15.35947712,19.34640523
49372,18,120,2549.05,23.04,422.56,31.76470588,61.89542484,42.15686275
49372,18,120,2153.11,21.35,450.11,27.12418301,44.50980392,45.88235294
49372,18,90,6851.17,25.31,1275.43,88.82352941,79.67320261,94.31372549
49372,18,120,276.65,7.99,27.01,2.614379085,6.732026144,4.836601307
49372,18,90,5258.55,22.5,858.25,71.24183007,56.79738562,78.75816993
49372,18,120,7534.43,27.2,1062.53,92.74509804,91.17647059,88.88888889
49372,18,90,7863.86,25.24,1436.91,94.5751634,78.95424837,96.73202614
49372,18,90,1574.25,19.25,200.9,21.30718954,24.24836601,22.67973856
49372,18,90,5538.19,26.51,954.74,75.49019608,88.16993464,83.66013072
49372,18,120,3041.95,19.59,442.17,39.01960784,26.53594771,44.64052288
49372,18,120,6616.54,22.34,1255.14,86.99346405,54.64052288,94.11764706
49372,18,90,7282.51,24.96,1260.87,91.63398693,76.66666667,94.18300654
49372,18,120,2832.4,21.84,291.32,36.8627451,49.80392157,30.52287582
49372,18,120,10379.39,23.15,1679.06,99.60784314,62.81045752,99.01960784
49372,18,120,5853.24,42.54,907.28,79.21568627,99.93464052,81.76470588
49372,18,120,337.29,5.35,18.86,4.248366013,0.653594771,2.091503268
49372,18,120,6786.97,23.72,1048.2,88.16993464,67.18954248,88.43137255
49372,18,120,456.31,8.22,41.22,9.673202614,7.450980392,11.69934641
49372,18,90,5903.75,24.52,1102.93,79.67320261,72.54901961,90.39215686
49372,18,120,5940.18,20.46,924.26,79.93464052,33.52941176,82.54901961
49372,18,90,6348.96,23.13,1160.35,84.50980392,62.74509804,92.09150327
49372,18,90,3841.95,22.2,607.69,48.88888889,53.46405229,60.78431373
49372,18,120,2657.46,40.86,452.05,33.26797386,97.84313725,46.2745098
49372,18,120,488.79,12.79,37.5,11.56862745,14.5751634,9.934640523
49372,18,90,9267.53,25.88,1634.45,98.43137255,83.26797386,98.5620915
49372,18,85,3174.86,22.18,485.02,40.19607843,53.26797386,50.26143791
49372,18,90,6872.06,24.21,1442.41,88.95424837,69.67320261,96.79738562
49372,18,90,2793.43,21.19,355.59,36.33986928,42.67973856,36.0130719
49372,18,90,4430.94,20.04,579.73,58.69281046,29.67320261,58.43137255
49372,18,90,4407.32,25.53,612.08,58.16993464,81.63398693,61.24183007
49372,18,100,6991.71,23.94,1335.76,89.73856209,67.90849673,95.29411765
49372,18,120,4519.36,22.61,578.65,60.19607843,58.16993464,58.30065359
49372,18,90,5600.53,24.72,769.05,76.47058824,74.5751634,73.39869281
49372,18,120,6378.4,25.05,985.11,84.83660131,77.58169935,85.09803922
49372,18,90,4036.67,20.78,577.29,52.2875817,36.99346405,58.23529412
49372,18,90,5090.2,27.27,829.82,69.08496732,91.63398693,77.38562092
49372,18,95,6454.5,26.03,1434.4,85.49019608,84.11764706,96.53594771
49372,18,90,4236.1,19.71,636.4,54.5751634,27.12418301,63.33333333
49372,18,95,7814.68,28.46,1460.81,94.11764706,95.03267974,97.12418301
49372,18,90,4703.43,21.08,678.54,63.66013072,40.71895425,66.66666667
49372,18,120,6890.4,25.51,984.22,89.08496732,81.4379085,84.90196078
49372,18,105,10811.02,23.69,2313.27,99.93464052,66.92810458,100
49372,18,120,4135.85,21.12,498.14,53.52941176,41.24183007,51.24183007
49372,18,120,4626.69,21.81,621.8,62.2875817,49.34640523,62.02614379
49372,18,120,4121.21,21.86,500.11,53.1372549,50.32679739,51.4379085
49372,18,90,2401.1,20.15,215.42,29.80392157,30.71895425,24.05228758
49372,18,150,10748.68,25.45,1895.9,99.86928105,80.78431373,99.73856209
49372,18,120,6168.41,21.86,897.53,82.48366013,50.32679739,81.4379085
49372,18,120,6232.14,21.76,917.34,83.07189542,48.62745098,82.15686275
49372,18,120,6289.81,19.88,1005.06,83.85620915,28.62745098,86.2745098
49372,18,90,4377.92,23.57,612.49,57.64705882,66.20915033,61.30718954
50466,21,100,5483.53,23.44,1472.13,90.39039039,66.06606607,98.7987988
50466,21,108,2836.32,22.58,602,31.53153153,54.95495495,67.56756757
50466,21,109,1664.11,23.41,245.43,9.90990991,64.86486486,13.21321321
50466,21,78,3148.58,20.15,426.59,38.13813814,26.72672673,40.84084084
50466,21,75,4860,25.15,458.04,80.48048048,81.38138138,45.64564565
50466,21,75,3352.52,20.76,336.41,42.94294294,34.53453453,26.72672673
50466,21,75,4116.25,23.3,461.01,63.36336336,62.76276276,46.24624625
50466,21,75,4174.42,23.2,371.4,64.26426426,60.96096096,33.63363363
50466,21,95,3800.38,22.5,528.93,56.45645646,53.75375375,57.35735736
50466,21,111,725.82,17.48,57.03,5.705705706,13.51351351,5.105105105
50466,21,75,933.87,13.73,84.93,6.906906907,4.504504505,6.306306306
50466,21,112,1727.67,25.81,276.65,10.21021021,85.88588589,16.51651652
50466,21,97,2831.41,23.53,361.99,30.93093093,66.96696697,30.63063063
50466,21,94,3302.02,19.75,413.92,41.44144144,24.62462462,38.73873874
50466,21,120,4291.02,24.53,537.46,67.26726727,76.87687688,58.55855856
50466,21,105,4299.44,26.87,631.7,67.56756757,92.19219219,71.47147147
50466,21,97,5733.62,25.33,795.42,92.19219219,82.58258258,83.48348348
50466,21,87,3206.89,25.52,473.76,39.63963964,83.78378378,48.34834835
50466,21,107,434.93,10.67,25.85,2.402402402,1.201201201,1.201201201
50466,21,100,3695.31,24.94,528.71,54.95495495,79.87987988,56.75675676
50466,21,70,2992.87,25.32,432.1,34.53453453,82.28228228,41.44144144
50466,21,106,347.44,12.23,28.73,1.501501502,1.501501502,2.102102102
50466,21,106,516.59,12.32,27.16,3.003003003,1.801801802,1.801801802
50466,21,111,748.3,16.09,84.36,6.306306306,9.60960961,6.006006006
50466,21,95,2172.16,14.69,182.37,14.41441441,6.906906907,8.708708709
50466,21,109,177.74,7.1,8.06,0.600600601,0.600600601,0.3003003
50466,21,105,510.15,19.13,90.41,2.702702703,20.12012012,6.606606607
50466,21,90,720.55,23.2,126.66,5.405405405,60.96096096,7.207207207
50466,21,83,2399.77,21.51,297.05,20.12012012,45.04504505,19.81981982
50466,21,120,2440.07,20.69,407.13,21.62162162,33.03303303,37.83783784
50466,21,120,3831,20.35,438.35,57.35735736,28.82882883,42.64264264
50466,21,83,2859.21,21.47,504.13,31.83183183,44.44444444,53.15315315
50466,21,110,4194.11,23.65,560.53,65.16516517,68.46846847,62.46246246
50638,18,120,5131.95,23.22,1088.43,69.80392157,63.33333333,89.86928105
50638,18,90,5693.12,25.48,815.73,77.45098039,80.98039216,76.40522876
50638,18,120,4790.54,20.12,604.98,64.50980392,30.32679739,60.45751634
50638,18,150,5514.66,22.64,793.47,75.03267974,58.43137255,75.03267974
50638,18,120,5973.64,20.92,782.22,80.26143791,39.21568627,74.70588235
50638,18,120,4013.42,22.5,432.2,52.02614379,56.79738562,43.26797386
50638,18,120,2751.68,21.55,337.42,35.4248366,46.20915033,34.5751634
50638,18,120,3835.23,24.54,353.89,48.82352941,72.87581699,35.88235294
50638,18,90,2006.04,20.93,164.19,25.09803922,39.28104575,19.28104575
50638,18,90,3154.69,18.32,385.34,39.93464052,20.58823529,38.62745098
50638,18,90,4526.55,21.07,676.15,60.26143791,40.52287582,66.33986928
50638,18,90,2638.34,21.02,352.85,33.07189542,40.13071895,35.68627451
50638,18,120,5730.41,26.27,744.01,77.84313725,86.40522876,71.56862745
50638,18,120,3473.2,21.19,395,43.46405229,42.67973856,39.86928105
50638,18,90,5566.72,26.37,796.61,75.94771242,87.18954248,75.29411765
50638,18,90,4621.47,26.53,661.15,62.22222222,88.23529412,65.4248366
50638,18,90,4846.94,21.24,667.34,65.68627451,43.26797386,65.81699346
50638,18,90,4277.57,21.2,540.03,55.55555556,42.94117647,55.62091503
50638,18,90,2628.71,21.1,301.16,32.94117647,40.8496732,31.4379085
50638,18,90,336.96,4.85,9.74,4.183006536,0.196078431,0.653594771
50638,18,85,3216.94,22.42,428.86,40.8496732,55.55555556,42.94117647
50638,18,90,5369.53,22.22,793.3,73.1372549,53.7254902,74.96732026
50638,18,90,441.8,5.57,12.88,8.62745098,0.91503268,1.045751634
50638,18,90,4194.39,23.01,756.9,54.24836601,61.4379085,72.67973856
50638,18,120,7459.14,22.05,1079.66,92.48366013,52.15686275,89.47712418
50638,18,120,5408.55,23.82,794.14,73.66013072,67.64705882,75.16339869
50638,18,90,2244.54,25.78,341.37,28.10457516,82.94117647,34.90196078
50638,18,120,6601.54,20.85,1130.95,86.73202614,38.23529412,91.4379085
50638,18,120,6545.95,23.54,1024.82,86.40522876,65.81699346,87.18954248
50638,18,120,7011.82,26.5,1294.68,89.93464052,87.84313725,94.5751634
50638,18,120,5309.89,42.24,633.45,72.09150327,99.1503268,62.87581699
50638,18,120,8508.74,25.46,1327.06,96.79738562,80.8496732,95.09803922
50638,18,120,2203.94,21.45,248.52,27.58169935,45.4248366,26.73202614
50638,18,120,6118.72,19.44,933.27,81.76470588,25.55555556,83.00653595
50638,18,120,2886.58,23.41,352.47,37.38562092,64.83660131,35.62091503
50638,18,90,5077.86,26.36,895.86,68.75816993,87.12418301,81.11111111
50638,18,90,5148.53,20.03,824.02,70,29.47712418,77.12418301
50638,18,90,1292.79,12.39,120.23,19.28104575,13.7254902,17.45098039
50638,18,120,6998.6,25.7,1032.89,89.80392157,82.54901961,87.64705882
50638,18,120,1578.2,20.77,226.41,21.37254902,36.79738562,25.09803922
50638,18,120,141.78,8.96,18.58,0.261437908,9.215686275,2.026143791
50638,18,120,4494.64,24.12,813.37,59.67320261,69.08496732,76.33986928
50638,18,120,2024.76,24.55,425.96,25.49019608,73.20261438,42.41830065
50638,18,120,5179.14,28.58,850.79,70.32679739,95.22875817,78.30065359
50638,18,120,4848.72,26.35,903.8,65.81699346,86.92810458,81.56862745
50638,18,90,1181.52,20.88,152.12,18.03921569,38.69281046,18.43137255
50638,18,120,1441.88,19.48,276.82,20.06535948,25.75163399,29.47712418
50638,18,90,661.24,13.03,80.22,14.96732026,15.03267974,15.94771242
50638,18,90,131.87,5.15,9.81,0.196078431,0.522875817,0.718954248
50638,18,120,5695.79,23.87,772.55,77.51633987,67.7124183,73.7254902
50852,19,70,4774.51,19.47,609.75,33.7704918,16.72131148,38.68852459
50852,19,90,3035.17,17.2,452.45,10.16393443,7.868852459,14.42622951
50852,19,90,5536,20.56,751.18,57.37704918,23.93442623,60
50852,19,100,4963.62,23.43,572,39.01639344,66.8852459,28.52459016
50852,19,90,1170.89,13.37,78.82,5.573770492,3.606557377,4.262295082
50852,19,75,3934.87,21.66,510.48,17.04918033,38.03278689,19.67213115
50852,19,90,5195.38,22.33,638.71,44.91803279,51.47540984,43.27868852
50852,19,90,5190.77,26.06,647.97,44.26229508,91.14754098,45.90163934
50852,19,90,6479.09,20.99,826.07,79.01639344,28.85245902,70.49180328
50852,19,90,4556.8,20.7,612.24,28.19672131,25.24590164,39.67213115
50852,19,120,6257.44,21.46,837.05,76.06557377,35.08196721,71.80327869
50852,19,120,8066.73,23.29,988.79,93.7704918,64.59016393,88.52459016
50852,19,100,5896.45,21.73,886.29,69.50819672,39.01639344,78.68852459
50852,19,95,5705.38,19.95,698.65,65.57377049,19.67213115,52.45901639
50852,19,90,5560.53,17.04,673.4,58.36065574,6.885245902,51.47540984
50852,19,90,4874.51,21.06,647.37,36.39344262,29.50819672,45.57377049
50852,19,100,7352.97,23.13,903.11,87.54098361,61.96721311,80.98360656
50852,19,90,4293.5,21.65,498.29,24.26229508,37.70491803,17.04918033
50870,18,120,4943.13,22.59,582.01,66.99346405,57.90849673,58.5620915
50870,18,90,4767.96,25.53,602.73,64.24836601,81.63398693,60.26143791
50870,18,120,6330.56,20.82,868.47,84.24836601,37.7124183,79.41176471
50870,18,120,5250.94,23.57,704.22,71.17647059,66.20915033,69.01960784
50870,18,120,5970.73,22.22,1025.25,80.19607843,53.7254902,87.25490196
50870,18,150,7228.98,24.25,1109.4,91.4379085,70,90.78431373
50870,18,120,6167.98,24.51,1008.27,82.41830065,72.35294118,86.33986928
50870,18,120,5317.32,23.65,760.5,72.22222222,66.66666667,73.07189542
50870,18,120,4327.95,22.78,662.33,56.66666667,59.60784314,65.55555556
50870,18,120,6642.86,31.65,1118.78,87.25490196,96.14379085,91.11111111
50870,18,90,2165.59,21.2,221.32,27.18954248,42.94117647,24.50980392
50870,18,90,4194.58,22.67,680.91,54.31372549,58.69281046,66.92810458
50870,18,95,444.49,5.55,20.17,8.823529412,0.849673203,2.549019608
50870,18,90,3637.9,23.6,422.47,45.35947712,66.47058824,42.09150327
50870,18,95,346.33,5.34,7.97,4.444444444,0.588235294,0.326797386
50870,18,90,3634.13,24.51,521.69,45.29411765,72.35294118,53.79084967
50870,18,120,6290.89,26.65,735.16,83.92156863,88.5620915,70.98039216
50870,18,120,1738.35,21.85,205.79,22.67973856,50.06535948,23.00653595
50870,18,100,770.21,14.34,84.19,15.62091503,16.47058824,16.33986928
50870,18,90,4802.06,28.49,851.71,64.90196078,95.09803922,78.36601307
50870,18,90,5228.54,25.13,694,71.04575163,78.16993464,67.97385621
50870,18,90,5262.89,21.63,696.91,71.30718954,46.99346405,68.43137255
50870,18,90,3733.63,21.05,423.38,47.12418301,40.39215686,42.22222222
50870,18,90,2717.04,23.48,320.8,34.77124183,65.68627451,33.00653595
50870,18,90,729.07,17.52,89.46,15.09803922,19.08496732,16.66666667
50870,18,90,4948.14,22.64,654.44,67.12418301,58.43137255,64.96732026
50870,18,85,3253.54,23.02,383.72,41.4379085,61.63398693,38.5620915
50870,18,90,4973.06,22.1,713.55,67.38562092,52.48366013,69.80392157
50870,18,90,202.35,7.57,8.51,1.176470588,5.359477124,0.392156863
50870,18,120,7725.39,40.79,1163.8,93.59477124,97.05882353,92.2875817
50870,18,90,3912.77,21.77,683.7,50.32679739,48.75816993,67.18954248
50870,18,120,6373.18,26.18,885.34,84.77124183,85.68627451,80.26143791
50870,18,120,6904.34,22.78,1116.06,89.21568627,59.60784314,90.98039216
50870,18,120,5756.1,20.65,694.12,78.30065359,35.68627451,68.03921569
50870,18,120,5118.04,22.11,693.76,69.54248366,52.74509804,67.90849673
50870,18,120,5180.08,42.27,641.4,70.39215686,99.28104575,63.85620915
50870,18,120,2408.31,23.36,224.12,29.86928105,64.37908497,24.77124183
50870,18,120,644.84,21.65,95.13,14.64052288,47.38562092,16.99346405
50870,18,120,2653.8,23.01,297.86,33.1372549,61.4379085,31.11111111
50870,18,90,2053.38,21.18,326.01,25.94771242,42.41830065,33.46405229
50870,18,90,4446.75,21.07,566.94,59.08496732,40.52287582,57.77777778
50870,18,90,756.09,14.3,67.95,15.35947712,16.2745098,14.96732026
50870,18,120,6738.69,26.1,867.71,87.90849673,84.83660131,79.34640523
50870,18,120,1288.26,20.2,265.61,19.1503268,31.17647059,28.36601307
50870,18,90,147.43,14.58,25.33,0.326797386,16.66666667,4.248366013
50870,18,120,4991.69,21.56,1018.65,67.58169935,46.33986928,86.99346405
50870,18,120,247.04,6.77,34.55,2.156862745,2.941176471,7.973856209
50870,18,120,3611.06,24.1,697.03,45.16339869,68.95424837,68.49673203
50870,18,120,4478.56,25.16,658.16,59.60784314,78.43137255,65.29411765
50870,18,90,997.21,21.53,167.99,17.05882353,45.94771242,19.60784314
50870,18,120,261.51,10.19,29.13,2.352941176,11.17647059,5.359477124
50870,18,90,763.4,23.08,90.33,15.55555556,62.41830065,16.73202614
53309,21,97,3189.95,14.8,309.48,39.03903904,7.507507508,22.52252252
53309,21,109,3606.1,17.07,316.36,51.95195195,11.41141141,23.42342342
53309,21,100,4653.65,19.59,400.03,75.67567568,24.32432432,36.63663664
53309,21,93,5105.87,20.44,511.54,84.98498498,30.33033033,53.75375375
53309,21,75,2912.23,33.89,294.47,32.43243243,100,19.51951952
53309,21,83,1901.76,17.84,245.44,11.41141141,15.01501502,13.51351351
53309,21,90,3041.34,17.42,274.28,35.13513514,13.21321321,16.21621622
53309,21,83,2797.9,19.49,331.12,30.03003003,23.12312312,25.82582583
53309,21,94,2778.01,14.23,267,28.82882883,5.705705706,15.31531532
53309,21,95,2572.63,13.17,239.22,23.72372372,2.402402402,12.01201201
53309,21,100,4693.66,18.12,507.12,76.87687688,16.51651652,53.45345345
53309,21,110,3487.32,15.59,370.43,48.04804805,8.708708709,33.33333333
53309,21,120,2697.56,17.98,232.17,26.12612613,15.91591592,11.11111111
53309,21,120,2295.49,17.01,235.31,18.31831832,10.81081081,11.71171171
53309,21,95,2290.25,14.7,193.2,18.01801802,7.207207207,9.009009009
53309,21,75,2521.53,18.93,167.19,22.22222222,19.21921922,8.108108108
53309,21,75,2936.37,17.1,258.08,33.03303303,11.71171171,15.01501502
53309,21,75,3512.5,21.28,348.72,49.24924925,41.74174174,28.52852853
53309,21,111,3537.72,17.74,363.19,50.45045045,14.41441441,31.53153153
53309,21,112,4138.96,18.34,460.5,63.96396396,17.11711712,45.94594595
53309,21,106,2973.9,21.55,271.14,33.63363363,45.94594595,15.91591592
53309,21,106,2355.34,19.18,211.99,19.21921922,20.72072072,10.21021021
53309,21,100,3262.62,20.51,324.81,40.84084084,30.93093093,24.02402402
53309,21,87,3478.4,20.59,441.94,47.74774775,31.83183183,43.24324324
53309,21,105,5120.84,20.42,568.53,85.28528529,30.03003003,63.66366366
53309,21,120,3627.91,23.91,362.59,52.55255255,71.47147147,31.23123123
54881,20,90,7857.51,21.69,1054.71,95.48387097,45.89861751,92.44239631
54881,20,104,9779.82,24.06,1669.16,99.35483871,77.32718894,99.8156682
54881,20,100,3317.94,19.96,403.97,35.94470046,26.17511521,37.60368664
54881,20,70,1537.94,13.29,137.58,9.861751152,5.161290323,8.01843318
54881,20,95,3808.35,22.61,446.18,52.07373272,59.17050691,45.52995392
54881,20,77,3591.63,24.54,447.35,44.79262673,81.56682028,45.80645161
54881,20,90,8464.49,23.61,1473.06,98.15668203,72.71889401,99.26267281
54881,20,120,6769.49,21.61,1052.14,90.23041475,45.06912442,92.35023041
54881,20,105,3445.14,22.39,384.46,39.44700461,56.68202765,34.00921659
54881,20,110,5031.86,24.7,576.06,76.95852535,83.31797235,64.97695853
54881,20,100,2328.62,18.15,275.9,16.22119816,12.81105991,17.23502304
54881,20,75,931.39,11.12,86.87,6.820276498,2.857142857,5.898617512
54881,20,78,4647.59,19.4,684.83,71.88940092,21.10599078,74.65437788
54881,20,105,3851.98,21.5,426.58,52.90322581,43.04147465,41.38248848
54881,20,123,7843.5,20.58,1073.64,95.39170507,31.52073733,93.0875576
54881,20,120,6766.66,21.11,830.98,90.13824885,38.52534562,84.97695853
54881,20,80,3726.41,20.87,433.11,49.49308756,35.02304147,42.94930876
54881,20,100,10109.06,25.64,1349.86,99.63133641,90.78341014,98.15668203
54881,20,105,7895.71,23.8,1323.1,95.66820276,74.65437788,97.78801843
54881,20,110,5539.8,23.37,805.03,81.75115207,69.40092166,83.31797235
54881,20,100,6037.83,22.18,842.61,84.79262673,53.640553,85.52995392
54881,20,110,5118.43,20.68,760.9,77.97235023,33.0875576,80.92165899
54881,20,90,3776.79,20.75,458.79,51.05990783,33.640553,48.38709677
54881,20,90,8054.58,23.3,1170.3,96.03686636,68.75576037,95.20737327
54881,20,90,6848.22,18.42,926.49,90.87557604,14.19354839,89.12442396
54881,20,110,4199.14,22.77,480.15,61.38248848,61.10599078,52.25806452
54881,20,90,7065.97,22.94,995.35,92.25806452,63.96313364,91.15207373
54881,20,70,3285.27,18.86,399.82,35.11520737,16.68202765,36.68202765
54881,20,90,7790.23,24.15,1045.22,95.29953917,78.15668203,92.25806452
54881,20,90,3720.64,22.08,455.31,49.30875576,51.98156682,47.64976959
54881,20,90,4273.68,20.98,737.98,63.13364055,36.77419355,79.17050691
54881,20,90,4724.02,22.77,608.08,72.90322581,61.10599078,68.20276498
54881,20,90,4303.66,19.15,603.5,63.96313364,18.80184332,67.83410138
54881,20,90,3607.39,24.1,436.86,45.06912442,77.88018433,43.87096774
54881,20,90,8174.5,21.06,1141.3,97.23502304,38.15668203,94.28571429
54881,20,90,4335.25,18.82,546.15,65.06912442,16.49769585,61.75115207
54881,20,90,3916.17,18.31,469.14,54.65437788,13.5483871,50.69124424
54881,20,90,3565.64,20.36,460.75,43.68663594,29.76958525,48.94009217
54881,20,90,8142.5,23.05,1351.17,96.77419355,65.71428571,98.24884793
54881,20,76,2779.65,17.42,363.46,22.94930876,10.23041475,30.13824885
54881,20,91,3802.14,25.27,587.36,51.79723502,87.92626728,66.4516129
54881,20,90,3503.48,19.11,474.64,41.65898618,18.34101382,51.24423963
54881,20,99,3921.67,18.73,399.21,54.83870968,16.12903226,36.58986175
54881,20,116,5008.33,21.5,695.86,76.40552995,43.04147465,75.39170507
54881,20,100,7317.07,22.57,730.57,93.3640553,58.70967742,78.43317972
54881,20,110,3804.43,23.77,461.77,51.88940092,74.10138249,49.12442396
54881,20,90,7715.06,21.62,1155.38,94.65437788,45.16129032,94.65437788
54881,20,110,2770.77,21.98,335.91,22.76497696,50.41474654,24.42396313
54881,20,105,5369.57,20.15,757.95,80.0921659,27.55760369,80.64516129
55054,20,90,4123.1,20.98,657.97,59.8156682,36.77419355,72.99539171
55054,20,110,4913.47,20.89,722.87,75.48387097,35.39170507,78.15668203
55054,20,105,4678.07,21.24,657.49,72.35023041,39.9078341,72.81105991
55054,20,110,3364.08,19.25,443.1,37.05069124,19.8156682,45.06912442
55054,20,100,7640.28,23.59,1100.04,94.56221198,72.44239631,93.5483871
55054,20,110,5978.49,21.01,886.47,84.14746544,37.41935484,88.01843318
55054,20,105,8157.85,22.17,1539.55,97.05069124,53.2718894,99.35483871
55054,20,100,4394.17,19.59,640.36,66.26728111,22.94930876,71.79723502
55054,20,77,3669.98,20.09,411.04,48.01843318,27.09677419,38.80184332
55054,20,70,4608.07,22.88,682.73,71.15207373,62.94930876,74.56221198
55054,20,100,3986.29,19.41,514.25,56.77419355,21.38248848,57.97235023
55054,20,104,7350.06,22.6,1274.16,93.73271889,58.98617512,96.77419355
55054,20,90,5413.12,22.74,974.41,80.46082949,60.92165899,90.41474654
55054,20,110,3631.03,21.54,488.31,46.359447,43.96313364,53.5483871
55054,20,100,5078.78,20.39,632.91,77.60368664,30.13824885,70.87557604
55054,20,116,7103.47,21.59,1161.7,92.62672811,44.97695853,94.83870968
55054,20,99,3957.2,19.48,418.31,55.85253456,21.84331797,39.9078341
55054,20,80,3689.05,21.77,454.8,48.38709677,47.28110599,47.37327189
55054,20,90,5601.58,23.12,918.87,82.30414747,66.5437788,89.03225806
55054,20,90,6575.18,22.22,1206.8,88.66359447,54.28571429,95.57603687
55054,20,120,5827.93,20.68,932.9,83.22580645,33.0875576,89.49308756
55054,20,105,3617.52,23.36,422.59,45.80645161,69.21658986,40.64516129
55054,20,110,4792.8,25.14,584.82,74.28571429,86.9124424,66.08294931
55054,20,100,2169.68,19.9,301.81,14.83870968,25.52995392,20.2764977
55054,20,78,4970.66,20.56,821.5,76.03686636,31.42857143,84.23963134
55054,20,75,891.62,13.02,83.54,6.451612903,4.700460829,5.253456221
55054,20,105,3584.9,23.29,416.76,44.51612903,68.57142857,39.53917051
55054,20,123,7193.18,22.13,1108.94,93.0875576,52.62672811,93.82488479
55054,20,120,7046.28,23.24,950.78,92.07373272,67.74193548,89.86175115
55054,20,90,3632.01,18.81,407.82,46.5437788,16.40552995,38.06451613
55054,20,90,3352.86,19.35,384.43,36.95852535,20.55299539,33.91705069
55054,20,90,4475.37,20.58,640.26,67.83410138,31.52073733,71.70506912
55054,20,90,5010.09,24.8,742.24,76.58986175,84.14746544,79.63133641
55054,20,90,5120.22,22.14,754.06,78.06451613,52.81105991,80.36866359
55054,20,90,4008.15,22.93,590.72,57.14285714,63.77880184,66.9124424
55054,20,90,4041.79,23.22,519.71,57.69585253,67.46543779,58.61751152
55054,20,90,3263.82,23.81,518.23,34.47004608,74.74654378,58.34101382
55054,20,90,2499.82,17.78,319.26,18.15668203,11.79723502,22.30414747
55054,20,70,3637.09,17.15,426.36,46.7281106,9.585253456,41.19815668
55054,20,90,5384.6,22.85,899.07,80.1843318,62.48847926,88.47926267
55054,20,110,4718.67,22,653.43,72.81105991,50.50691244,72.44239631
55054,20,90,5984.45,21.69,903.17,84.23963134,45.89861751,88.66359447
55054,20,90,4030.26,19.65,529.73,57.32718894,23.41013825,59.9078341
55193,18,120,6207.67,26.8,946.55,82.81045752,89.28104575,83.39869281
55193,18,90,1650.09,14.59,243.09,21.96078431,16.73202614,26.33986928
55193,18,120,3022.11,17.54,407.41,38.82352941,19.1503268,41.11111111
55193,18,90,8752.26,22.6,1419.3,97.64705882,58.03921569,96.07843137
55193,18,120,479.82,7.47,38.29,11.17647059,4.967320261,10.32679739
55193,18,90,2569.34,21.05,225.56,32.09150327,40.39215686,24.96732026
55193,18,120,398.76,6.98,36.52,5.816993464,3.725490196,9.215686275
55193,18,120,3938.69,21.83,369.73,50.98039216,49.73856209,36.92810458
55193,18,120,3115.33,20.63,298.61,39.60784314,35.49019608,31.17647059
55193,18,120,6714.42,24.69,745.7,87.64705882,74.11764706,71.63398693
55193,18,90,4041.46,19.37,456.12,52.35294118,24.96732026,46.92810458
55193,18,90,3672.85,22.57,391.04,45.88235294,57.7124183,39.1503268
55193,18,95,1572.57,22.78,241.21,21.24183007,59.60784314,26.14379085
55193,18,90,4320.46,20.87,521.38,56.53594771,38.43137255,53.7254902
55193,18,95,4410.87,20.67,627.49,58.30065359,35.94771242,62.41830065
55193,18,90,5048.19,20.62,545.39,68.5620915,35.4248366,56.07843137
55193,18,90,3703.83,17.84,405.64,46.40522876,19.67320261,40.98039216
55193,18,120,6269.33,23.65,675.7,83.66013072,66.66666667,66.2745098
55193,18,90,4764.48,21.8,567.03,64.18300654,49.21568627,57.90849673
55193,18,120,3996.6,20.16,432.96,51.96078431,30.78431373,43.46405229
55193,18,100,8882.83,23.8,1156.24,97.84313725,67.51633987,92.02614379
55193,18,90,4752.05,22.21,460.57,63.92156863,53.52941176,47.7124183
55193,18,90,4374.52,19.94,427,57.51633987,28.88888889,42.54901961
55193,18,90,3650.16,20.28,382.02,45.49019608,31.63398693,38.36601307
55193,18,90,9466.86,24.71,1400.46,98.82352941,74.50980392,95.81699346
55193,18,85,3148.42,17.85,265.02,39.86928105,19.73856209,28.23529412
55193,18,90,8150.72,23.69,1237.8,95.62091503,66.92810458,93.79084967
55193,18,120,7811.78,40.81,1118.5,94.05228758,97.25490196,91.04575163
55193,18,120,2805.25,40.77,446.25,36.40522876,96.92810458,45.29411765
55193,18,90,4309.13,21.74,502.54,56.14379085,48.36601307,51.63398693
55193,18,120,7163.01,24,872.22,91.11111111,68.36601307,79.60784314
55193,18,120,5405.31,21.18,620.09,73.52941176,42.41830065,61.76470588
55193,18,90,8134.83,24.12,1153.35,95.4248366,69.08496732,91.96078431
55193,18,90,7092.31,24.4,994.4,90.58823529,71.30718954,85.55555556
55193,18,120,452.53,8.19,40.08,9.477124183,7.320261438,11.17647059
55193,18,120,6650.45,21.56,818.74,87.38562092,46.33986928,76.79738562
55193,18,120,2952.18,42.17,364.62,38.23529412,98.95424837,36.66666667
55193,18,120,8336.06,22.1,999.41,96.20915033,52.48366013,85.81699346
55193,18,120,2593.23,18.99,219.35,32.2875817,22.81045752,24.24836601
55193,18,90,6720.16,20.6,873.1,87.77777778,35.09803922,79.67320261
55193,18,120,6055.2,19.59,888.23,81.11111111,26.53594771,80.45751634
55193,18,120,3096.65,18.85,294.06,39.41176471,22.41830065,30.8496732
55193,18,90,6493.9,22.63,933,85.94771242,58.36601307,82.94117647
55193,18,90,1590.75,17.78,190.66,21.63398693,19.54248366,21.96078431
55193,18,90,8373.3,24.13,1212.23,96.40522876,69.41176471,93.26797386
55193,18,120,7888.83,24.63,1026.1,94.64052288,73.79084967,87.32026144
55193,18,90,6216.52,20.64,797.29,83.00653595,35.62091503,75.4248366
55193,18,120,376.91,6.95,28.33,5.163398693,3.529411765,5.163398693
55193,18,90,8462.17,21.73,1198.29,96.66666667,48.23529412,92.87581699
55193,18,120,2690.83,20.03,324.45,34.18300654,29.47712418,33.33333333
55193,18,120,3209.2,21.12,428.76,40.71895425,41.24183007,42.87581699
55193,18,120,565.43,7.66,51.2,13.1372549,5.816993464,13.92156863
55193,18,120,2479.68,23.34,516.36,30.65359477,64.24836601,52.94117647
55193,18,120,128.19,4.18,6.31,0.130718954,0,0.130718954
55193,18,90,3948.46,21.01,536.24,51.24183007,40,55.22875817
55193,18,120,5795.26,22.72,1367.43,78.82352941,59.08496732,95.55555556
56198,18,95,8255.77,24.26,1220.45,95.88235294,70.13071895,93.39869281
56198,18,90,4051.91,21.98,431.74,52.41830065,51.63398693,43.1372549
56198,18,120,7113.93,26.84,863.54,90.78431373,89.54248366,79.08496732
56198,18,105,10444.49,25.27,1477.05,99.67320261,79.28104575,97.32026144
56198,18,120,4390.93,21.13,428.29,57.97385621,41.63398693,42.74509804
56198,18,120,4923.95,21.76,522.55,66.66666667,48.62745098,54.05228758
56198,18,120,4021.62,21.65,396.83,52.15686275,47.38562092,40
56198,18,90,2254.01,20.95,169.81,28.16993464,39.47712418,19.86928105
56198,18,150,6803.84,23.41,805.49,88.36601307,64.83660131,75.88235294
56198,18,120,6381.54,20.38,770.39,84.90196078,32.74509804,73.59477124
56198,18,120,6064.7,22.36,706.82,81.30718954,54.90196078,69.28104575
56198,18,90,3869.21,26.81,393.47,49.1503268,89.41176471,39.67320261
56198,18,120,6904.34,26.14,1228.96,89.21568627,85.03267974,93.59477124
56198,18,90,4947.37,23.54,1133.76,67.05882353,65.81699346,91.69934641
56198,18,90,6462.48,28.16,936.16,85.68627451,94.50980392,83.20261438
56198,18,120,183.61,6.98,16.61,0.91503268,3.725490196,1.633986928
56198,18,90,6513.11,27.54,1606.63,86.2745098,92.48366013,98.43137255
56198,18,120,2293.15,19.55,392.8,28.69281046,26.2745098,39.60784314
56198,18,120,2133.14,23.47,404.45,26.79738562,65.62091503,40.71895425
56198,18,120,1462.94,15.55,252.46,20.26143791,17.45098039,27.05882353
56198,18,120,1942.82,20.02,407.67,24.5751634,29.28104575,41.17647059
56198,18,120,5782.34,24.34,1175.6,78.62745098,70.91503268,92.41830065
56198,18,120,5146.5,27.32,1089.53,69.86928105,91.83006536,89.93464052
56198,18,90,1286.96,21.2,203.7,19.08496732,42.94117647,22.87581699
56198,18,120,2231.67,19.22,429.14,27.90849673,24.05228758,43.00653595
56198,18,90,6504.75,27.4,950.57,86.20915033,92.09150327,83.46405229
56198,18,90,6504.36,24.41,1021.84,86.14379085,71.4379085,87.05882353
56198,18,120,3021.26,18.59,320.61,38.75816993,21.63398693,32.94117647
56198,18,120,7363.76,22.87,934.14,91.96078431,60.32679739,83.1372549
56198,18,120,5446.53,42.35,752.74,74.24836601,99.54248366,72.41830065
56198,18,120,7714.22,22.74,1431.37,93.46405229,59.21568627,96.47058824
56198,18,120,439.09,7.98,36.02,8.235294118,6.666666667,8.888888889
56198,18,90,4855.4,25.17,712.1,65.88235294,78.62745098,69.67320261
56198,18,120,1835.1,17.91,254.34,23.59477124,19.80392157,27.32026144
56198,18,120,5353.61,21.66,639.54,72.81045752,47.51633987,63.52941176
56198,18,90,7648.4,24.97,1070.46,93.20261438,76.73202614,89.08496732
56198,18,90,9334.07,26.22,1181.71,98.5620915,85.81699346,92.54901961
56198,18,90,1683.87,18.25,214.99,22.02614379,20.52287582,23.92156863
56198,18,90,8471.41,27.03,1174.99,96.73202614,90.58823529,92.35294118
56198,18,120,4700.44,21.94,636.29,63.52941176,51.11111111,63.26797386
56198,18,120,7351.23,24.89,1305.84,91.83006536,76.07843137,94.70588235
56198,18,90,3914.19,25.28,518.56,50.45751634,79.34640523,53.52941176
56198,18,120,2817.12,40.72,460.14,36.66666667,96.66666667,47.58169935
56198,18,120,715.04,11.02,45.47,15.03267974,12.2875817,12.61437908
56198,18,90,6650.01,24.61,977.96,87.32026144,73.46405229,84.83660131
56198,18,85,2701.1,21.6,237.44,34.44444444,46.79738562,26.0130719
56198,18,90,2637.61,17.25,182.94,33.00653595,18.62745098,21.11111111
56198,18,90,6805.99,24.74,994.17,88.43137255,74.83660131,85.49019608
56198,18,90,3523.49,20.75,383.4,44.11764706,36.73202614,38.49673203
56198,18,90,3909.15,21.1,362.72,50.06535948,40.8496732,36.53594771
56198,18,90,4763.44,26.22,518.24,64.11764706,85.81699346,53.39869281
56198,18,100,3857.09,26.25,522.61,48.95424837,86.14379085,54.11764706
56198,18,120,4063.01,20.46,404.64,52.54901961,33.52941176,40.78431373
56198,18,90,4791.63,25.52,526.53,64.5751634,81.50326797,54.18300654
56198,18,120,6289.3,26.09,712.92,83.79084967,84.64052288,69.73856209
56198,18,90,4699.03,21.13,464.79,63.46405229,41.63398693,48.43137255
56198,18,90,4394.12,22.46,446.22,58.03921569,56.14379085,45.22875817
56198,18,95,9405.4,24.74,1435.41,98.69281046,74.83660131,96.66666667
56198,18,90,3923.85,24.69,449.15,50.71895425,74.11764706,45.81699346
56303,18,90,4835.85,22.46,805.11,65.29411765,56.14379085,75.81699346
56303,18,120,6796.94,21.58,964.48,88.30065359,46.53594771,84.11764706
56303,18,90,3662.54,20.35,511.82,45.81699346,32.48366013,52.54901961
56303,18,90,739.8,9.28,14.74,15.16339869,10,1.241830065
56303,18,85,2178.21,20.48,222.18,27.32026144,33.79084967,24.5751634
56303,18,90,4893.83,23.11,738.33,66.2745098,62.61437908,71.17647059
56303,18,90,245.93,11.24,12.11,2.026143791,12.41830065,0.91503268
56303,18,90,2425.44,20.01,276.27,30.26143791,29.21568627,29.34640523
56303,18,90,783.4,12.59,74.15,15.68627451,13.9869281,15.4248366
56303,18,120,6075.18,19.57,804.12,81.4379085,26.47058824,75.75163399
56303,18,120,5538.88,22.45,823.16,75.55555556,56.0130719,77.05882353
56303,18,120,6607.68,24.99,863.93,86.8627451,77.05882353,79.1503268
56303,18,120,6573.75,26.29,933.79,86.60130719,86.60130719,83.07189542
56303,18,120,2097.06,20.06,187.31,26.20915033,29.93464052,21.69934641
56303,18,120,5411.37,20.51,704.59,73.79084967,34.18300654,69.08496732
56303,18,120,2791.74,19.81,338.19,36.2745098,28.03921569,34.70588235
56303,18,90,620.21,11.03,57.95,14.31372549,12.35294118,14.37908497
56303,18,90,4681.8,19.8,633.99,63.33333333,27.84313725,62.94117647
56303,18,90,917.18,11.64,77.32,16.33986928,12.87581699,15.62091503
56303,18,120,6759.82,26.04,961.17,88.03921569,84.31372549,83.92156863
56303,18,120,4111.85,26.74,510.48,52.94117647,89.08496732,52.48366013
56303,18,120,244.55,11.92,21.49,1.895424837,13.26797386,2.745098039
56303,18,120,5333.36,20.84,831.68,72.41830065,38.16993464,77.51633987
56303,18,120,2383.09,18.9,383.16,29.67320261,22.54901961,38.43137255
56303,18,120,3962.01,20.88,641.38,51.63398693,38.69281046,63.79084967
56303,18,120,336.2,6.73,40.81,4.117647059,2.614379085,11.4379085
56303,18,120,4190.59,24.98,649.96,54.18300654,76.99346405,64.50980392
56303,18,90,1199.55,20.38,137.41,18.43137255,32.74509804,17.7124183
56303,18,120,270.61,10.3,25.16,2.483660131,11.50326797,4.117647059
56303,18,90,580.37,11.77,65.25,13.66013072,13.1372549,14.77124183
56303,18,90,4571.59,24.43,621.53,61.11111111,71.56862745,61.89542484
56303,18,120,5426.94,21.27,648.71,73.92156863,43.66013072,64.44444444
56303,18,120,5449.54,20.6,749.73,74.31372549,35.09803922,72.02614379
56303,18,120,4175.2,20.54,553.69,53.92156863,34.50980392,56.66666667
56303,18,150,172.2,10.7,22.92,0.718954248,12.09150327,3.202614379
56303,18,120,5087.71,21,621.45,68.95424837,39.86928105,61.83006536
56303,18,120,3462.03,22.77,380.06,43.1372549,59.34640523,37.97385621
56303,18,120,3001.25,18.96,299.97,38.62745098,22.67973856,31.24183007
56303,18,120,538.24,7.99,40.31,12.54901961,6.732026144,11.24183007
56303,18,90,2134.56,19.1,182.06,26.8627451,23.20261438,20.98039216
56303,18,90,3759.1,24.28,453.39,47.64705882,70.45751634,46.60130719
56303,18,90,2539.82,20.26,273.33,31.50326797,31.4379085,29.1503268
56303,18,90,3785.56,20.3,513.84,47.84313725,31.83006536,52.67973856
56303,18,90,3096.78,19.8,407.26,39.47712418,27.84313725,41.04575163
56303,18,120,5207.65,25.41,697.2,70.71895425,80.58823529,68.5620915
56303,18,90,4547.21,24.51,588.59,60.71895425,72.35294118,59.08496732
56303,18,120,3587.81,21.78,438.22,44.64052288,48.88888889,43.9869281
56303,18,90,4880.42,21.24,701.32,66.14379085,43.26797386,68.82352941
56303,18,100,481.95,13.03,49.33,11.30718954,15.03267974,13.66013072
56303,18,90,4261.3,24.91,527.32,55.09803922,76.20915033,54.24836601
56303,18,90,3647.14,21.12,462.19,45.4248366,41.24183007,48.03921569
57447,18,120,7056.02,24.7,916.55,90.26143791,74.31372549,82.09150327
57447,18,120,5369.03,25.25,850.07,73.07189542,79.08496732,78.23529412
57447,18,90,1587.92,22.27,185.31,21.50326797,54.11764706,21.4379085
57447,18,120,2712.55,16.99,337.35,34.64052288,18.43137255,34.50980392
57447,18,90,7644.8,25.06,1333.1,93.1372549,77.64705882,95.22875817
57447,18,90,6428.45,26.17,1108.09,85.09803922,85.62091503,90.65359477
57447,18,120,2688.48,40.84,447.56,33.9869281,97.45098039,45.35947712
57447,18,120,5953.01,40.88,895.29,80.06535948,98.03921569,81.04575163
57447,18,90,6911.69,24.18,1378.07,89.41176471,69.60784314,95.75163399
57447,18,85,3592.99,23.22,462.02,44.83660131,63.33333333,47.97385621
57447,18,90,970.27,18.43,81.58,16.79738562,20.8496732,16.20915033
57447,18,90,7163.96,22.36,1358.96,91.17647059,54.90196078,95.4248366
57447,18,90,2818.79,19.81,326.56,36.73202614,28.03921569,33.59477124
57447,18,90,4646.44,20.67,632.4,62.74509804,35.94771242,62.81045752
57447,18,90,4470.52,25.85,536.53,59.34640523,83.20261438,55.35947712
57447,18,100,9764.83,25.66,1551.38,99.08496732,82.15686275,97.84313725
57447,18,90,1723.88,21.15,194.65,22.54901961,41.96078431,22.2875817
57447,18,120,3938.15,20.43,439.61,50.91503268,33.20261438,44.37908497
57447,18,90,5006.02,25.74,631.52,67.84313725,82.74509804,62.74509804
57447,18,120,5999.11,27.04,750.52,80.52287582,90.65359477,72.15686275
57447,18,90,3689.72,21.58,598.33,46.14379085,46.53594771,60.13071895
57447,18,90,5269.21,22.12,682.34,71.4379085,52.81045752,66.99346405
57447,18,95,8885.28,26.03,1676.11,97.90849673,84.11764706,98.95424837
57447,18,90,4263.24,20.78,713.63,55.16339869,36.99346405,69.86928105
57447,18,95,9122.19,22.79,1505,98.23529412,59.86928105,97.64705882
57447,18,90,4343.37,21.17,608.77,56.92810458,42.2875817,60.91503268
57447,18,120,7239.35,26.34,1078.97,91.56862745,86.79738562,89.28104575
57447,18,120,4184.1,20.59,516.85,53.9869281,34.83660131,53.1372549
57447,18,120,4313.19,21.67,527.4,56.2745098,47.58169935,54.31372549
57447,18,120,4347.08,21.3,472.7,56.99346405,43.92156863,49.08496732
57447,18,90,2175.84,18.18,156.39,27.25490196,20.26143791,18.88888889
57447,18,150,10272.42,22.68,1670.38,99.41176471,58.75816993,98.82352941
57447,18,120,5555.41,20.18,733.71,75.62091503,30.98039216,70.8496732
57447,18,120,6424.78,20.41,889.74,85.03267974,32.94117647,80.71895425
57447,18,120,6616.05,22.56,919.92,86.92810458,57.64705882,82.35294118
57447,18,90,3882.81,25.53,503.58,49.60784314,81.63398693,51.76470588
57447,18,120,472.23,7.51,34,10.71895425,5.163398693,7.777777778
57447,18,90,8147.02,23.01,1309.41,95.55555556,61.4379085,94.83660131
57447,18,90,7967.08,23.53,1370,94.83660131,65.75163399,95.62091503
57447,18,120,4901.77,22.31,556.71,66.47058824,54.5751634,56.92810458
57447,18,120,9531.11,22.65,1481.66,98.95424837,58.62745098,97.38562092
57447,18,120,2526.09,18.6,304.68,31.37254902,21.69934641,31.69934641
57447,18,120,5976.72,20.56,773.08,80.32679739,34.70588235,73.79084967
57447,18,120,2612.98,21.11,274.75,32.67973856,41.17647059,29.28104575
57447,18,90,6796.91,23.08,1264.92,88.23529412,62.41830065,94.24836601
57447,18,90,1555.78,15.97,199.17,20.98039216,17.77777778,22.41830065
57447,18,90,7837.91,24.85,1201.31,94.31372549,75.68627451,93.00653595
57447,18,120,7004.8,25.34,989.91,89.86928105,79.93464052,85.29411765
57447,18,120,7456.02,27.48,1434.69,92.41830065,92.41830065,96.60130719
57447,18,120,5584.43,24.08,984.96,76.14379085,68.75816993,85.03267974
57447,18,90,3945.67,20.11,519.16,51.11111111,30.26143791,53.59477124
57447,18,90,5129.97,20.02,752.7,69.73856209,29.28104575,72.35294118
57447,18,120,2290.45,21.91,306.39,28.62745098,50.78431373,31.96078431
57447,18,90,4891.01,25.69,817.47,66.20915033,82.48366013,76.66666667
57447,18,120,2541.73,17.25,257.07,31.56862745,18.62745098,27.58169935
57447,18,120,2480.68,20.28,297.37,30.71895425,31.63398693,31.04575163
57447,18,120,3394.48,18.42,480.67,42.87581699,20.78431373,49.73856209
57447,18,120,2423.9,20.51,337.45,30.13071895,34.18300654,34.64052288
61902,18,90,2354.73,18.6,269.91,29.34640523,21.69934641,28.82352941
61902,18,90,1183.25,24.16,186.02,18.16993464,69.47712418,21.50326797
61902,18,120,2677.62,40.63,450.45,33.59477124,96.2745098,46.07843137
61902,18,120,7503.3,40.98,1037.45,92.67973856,98.75816993,87.84313725
61902,18,120,3859.38,25.34,483.5,49.01960784,79.93464052,50.06535948
61902,18,120,451.91,9.69,36.12,9.346405229,10.52287582,8.954248366
61902,18,150,5205.73,27.43,700.62,70.65359477,92.15686275,68.75816993
61902,18,120,415.74,8.72,29.28,6.405228758,8.954248366,5.490196078
61902,18,120,6032.57,26.15,836.62,80.8496732,85.35947712,77.7124183
61902,18,120,6177.46,24.06,857.3,82.61437908,68.62745098,78.69281046
61902,18,90,2204.86,20.07,262.86,27.64705882,30,27.97385621
61902,18,90,2892.34,24.32,447.77,37.51633987,70.8496732,45.49019608
61902,18,85,3379.17,25,432.9,42.61437908,77.18954248,43.39869281
61902,18,90,1067.68,24.56,145.29,17.38562092,73.33333333,18.03921569
61902,18,90,637.98,11,58.57,14.5751634,12.22222222,14.44444444
61902,18,90,3609.43,24.88,439.46,45.03267974,76.0130719,44.31372549
61902,18,90,3573.35,22.78,409.46,44.5751634,59.60784314,41.30718954
61902,18,100,1455.1,21.84,149.69,20.19607843,49.80392157,18.30065359
61902,18,120,4143.45,25.5,477.44,53.66013072,81.24183007,49.54248366
61902,18,90,4660.58,27.26,657.37,62.94117647,91.50326797,65.16339869
61902,18,120,6326.08,27.3,805.7,84.18300654,91.69934641,76.07843137
61902,18,120,6188.25,24.38,1045.96,82.67973856,71.24183007,88.36601307
61902,18,90,4848.44,22.77,644.48,65.75163399,59.34640523,64.11764706
61902,18,95,1255.64,15.13,52.33,18.82352941,17.12418301,14.11764706
61902,18,90,1281.98,19.19,155.84,19.01960784,23.85620915,18.75816993
61902,18,95,211.41,6.79,14.94,1.307189542,3.071895425,1.307189542
61902,18,90,1952.58,21.15,153.64,24.70588235,41.96078431,18.5620915
61902,18,120,1783.41,22.9,366.99,23.20261438,60.52287582,36.79738562
61902,18,90,937.98,17.42,168.22,16.53594771,18.88888889,19.67320261
61902,18,120,5103.72,28.04,1133.72,69.28104575,93.9869281,91.63398693
61902,18,120,5468.97,28.91,1203.34,74.37908497,95.62091503,93.1372549
61902,18,120,1914.91,22.93,405.49,24.05228758,60.78431373,40.8496732
61902,18,120,3951.2,27.58,776.41,51.37254902,92.61437908,74.24836601
61902,18,90,613.28,17.5,92.86,14.11764706,19.01960784,16.92810458
61902,18,120,2419.53,25.67,518.41,30,82.22222222,53.46405229
61902,18,120,5306.72,23.22,1125.95,72.02614379,63.33333333,91.37254902
61902,18,120,180.42,7.2,12.99,0.849673203,4.444444444,1.111111111
61902,18,90,5028.83,27.22,1133.44,68.10457516,91.24183007,91.56862745
61902,18,120,6642.15,28.96,1199.22,87.18954248,95.75163399,92.94117647
61902,18,90,954.79,13.82,81.29,16.60130719,15.75163399,16.07843137
61902,18,120,6038.41,27.76,732.18,80.91503268,93.33333333,70.71895425
61902,18,120,427.7,8.26,23.93,7.254901961,7.647058824,3.594771242
61902,18,90,4704.05,22.55,710.42,63.7254902,57.45098039,69.60784314
61902,18,90,3235.73,25.95,497.96,41.17647059,83.79084967,51.17647059
61902,18,120,3203.12,26.16,393.63,40.58823529,85.4248366,39.73856209
61902,18,120,5748.83,25.01,1059.42,78.23529412,77.25490196,88.75816993
61902,18,90,1736.64,25.38,254.3,22.61437908,80.39215686,27.25490196
61902,18,120,2533.7,23.46,247.3,31.4379085,65.4248366,26.53594771
61902,18,120,5123.55,42.51,607.43,69.60784314,99.80392157,60.71895425
61902,18,120,5299.78,22.41,654.72,71.89542484,55.4248366,65.03267974
61902,18,120,5470.51,25.29,724.75,74.44444444,79.54248366,70.39215686
61902,18,120,5496.25,25.9,922.47,74.70588235,83.39869281,82.48366013
61902,18,120,5510.19,26.53,985.13,74.90196078,88.23529412,85.22875817
62096,19,90,412.38,6.81,32.82,2.295081967,1.639344262,2.62295082
62096,19,90,3433.09,22.5,443.16,12.78688525,53.7704918,13.7704918
62096,19,90,4295.99,21.74,598.79,24.59016393,39.3442623,36.72131148
62096,19,100,5298.76,21.95,606.5,48.52459016,43.93442623,38.03278689
62096,19,75,4914.34,22.62,613.83,37.70491803,56.06557377,40.32786885
62096,19,100,134.6,5.27,8.88,0,0,0.983606557
65648,20,90,3642.21,15.43,488.15,47.18894009,7.741935484,53.4562212
69466,21,94,3577.26,22.15,561.4,51.05105105,51.65165165,63.06306306
69466,21,97,3620.4,21.35,512.17,52.25225225,42.64264264,54.05405405
69466,21,104,2656.66,25.23,464.74,25.52552553,81.68168168,46.84684685
69466,21,105,5338.1,29.73,921.46,89.18918919,98.7987988,88.28828829
69466,21,109,5257.24,28.26,1006.67,87.08708709,96.6966967,90.69069069
69466,21,93,4025.72,27.69,777.36,61.56156156,95.4954955,82.28228228
69466,21,70,2584.24,24.09,364.97,24.02402402,73.87387387,32.13213213
69466,21,112,4123.67,27.94,671.81,63.66366366,96.3963964,74.77477477
69466,21,75,2157.96,19.45,269.81,14.11411411,22.82282282,15.61561562
69466,21,111,5279.06,30.28,1030.69,87.38738739,99.3993994,92.79279279
69466,21,108,2235.81,27.45,423.15,15.91591592,94.89489489,39.33933934
69466,21,83,1983.04,19.03,244.84,12.61261261,19.81981982,12.91291291
69466,21,90,5099.04,29.33,1024.42,84.68468468,98.1981982,91.59159159
69466,21,83,2397.57,21.6,332.65,19.51951952,47.14714715,26.12612613
69466,21,120,2058.47,24.89,425.61,13.21321321,78.97897898,40.24024024
69466,21,109,5369.5,26.85,1026.77,89.78978979,91.59159159,92.19219219
69466,21,95,3676.82,24.26,551.74,54.35435435,74.77477477,60.36036036
69466,21,120,5654.55,23.49,944.5,90.99099099,66.66666667,88.88888889
69466,21,100,3198.89,24.4,600.05,39.33933934,75.37537538,66.96696697
69466,21,75,2985.58,32.74,424.87,34.23423423,99.6996997,39.93993994
69466,21,115,3470.12,26.79,608.13,47.44744745,90.99099099,68.46846847
69466,21,111,4441.5,25.91,747.74,72.07207207,86.48648649,79.57957958
69466,21,110,3500.32,26.26,609.23,48.64864865,87.98798799,69.06906907
69466,21,108,4508.86,29.31,859.85,72.37237237,97.8978979,86.78678679
69466,21,111,4803.44,29.5,976.86,79.57957958,98.4984985,89.48948949
69466,21,106,4043.09,29.13,852.36,61.86186186,97.5975976,85.88588589
69466,21,106,410.7,15.44,42.78,2.102102102,8.408408408,3.603603604
69466,21,70,3464.8,24.42,590,46.84684685,75.67567568,65.76576577
69466,21,100,3666.63,24.59,570.19,53.45345345,77.17717718,64.26426426
69466,21,107,7385.38,27.55,1442.77,97.8978979,95.1951952,98.1981982
69466,21,87,3737.22,23.37,608.58,55.85585586,63.36336336,68.76876877
69466,21,97,5802.33,23.64,1099.24,92.79279279,67.86786787,95.1951952
69466,21,105,5877.74,29.89,1028.68,93.09309309,99.0990991,92.49249249
69466,21,120,4525.32,23.93,689.08,73.27327327,71.77177177,75.67567568
69466,21,120,5135.24,23.94,748.37,85.58558559,72.07207207,79.87987988
69466,21,110,4715.34,22.43,704.37,77.77777778,53.15315315,76.87687688
69466,21,100,4995.6,24.02,895.43,81.98198198,73.27327327,87.68768769
69466,21,95,2241.16,19.76,282.61,16.21621622,24.92492492,17.41741742
71346,19,95,6284.72,20.98,832.22,76.72131148,28.52459016,70.81967213
71346,19,90,5524.42,21.58,710.32,55.40983607,36.72131148,54.42622951
71346,19,90,4563.92,22.64,590.88,28.52459016,56.39344262,33.7704918
71346,19,90,3205.95,17.84,388.66,11.47540984,10.16393443,10.49180328
71346,19,90,5603.96,21.89,712.95,60,41.63934426,54.75409836
71346,19,90,7093.84,22.5,957.55,85.57377049,53.7704918,84.91803279
71346,19,120,6747.6,22.52,867.66,80.98360656,54.75409836,76.06557377
71346,19,120,8188.17,24.93,1039.94,95.08196721,82.29508197,91.80327869
71346,19,100,6240.16,22.05,989.81,75.73770492,47.21311475,89.18032787
71346,19,90,1547.75,17.4,90.06,6.229508197,8.852459016,5.573770492
71346,19,100,4945.73,25.44,608.24,38.68852459,86.55737705,38.36065574
71346,19,70,5355.06,22.28,698.84,50.16393443,50.81967213,52.78688525
71346,19,90,5181.23,20.26,604.71,43.27868852,20.98360656,37.70491803
71346,19,100,7979.16,23.44,1062.69,92.13114754,67.21311475,92.45901639
71346,19,90,5428,28.72,671.22,52.13114754,99.67213115,51.14754098
71346,19,90,5252.19,20.63,585.62,46.8852459,24.26229508,32.13114754
71346,19,75,3959.68,22.86,441.71,18.03278689,59.01639344,13.44262295
72086,20,100,4599.11,24.92,747.4,70.87557604,84.60829493,79.9078341
72086,20,77,3083.74,21.26,394.68,30.41474654,40.0921659,36.03686636
72086,20,95,3431.83,24.13,505.63,38.80184332,78.06451613,56.68202765
72086,20,105,4585.62,20.29,550.37,70.32258065,28.94009217,62.21198157
72086,20,70,4062.86,26.47,667.92,58.24884793,94.74654378,73.5483871
72086,20,100,2746.93,18.63,313.15,22.11981567,15.39170507,21.29032258
72086,20,90,4786.68,28.78,709.28,73.91705069,99.44700461,77.05069124
72086,20,120,4806.5,22.53,535.17,74.37788018,58.06451613,60.46082949
72086,20,105,2831.49,21.01,307.81,24.14746544,37.41935484,20.92165899
72086,20,110,4019.78,24.68,442.83,57.23502304,83.13364055,44.97695853
72086,20,100,1851.32,16.17,226.56,11.88940092,8.294930876,12.25806452
72086,20,75,750.51,13.26,70.76,4.608294931,4.976958525,4.423963134
72086,20,78,3958.36,20.68,528.6,56.03686636,33.0875576,59.53917051
72086,20,105,3095.73,21.29,367.67,30.78341014,40.64516129,30.87557604
72086,20,99,3796.6,21.02,347.75,51.42857143,37.78801843,26.8202765
72086,20,116,6184.26,24.65,742.66,85.99078341,82.76497696,79.7235023
72086,20,100,4781.07,22.64,545.13,73.73271889,59.44700461,61.56682028
72086,20,110,3200.1,20.59,432.4,32.90322581,31.79723502,42.58064516
72086,20,80,3406.32,23.29,356.89,37.97235023,68.57142857,28.84792627
72086,20,90,5019.63,24.53,867.6,76.77419355,81.19815668,86.9124424
72086,20,90,3951.3,21.48,608.67,55.57603687,42.67281106,68.29493088
72086,20,90,8039.95,25.1,1392.63,95.94470046,86.6359447,98.80184332
72086,20,90,3568.91,24.97,502.04,43.77880184,85.25345622,56.12903226
72086,20,70,2785.75,21.57,387.58,23.22580645,44.42396313,34.65437788
72086,20,90,4470.36,25.01,838.83,67.46543779,85.62211982,85.25345622
72086,20,110,3734.74,23.63,518.92,49.67741935,72.90322581,58.43317972
72086,20,120,6256.03,20.43,714.15,86.5437788,30.50691244,77.41935484
72086,20,123,7323.26,23.7,909.09,93.5483871,73.2718894,88.84792627
72086,20,90,6313.98,25.76,1116.02,86.9124424,91.52073733,93.91705069
72086,20,90,4846.98,21.31,827.34,75.02304147,40.92165899,84.60829493
72086,20,92,3677.74,23.09,636.36,48.29493088,66.08294931,71.24423963
72086,20,90,3648.18,19.13,527.77,47.37327189,18.52534562,59.35483871
72086,20,110,4475.03,25.47,737.12,67.74193548,89.58525346,79.07834101
72086,20,100,3078.81,21.87,427.15,30.13824885,48.66359447,41.47465438
72086,20,110,5418.55,23.05,859.98,80.64516129,65.71428571,86.359447
72086,20,105,3473.72,20.97,687.42,40.2764977,36.40552995,74.93087558
72116,18,90,7736.2,27.16,1008.91,93.66013072,91.04575163,86.40522876
72116,18,120,360.98,7.18,37.33,4.640522876,4.31372549,9.803921569
72116,18,90,5046.7,26.03,929.91,68.49673203,84.11764706,82.81045752
72116,18,120,6251.92,29.7,1099.32,83.46405229,96.07843137,90.32679739
72116,18,90,8449.31,22.27,1105.66,96.60130719,54.11764706,90.58823529
72116,18,90,2013.67,16.87,234.63,25.29411765,18.30065359,25.68627451
72116,18,90,7817.06,28.05,1011.32,94.18300654,94.11764706,86.60130719
72116,18,95,7063.14,27.61,939.76,90.39215686,92.67973856,83.33333333
72116,18,90,4545.99,21.38,555.1,60.65359477,44.77124183,56.79738562
72116,18,90,3540.13,23.41,427.34,44.24836601,64.83660131,42.61437908
72116,18,120,5507.38,28.24,758.22,74.83660131,94.64052288,72.87581699
72116,18,90,3818.19,28.49,459.05,48.49673203,95.09803922,47.38562092
72116,18,120,3243.6,21.1,365.24,41.30718954,40.8496732,36.73202614
72116,18,100,9044.09,26.47,1108.84,98.16993464,87.7124183,90.71895425
72116,18,120,2991.51,22.28,375.14,38.5620915,54.37908497,37.51633987
72116,18,120,4742.17,24.17,636.18,63.79084967,69.54248366,63.1372549
72116,18,90,8580.88,25.41,1109.78,97.05882353,80.58823529,90.8496732
72116,18,120,7858.38,24.77,960.57,94.37908497,75.22875817,83.85620915
72116,18,120,5560.32,42.22,648.12,75.75163399,99.01960784,64.37908497
72116,18,120,6322.73,28.74,824.71,84.11764706,95.4248366,77.25490196
72116,18,120,6062.41,24.76,769.92,81.24183007,75.03267974,73.46405229
72116,18,120,4259.81,22.16,461.87,54.96732026,53.07189542,47.84313725
72116,18,90,2007.13,20.83,171.08,25.16339869,37.90849673,20
72116,18,150,8709.65,26.34,1307.94,97.32026144,86.79738562,94.77124183
72116,18,120,5530.89,22.74,742.84,75.29411765,59.21568627,71.4379085
72116,18,120,5410.29,22.48,781.49,73.7254902,56.60130719,74.64052288
72116,18,120,5898.27,20.5,779.26,79.60784314,34.05228758,74.37908497
72116,18,120,434.12,7,31.49,7.777777778,3.85620915,6.535947712
72116,18,90,3462.76,28.36,409.83,43.20261438,94.90196078,41.37254902
72116,18,120,4647.61,27.18,589.73,62.81045752,91.11111111,59.1503268
72116,18,120,481.39,19.55,36.57,11.24183007,26.2745098,9.281045752
72116,18,120,5846.27,28.95,785.22,79.1503268,95.68627451,74.83660131
72116,18,90,8445.27,27.75,1064.39,96.53594771,93.26797386,88.95424837
72116,18,120,3958.94,21.92,455.15,51.56862745,50.91503268,46.73202614
72116,18,90,7025.89,28.79,922.3,90.13071895,95.49019608,82.41830065
72116,18,90,3779.69,22.9,491.71,47.7124183,60.52287582,50.91503268
72116,18,120,2772.08,40.66,473.56,35.75163399,96.40522876,49.1503268
72116,18,90,7906.11,26.26,1029.59,94.77124183,86.33986928,87.58169935
72116,18,95,8280.49,24.02,1343.83,96.0130719,68.43137255,95.35947712
72116,18,90,3797.17,21.82,490.32,48.16993464,49.54248366,50.65359477
72116,18,85,421.41,9.21,36.92,6.928104575,9.738562092,9.477124183
72116,18,90,7825.57,22.4,1016.08,94.24836601,55.16339869,86.8627451
72116,18,90,3177.7,20.79,373.74,40.26143791,37.18954248,37.32026144
72116,18,90,3970.42,20.73,448.84,51.76470588,36.60130719,45.68627451
72116,18,90,4105.21,27.36,491.01,52.81045752,91.96078431,50.8496732
72116,18,90,4259.95,26.09,575.32,55.03267974,84.64052288,58.16993464
72116,18,120,156.02,4.64,7.65,0.45751634,0.065359477,0.261437908
72116,18,90,8155.47,26.25,1085.99,95.75163399,86.14379085,89.67320261
72116,18,120,2682.59,20.37,430.65,33.79084967,32.67973856,43.07189542
72116,18,90,1547.81,20.44,186.51,20.8496732,33.33333333,21.56862745
72116,18,120,5648.66,27.65,689.18,77.18954248,92.94117647,67.58169935
72116,18,120,6254.86,26.88,1090.92,83.52941176,89.86928105,90.06535948
72116,18,120,2566.56,24.34,371.34,32.02614379,70.91503268,37.12418301
72116,18,120,572.66,7.67,38.69,13.52941176,5.882352941,10.65359477
72116,18,120,3009.31,20.18,440.92,38.69281046,30.98039216,44.44444444
72116,18,120,2935.08,22.45,323.52,37.97385621,56.0130719,33.26797386
72139,18,90,3940.47,25.68,496.49,51.04575163,82.35294118,51.04575163
72139,18,90,6516.87,25.97,856.58,86.33986928,83.85620915,78.62745098
72139,18,120,4994.11,25.8,781.44,67.64705882,83.1372549,74.5751634
72139,18,120,1839.94,16.19,266.14,23.7254902,18.03921569,28.5620915
72139,18,90,3714.78,26.78,462.28,46.73202614,89.1503268,48.10457516
72139,18,90,4810.16,22.03,928.47,64.96732026,51.89542484,82.74509804
72139,18,120,2840.56,40.74,453.14,36.99346405,96.8627451,46.47058824
72139,18,90,2854.63,22.83,376.8,37.12418301,60.19607843,37.58169935
72139,18,90,3477.29,20.65,438.63,43.52941176,35.68627451,44.11764706
72139,18,120,2504.53,22.06,293.41,31.17647059,52.2875817,30.71895425
72139,18,90,4545.83,25.31,595.99,60.58823529,79.67320261,59.67320261
72139,18,120,4859.01,20.93,627.1,65.94771242,39.28104575,62.22222222
72139,18,120,2671.13,23.03,280.89,33.46405229,61.83006536,29.80392157
72139,18,90,5312.9,28.04,689.53,72.15686275,93.9869281,67.64705882
72139,18,90,2708.03,18.21,332.05,34.5751634,20.39215686,33.9869281
72139,18,90,3424.1,24.87,445.9,43.00653595,75.88235294,45.16339869
72139,18,120,6846.52,28.05,1104.46,88.69281046,94.11764706,90.52287582
72139,18,90,4565.24,24.23,889.31,61.04575163,69.86928105,80.58823529
72139,18,120,323.72,7.63,39.54,3.594771242,5.68627451,10.91503268
72139,18,90,791.77,24.66,166.64,15.81699346,73.9869281,19.54248366
72139,18,120,5226.34,23.29,975.39,70.98039216,63.9869281,84.77124183
72139,18,120,2273.44,24.62,433.35,28.49673203,73.52941176,43.59477124
72139,18,120,2295.73,16.16,358.83,28.75816993,17.90849673,36.20915033
72139,18,120,1528.93,20.23,261.97,20.71895425,31.37254902,27.84313725
72139,18,120,4475.02,24.48,848.33,59.47712418,72.02614379,78.10457516
72139,18,120,5286.58,25.09,1092.02,71.69934641,77.90849673,90.13071895
72139,18,90,1225.23,15.84,183.23,18.5620915,17.7124183,21.17647059
72139,18,120,318.96,10.75,39.35,3.202614379,12.15686275,10.71895425
72139,18,90,2484.69,27.22,380.1,30.8496732,91.24183007,38.03921569
72139,18,90,3908.8,20.72,441.56,50,36.47058824,44.50980392
72139,18,85,3381.57,22.42,381.24,42.74509804,55.55555556,38.30065359
72139,18,90,3728.22,24.8,555.11,46.99346405,75.35947712,56.8627451
72139,18,90,2551.05,20.13,326.49,31.89542484,30.45751634,33.52941176
72139,18,90,5226.29,22.34,676.92,70.91503268,54.64052288,66.53594771
72139,18,90,4501.06,25.15,531.88,59.80392157,78.30065359,54.77124183
72139,18,90,4508.05,23.95,516.79,60,68.10457516,53.07189542
72139,18,100,5037.91,25.36,679.98,68.30065359,80.26143791,66.8627451
72139,18,120,4308.21,24.48,478.02,56.07843137,72.02614379,49.60784314
72139,18,120,5384.08,25.71,638.48,73.20261438,82.67973856,63.46405229
72139,18,90,3877.17,22.24,609.7,49.41176471,53.92156863,60.98039216
72139,18,95,4604.44,26.99,588,61.96078431,90.39215686,59.01960784
72139,18,95,2882.22,24.47,418.97,37.32026144,71.83006536,41.96078431
72139,18,90,4352.86,23.72,552.53,57.05882353,67.18954248,56.60130719
72139,18,90,1918.89,16.89,154.6,24.18300654,18.36601307,18.69281046
72139,18,120,6845.11,26.06,786.96,88.62745098,84.50980392,74.90196078
72139,18,120,3277.76,20.33,359.52,41.69934641,32.15686275,36.33986928
72139,18,120,4467.44,23.62,453.26,59.28104575,66.53594771,46.53594771
72139,18,120,5571.87,21.14,596.35,76.0130719,41.89542484,59.73856209
72139,18,150,6155.97,24.34,801.85,82.09150327,70.91503268,75.62091503
72139,18,120,5337.14,22.52,664.09,72.54901961,57.18954248,65.62091503
72139,18,120,5745.86,22.23,651.09,78.16993464,53.85620915,64.64052288
72139,18,90,4800.57,24.54,609.86,64.83660131,72.87581699,61.04575163
72139,18,120,8360.87,26.9,1529.48,96.2745098,90.06535948,97.77777778
72139,18,120,5127.27,42.56,736.44,69.67320261,100,71.04575163
72139,18,120,6730.44,26.05,1225.29,87.84313725,84.44444444,93.52941176
72139,18,120,7057.74,25.78,1423.74,90.32679739,82.94117647,96.2745098
72139,18,120,447.89,7.44,47.96,8.954248366,4.901960784,13.33333333
73322,19,90,5529.85,20.93,709.48,56.39344262,26.8852459,54.09836066
73322,19,75,4223.76,23.38,551.02,22.62295082,66.2295082,23.93442623
73322,19,90,5635.25,20.8,718.41,62.29508197,25.90163934,55.73770492
73322,19,90,5236.96,24.78,855.31,45.90163934,80.6557377,73.7704918
73322,19,90,7359.05,22.45,1039.45,87.86885246,52.78688525,91.47540984
73322,19,90,4726.74,22.28,624.78,33.1147541,50.81967213,41.63934426
73322,19,120,7637.99,22.73,1117.22,89.18032787,57.37704918,94.75409836
73322,19,120,8103.98,24.57,1073.82,94.42622951,78.36065574,93.44262295
73322,19,100,6354.91,22.85,981.46,77.70491803,58.03278689,87.54098361
73322,19,95,6233.16,20.87,888.99,75.08196721,26.55737705,79.3442623
73322,19,90,680.46,18.85,69.63,3.606557377,13.1147541,3.93442623
73322,19,100,4829.1,26.69,660.5,35.08196721,95.73770492,47.86885246
73322,19,70,5735.25,20.44,786.45,65.90163934,22.62295082,65.24590164
73322,19,90,5845.39,21.37,866.74,68.52459016,33.1147541,75.73770492
73322,19,100,9200.14,23.89,1341.9,100,72.13114754,98.68852459
73322,19,90,6318.27,27.67,962.93,77.37704918,98.36065574,85.90163934
75462,19,90,6421.95,28.88,855.51,78.36065574,100,74.09836066
75462,19,100,5967.98,23.76,964.22,70.81967213,70.81967213,86.2295082
75462,19,120,8397.93,25.83,1176.08,97.04918033,88.85245902,96.39344262
75462,19,95,6815.59,21.37,930.82,81.96721311,33.1147541,82.62295082
75462,19,120,7002.64,21.18,984.58,85.24590164,30.49180328,87.86885246
75462,19,90,4681.77,23.74,596.36,31.14754098,70.49180328,35.40983607
75462,19,90,7701.6,21.47,1091.11,89.83606557,35.73770492,94.09836066
75462,19,90,5633.62,22.05,763.59,61.96721311,47.21311475,61.63934426
75462,19,100,5317.98,25.06,661.86,49.18032787,84.26229508,48.19672131
75462,19,100,8215.2,24.94,1273.3,95.40983607,82.62295082,97.70491803
75462,19,90,1047,14,85.27,4.918032787,4.262295082,4.918032787
75462,19,70,5596.09,21.03,790.84,59.67213115,29.18032787,66.2295082
75462,19,90,5843.73,20.95,756.72,67.86885246,27.86885246,60.98360656
75462,19,90,3702.03,19.94,528.05,15.08196721,19.3442623,21.31147541
75462,19,90,5998.13,23.2,810.75,71.47540984,62.95081967,68.85245902
75462,19,75,4319.87,23.77,551.16,25.24590164,71.47540984,24.26229508
76391,18,90,4799.55,24.63,604.49,64.77124183,73.79084967,60.32679739
76391,18,120,5497.3,24.85,775.79,74.77124183,75.68627451,74.18300654
76391,18,120,5884.31,25.17,708.18,79.41176471,78.62745098,69.41176471
76391,18,120,422.45,6.21,29.27,7.058823529,1.633986928,5.424836601
76391,18,90,117.97,19.54,92.85,0.065359477,26.07843137,16.8627451
76391,18,90,981.05,11.73,79.45,16.99346405,13.07189542,15.88235294
76391,18,120,5970.07,24.47,719.19,80.13071895,71.83006536,70.32679739
76391,18,120,7657.01,22.55,1082.08,93.26797386,57.45098039,89.54248366
76391,18,120,2550.21,22.34,227.24,31.83006536,54.64052288,25.22875817
76391,18,120,6171.67,22.04,832.34,82.54901961,52.09150327,77.58169935
76391,18,120,2963.48,21.41,348.71,38.30065359,45.22875817,35.4248366
76391,18,90,3243.88,24.22,510.01,41.37254902,69.73856209,52.41830065
76391,18,90,458.59,6.73,43.78,9.869281046,2.614379085,12.02614379
76391,18,120,7103.26,27.31,972.18,90.71895425,91.76470588,84.44444444
76391,18,90,5701.99,21.85,758.06,77.58169935,50.06535948,72.81045752
76391,18,120,368.94,9.85,32.97,4.901960784,10.65359477,7.058823529
76391,18,120,6113.45,20.83,779.57,81.63398693,37.90849673,74.44444444
76391,18,120,3358.98,23.45,443.11,42.35294118,65.22875817,44.77124183
76391,18,120,557.68,5.88,49.45,13.00653595,1.307189542,13.7254902
76391,18,120,2680.28,21.18,309.18,33.7254902,42.41830065,32.09150327
76391,18,120,4377.01,25.57,543.99,57.58169935,81.83006536,55.81699346
76391,18,120,6771.55,25.14,954.55,88.10457516,78.23529412,83.59477124
76391,18,120,6251.54,24.93,844,83.39869281,76.40522876,77.90849673
76391,18,90,3822.17,22.62,572.68,48.5620915,58.23529412,58.03921569
76391,18,120,2695.25,40.8,464.44,34.37908497,97.12418301,48.36601307
76391,18,120,5726.51,40.96,866.03,77.77777778,98.62745098,79.21568627
76391,18,90,1691.14,23.38,222.34,22.15686275,64.5751634,24.64052288
76391,18,85,436.33,8.37,31.64,8.039215686,7.908496732,6.60130719
76391,18,90,1553.32,21.21,213.75,20.91503268,43.1372549,23.7254902
76391,18,90,3061.42,19.6,334.62,39.1503268,26.73202614,34.05228758
76391,18,90,470,5.46,24.17,10.45751634,0.718954248,3.660130719
76391,18,90,4963.4,21.09,667.15,67.25490196,40.78431373,65.75163399
76391,18,90,1521.29,12.12,103.18,20.65359477,13.46405229,17.18954248
76391,18,90,218.3,11.35,18.35,1.633986928,12.67973856,1.895424837
76391,18,120,489.12,8.48,23.32,11.63398693,8.235294118,3.464052288
76391,18,120,439.78,7.72,30.95,8.366013072,5.947712418,6.078431373
76391,18,90,2946.99,20.2,391.22,38.10457516,31.17647059,39.34640523
76391,18,90,3948.93,21.93,484.74,51.30718954,50.98039216,50.19607843
76391,18,95,2733.44,25.03,385.87,35.16339869,77.51633987,38.69281046
76391,18,90,4157.25,20.34,619.78,53.79084967,32.35294118,61.63398693
76391,18,90,1422.19,20.78,118.56,19.86928105,36.99346405,17.32026144
76391,18,120,530.57,9.03,44.57,12.35294118,9.346405229,12.35294118
76391,18,120,430.58,14.66,30.37,7.516339869,16.8627451,5.816993464
76391,18,120,613.56,6.01,38.3,14.18300654,1.437908497,10.39215686
76391,18,120,468.37,12.8,41.15,10.39215686,14.70588235,11.63398693
76391,18,120,415.96,7.77,36.84,6.535947712,6.078431373,9.411764706
76391,18,90,431.74,9.29,40.03,7.581699346,10.06535948,11.11111111
76958,20,90,5927.86,24.01,825.06,83.87096774,76.58986175,84.42396313
76958,20,110,4240.78,24.85,543.55,62.39631336,84.33179724,61.38248848
76958,20,90,4246.96,25.63,536.7,62.48847926,90.50691244,60.64516129
76958,20,100,4716.06,24.24,523.23,72.71889401,79.17050691,58.98617512
76958,20,116,6912.92,23.55,1193.64,91.33640553,71.79723502,95.48387097
76958,20,99,3557.6,19.55,356.47,42.94930876,22.76497696,28.66359447
76958,20,91,7159.89,25.01,1172.72,92.81105991,85.62211982,95.39170507
76958,20,80,3501.83,25.39,423.45,41.56682028,88.57142857,40.73732719
76958,20,120,6972.25,22.36,956.15,91.61290323,56.03686636,90.04608295
76958,20,123,8055.34,24.62,1058.09,96.12903226,82.58064516,92.53456221
76958,20,90,3955.23,25.75,547.64,55.76036866,91.42857143,62.11981567
76958,20,105,3150.39,22.17,420.05,31.70506912,53.2718894,40.36866359
76958,20,75,901.32,12.98,81.88,6.6359447,4.516129032,5.069124424
76958,20,78,4370.53,22.01,558.48,65.89861751,50.78341014,63.22580645
76958,20,100,1954.95,21.42,231.88,13.1797235,41.93548387,12.62672811
76958,20,110,4459.04,24.25,512.76,67.28110599,79.26267281,57.60368664
76958,20,105,3056.07,22.13,350.25,29.58525346,52.62672811,27.46543779
76958,20,120,5660.09,23.59,738.04,82.76497696,72.44239631,79.26267281
76958,20,90,8415.05,24.18,1266.69,97.97235023,78.70967742,96.58986175
76958,20,104,4504.54,23.17,664.46,68.47926267,66.6359447,73.3640553
76958,20,100,3700.51,19.56,428.35,48.75576037,22.85714286,41.84331797
76958,20,70,4252.96,23.44,583.72,62.85714286,70.32258065,65.71428571
76958,20,95,3664.39,23.63,447.27,47.74193548,72.90322581,45.71428571
76958,20,77,3239.17,23.73,402.82,33.5483871,73.82488479,37.23502304
76958,20,100,5718.69,25.72,757.69,83.04147465,91.05990783,80.55299539
76958,20,105,4372.81,25.17,636.9,65.99078341,87.28110599,71.33640553
76958,20,110,1857.52,20.31,246.38,11.98156682,29.40092166,14.10138249
76958,20,100,4623.22,25.43,589.98,71.42857143,89.30875576,66.8202765
76958,20,110,4755.75,23.44,704.66,73.4562212,70.32258065,76.31336406
76958,20,90,3577.32,24.48,465.37,44.05529954,80.82949309,49.86175115
76958,20,90,2777.19,25.04,385.81,22.85714286,85.99078341,34.47004608
76958,20,110,3801.9,24.83,532.61,51.70506912,84.23963134,60.2764977
76958,20,90,807.53,19.71,124.52,5.437788018,24.33179724,7.281105991
76958,20,70,3391.51,19.03,470.86,37.69585253,17.88018433,50.78341014
76958,20,90,1643.03,22.32,194.7,10.23041475,55.76036866,10.13824885
76958,20,90,2831.92,23.97,455.15,24.23963134,76.22119816,47.55760369
76958,20,105,4612.46,22.23,612.37,71.24423963,54.47004608,68.57142857
76958,20,110,2950.09,23.48,410.54,27.28110599,71.05990783,38.52534562
76958,20,90,6617.27,26.91,928.16,88.84792627,96.49769585,89.21658986
76958,20,90,3852.58,21.85,495.09,53.0875576,48.38709677,54.93087558
76958,20,90,4089.9,20.97,567.55,59.07834101,36.40552995,64.23963134
76958,20,90,4309.56,23.11,614.15,64.23963134,66.4516129,68.94009217
76958,20,90,183.95,7.93,14.68,1.751152074,1.566820276,2.488479263
76958,20,90,4632.8,22.54,669.01,71.70506912,58.43317972,73.73271889
76958,20,76,2722.48,18.74,376.71,21.56682028,16.22119816,32.07373272
76958,20,90,4329.68,19.82,514.86,64.79262673,25.25345622,58.06451613
76958,20,90,3778.78,21.97,429.96,51.15207373,50.23041475,42.02764977
77373,18,90,1442.26,23.27,232.47,20.13071895,63.79084967,25.4248366
77373,18,120,7348.96,26.66,1422.32,91.76470588,88.62745098,96.20915033
77373,18,120,3388.86,23.05,458.73,42.81045752,62.09150327,47.32026144
77373,18,90,2399.83,21.79,378.4,29.73856209,49.1503268,37.7124183
77373,18,90,5726.31,22.24,1073.16,77.7124183,53.92156863,89.1503268
77373,18,90,978.96,14.79,85.15,16.92810458,16.92810458,16.47058824
77373,18,120,8053.16,28.8,1679.57,95.09803922,95.55555556,99.08496732
77373,18,90,4669.53,23.62,1028.46,63.1372549,66.53594771,87.45098039
77373,18,120,6439.2,22.19,918.27,85.29411765,53.39869281,82.22222222
77373,18,120,5824.42,21.49,802.25,78.95424837,45.49019608,75.68627451
77373,18,150,3463.06,18.88,534.85,43.26797386,22.48366013,55.16339869
77373,18,120,6477.51,22.47,870.43,85.88235294,56.53594771,79.47712418
77373,18,120,241.42,9.08,23.33,1.830065359,9.54248366,3.529411765
77373,18,120,410.83,8.19,25.44,6.078431373,7.320261438,4.379084967
77373,18,120,6955.26,27.81,919.91,89.47712418,93.39869281,82.2875817
77373,18,90,2121.16,22.77,175.58,26.53594771,59.34640523,20.26143791
77373,18,95,551.87,5.03,10.11,12.94117647,0.392156863,0.784313725
77373,18,120,261.47,8.4,30.88,2.287581699,7.973856209,5.947712418
77373,18,120,4632.17,23.04,733.77,62.41830065,61.89542484,70.91503268
77373,18,120,200.04,8.57,23.19,1.045751634,8.62745098,3.39869281
77373,18,120,283.84,6.41,34.02,2.679738562,2.156862745,7.843137255
77373,18,120,2104.73,23.36,442.75,26.40522876,64.37908497,44.70588235
77373,18,120,6348.64,28.4,1452.19,84.44444444,94.96732026,96.92810458
77373,18,120,4702.35,26.89,1058.61,63.59477124,89.93464052,88.69281046
77373,18,120,459.23,6.2,25.63,10,1.568627451,4.509803922
77373,18,120,6452.12,24.43,866.99,85.4248366,71.56862745,79.28104575
77373,18,120,5534.23,42.29,640.02,75.35947712,99.41176471,63.59477124
77373,18,120,7142.68,22.85,1032.96,90.98039216,60.26143791,87.7124183
77373,18,120,7293.12,22.46,1038.08,91.69934641,56.14379085,87.90849673
77373,18,90,998.76,17.83,96.54,17.12418301,19.60784314,17.05882353
77373,18,120,7395.1,21.85,1135.11,92.22222222,50.06535948,91.76470588
77373,18,120,544.18,9.48,42.56,12.81045752,10.13071895,11.83006536
77373,18,120,7901.61,26.71,1431.24,94.70588235,88.95424837,96.40522876
77373,18,90,3323.75,24.26,402.78,42.22222222,70.13071895,40.32679739
77373,18,120,2779.11,40.84,448.75,35.94771242,97.45098039,45.62091503
77373,18,120,2149.72,23.97,287.21,27.05882353,68.16993464,30.26143791
77373,18,90,607.05,15.27,49.16,13.85620915,17.25490196,13.52941176
77373,18,90,4589.1,21.37,551.64,61.56862745,44.70588235,56.53594771
77373,18,85,3226.45,23.3,516.74,40.98039216,64.11764706,53.00653595
77373,18,90,5576.81,24.64,877.12,76.07843137,73.92156863,79.93464052
77373,18,90,475.38,15.32,42.83,10.91503268,17.32026144,11.89542484
77373,18,90,3744.48,22.6,452.97,47.45098039,58.03921569,46.33986928
77373,18,90,5352.65,26.68,718.94,72.74509804,88.82352941,70.26143791
77373,18,90,5344.74,27.66,772.42,72.67973856,93.07189542,73.66013072
77373,18,120,3748.53,22.59,444.19,47.51633987,57.90849673,44.96732026
77373,18,120,6255.69,26.42,1135.78,83.59477124,87.38562092,91.83006536
77373,18,90,343.28,7.99,31.24,4.379084967,6.732026144,6.405228758
77373,18,120,2230.99,26.89,521.74,27.84313725,89.93464052,53.85620915
77373,18,90,648.66,13.82,77.95,14.77124183,15.75163399,15.68627451
77669,20,116,6619.22,21.11,989.63,88.94009217,38.52534562,90.96774194
77669,20,105,4310.57,20.01,632.71,64.42396313,26.359447,70.78341014
77669,20,91,6848.54,24.87,1155.55,90.96774194,84.51612903,94.74654378
77669,20,99,3637.97,23.57,414.57,46.9124424,72.16589862,39.17050691
77669,20,80,3624.38,26.17,488.85,46.17511521,93.73271889,53.82488479
77669,20,90,3547.63,22.59,519.76,42.76497696,58.80184332,58.70967742
77669,20,120,6512.67,24.26,859.33,88.20276498,79.44700461,86.26728111
77669,20,80,4544.15,22.43,594.39,69.21658986,57.23502304,67.28110599
77669,20,90,3638.38,22.8,434.13,47.00460829,61.84331797,43.31797235
77669,20,76,2739.05,19.16,277.29,21.84331797,19.07834101,17.41935484
77669,20,90,9047.09,25.39,1407.49,98.89400922,88.57142857,98.89400922
77669,20,90,6721.49,24.57,954.53,89.76958525,81.93548387,89.95391705
77669,20,90,5417.61,25.28,735.04,80.55299539,88.11059908,78.89400922
77669,20,90,4096.39,19.73,587.63,59.17050691,24.51612903,66.5437788
77669,20,105,2937.99,23.49,361.93,27.09677419,71.15207373,29.86175115
77669,20,90,3858.6,19.14,586.91,53.1797235,18.70967742,66.17511521
77669,20,75,874.58,13.36,90.47,6.359447005,5.622119816,6.175115207
77669,20,78,5277.9,25.55,805.11,79.26267281,90.32258065,83.41013825
77669,20,100,2225.34,21.5,324.56,15.11520737,43.04147465,22.94930876
77669,20,110,4590.47,26.57,552.96,70.50691244,95.11520737,62.67281106
77669,20,105,2983.63,24.94,350.33,28.47926267,84.97695853,27.55760369
77669,20,120,6765.19,22.67,978.71,90.04608295,59.9078341,90.69124424
77669,20,90,3760.69,24.55,507.68,50.50691244,81.65898618,56.86635945
77669,20,90,5828.53,24.27,863.88,83.31797235,79.63133641,86.6359447
77669,20,90,6919.89,25,889.13,91.52073733,85.52995392,88.20276498
77669,20,70,2757.88,18.74,272.4,22.30414747,16.22119816,16.68202765
77669,20,90,8097.59,22.53,1163.86,96.58986175,58.06451613,95.02304147
77669,20,123,7948.6,23.2,1224.34,95.76036866,67.00460829,95.94470046
77669,20,110,2974.66,21.21,378.67,27.92626728,39.53917051,32.62672811
77669,20,90,5459.88,23.79,825.35,81.10599078,74.37788018,84.51612903
77669,20,110,3139.83,25.48,371.49,31.15207373,89.67741935,31.24423963
77669,20,90,4292.26,26.87,616.18,63.50230415,96.40552995,69.40092166
77669,20,100,4745.46,25.31,606.71,73.2718894,88.38709677,68.01843318
77669,20,110,3971.58,21.9,510.3,56.40552995,49.12442396,57.32718894
77669,20,90,5977.42,22.89,788.82,84.05529954,63.41013825,82.11981567
77669,20,90,5220.35,25.68,787.75,78.52534562,90.87557604,81.93548387
77669,20,90,4226.36,21.45,556.9,62.02764977,42.30414747,63.13364055
77669,20,110,4106.99,22.07,536.74,59.35483871,51.52073733,60.73732719
77669,20,100,8889.39,24.01,1092.89,98.52534562,76.58986175,93.4562212
77669,20,110,5721.71,24.36,814.87,83.13364055,80.1843318,83.87096774
77669,20,105,10524.62,22.81,1803.29,99.9078341,62.02764977,99.9078341
77669,20,100,9947.54,23.64,1410.46,99.44700461,73.0875576,99.07834101
77669,20,77,2965.36,24.22,336.77,27.55760369,78.98617512,24.60829493
77669,20,95,3783.97,21.73,495.63,51.24423963,46.4516129,55.02304147
77669,20,70,1739.81,14.86,153.4,10.87557604,7.281105991,8.294930876
77669,20,100,3709.04,26.53,457.07,49.03225806,94.93087558,48.01843318
77669,20,104,9016.24,25.78,1409.78,98.80184332,91.61290323,98.98617512
77669,20,90,9673.75,23.85,1624.78,99.26267281,75.39170507,99.7235023
78554,18,120,3930,25.37,528.06,50.8496732,80.32679739,54.44444444
78554,18,90,2902.82,18.65,338.3,37.7124183,21.89542484,34.77124183
78554,18,95,8863.22,25.92,1201.72,97.77777778,83.52941176,93.07189542
78554,18,90,7376.15,23,1061.39,92.09150327,61.11111111,88.82352941
78554,18,120,1719.89,16.79,205.98,22.35294118,18.23529412,23.1372549
78554,18,90,8736.1,26.16,1242.26,97.45098039,85.4248366,93.85620915
78554,18,120,495.51,11.35,32.04,11.76470588,12.67973856,6.732026144
78554,18,120,6139.17,24.58,798.46,81.96078431,73.39869281,75.49019608
78554,18,120,5106.92,42.22,564.85,69.34640523,99.01960784,57.58169935
78554,18,120,2669.34,40.8,455.33,33.39869281,97.12418301,46.79738562
78554,18,120,5857.28,40.81,893.84,79.28104575,97.25490196,80.98039216
78554,18,90,8669.23,26.27,1250.9,97.18954248,86.40522876,93.9869281
78554,18,85,2033.93,19.56,180.21,25.75163399,26.40522876,20.78431373
78554,18,90,8619.19,23.42,1230.79,97.12418301,65.16339869,93.66013072
78554,18,90,3062.66,19.01,335.44,39.21568627,23.00653595,34.18300654
78554,18,90,3872.47,19.29,395.64,49.21568627,24.44444444,39.93464052
78554,18,90,4312.01,19.83,457.52,56.20915033,28.23529412,47.05882353
78554,18,90,3816.9,21.35,434.42,48.43137255,44.50980392,43.85620915
78554,18,90,3155.85,24.7,353.02,40,74.31372549,35.81699346
78554,18,100,9444.93,27.11,1203.97,98.75816993,90.91503268,93.20261438
78554,18,120,5290.36,25.38,635.73,71.76470588,80.39215686,63.07189542
78554,18,90,3506.35,19.11,433.88,43.85620915,23.33333333,43.66013072
78554,18,95,8064.75,24.69,1220.78,95.16339869,74.11764706,93.46405229
78554,18,90,3813.93,18.84,487.53,48.36601307,22.35294118,50.52287582
78554,18,90,2333.41,18.01,193.25,29.08496732,19.93464052,22.22222222
78554,18,120,6441.07,24.79,773.29,85.35947712,75.29411765,73.85620915
78554,18,105,10352.08,22.54,1552.3,99.47712418,57.38562092,97.90849673
78554,18,120,4386.87,22.96,503.93,57.90849673,60.91503268,51.83006536
78554,18,120,3956.37,21.84,443.57,51.4379085,49.80392157,44.90196078
78554,18,150,8512.34,22.53,1161.48,96.8627451,57.32026144,92.15686275
78554,18,120,4597.47,19.37,549.59,61.83006536,24.96732026,56.40522876
78554,18,120,5514.59,20.33,737.13,74.96732026,32.15686275,71.11111111
78554,18,120,4981.68,20.81,596.5,67.45098039,37.38562092,59.80392157
78554,18,90,3405.6,23.17,394.31,42.94117647,62.94117647,39.80392157
78554,18,90,7203.91,21.68,1013.2,91.37254902,47.84313725,86.73202614
78554,18,90,1494.64,17.07,168.44,20.45751634,18.49673203,19.73856209
78554,18,120,319.85,18.54,59.33,3.333333333,21.24183007,14.50980392
78554,18,90,6566.73,25.6,963.35,86.53594771,81.96078431,84.05228758
78554,18,120,1830.59,18.65,342.44,23.52941176,21.89542484,34.96732026
78554,18,90,1083.43,19.69,158.77,17.51633987,27.05882353,18.95424837
78554,18,120,5057.11,24.12,755.53,68.69281046,69.08496732,72.61437908
78554,18,120,4418.97,25.6,622.27,58.49673203,81.96078431,62.09150327
78554,18,120,1839.66,19.4,344.64,23.66013072,25.22875817,35.22875817
78554,18,120,384.26,5.87,45.36,5.424836601,1.241830065,12.54901961
78554,18,120,1514.23,20.02,231.7,20.58823529,29.28104575,25.35947712
78554,18,120,1722.18,18.83,343.21,22.48366013,22.2875817,35.09803922
78554,18,120,1374.6,19.01,163.88,19.73856209,23.00653595,19.21568627
78554,18,90,4379.88,23.26,641.5,57.77777778,63.7254902,63.92156863
78554,18,120,5936.67,25.5,702.98,79.86928105,81.24183007,68.88888889
78554,18,90,8533.53,22.89,1192.96,96.92810458,60.45751634,92.61437908
78554,18,120,1762.36,19.49,175.59,23.07189542,25.88235294,20.32679739
78554,18,90,9256.9,24.12,1245.38,98.36601307,69.08496732,93.92156863
78554,18,120,5216.01,21.64,652.8,70.8496732,47.18954248,64.77124183
78554,18,120,4357.09,19.41,504.78,57.12418301,25.35947712,52.02614379
78554,18,120,2476.89,19.17,260.46,30.58823529,23.66013072,27.77777778
78554,18,120,4919.24,22.28,695.57,66.60130719,54.37908497,68.30065359
78554,18,120,5836.79,23,676.44,79.08496732,61.11111111,66.40522876
78554,18,90,1157.82,18.47,92.63,17.97385621,20.98039216,16.79738562
79189,19,90,450.13,8.1,44.79,2.950819672,2.62295082,2.950819672
79189,19,100,207.72,7.26,11.24,1.639344262,1.967213115,1.967213115
79189,19,75,3973.78,14.14,475.28,18.68852459,4.590163934,16.06557377
79413,20,80,4955.66,23.26,2772.07,75.76036866,67.92626728,100
79413,20,105,2789.23,21.73,313.42,23.41013825,46.4516129,21.38248848
79413,20,78,4166,20.95,536.25,60.55299539,36.03686636,60.55299539
79413,20,75,757.14,12.92,68.88,4.792626728,4.423963134,4.239631336
79413,20,123,6650.49,27.16,871.77,89.21658986,97.14285714,87.37327189
79413,20,110,4534.62,26.11,484.09,68.84792627,93.2718894,52.81105991
79413,20,105,3030.78,21.81,338.34,29.12442396,47.83410138,25.25345622
79413,20,70,2544.65,21.27,260.48,18.70967742,40.2764977,15.57603687
79421,20,105,2907.11,19.48,334.29,26.08294931,21.84331797,24.14746544
79421,20,105,4272.67,18.11,589.13,63.04147465,12.62672811,66.7281106
79421,20,100,4787.66,23.87,509.84,74.00921659,75.57603687,57.14285714
79421,20,116,2001.28,19.95,259.5,13.4562212,25.99078341,15.48387097
79421,20,99,3559.01,18.5,339.83,43.13364055,14.93087558,25.62211982
79421,20,123,5536.31,20.89,781.01,81.65898618,35.39170507,81.75115207
79421,20,78,2781.09,21.01,429.35,23.04147465,37.41935484,41.93548387
79421,20,75,787.88,11.96,76.39,5.161290323,3.133640553,4.792626728
79421,20,110,4307.73,24.28,499.07,64.14746544,79.7235023,55.66820276
79421,20,105,2848.53,21.05,290.46,24.51612903,38.06451613,18.80184332
79421,20,120,4037.42,19.04,483.42,57.60368664,17.97235023,52.71889401
79421,20,80,4463.54,22.76,760.24,67.37327189,61.01382488,80.82949309
80052,20,95,3477.58,21.53,407.45,40.55299539,43.77880184,37.97235023
80052,20,105,4058.53,20.09,482.03,58.06451613,27.09677419,52.44239631
80052,20,100,2856.27,18.2,265.6,24.79262673,12.90322581,16.12903226
80052,20,104,3351.67,23.09,447.96,36.77419355,66.08294931,46.08294931
80052,20,120,4791.15,20.66,544.82,74.19354839,32.90322581,61.47465438
80052,20,105,2924.48,21.87,273.39,26.6359447,48.66359447,16.77419355
80052,20,110,4036.39,24.51,433.14,57.51152074,81.01382488,43.04147465
80052,20,100,1850.94,19.36,206.83,11.79723502,20.73732719,11.05990783
80052,20,80,3171.07,21.56,334.52,32.16589862,44.23963134,24.23963134
80052,20,78,4275.16,23.49,468.47,63.31797235,71.15207373,50.50691244
80052,20,75,869.65,10.63,85.16,6.267281106,2.396313364,5.714285714
80052,20,90,2925.39,22.51,410.59,26.7281106,57.97235023,38.61751152
80052,20,90,4895.04,19.71,629.27,75.20737327,24.33179724,70.23041475
80052,20,76,2633.49,18,315.94,20,12.16589862,21.56682028
80052,20,90,1579.17,23.34,198.29,9.953917051,69.12442396,10.41474654
80052,20,90,4066.56,22.31,681.41,58.34101382,55.29953917,74.47004608
80052,20,90,3564.68,19.15,504.3,43.59447005,18.80184332,56.49769585
80052,20,90,3420.15,19.34,499.8,38.24884793,20.46082949,55.76036866
80052,20,90,543.62,25.73,110.9,3.31797235,91.24423963,6.820276498
80052,20,90,3768.34,28.88,463.86,50.78341014,99.53917051,49.40092166
80052,20,90,4110.03,22.05,616.12,59.44700461,51.15207373,69.30875576
80052,20,90,218.84,4.71,6.64,2.396313364,0.184331797,0.368663594
80052,20,90,4394.28,22.21,740.23,66.359447,54.10138249,79.44700461
80052,20,90,4364.09,23.72,721.84,65.71428571,73.5483871,77.88018433
80052,20,90,3505.79,21.66,530.1,41.75115207,45.71428571,60.0921659
80052,20,90,1244.87,19.35,129.95,8.202764977,20.55299539,7.465437788
80052,20,70,2125.11,19.59,242.94,14.56221198,22.94930876,13.73271889
80052,20,90,1389.73,21.86,183.36,9.216589862,48.57142857,9.585253456
80052,20,110,4131.9,25.03,594.08,59.9078341,85.89861751,67.09677419
80052,20,90,199.79,6.78,7.91,2.119815668,1.013824885,0.921658986
80052,20,90,3563.47,23.82,490.97,43.50230415,75.02304147,54.28571429
80052,20,120,5992.84,23.39,700.85,84.42396313,69.76958525,76.03686636
80052,20,123,5828.82,20.47,735.15,83.41013825,30.87557604,78.98617512
80052,20,105,2982.49,21.74,313.51,28.38709677,46.8202765,21.47465438
80052,20,110,3914.93,25.78,512.41,54.28571429,91.61290323,57.51152074
80052,20,100,3721.1,22.1,381.93,49.40092166,52.16589862,33.3640553
80052,20,105,1265.17,20.03,156.31,8.294930876,26.5437788,8.755760369
80052,20,90,1243.56,9.47,42.47,8.110599078,2.211981567,2.949308756
80052,20,70,4152.59,22.81,481.97,60.2764977,62.02764977,52.35023041
80052,20,99,3578.63,19.92,316.97,44.14746544,25.71428571,21.75115207
80052,20,116,4598.03,20.01,573.07,70.78341014,26.359447,64.60829493
80052,20,100,4387.88,22.92,445.34,66.08294931,63.68663594,45.25345622
80052,20,110,2919.56,22.14,340.53,26.4516129,52.81105991,25.89861751
82566,20,100,2081.35,16.99,246.54,14.28571429,9.30875576,14.19354839
82566,20,105,2795.78,20.26,303.8,23.68663594,28.66359447,20.55299539
82566,20,110,3935.47,26.06,465.66,55.29953917,92.90322581,50.04608295
82566,20,120,4363.47,22.07,553.11,65.62211982,51.52073733,62.85714286
82566,20,104,142.22,12.21,9.82,0.737327189,3.686635945,1.198156682
82566,20,100,3490.45,20.63,384.82,41.10599078,32.44239631,34.28571429
82566,20,70,4032.74,21.72,472.36,57.41935484,46.26728111,50.87557604
82566,20,95,3590.54,20.3,435.13,44.70046083,29.12442396,43.50230415
82566,20,105,264.7,6.63,11.42,2.67281106,0.921658986,1.382488479
82566,20,90,3906.44,18.29,485.01,54.00921659,13.3640553,52.90322581
82566,20,101,4845.28,20.07,878.88,74.93087558,26.9124424,87.74193548
82566,20,100,4542.78,22.31,796.02,69.12442396,55.29953917,82.58064516
82566,20,90,3373.27,21.14,529.59,37.23502304,38.80184332,59.8156682
82566,20,90,295.16,8.11,13.07,2.764976959,1.658986175,1.843317972
82566,20,110,3490.15,20.87,398.74,40.92165899,35.02304147,36.49769585
82566,20,90,3448.98,22.86,374.81,39.63133641,62.67281106,31.79723502
82566,20,90,3743.42,22.17,464.27,49.86175115,53.2718894,49.58525346
82566,20,90,4629.47,24.15,624.99,71.52073733,78.15668203,69.95391705
82566,20,90,183.24,9.09,13.39,1.566820276,2.119815668,1.935483871
82566,20,90,477.58,7.17,30.77,3.041474654,1.105990783,2.857142857
82566,20,90,185.97,9.06,13.6,1.843317972,2.02764977,2.02764977
82566,20,90,3915.82,21.2,498.51,54.56221198,39.35483871,55.48387097
82566,20,73,2287.92,16.27,373.95,15.76036866,8.479262673,31.42857143
82566,20,90,4482.69,18.24,707.28,67.92626728,12.99539171,76.77419355
82566,20,90,3174.63,17.09,418.56,32.25806452,9.400921659,40.0921659
82566,20,80,3399.54,23.93,405.45,37.88018433,75.85253456,37.69585253
82566,20,99,3710.34,20.33,350.1,49.12442396,29.58525346,27.37327189
82566,20,116,1764.83,18.08,198.31,11.05990783,12.44239631,10.50691244
82566,20,100,4546.45,22.96,495.94,69.40092166,64.42396313,55.20737327
82566,20,90,3758.01,22.48,486.11,50.23041475,57.60368664,53.1797235
82566,20,105,3902.1,22.42,521.28,53.91705069,56.95852535,58.80184332
82566,20,90,135.68,12.12,7.63,0.64516129,3.410138249,0.737327189
82566,20,120,6122.13,20.43,753.07,85.52995392,30.50691244,80.1843318
82566,20,123,5241.95,26.08,680.96,78.70967742,93.1797235,74.37788018
82566,20,105,2976.06,21.9,359.03,28.11059908,49.12442396,29.30875576
82566,20,75,893,11.91,84.47,6.543778802,2.949308756,5.622119816
82566,20,78,3622.76,19.88,476.58,46.08294931,25.43778802,51.88940092
84651,20,90,6087.58,26.34,756.68,85.16129032,94.19354839,80.46082949
84651,20,91,6102.09,26.11,857.04,85.34562212,93.2718894,85.99078341
84651,20,80,3286.17,23.4,384.57,35.20737327,69.95391705,34.10138249
84651,20,90,3121.47,24.42,383.27,30.87557604,80.64516129,33.82488479
84651,20,80,4415.45,22.21,524,66.6359447,54.10138249,59.07834101
84651,20,70,2636.74,19.19,230.43,20.0921659,19.53917051,12.53456221
84651,20,101,4122.21,22.1,432.46,59.63133641,52.16589862,42.67281106
84651,20,100,4081.83,21.56,447.11,58.80184332,44.23963134,45.62211982
84651,20,90,3149.62,19.7,344.96,31.52073733,24.14746544,26.4516129
84651,20,90,2593.77,16.34,199.54,19.53917051,8.571428571,10.59907834
84651,20,90,3616.27,20.8,385.7,45.71428571,34.28571429,34.37788018
84651,20,76,2371.52,18.05,324.51,16.49769585,12.35023041,22.85714286
84651,20,73,2300.18,18.94,260.58,15.85253456,17.60368664,15.76036866
84651,20,90,6914.57,25.09,880.69,91.42857143,86.5437788,87.83410138
84651,20,90,3610.38,23.57,430.71,45.25345622,72.16589862,42.21198157
84651,20,90,3320.55,21.73,361.89,36.12903226,46.4516129,29.76958525
84651,20,90,3443.99,21.8,329.37,39.35483871,47.64976959,23.59447005
84651,20,90,5032.95,26.38,634.56,77.05069124,94.28571429,71.05990783
84651,20,90,3261.29,22.88,366.34,34.37788018,62.94930876,30.59907834
84651,20,90,3544.31,16.35,416.1,42.67281106,8.66359447,39.44700461
84651,20,90,6336.37,27.01,811.64,87.18894009,96.68202765,83.68663594
84651,20,90,4226.38,23.78,498.31,62.11981567,74.19354839,55.39170507
84651,20,90,3810.83,20.72,513.41,52.16589862,33.4562212,57.78801843
84651,20,120,6628.94,21.08,816.19,89.12442396,38.24884793,83.96313364
84651,20,100,1906.81,17.47,223.86,12.90322581,10.41474654,11.88940092
84651,20,90,8172.34,27.6,1147.5,97.14285714,98.24884793,94.37788018
84651,20,104,6293.38,25.41,910.14,86.7281106,89.03225806,88.94009217
84651,20,100,3207.19,22.85,347.28,32.99539171,62.48847926,26.5437788
84651,20,77,2901.68,22.77,337.14,25.80645161,61.10599078,24.70046083
84651,20,100,7761.04,26.94,933.01,95.11520737,96.58986175,89.58525346
84651,20,105,8210.41,25.9,1063.49,97.41935484,92.16589862,92.81105991
84651,20,110,4680.14,21.84,559.45,72.44239631,48.20276498,63.41013825
84651,20,100,5580.99,26.69,641.7,82.21198157,95.66820276,71.88940092
84651,20,90,3081.54,19.77,324.58,30.23041475,24.70046083,23.04147465
84651,20,92,8380.64,28.25,1149.37,97.88018433,98.80184332,94.47004608
84651,20,90,5645.28,27.72,748.47,82.67281106,98.43317972,80
84651,20,90,5313.54,28.29,672.18,79.53917051,98.89400922,74.10138249
84651,20,110,3477.02,21.21,363.92,40.46082949,39.53917051,30.23041475
84651,20,90,6539.19,25.63,853.38,88.38709677,90.50691244,85.71428571
84651,20,70,2877.94,19.26,348.77,25.06912442,19.9078341,27.09677419
84651,20,90,5099.99,24.7,618.69,77.88018433,83.31797235,69.67741935
84651,20,90,7501.55,26.42,998.22,94.10138249,94.47004608,91.33640553
84651,20,90,3396.43,21.11,417.54,37.78801843,38.52534562,39.8156682
84651,20,110,2382.48,20.04,279.99,17.05069124,26.7281106,17.78801843
84651,20,90,3671.79,24.56,463.97,48.11059908,81.75115207,49.49308756
84978,19,90,4647.23,21.07,619.61,30.49180328,30.16393443,41.31147541
84978,19,90,5118.77,26.14,577.62,40.98360656,91.80327869,29.83606557
84978,19,90,5539.28,20.93,578.48,57.70491803,26.8852459,30.16393443
84978,19,75,4712.6,22.6,575.11,32.13114754,55.73770492,29.18032787
84978,19,120,5665.68,23.18,818.72,64.59016393,62.62295082,69.50819672
84978,19,120,8453.91,24.9,1011.33,97.37704918,81.63934426,90.16393443
84978,19,100,5161.46,23.79,753.24,42.62295082,71.80327869,60.32786885
84978,19,90,7898.45,25.03,1145.4,91.14754098,83.27868852,95.40983607
84978,19,90,5917.91,22.91,754.17,70.16393443,60,60.6557377
84978,19,90,817.68,16.39,45.75,3.93442623,6.229508197,3.606557377
84978,19,70,5427.33,24.23,688.83,51.80327869,75.40983607,52.13114754
84978,19,90,5532.09,21.66,617.98,56.72131148,38.03278689,40.98360656
84978,19,90,5575.47,18.85,667.83,59.01639344,13.1147541,49.83606557
84978,19,90,5126.61,21.64,663.71,41.63934426,37.37704918,49.18032787
84978,19,90,4142.84,18.21,568.81,21.31147541,11.47540984,26.55737705
84978,19,100,8373.28,24.74,1166.81,96.72131148,80.32786885,96.06557377
84978,19,100,6062.59,21.28,900.66,72.13114754,32.45901639,80.6557377
86632,20,90,3161.9,21.27,445.7,32.07373272,40.2764977,45.43778802
86632,20,73,2275.48,17.47,246.57,15.66820276,10.41474654,14.28571429
86632,20,90,1519.78,20.22,189.18,9.769585253,28.20276498,9.953917051
86632,20,90,3532.96,21.22,410.61,42.48847926,39.7235023,38.70967742
86632,20,90,3639.31,20.76,459.15,47.09677419,33.82488479,48.47926267
86632,20,90,2930.11,23.37,325.8,27.00460829,69.40092166,23.22580645
86632,20,100,3463.97,19.62,348.73,39.9078341,23.31797235,27.00460829
86632,20,90,3439.89,21.7,394.52,38.98617512,46.17511521,35.94470046
86632,20,90,3232.25,20.3,334.79,33.4562212,29.12442396,24.33179724
86632,20,90,2248.78,18.66,241.99,15.39170507,15.76036866,13.4562212
86632,20,90,3627.39,18.44,454.91,46.26728111,14.47004608,47.46543779
86632,20,90,227.63,5.64,7.68,2.580645161,0.276497696,0.829493088
86632,20,104,2725.87,22.79,380.15,21.75115207,61.56682028,33.0875576
86632,20,90,1154.53,20.2,157.96,7.649769585,28.01843318,8.847926267
86632,20,120,5545.23,22.64,596.92,81.93548387,59.44700461,67.46543779
86632,20,105,3051.07,23.26,306.7,29.30875576,67.92626728,20.64516129
86632,20,110,4549.11,23.52,467.26,69.58525346,71.52073733,50.13824885
86632,20,90,594.69,19.5,54.86,3.594470046,22.21198157,3.225806452
86632,20,70,3056.16,23.33,284.12,29.67741935,69.03225806,18.34101382
86632,20,90,175.08,10.78,11.64,1.013824885,2.580645161,1.474654378
86632,20,110,949.38,14.97,98.91,7.096774194,7.557603687,6.359447005
86632,20,90,3921.82,23.04,431.54,54.93087558,65.43778802,42.30414747
86632,20,90,1818.63,20.34,275.64,11.52073733,29.67741935,17.05069124
86632,20,92,2646.68,23.28,317.2,20.46082949,68.29493088,21.84331797
86632,20,90,2148.84,19.54,233.25,14.74654378,22.58064516,12.90322581
86632,20,110,1380.73,16.19,195.65,9.032258065,8.387096774,10.23041475
86632,20,100,4211.48,22.53,476.44,61.56682028,58.06451613,51.70506912
86632,20,110,2307.37,17.54,278.76,15.94470046,10.78341014,17.60368664
86632,20,105,2819.4,22.59,382.97,23.96313364,58.80184332,33.73271889
86632,20,100,3291.39,22.2,434.55,35.39170507,53.91705069,43.41013825
86632,20,77,3157.95,21.74,317.54,31.98156682,46.8202765,21.93548387
86632,20,95,3426.83,22.99,377.76,38.52534562,64.88479263,32.35023041
86632,20,70,3899.08,22.05,508.22,53.82488479,51.15207373,57.05069124
86632,20,100,1844.17,21.1,196.38,11.70506912,38.43317972,10.32258065
86632,20,78,4332.08,18.88,541.65,64.97695853,16.95852535,61.01382488
86632,20,75,764.6,14.01,68.05,4.976958525,6.543778802,4.055299539
86632,20,105,3052.92,20.99,331.77,29.40092166,37.05069124,23.68663594
86632,20,123,8069.7,22.2,932.84,96.31336406,53.91705069,89.40092166
86632,20,120,6018.41,20.64,704.76,84.70046083,32.53456221,76.40552995
86632,20,105,4433.3,20.96,490.84,66.8202765,36.22119816,54.19354839
86632,20,110,2711.53,23.85,271.94,21.29032258,75.39170507,16.58986175
86632,20,100,4483.52,20.2,451.86,68.01843318,28.01843318,47.00460829
86632,20,116,4252.11,21.75,474.69,62.76497696,47.09677419,51.33640553
86632,20,80,2725.35,19.28,289.97,21.65898618,20.0921659,18.61751152
86632,20,99,3224.11,19.28,249.1,33.2718894,20.0921659,14.65437788
86632,20,74,3612.66,19.02,248.52,45.43778802,17.78801843,14.56221198
86632,20,101,4330.81,20.65,438.41,64.88479263,32.81105991,44.14746544
86632,20,100,3912.37,21.64,395.97,54.19354839,45.43778802,36.31336406
86632,20,90,3121.62,20.54,337.56,30.96774194,31.15207373,24.88479263
86632,20,90,1272.87,14.64,130.62,8.479262673,6.912442396,7.557603687
87353,19,90,5162.54,21.55,611.86,42.95081967,36.39344262,39.3442623
87353,19,100,8044.3,23.23,1144.78,93.44262295,63.93442623,95.08196721
87353,19,90,4881.6,21.89,646.09,36.72131148,41.63934426,44.91803279
87353,19,70,5189.56,22.46,669.77,43.93442623,53.1147541,50.49180328
87353,19,100,4934.9,25.91,593.38,38.36065574,89.50819672,34.42622951
87353,19,90,2051.72,20.04,253.65,7.540983607,20.32786885,8.196721311
87353,19,95,6166.23,21.7,803.79,74.42622951,38.68852459,67.86885246
87353,19,100,5746.32,23.09,776.21,66.2295082,61.63934426,63.60655738
87353,19,120,8278.44,25.39,1100.29,95.73770492,85.90163934,94.42622951
87353,19,120,6763.41,22.9,873.34,81.31147541,59.67213115,76.72131148
87353,19,90,6817.79,23.98,889.83,82.29508197,72.45901639,79.67213115
87353,19,90,4213.63,21.46,582.12,22.29508197,35.08196721,31.14754098
87353,19,90,4723.66,23.5,2685.77,32.78688525,67.54098361,100
87353,19,90,5637.73,21.45,741.86,63.27868852,34.75409836,59.3442623
87353,19,75,3524.47,23.21,397,13.44262295,63.60655738,11.14754098
87353,19,90,5407.21,27.6,643.96,51.47540984,98.03278689,44.59016393
89246,21,111,3672.64,26.93,590.29,53.75375375,92.49249249,66.06606607
89246,21,95,3581.47,25.03,556.39,51.35135135,80.78078078,61.26126126
89246,21,120,4002.91,23.17,594.24,60.96096096,60.36036036,66.66666667
89246,21,110,4261.75,22.69,659.7,66.96696697,55.25525526,73.57357357
89246,21,100,7516.49,25.71,1268,98.1981982,84.68468468,97.2972973
89246,21,95,2288.3,17.62,303.66,17.11711712,13.81381381,21.62162162
89246,21,120,3857.05,23.37,654.94,57.95795796,63.36336336,72.97297297
89246,21,83,2718.75,21.27,349.86,27.02702703,41.44144144,29.12912913
89246,21,90,4067.27,25.93,767.81,62.46246246,87.38738739,81.38138138
89246,21,83,1847.14,19.26,252.02,10.81081081,21.62162162,14.11411411
89246,21,108,5730.33,26.52,1017.58,91.59159159,89.48948949,90.99099099
89246,21,75,2836.02,21.6,394.67,31.23123123,47.14714715,36.03603604
89246,21,93,7953.45,27.03,1420.69,99.0990991,93.39339339,97.8978979
89246,21,100,1930.86,25.54,347.56,11.71171171,84.08408408,27.92792793
89246,21,120,4835.15,21.84,815.95,80.18018018,48.94894895,84.38438438
89246,21,109,5154.4,27.37,847.86,85.88588589,94.59459459,85.58558559
89246,21,70,2418.4,24.01,360.91,20.72072072,72.97297297,30.33033033
89246,21,78,3166.65,21.55,477.29,38.43843844,45.94594595,48.94894895
89246,21,109,6825.79,26.52,1198.34,97.5975976,89.48948949,96.6966967
89246,21,105,4365.53,25.61,727.69,71.17117117,84.38438438,78.07807808
89246,21,104,9777.45,26.78,1645.28,100,90.69069069,99.3993994
89246,21,97,3130.6,22.7,466.91,36.93693694,55.55555556,47.14714715
89246,21,94,4317.22,21.35,663.86,68.46846847,42.64264264,74.17417417
89246,21,120,4653.04,23.48,752.23,75.37537538,66.36636637,80.18018018
89246,21,105,6624.66,28.33,1216.03,96.996997,96.996997,96.996997
89246,21,97,5399.3,25.91,1026.6,90.09009009,86.48648649,91.89189189
89246,21,87,3823.96,23.41,626.39,57.05705706,64.86486486,70.57057057
89246,21,107,3462.45,26.84,604.25,46.54654655,91.29129129,68.16816817
89246,21,100,4230.74,20.35,781.95,66.06606607,28.82882883,82.58258258
89246,21,106,6263.15,27.81,1055.94,95.4954955,95.7957958,93.09309309
89246,21,106,6229.62,26.86,1104.3,95.1951952,91.89189189,95.4954955
89246,21,111,5768.62,25.78,1084.44,92.49249249,85.58558559,94.59459459
89246,21,108,6111.97,26.99,1114.33,93.39339339,92.79279279,95.7957958
89246,21,110,6696.55,26.67,1171.04,97.2972973,90.09009009,96.3963964
89246,21,75,2405.76,18.49,254.45,20.42042042,17.71771772,14.71471471
89246,21,75,2144.36,23.41,284.83,13.81381381,64.86486486,18.31831832
89246,21,112,6133.16,25.92,1076.24,93.99399399,87.08708709,93.99399399
89246,21,111,4783.32,26.37,836.4,78.97897898,88.58858859,85.28528529
89246,21,112,9283.96,28.79,1604.68,99.6996997,97.2972973,99.0990991
89246,21,115,8797.94,27.89,1466.54,99.3993994,96.0960961,98.4984985
89246,21,75,5538.99,25.26,568.77,90.69069069,81.98198198,63.96396396
89246,21,75,3327.89,22.01,341.97,42.34234234,50.45045045,27.32732733
89246,21,75,5054.35,26.99,604.13,84.08408408,92.79279279,67.86786787
89246,21,75,4691.81,26.3,479.29,76.57657658,88.28828829,49.24924925
89568,18,120,6704.58,26.45,1026.54,87.58169935,87.58169935,87.38562092
89568,18,120,6213.91,25.06,967.34,82.94117647,77.64705882,84.24836601
89568,18,120,7968.42,24.75,1403.62,94.90196078,74.96732026,95.88235294
89568,18,120,2580.94,20.35,269.97,32.22222222,32.48366013,28.88888889
89568,18,120,5763.02,21.94,932.7,78.49673203,51.11111111,82.87581699
89568,18,120,2853.91,22.48,377.71,37.05882353,56.60130719,37.64705882
89568,18,90,1975.52,22.82,345.42,24.90196078,60.06535948,35.35947712
89568,18,120,2609.74,21.53,468.63,32.61437908,45.94771242,48.82352941
89568,18,120,5563.82,22.09,849.27,75.81699346,52.41830065,78.16993464
89568,18,120,5792.53,20.53,776.94,78.75816993,34.44444444,74.31372549
89568,18,90,2104.33,21.86,335.86,26.33986928,50.32679739,34.24836601
89568,18,120,4611.63,21.86,621.53,62.15686275,50.32679739,61.89542484
89568,18,120,6137.31,20.68,907.24,81.89542484,36.20915033,81.69934641
89568,18,90,370.32,19.08,63.34,5.032679739,23.1372549,14.64052288
89568,18,90,3779.85,22.12,590.96,47.77777778,52.81045752,59.28104575
89568,18,120,3482.48,40.69,471.09,43.59477124,96.53594771,49.01960784
89568,18,120,6165.65,40.72,561.01,82.35294118,96.66666667,57.12418301
89568,18,90,1074.61,21.07,128.53,17.45098039,40.52287582,17.64705882
89568,18,85,2735.68,22.72,389.63,35.22875817,59.08496732,39.08496732
89568,18,90,558.47,11.7,66.26,13.07189542,12.94117647,14.83660131
89568,18,120,298.3,8.53,36.12,2.875816993,8.431372549,8.954248366
89568,18,90,449.35,9.27,43.07,9.08496732,9.934640523,11.96078431
89568,18,90,359.39,6.16,37.16,4.575163399,1.503267974,9.607843137
89568,18,120,4147.16,23.18,774.9,53.7254902,63.07189542,74.11764706
89568,18,120,199.88,6.77,19.73,0.980392157,2.941176471,2.352941176
89568,18,120,3886.07,20.45,713.88,49.67320261,33.46405229,69.93464052
89568,18,120,5888.81,23.3,859.2,79.47712418,64.11764706,78.82352941
89568,18,120,5557.69,20.79,926.73,75.68627451,37.18954248,82.67973856
89568,18,120,6302.32,21.31,994.01,83.9869281,43.9869281,85.4248366
89568,18,150,5005.8,23.28,796.65,67.77777778,63.85620915,75.35947712
89568,18,120,434.81,8.24,38.46,7.843137255,7.516339869,10.45751634
89568,18,120,4258.89,23.65,521.76,54.90196078,66.66666667,53.92156863
89568,18,120,3182.68,21.19,349.3,40.39215686,42.67973856,35.55555556
89568,18,120,5605.92,25.5,679.4,76.60130719,81.24183007,66.79738562
89568,18,90,1750.33,20.09,153.62,22.81045752,30.19607843,18.49673203
89568,18,90,3876.82,19.32,562.2,49.34640523,24.5751634,57.45098039
89568,18,95,216.75,6.22,9.08,1.568627451,1.699346405,0.588235294
89568,18,95,1230.78,15.57,80.46,18.62745098,17.51633987,16.0130719
89568,18,90,3294.24,20.44,483.94,41.96078431,33.33333333,50.13071895
89568,18,120,5279.83,25.34,757.82,71.56862745,79.93464052,72.74509804
89568,18,90,4409.98,25.16,615.8,58.23529412,78.43137255,61.4379085
89568,18,120,3714.54,22.57,465.12,46.66666667,57.7124183,48.49673203
89568,18,90,3568.35,22.51,531.93,44.50980392,57.12418301,54.83660131
89568,18,90,2121.5,24.29,312.23,26.60130719,70.52287582,32.48366013
89568,18,90,2781.2,19.54,309.52,36.07843137,26.07843137,32.15686275
89568,18,90,4034.91,21.03,505.89,52.22222222,40.26143791,52.22222222
89568,18,90,4831.03,20.13,679,65.22875817,30.45751634,66.73202614
89568,18,90,4606.66,26.16,624.77,62.02614379,85.4248366,62.15686275
89568,18,100,3872.61,25.25,606.17,49.28104575,79.08496732,60.65359477
89568,18,120,325.48,7.52,33.65,3.725490196,5.22875817,7.581699346
89568,18,90,4278.46,21.67,774.41,55.62091503,47.58169935,74.05228758
89568,18,90,4436.81,24.95,660.97,58.88888889,76.53594771,65.35947712
89568,18,90,848.34,13.61,68.95,16.0130719,15.55555556,15.16339869
90013,18,120,5593.22,21.23,817.35,76.2745098,43.20261438,76.60130719
90013,18,120,5516.09,23.77,686.85,75.09803922,67.38562092,67.38562092
90013,18,90,4579.87,27.09,630.26,61.37254902,90.8496732,62.67973856
90013,18,120,2666.87,22.44,304.77,33.33333333,55.94771242,31.76470588
90013,18,90,4675.37,21.13,754.14,63.20261438,41.63398693,72.48366013
90013,18,90,4595.74,23.88,584.19,61.69934641,67.77777778,58.69281046
90013,18,90,999.34,12.92,82.27,17.25490196,14.77124183,16.2745098
90013,18,120,5994.94,27.64,1093.41,80.45751634,92.87581699,90.19607843
90013,18,90,5035.24,23.11,805.55,68.23529412,62.61437908,75.94771242
90013,18,120,1428.58,18.54,182.58,19.93464052,21.24183007,21.04575163
90013,18,120,5732.97,23.08,879.7,77.90849673,62.41830065,80
90013,18,120,1956.28,20.77,305.74,24.77124183,36.79738562,31.89542484
90013,18,120,4210.92,22.03,657.96,54.50980392,51.89542484,65.22875817
90013,18,120,1915.35,22.82,380.01,24.11764706,60.06535948,37.90849673
90013,18,120,4598.8,25.38,972.18,61.89542484,80.39215686,84.44444444
90013,18,120,5522.23,27.94,860.99,75.16339869,93.79084967,78.95424837
90013,18,90,1202.78,19.84,191.33,18.49673203,28.43137255,22.09150327
90013,18,120,1809.44,21.71,368.18,23.39869281,48.10457516,36.8627451
90013,18,90,1306.27,21.64,181.54,19.41176471,47.18954248,20.8496732
90013,18,150,6233.37,24.93,879.72,83.1372549,76.40522876,80.13071895
90013,18,120,5597.52,20.7,706.77,76.40522876,36.33986928,69.21568627
90013,18,120,4843,21.12,534.21,65.49019608,41.24183007,55.09803922
90013,18,120,3136.22,21.12,310.02,39.80392157,41.24183007,32.22222222
90013,18,120,6236.28,27.61,794.08,83.20261438,92.67973856,75.09803922
90013,18,90,2089.3,20.08,178.62,26.07843137,30.06535948,20.65359477
90013,18,90,3982.06,22.64,515.6,51.83006536,58.43137255,52.81045752
90013,18,95,170.78,4.89,7.12,0.653594771,0.261437908,0.196078431
90013,18,90,3717.86,26.38,515.7,46.8627451,87.25490196,52.87581699
90013,18,95,922.73,14.62,47.7,16.47058824,16.79738562,13.1372549
90013,18,90,3173.92,21.68,450.25,40.13071895,47.84313725,46.0130719
90013,18,120,4754.7,22.36,585.87,63.9869281,54.90196078,58.82352941
90013,18,120,6040.61,27.74,750.38,80.98039216,93.20261438,72.09150327
90013,18,120,3803.42,22.42,426.6,48.30065359,55.55555556,42.48366013
90013,18,100,858.62,14.26,88.74,16.07843137,16.20915033,16.60130719
90013,18,90,4185.4,27.24,530.37,54.11764706,91.37254902,54.64052288
90013,18,90,5443.44,22.03,708.98,74.05228758,51.89542484,69.47712418
90013,18,90,2324.03,20.98,286.25,29.01960784,39.67320261,30.06535948
90013,18,90,245.91,8.4,8.88,1.960784314,7.973856209,0.522875817
90013,18,90,5041.86,23.46,820.67,68.43137255,65.4248366,76.92810458
90013,18,90,4762.6,26.66,585.68,64.05228758,88.62745098,58.75816993
90013,18,85,2264.5,20.82,245.68,28.30065359,37.7124183,26.40522876
90013,18,90,4383.69,19.81,476.75,57.84313725,28.03921569,49.41176471
90013,18,90,4685.77,22.5,635.52,63.39869281,56.79738562,63.00653595
90013,18,90,500,14.49,39.73,11.96078431,16.53594771,10.98039216
90013,18,120,7399.78,40.92,1048.8,92.2875817,98.49673203,88.49673203
90013,18,120,2685.53,40.85,450.16,33.92156863,97.77777778,45.94771242
90013,18,90,3828.97,23.2,562.88,48.69281046,63.20261438,57.51633987
90013,18,120,5408.5,20.03,829.45,73.59477124,29.47712418,77.32026144
90013,18,120,4540.3,21.77,536.81,60.39215686,48.75816993,55.55555556
90013,18,90,789.84,12.7,74.49,15.75163399,14.24836601,15.55555556
90013,18,120,5302.18,20.51,738.66,71.96078431,34.18300654,71.24183007
90013,18,120,6901.48,24.35,1003.59,89.1503268,71.11111111,86.20915033
90013,18,120,6061.79,28.03,846.11,81.17647059,93.92156863,77.97385621
90013,18,120,5324.1,42.43,655.86,72.2875817,99.73856209,65.09803922
90013,18,120,8136.78,23.56,1161.86,95.49019608,66.14379085,92.22222222
90013,18,120,2364.45,20.88,224.87,29.41176471,38.69281046,24.90196078
90013,18,90,1760.81,26.44,307.07,23.00653595,87.51633987,32.02614379
90639,18,90,1185.56,18.54,171.21,18.23529412,21.24183007,20.06535948
90639,18,90,2564.53,24.09,300.89,31.96078431,68.82352941,31.37254902
90639,18,120,2731.01,24.26,343.82,35.03267974,70.13071895,35.16339869
90639,18,90,1719.96,21.03,159.99,22.41830065,40.26143791,19.01960784
90639,18,120,5743.73,27.72,739.76,78.10457516,93.1372549,71.30718954
90639,18,90,1858.81,27.08,360.48,23.85620915,90.78431373,36.40522876
90639,18,120,4206.13,22.46,502.74,54.44444444,56.14379085,51.69934641
90639,18,120,3378.2,24.4,408.92,42.54901961,71.30718954,41.24183007
90639,18,120,2981.99,17.59,279.58,38.49673203,19.28104575,29.67320261
90639,18,120,2420.05,22.21,263.62,30.06535948,53.52941176,28.03921569
90639,18,120,6107.18,28.27,695.21,81.56862745,94.77124183,68.23529412
90639,18,90,3589.63,27.47,490.62,44.70588235,92.35294118,50.71895425
90639,18,120,4138.57,23.45,482.76,53.59477124,65.22875817,50
90639,18,120,6641.06,28.62,951.27,87.12418301,95.29411765,83.52941176
90639,18,90,4274.59,24.29,683.16,55.29411765,70.52287582,67.12418301
90639,18,120,2856.61,40.73,459.46,37.18954248,96.79738562,47.45098039
90639,18,90,4585.87,26,561.15,61.4379085,83.92156863,57.18954248
90639,18,120,5619.7,21.59,640.08,76.73202614,46.66666667,63.66013072
90639,18,120,6690.5,23.02,854.56,87.45098039,61.63398693,78.5620915
90639,18,120,5611.12,22.16,641.51,76.66666667,53.07189542,63.9869281
90639,18,150,7719.7,24.91,1000.05,93.52941176,76.20915033,86.07843137
90639,18,120,4434.48,21.38,424.49,58.75816993,44.77124183,42.2875817
90639,18,120,5082.73,21.55,548.67,68.82352941,46.20915033,56.2745098
90639,18,120,4120.84,25.02,433.01,53.07189542,77.32026144,43.52941176
90639,18,105,9005.33,25.94,1458.12,98.03921569,83.66013072,97.05882353
90639,18,120,6717.43,27.26,860.99,87.7124183,91.50326797,78.95424837
90639,18,90,1945.28,21.84,161.55,24.64052288,49.80392157,19.08496732
90639,18,90,3216.64,21.27,356.06,40.78431373,43.66013072,36.07843137
90639,18,90,3163.59,19.97,527.51,40.06535948,28.95424837,54.37908497
90639,18,90,4184.52,24.76,677.02,54.05228758,75.03267974,66.60130719
90639,18,85,2542.98,21.01,233.9,31.63398693,40,25.55555556
90639,18,90,3792.84,24.04,605.15,48.03921569,68.5620915,60.52287582
90639,18,90,4204.95,21.13,532.41,54.37908497,41.63398693,54.90196078
90639,18,95,6022.02,26.63,1028.64,80.71895425,88.43137255,87.51633987
90639,18,120,6198.81,40.89,897.33,82.74509804,98.16993464,81.30718954
90639,18,90,3744,20.65,505.53,47.38562092,35.68627451,52.09150327
90639,18,95,5359.9,27.04,747.04,72.87581699,90.65359477,71.69934641
90639,18,90,4635.76,20.67,554.47,62.54901961,35.94771242,56.73202614
90639,18,120,5588.37,27.82,668.68,76.20915033,93.46405229,66.0130719
90639,18,90,3677.91,21.26,428.07,46.0130719,43.59477124,42.67973856
90639,18,90,4277.27,25.91,468.84,55.49019608,83.46405229,48.88888889
90639,18,120,3519.66,23.05,437.81,44.05228758,62.09150327,43.92156863
90639,18,90,3601.88,22.29,497.71,44.90196078,54.50980392,51.11111111
90639,18,100,7063.84,27.15,1012.99,90.45751634,90.98039216,86.66666667
90639,18,90,4245.1,28.96,605.63,54.64052288,95.75163399,60.58823529
90639,18,90,4472.18,20.82,517.08,59.41176471,37.7124183,53.20261438
90639,18,90,1532.04,20.04,178.08,20.78431373,29.67320261,20.52287582
90639,18,90,6849.91,27.44,1064.47,88.75816993,92.22222222,89.01960784
90639,18,120,2731.91,21.95,291.12,35.09803922,51.30718954,30.45751634
90639,18,120,5050.21,21.94,715.69,68.62745098,51.11111111,70.06535948
90639,18,90,7097.66,24.84,998.3,90.65359477,75.62091503,85.75163399
90639,18,120,2609.03,20.6,208.23,32.48366013,35.09803922,23.39869281
90639,18,120,8739.7,23.81,1194.38,97.51633987,67.58169935,92.67973856
90639,18,120,5622.23,42.24,628.01,76.79738562,99.1503268,62.48366013
90639,18,120,6495.42,21.51,846.77,86.0130719,45.81699346,78.03921569
90639,18,120,1589.53,19.71,190.61,21.56862745,27.12418301,21.89542484
90639,18,90,6064.97,27.01,962.72,81.37254902,90.52287582,83.9869281
90639,18,120,6083.22,21.18,748.08,81.50326797,42.41830065,71.89542484
90639,18,90,2950.54,24.06,412.19,38.16993464,68.62745098,41.56862745
90639,18,120,7574.66,29.29,1123.99,92.94117647,95.88235294,91.30718954
90639,18,90,5108.95,26.45,691.82,69.41176471,87.58169935,67.77777778
90639,18,120,2255.12,20.89,276.34,28.23529412,38.88888889,29.41176471
90669,18,90,6031.06,24.7,1253.23,80.78431373,74.31372549,94.05228758
90669,18,120,1971.38,18.11,321.25,24.83660131,20.13071895,33.1372549
90669,18,90,1104.86,21.89,140.61,17.58169935,50.71895425,17.84313725
90669,18,120,5404.34,26.5,959.58,73.46405229,87.84313725,83.79084967
90669,18,90,3690.72,25.49,503.97,46.20915033,81.11111111,51.89542484
90669,18,150,8677.66,23.41,1411.12,97.25490196,64.83660131,95.94771242
90669,18,120,6866.26,20.59,1085.65,88.88888889,34.83660131,89.60784314
90669,18,120,6502.72,21.39,973.43,86.07843137,45.09803922,84.64052288
90669,18,120,5665.11,25.11,837.34,77.32026144,78.03921569,77.77777778
90669,18,90,2051.34,18.02,175.98,25.81699346,20,20.39215686
90669,18,120,4649.94,23.59,569.41,62.87581699,66.40522876,57.97385621
90669,18,120,4627.58,21.62,652.81,62.35294118,46.92810458,64.83660131
90669,18,120,3740.57,22.68,476.48,47.25490196,58.75816993,49.34640523
90669,18,120,5362.93,27.54,874.23,72.94117647,92.48366013,79.80392157
90669,18,120,1566.92,21.28,267.51,21.17647059,43.85620915,28.69281046
90669,18,120,1327.6,14.11,200.28,19.54248366,16.07843137,22.61437908
90669,18,120,2467.56,22.46,459.84,30.45751634,56.14379085,47.51633987
90669,18,120,2023.12,22.21,302.22,25.4248366,53.52941176,31.56862745
90669,18,90,8722.24,25.78,1654.02,97.38562092,82.94117647,98.69281046
90669,18,120,1394.72,21.42,207.89,19.80392157,45.35947712,23.33333333
90669,18,90,4843.39,24.62,875.03,65.55555556,73.52941176,79.86928105
90669,18,120,7019.1,28,1075.19,90,93.85620915,89.21568627
90669,18,90,9146.05,25.46,1595.22,98.30065359,80.8496732,98.30065359
90669,18,90,1557.1,20.17,183.31,21.04575163,30.91503268,21.24183007
90669,18,90,7231.89,26.09,1293.29,91.50326797,84.64052288,94.50980392
90669,18,120,3263.23,28.09,501.02,41.50326797,94.44444444,51.56862745
90669,18,120,5099.24,22.62,810.9,69.1503268,58.23529412,76.20915033
90669,18,90,10373.59,27,1825.73,99.54248366,90.45751634,99.54248366
90669,18,120,2689.24,21.33,295.67,34.11764706,44.24836601,30.91503268
90669,18,120,8742.53,26.79,1490.29,97.58169935,89.21568627,97.51633987
90669,18,120,5433.64,42.03,690.65,73.9869281,98.88888889,67.7124183
90669,18,120,7675.6,24.89,1422.12,93.39869281,76.07843137,96.14379085
90669,18,120,1433.06,19.5,150.61,20,25.94771242,18.36601307
90669,18,90,9321.53,28.07,1655.5,98.49673203,94.31372549,98.75816993
90669,18,120,1820.06,17.56,249.06,23.46405229,19.21568627,26.92810458
90669,18,90,9007.45,27.85,1566.07,98.10457516,93.52941176,98.23529412
90669,18,120,4859.88,23.69,703.03,66.0130719,66.92810458,68.95424837
90669,18,120,7120.2,27.33,1132.03,90.8496732,91.89542484,91.50326797
90669,18,90,4134.8,24.99,698.63,53.46405229,77.05882353,68.62745098
90669,18,120,2679.52,40.88,448.04,33.66013072,98.03921569,45.55555556
90669,18,120,566.7,13.01,28.8,13.26797386,14.96732026,5.22875817
90669,18,90,8761.46,26.14,1645.67,97.7124183,85.03267974,98.62745098
90669,18,85,3730.24,24.11,482.13,47.05882353,69.01960784,49.93464052
90669,18,90,1188.94,22.58,146.76,18.30065359,57.84313725,18.10457516
90669,18,90,9841.25,26.86,1839.22,99.1503268,89.67320261,99.67320261
90669,18,90,2724.08,20.81,336.97,34.90196078,37.38562092,34.44444444
90669,18,90,3701.36,26.43,548.71,46.33986928,87.45098039,56.33986928
90669,18,90,4665.03,26.24,650.39,63.07189542,86.07843137,64.5751634
90669,18,100,11982.59,24.87,2165.58,100,75.88235294,99.86928105
90669,18,90,1939.47,20.87,168.51,24.50980392,38.43137255,19.80392157
90669,18,120,4246.76,23.79,595.3,54.70588235,67.45098039,59.60784314
90669,18,90,4552.75,26.66,640.93,60.78431373,88.62745098,63.7254902
90669,18,120,6457.37,26.7,965.32,85.62091503,88.88888889,84.18300654
90669,18,90,3878.91,23,597.99,49.47712418,61.11111111,60.06535948
90669,18,90,5735.36,21.02,873.8,77.97385621,40.13071895,79.73856209
90669,18,95,9908.26,26.14,1752.11,99.34640523,85.03267974,99.34640523
90669,18,90,4126.64,21.97,667.99,53.33333333,51.4379085,65.88235294
90669,18,95,8032.23,24.24,1488.1,95.03267974,69.93464052,97.45098039
90669,18,90,4916.51,22.55,751.14,66.53594771,57.45098039,72.22222222
90669,18,120,6358.79,26.98,805.62,84.5751634,90.32679739,76.0130719
90669,18,90,8545.03,26.5,1560.13,96.99346405,87.84313725,98.10457516
94171,21,75,2608.33,22.09,279.96,24.32432432,51.35135135,17.11711712
94171,21,75,3125.14,20.2,334.44,36.63663664,27.32732733,26.42642643
94171,21,110,2340.69,22.27,297.18,18.91891892,52.55255255,20.12012012
94171,21,109,4377.94,22.83,792.12,71.47147147,56.45645646,82.88288288
94171,21,105,2753.46,22.46,474.11,27.92792793,53.45345345,48.64864865
94171,21,97,5331.43,24.51,872.08,88.88888889,76.27627628,87.38738739
94171,21,105,6163.91,27.07,1056.46,94.59459459,93.69369369,93.39339339
94171,21,104,1933.95,21.1,298.67,12.01201201,39.03903904,20.42042042
94171,21,97,3142.24,21.17,398.68,37.53753754,40.24024024,36.33633634
94171,21,94,3398.91,23.24,555.18,44.44444444,61.86186186,60.66066066
94171,21,95,4511.9,24.08,716.69,72.67267267,73.57357357,77.77777778
94171,21,120,4399.65,22.88,628.43,71.77177177,56.75675676,70.87087087
94171,21,110,3907.47,23.41,591.87,58.85885886,64.86486486,66.36636637
94171,21,100,6160.57,23.98,1081.53,94.29429429,72.37237237,94.29429429
94171,21,95,2256.64,20.41,279.06,16.81681682,29.72972973,16.81681682
94171,21,120,5666.12,21.99,1018.74,91.29129129,50.15015015,91.29129129
94171,21,83,2646.95,20.64,348.36,24.92492492,32.73273273,28.22822823
94171,21,90,4101.38,20.94,833.69,62.76276276,37.83783784,84.98498498
94171,21,83,3303.43,21.12,629.07,41.74174174,39.33933934,71.17117117
94171,21,108,4795.4,25.36,854.63,79.27927928,83.18318318,86.18618619
94171,21,120,4342.46,22.77,624.12,70.27027027,55.85585586,69.96996997
94171,21,78,3255.71,23.08,489.18,40.54054054,59.75975976,51.05105105
94171,21,106,2051.18,21.53,328.81,12.91291291,45.34534535,25.22522523
94171,21,106,2330.24,23.25,362.1,18.61861862,62.46246246,30.93093093
94171,21,100,4882.44,22.95,698.38,81.08108108,57.95795796,76.27627628
94171,21,107,2204.63,21.3,304.97,15.31531532,42.04204204,21.92192192
94171,21,87,3515.16,21.31,497.54,49.54954955,42.34234234,51.65165165
94171,21,70,2808.04,20.44,322.42,30.33033033,30.33033033,23.72372372
94171,21,109,2821.21,25.12,401.94,30.63063063,81.08108108,36.93693694
94171,21,120,5297.64,21.09,863.6,87.68768769,38.43843844,87.08708709
94171,21,100,3398.93,23.66,540.58,44.74474474,68.76876877,59.15915916
94171,21,75,2891.12,21.41,467.84,32.13213213,43.84384384,47.44744745
94171,21,75,5347.14,21.85,521.23,89.48948949,49.24924925,56.15615616
94171,21,75,4875.29,24.93,484.77,80.78078078,79.57957958,50.45045045
94171,21,75,4043.39,21.09,393.45,62.16216216,38.43843844,35.73573574
94171,21,75,5023.05,23.04,528.86,83.18318318,59.15915916,57.05705706
94221,19,120,6136.59,22.53,815.59,73.1147541,55.40983607,69.18032787
94221,19,120,7488.97,26.24,975.67,88.85245902,92.13114754,87.21311475
94221,19,100,5279.09,21.77,907.27,47.54098361,40,81.63934426
94221,19,100,9031.97,24.13,1331.59,99.67213115,75.08196721,98.36065574
94221,19,90,4302.83,22.35,661.9,24.91803279,51.80327869,48.52459016
94221,19,70,5221.25,23.66,781.9,45.57377049,70.16393443,64.91803279
94221,19,100,4685.94,25.82,595.04,31.47540984,88.52459016,35.08196721
94221,19,90,3215.47,17.14,233.31,11.80327869,7.540983607,7.868852459
94221,19,95,6138.81,21.84,853.22,73.44262295,40.98360656,73.1147541
94221,19,90,5660.57,21.91,762.03,63.93442623,42.95081967,61.31147541
94221,19,90,4967.82,23.99,870.42,39.3442623,73.1147541,76.39344262
94221,19,90,2626.87,18.19,395.52,8.524590164,11.14754098,10.81967213
94221,19,90,5648.3,21.48,793.55,63.60655738,36.06557377,67.54098361
94221,19,90,7188.15,24.92,1065.34,86.2295082,81.96721311,92.78688525
94221,19,75,4258.11,22.52,597.19,23.93442623,54.75409836,35.73770492
94221,19,90,3185.82,20.46,635.81,10.81967213,22.95081967,42.95081967
94221,19,90,5296.68,27.13,832.5,48.19672131,97.70491803,71.14754098
94221,19,90,4350.86,22.85,669.92,25.57377049,58.03278689,50.81967213
94865,20,108,10785.97,25.23,1388.23,100,87.46543779,98.70967742
94865,20,88,5072.36,25.86,615.87,77.51152074,91.98156682,69.21658986
94865,20,106,6815.58,25.24,1092.15,90.50691244,87.64976959,93.3640553
94865,20,139,10179.25,22.97,1165.23,99.7235023,64.60829493,95.11520737
94865,20,75,5082.68,23.72,504.84,77.69585253,73.5483871,56.58986175
94865,20,87,6158.92,24.59,652.75,85.80645161,82.39631336,72.25806452
