"athlete_number","athlete_relative_age","active_minutes","total_distance_m","max_speed_kph","session_load","total_dist_perc_rank","max_speed_perc_rank","session_load_perc_rank"
1018,18,90,3880.64,24.26,458.53,49.5424836601307,70.1307189542484,47.2549019607843
1018,18,120,2742.19,26.04,357.28,35.2941176470588,84.3137254901961,36.1437908496732
1018,18,90,5627.94,22.02,1039.85,76.9281045751634,51.7647058823529,88.0392156862745
1018,18,90,4359.94,21.78,561.44,57.2549019607843,48.8888888888889,57.3202614379085
1018,18,90,484.12,4.78,15.35,11.437908496732,0.130718954248366,1.50326797385621
1018,18,120,1319.92,19.37,143.63,19.4771241830065,24.9673202614379,17.9738562091503
1018,18,120,377.49,8.09,38.1,5.22875816993464,7.18954248366013,10.2614379084967
1018,18,120,5641.85,19.92,762.98,77.124183006536,28.7581699346405,73.1372549019608
1018,18,120,2835.94,18.8,389.32,36.9281045751634,22.156862745098,39.0196078431373
1018,18,120,4559.67,21.5,629.93,60.8496732026144,45.6209150326797,62.6143790849673
1018,18,120,436.85,8.34,45.68,8.10457516339869,7.84313725490196,12.7450980392157
1018,18,120,5759.73,25.41,860.16,78.3660130718954,80.5882352941177,78.8888888888889
1018,18,120,5661.5,24.22,893.52,77.2549019607843,69.7385620915033,80.9150326797386
1018,18,90,1907.2,19.72,188.24,23.9869281045752,27.2549019607843,21.7647058823529
1018,18,120,2625.19,17.31,311.75,32.875816993464,18.8235294117647,32.4183006535948
1018,18,90,1592.27,23.05,177.96,21.6993464052288,62.0915032679739,20.4575163398693
1018,18,90,2873.59,24.48,479.39,37.2549019607843,72.0261437908497,49.6732026143791
1018,18,90,1579.99,22.88,280.12,21.437908496732,60.3921568627451,29.7385620915033
1018,18,120,2772.64,18.58,291.84,35.8169934640523,21.5032679738562,30.5882352941176
1018,18,120,8274.06,24.82,1324.26,95.9477124183007,75.4901960784314,94.9673202614379
1018,18,120,5324.1,25.61,770.28,72.2875816993464,82.0915032679738,73.5294117647059
1018,18,120,5636.81,22.4,758.99,77.0588235294118,55.1633986928105,73.0065359477124
1018,18,90,846.76,10.02,68.07,15.9477124183007,10.9803921568627,15.0326797385621
1018,18,90,2120.28,23.02,389.05,26.4705882352941,61.6339869281046,38.9542483660131
1018,18,120,5038.21,42.02,560.9,68.3660130718954,98.8235294117647,57.0588235294118
1018,18,120,4335.08,24.76,560.58,56.797385620915,75.0326797385621,56.9934640522876
1018,18,120,5087.93,20.81,674.2,69.0196078431373,37.3856209150327,66.2091503267974
1018,18,90,3914.63,20.59,551.48,50.5228758169935,34.8366013071895,56.4705882352941
1018,18,120,2624.79,40.84,444.55,32.8104575163399,97.4509803921569,45.0326797385621
1018,18,120,5625.62,40.91,833.35,76.8627450980392,98.3006535947712,77.6470588235294
1018,18,90,2424.54,21.8,398.54,30.1960784313725,49.2156862745098,40.1307189542484
1018,18,90,4297.37,21.35,593.28,55.8169934640523,44.5098039215686,59.4771241830065
1018,18,90,4065.38,21.53,517.85,52.6143790849673,45.9477124183007,53.3333333333333
1018,18,85,3485.78,19.98,439.02,43.6601307189542,29.0196078431373,44.2483660130719
1018,18,90,4475.29,24.62,590.1,59.5424836601307,73.5294117647059,59.2156862745098
1018,18,120,431.93,12.34,27.37,7.64705882352941,13.5947712418301,5.03267973856209
1018,18,120,473.75,7.5,34.37,10.8496732026144,5.09803921568627,7.90849673202614
1018,18,120,651.24,10.67,33.44,14.8366013071895,12.0261437908497,7.51633986928105
1018,18,120,426.95,6.58,21.17,7.18954248366013,2.48366013071895,2.61437908496732
1018,18,120,543.48,8.06,32.3,12.6797385620915,6.99346405228758,6.79738562091503
1018,18,90,470.59,7.82,29.92,10.5882352941176,6.1437908496732,5.68627450980392
1018,18,90,3685.91,23.46,565.86,46.078431372549,65.4248366013072,57.7124183006536
1018,18,90,2965.78,20.55,404.39,38.3660130718954,34.5751633986928,40.6535947712418
1018,18,120,452.21,8.42,35.26,9.41176470588235,8.10457516339869,8.43137254901961
1018,18,120,519.65,7.6,19.41,12.156862745098,5.42483660130719,2.28758169934641
1018,18,90,3603,20.9,467.57,44.9673202614379,39.0196078431373,48.6928104575163
1018,18,90,1800.37,19.54,224.4,23.3333333333333,26.078431372549,24.8366013071895
1018,18,90,4842.84,21.15,730.12,65.4248366013072,41.9607843137255,70.6535947712418
1081,18,90,7606.28,23.98,985.12,93.0718954248366,68.2352941176471,85.1633986928105
1081,18,90,7031.86,25.34,999.52,90.1960784313726,79.9346405228758,86.0130718954248
1081,18,120,1904.57,17.75,336.5,23.921568627451,19.4771241830065,34.3790849673203
1081,18,90,1237.55,15.19,201.64,18.6928104575163,17.1895424836601,22.7450980392157
1081,18,120,5269.62,28.19,1079.28,71.5032679738562,94.5751633986928,89.4117647058824
1081,18,120,5535.15,26.86,1220.33,75.4248366013072,89.6732026143791,93.3333333333333
1081,18,120,2018.08,23.18,398.02,25.359477124183,63.0718954248366,40.0653594771242
1081,18,120,382.69,10.19,46.17,5.35947712418301,11.1764705882353,12.9411764705882
1081,18,120,226.68,7.02,27.43,1.69934640522876,3.92156862745098,5.09803921568627
1081,18,120,2051.41,19.65,153.93,25.8823529411765,26.9281045751634,18.6274509803922
1081,18,120,4508.86,22.97,403.21,60.0653594771242,60.9803921568627,40.4575163398693
1081,18,120,4060.59,22.69,391.09,52.483660130719,58.9542483660131,39.2156862745098
1081,18,90,3344.53,19.52,328.93,42.2875816993464,26.0130718954248,33.7254901960784
1081,18,150,7064.67,24.46,871.95,90.5228758169935,71.7647058823529,79.5424836601307
1081,18,120,5169.91,19.21,586.14,70.1960784313725,23.9869281045752,58.8888888888889
1081,18,120,543.56,10.22,31.11,12.7450980392157,11.3725490196078,6.27450980392157
1081,18,90,4607.4,23.24,561.22,62.0915032679739,63.5947712418301,57.2549019607843
1081,18,95,8065.15,25.16,1177.61,95.2287581699346,78.4313725490196,92.483660130719
1081,18,90,2483.12,16.16,226.12,30.7843137254902,17.9084967320261,25.0326797385621
1081,18,95,8388.91,26.22,1053.33,96.4705882352941,85.8169934640523,88.562091503268
1081,18,90,2002.16,15.58,139.6,24.9673202614379,17.5816993464052,17.7777777777778
1081,18,90,2609.72,18.02,252.66,32.5490196078431,20,27.1895424836601
1081,18,120,5566.31,23.76,611.31,75.8823529411765,67.3202614379085,61.1764705882353
1081,18,90,4504.24,21.75,481.17,59.9346405228758,48.4967320261438,49.8039215686275
1081,18,120,3203.96,20.39,402.97,40.6535947712418,32.875816993464,40.3921568627451
1081,18,100,8361.25,26.06,1079.17,96.3398692810458,84.5098039215686,89.3464052287582
1081,18,90,3707.97,21.7,412.55,46.5359477124183,48.0392156862745,41.6339869281046
1081,18,90,2033.88,15.05,191.05,25.6862745098039,17.0588235294118,22.0261437908497
1081,18,90,7470.52,26.8,1045.55,92.5490196078431,89.281045751634,88.3006535947712
1081,18,85,460.87,9.04,25.64,10.1307189542484,9.41176470588235,4.57516339869281
1081,18,90,7754.08,24.54,1023.42,93.7254901960784,72.875816993464,87.1241830065359
1081,18,120,2673.96,40.9,444.83,33.5294117647059,98.2352941176471,45.0980392156863
1081,18,90,3913.49,20.29,499.2,50.3921568627451,31.7647058823529,51.3725490196078
1081,18,120,6336.99,23.58,1057.62,84.3137254901961,66.3398692810458,88.6274509803922
1081,18,120,5595.75,24.73,906.8,76.3398692810458,74.640522875817,81.6339869281046
1081,18,90,2474,18.5,267.02,30.5228758169935,21.1111111111111,28.6274509803922
1081,18,120,5193.56,23.06,586.4,70.5228758169935,62.2875816993464,58.9542483660131
1081,18,120,2505.97,21.12,218.96,31.2418300653595,41.2418300653595,24.1830065359477
1081,18,120,368.66,7.24,24.94,4.83660130718954,4.57516339869281,4.05228758169935
1081,18,90,6250.11,26.71,882.39,83.3333333333333,88.9542483660131,80.1960784313726
1081,18,90,3471.5,24.62,673.91,43.3986928104575,73.5294117647059,66.1437908496732
1081,18,90,8117.72,27.39,1043.57,95.359477124183,92.0261437908497,88.1699346405229
1081,18,90,1644.08,12.65,178.26,21.8954248366013,14.0522875816993,20.5882352941176
1081,18,90,5759.74,26.97,718.86,78.4313725490196,90.2614379084967,70.1960784313725
1081,18,120,3263.87,22.4,457.96,41.5686274509804,55.1633986928105,47.1895424836601
1081,18,90,7355.47,28.05,896.27,91.8954248366013,94.1176470588235,81.1764705882353
1081,18,120,2033.39,19.83,181.9,25.6209150326797,28.2352941176471,20.9150326797386
1081,18,120,6834.16,24.26,743.23,88.562091503268,70.1307189542484,71.5032679738562
1081,18,120,5265.87,42.53,561.69,71.3725490196078,99.8692810457516,57.3856209150327
1081,18,120,6159.86,21.38,1103.83,82.156862745098,44.7712418300654,90.4575163398693
1081,18,120,476.8,10.53,30.91,10.9803921568627,11.8300653594771,6.01307189542484
1081,18,90,7385.87,25.7,1002.14,92.156862745098,82.5490196078431,86.1437908496732
2227,20,120,6491.61,22.45,741.44,88.110599078341,57.4193548387097,79.5391705069124
2227,20,105,5359.72,19.52,766.29,79.7235023041475,22.4884792626728,81.1059907834101
2227,20,110,2756.57,22.37,333.37,22.2119815668203,56.1290322580645,23.963133640553
2227,20,90,100.87,6.51,6.47,0.0921658986175115,0.737327188940092,0.276497695852535
2227,20,110,723.16,17.27,76.25,4.33179723502304,9.86175115207373,4.70046082949309
2227,20,90,3668.85,22.1,475.91,47.926267281106,52.1658986175115,51.4285714285714
2227,20,100,5422.53,22.8,669.02,80.8294930875576,61.8433179723502,73.8248847926267
2227,20,116,5364.42,24.07,798.08,79.9078341013825,77.4193548387097,82.8571428571429
2227,20,99,3911.98,21.83,394.24,54.1013824884793,48.0184331797235,35.668202764977
2227,20,91,2012.69,23.44,400.37,13.6405529953917,70.3225806451613,36.8663594470046
2227,20,80,3484.37,20.38,420.48,40.8294930875576,30.0460829493088,40.4608294930876
2227,20,90,824.75,19.16,116.17,5.71428571428571,19.0783410138249,7.00460829493088
2227,20,123,8095.3,20.82,1255.1,96.4976958525346,34.4700460829493,96.405529953917
2227,20,105,3482.31,22.31,447.83,40.6451612903226,55.2995391705069,45.9907834101382
2227,20,75,801.68,13.02,80.09,5.34562211981567,4.70046082949309,4.88479262672811
2227,20,78,4588.82,23.32,726.06,70.4147465437788,68.9400921658986,78.2488479262673
2227,20,100,2001.41,18.86,296.28,13.5483870967742,16.6820276497696,19.4470046082949
2227,20,110,4832.57,25.4,604.28,74.6543778801843,88.7557603686636,67.926267281106
2227,20,105,3272.9,21.29,409.85,34.7465437788018,40.6451612903226,38.4331797235023
2227,20,120,6774.86,20.83,968.07,90.3225806451613,34.8387096774194,90.2304147465438
2227,20,90,2763.17,21.83,448.06,22.4884792626728,48.0184331797235,46.1751152073733
2227,20,104,2318.14,23.84,355.05,16.1290322580645,75.2995391705069,28.3870967741935
2227,20,100,3852.53,21.28,441.55,52.9953917050691,40.4608294930876,44.7004608294931
2227,20,77,3471.07,22.7,378.83,40.184331797235,60.4608294930876,32.8110599078341
2227,20,100,2545.63,21.75,377.36,18.8018433179723,47.0967741935484,32.1658986175115
2227,20,110,5475.45,22.49,712.83,81.3824884792627,57.7880184331797,77.3271889400922
2227,20,110,2954.99,22.37,355.91,27.3732718894009,56.1290322580645,28.5714285714286
2227,20,90,3375.33,21.64,417,37.3271889400922,45.4377880184332,39.63133640553
2227,20,90,179.97,7.48,9.94,1.29032258064516,1.29032258064516,1.29032258064516
2227,20,90,1880.27,22.07,257.64,12.6267281105991,51.5207373271889,15.1152073732719
2227,20,110,4495.18,24.34,628.2,68.294930875576,80,70.1382488479263
2227,20,90,221.44,13.08,25.16,2.48847926267281,4.88479262672811,2.76497695852535
2227,20,70,4141.19,24.53,501.91,60,81.1981566820276,56.036866359447
2227,20,90,2030.76,20.61,249.37,13.8248847926267,32.073732718894,14.7465437788018
2227,20,90,3766.15,20.89,449.53,50.6912442396313,35.3917050691244,46.5437788018433
2227,20,90,4191.37,21,629.99,60.9216589861751,37.3271889400922,70.4147465437788
2227,20,90,4756.44,25.08,670.2,73.5483870967742,86.3594470046083,74.0092165898618
2227,20,90,1620.78,17.77,229.43,10.1382488479263,11.6129032258065,12.4423963133641
2227,20,90,4319.95,18.91,629.27,64.6082949308756,17.2350230414747,70.2304147465438
2227,20,90,3292.26,19.94,391.25,35.5760368663594,25.8064516129032,35.3917050691244
2227,20,90,2739.51,21.51,418.34,21.9354838709677,43.5023041474654,40
2227,20,90,4240.76,20.62,551.83,62.3041474654378,32.258064516129,62.5806451612903
2227,20,90,4069.35,23.03,511.13,58.5253456221198,65.2534562211982,57.4193548387097
2227,20,90,4201.53,21.39,561.16,61.4746543778802,41.6589861751152,63.5023041474654
2227,20,90,1270.23,19.13,207.87,8.38709677419355,18.5253456221198,11.2442396313364
2227,20,76,2537.47,20.55,261.9,18.6175115207373,31.3364055299539,15.9447004608295
2227,20,90,4249.06,18.7,559.03,62.5806451612903,15.852534562212,63.3179723502304
2227,20,90,2783.73,19.15,309.84,23.1336405529954,18.8018433179723,21.1059907834101
5841,20,110,3676.5,24.66,436.28,48.2027649769585,83.0414746543779,43.778801843318
5841,20,105,2667.7,21.88,339.77,20.8294930875576,48.9400921658986,25.5299539170507
5841,20,120,4834.54,23.68,674.23,74.7465437788019,73.1797235023042,74.1935483870968
5841,20,90,2879.11,24.53,448.83,25.2534562211982,81.1981566820276,46.4516129032258
5841,20,104,1724.49,24.05,281.46,10.6912442396313,77.1428571428572,18.1566820276498
5841,20,90,4279.48,21.15,705.78,63.4101382488479,38.9861751152074,76.4976958525346
5841,20,110,2976.68,21.94,425.24,28.2027649769585,49.5852534562212,40.9216589861751
5841,20,105,3768.57,22.39,564.79,50.8755760368664,56.6820276497696,63.8709677419355
5841,20,100,3475.25,21.8,440.45,40.36866359447,47.6497695852535,44.5161290322581
5841,20,70,4524.78,22.02,635.28,68.6635944700461,50.8755760368664,71.1520737327189
5841,20,77,3151.46,24.65,377.59,31.7972350230415,82.7649769585254,32.258064516129
5841,20,100,2492.87,23.04,376.27,17.9723502304147,65.4377880184332,31.9815668202765
5841,20,105,7376.96,20.91,1213.34,93.9170506912442,35.668202764977,95.7603686635945
5841,20,110,5268.27,22.82,814.41,79.1705069124424,62.3041474654378,83.778801843318
5841,20,100,7578.38,22.27,1130.52,94.2857142857143,54.7465437788019,94.1013824884793
5841,20,110,5256.2,22.81,795.7,79.0783410138249,62.0276497695853,82.4884792626728
5841,20,90,3556.07,21.84,513.6,42.8571428571429,48.2027649769585,57.8801843317972
5841,20,92,2117.2,21.19,337.95,14.4700460829493,39.2626728110599,25.0691244239631
5841,20,90,2967.13,22.11,459.28,27.6497695852535,52.5345622119816,48.5714285714286
5841,20,110,4341.43,20.67,607.19,65.3456221198157,32.9953917050691,68.110599078341
5841,20,90,2929.68,21.29,488.79,26.9124423963134,40.6451612903226,53.7327188940092
5841,20,70,3616.1,23.36,490.38,45.6221198156682,69.2165898617512,54.0092165898618
5841,20,90,669.68,17.48,85.57,3.963133640553,10.5990783410138,5.80645161290323
5841,20,90,3532.53,21.65,468.62,42.3963133640553,45.6221198156682,50.5990783410138
5841,20,90,5472.01,20.88,808.34,81.2903225806452,35.2995391705069,83.5944700460829
5841,20,90,4545.44,21.48,702.67,69.3087557603687,42.6728110599078,76.1290322580645
5841,20,90,4659.41,22.6,706.41,72.1658986175115,58.9861751152074,76.5898617511521
5841,20,90,1320.72,17.26,187.78,8.84792626728111,9.76958525345622,9.86175115207373
5841,20,90,4394.41,21.14,612.62,66.4516129032258,38.8018433179723,68.6635944700461
5841,20,90,2794.52,19.66,324.8,23.594470046083,23.6866359447005,23.1336405529954
5841,20,90,3542.76,20.78,395.04,42.5806451612903,34.1013824884793,36.1290322580645
5841,20,90,2902.05,20.93,374.64,25.8986175115207,35.852534562212,31.6129032258064
5841,20,74,2853.87,14.58,294,24.6082949308756,6.82027649769585,19.2626728110599
5841,20,101,4811.06,18.13,613.49,74.4700460829493,12.7188940092166,68.8479262672811
5841,20,80,4714.85,22.62,537.22,72.6267281105991,59.2626728110599,60.8294930875576
5841,20,70,2567.57,21.94,278.56,19.2626728110599,49.5852534562212,17.5115207373272
5841,20,90,3273.43,20.87,388.28,34.8387096774194,35.0230414746544,34.7465437788018
5841,20,90,5641.61,19.12,829.44,82.4884792626728,18.4331797235023,84.8847926267281
5841,20,76,2977.27,22.27,401.84,28.294930875576,54.7465437788019,37.1428571428571
5841,20,73,2442.21,17.54,279.69,17.7880184331797,10.7834101382488,17.6958525345622
5841,20,75,798.15,11.95,80.88,5.25345622119816,3.04147465437788,4.97695852534562
5841,20,90,614.84,14.05,64.44,3.77880184331797,6.63594470046083,3.68663594470046
5841,20,105,3124.67,21.41,406.59,31.0599078341014,41.7511520737327,37.8801843317972
5841,20,90,4471.45,22.7,657.41,67.6497695852535,60.4608294930876,72.7188940092166
5841,20,78,5488.59,20.96,787.11,81.5668202764977,36.221198156682,81.8433179723502
5841,20,123,6404.3,24.79,903.22,87.6497695852535,84.0552995391705,88.7557603686636
5841,20,120,6153.29,23.1,753.28,85.7142857142857,66.2672811059908,80.2764976958525
5841,20,80,3351.67,19.95,413.32,36.7741935483871,25.9907834101382,38.9861751152074
5841,20,91,2988.88,20.24,599.27,28.5714285714286,28.294930875576,67.5576036866359
5841,20,99,3431.23,19.48,353.31,38.7096774193548,21.8433179723502,27.926267281106
5841,20,116,1880.21,20.4,241.91,12.5345622119816,30.2304147465438,13.3640552995392
5841,20,100,5242.81,22.79,660.11,78.8018433179724,61.5668202764977,73.1797235023042
5841,20,90,3561.12,22.93,507.1,43.4101382488479,63.778801843318,56.7741935483871
5841,20,110,1216.76,17.11,118.59,8.0184331797235,9.49308755760369,7.09677419354839
5841,20,100,2238.22,18.53,285.11,15.2995391705069,15.2073732718894,18.4331797235023
6200,21,75,4615.09,26.46,433.76,74.7747747747748,89.1891891891892,41.7417417417417
6613,20,90,2391.25,21.44,298.39,17.2350230414747,42.1198156682028,19.63133640553
6613,20,100,3579.46,18.34,403.01,44.2396313364055,13.8248847926267,37.3271889400922
6613,20,104,2904.64,24.51,413.53,25.9907834101382,81.0138248847926,39.0783410138249
6613,20,120,5545.11,21.87,687.77,81.8433179723502,48.6635944700461,75.0230414746544
6613,20,105,2927.51,24.09,356.96,26.8202764976959,77.7880184331797,28.9400921658986
6613,20,110,3842.2,25.17,458.31,52.7188940092166,87.2811059907834,48.294930875576
6613,20,80,3241.71,19.19,367.18,33.6405529953917,19.5391705069124,30.6912442396313
6613,20,90,2643.22,16.09,260.57,20.2764976958525,8.20276497695852,15.668202764977
6613,20,90,4487.84,18.93,572.63,68.2027649769585,17.4193548387097,64.5161290322581
6613,20,76,2063.5,14.39,204.54,14.1935483870968,6.72811059907834,10.7834101382488
6613,20,90,1383.93,14.91,161.62,9.12442396313364,7.37327188940092,8.94009216589862
6613,20,90,3877.81,18.87,472.67,53.3640552995392,16.8663594470046,50.9677419354839
6613,20,90,2899.96,19.27,367.91,25.7142857142857,20,30.9677419354839
6613,20,90,6310.95,21.43,878.19,86.8202764976958,42.0276497695853,87.6497695852535
6613,20,90,2746.7,24.26,340.34,22.0276497695853,79.4470046082949,25.7142857142857
6613,20,90,3895.47,17.38,513.04,53.6405529953917,10.0460829493088,57.6958525345622
6613,20,90,1874.09,15.66,225.79,12.3502304147465,7.83410138248848,12.073732718894
6613,20,90,3958.37,20.6,550.48,56.1290322580645,31.9815668202765,62.3041474654378
6613,20,90,3265.07,20.58,391.12,34.5622119815668,31.5207373271889,35.2995391705069
6613,20,90,1871.78,20.27,216.24,12.1658986175115,28.7557603686636,11.6129032258065
6613,20,70,3090.46,17.29,374.74,30.6912442396313,9.95391705069124,31.705069124424
6613,20,90,1186.24,20.52,180.53,7.74193548387097,30.9677419354839,9.49308755760369
6613,20,110,954.97,13.92,103.04,7.28110599078341,6.45161290322581,6.45161290322581
6613,20,90,3261.01,21.92,438.15,34.2857142857143,49.4009216589862,43.963133640553
6613,20,90,7004.26,24.68,965.25,91.7972350230415,83.1336405529954,90.1382488479263
6613,20,78,4365.9,20.09,653.9,65.8064516129032,27.0967741935484,72.5345622119816
6613,20,100,1881.93,18.91,250.18,12.7188940092166,17.2350230414747,14.8387096774194
6613,20,75,833.77,12.08,83.32,5.99078341013825,3.2258064516129,5.16129032258065
6613,20,105,2876.48,21.46,348.84,24.9769585253456,42.3963133640553,27.1889400921659
6613,20,123,7420.91,20.99,1031.53,94.0092165898618,37.0506912442396,91.7972350230415
6613,20,120,6611.26,22.65,758.58,88.7557603686636,59.7235023041475,80.7373271889401
6613,20,90,115.86,5.91,4.93,0.460829493087558,0.368663594470046,0
6613,20,105,4213.3,21.32,546.62,61.6589861751152,41.1981566820277,61.8433179723502
6613,20,110,2664.84,21.57,342.65,20.7373271889401,44.4239631336406,26.3594470046083
6613,20,90,4164.57,21.77,575.6,60.4608294930876,47.2811059907834,64.8847926267281
6613,20,90,2763.2,20.74,335.98,22.5806451612903,33.5483870967742,24.5161290322581
6613,20,100,5009.81,23.53,541.89,76.4976958525346,71.705069124424,61.1059907834101
6613,20,116,4486.37,23.37,608.95,68.110599078341,69.4009216589862,68.4792626728111
6613,20,99,3745.06,18.51,358.62,50.0460829493088,15.1152073732719,29.2165898617512
6613,20,91,5678.1,22.67,880.88,82.8571428571429,59.9078341013825,87.926267281106
7181,20,110,4122.79,20.93,556.85,59.7235023041475,35.852534562212,63.0414746543779
7181,20,90,3735.6,22.72,491.86,49.7695852534562,60.6451612903226,54.5622119815668
7181,20,90,4001.82,21.37,504.23,57.0506912442396,41.5668202764977,56.4055299539171
7181,20,90,112.45,6.6,7.56,0.368663594470046,0.829493087557604,0.645161290322581
7181,20,90,4400.96,22.54,798.02,66.5437788018433,58.4331797235023,82.7649769585254
7181,20,90,5437.66,26.07,987.32,80.9216589861751,93.0875576036866,90.8755760368664
7181,20,90,4311.92,24.03,699.82,64.5161290322581,77.0506912442396,75.9447004608295
7181,20,90,505.85,15.4,66.01,3.2258064516129,7.64976958525346,3.87096774193548
7181,20,90,4591.01,22.06,709.03,70.5990783410138,51.4285714285714,76.9585253456221
7181,20,90,6082.05,18.65,996.3,85.0691244239631,15.5760368663594,91.2442396313364
7181,20,110,6207.47,24.3,1102.89,86.1751152073733,79.815668202765,93.7327188940092
7181,20,77,3829.42,23.88,459.9,52.4423963133641,75.7603686635945,48.8479262672811
7181,20,95,3608.37,21.36,444.52,45.1612903225806,41.4746543778802,45.1612903225806
7181,20,70,4336.73,23.62,578.81,65.1612903225806,72.8110599078341,65.2534562211982
7181,20,90,954.58,19.98,109.51,7.1889400921659,26.2672811059908,6.72811059907834
7181,20,120,5859.78,23.49,793.01,83.6866359447005,71.1520737327189,82.3041474654378
7181,20,105,2975.84,22.35,347.51,28.0184331797235,55.9447004608295,26.6359447004608
7181,20,110,4357.54,25.3,529.85,65.4377880184332,88.2027649769585,60
7181,20,78,4898.46,21.46,699.61,75.2995391705069,42.3963133640553,75.852534562212
7181,20,75,931.9,12.69,105.55,6.91244239631336,4.05529953917051,6.63594470046083
7181,20,105,3265.87,21.44,419.77,34.6543778801843,42.1198156682028,40.184331797235
7181,20,123,8146.36,22.53,1151.75,96.8663594470046,58.0645161290323,94.5622119815668
7181,20,90,3301.27,17.82,394.48,35.668202764977,11.889400921659,35.852534562212
7181,20,90,1772.86,21.72,222.5,11.1520737327189,46.2672811059908,11.7972350230415
8588,18,100,628.23,13.64,47.86,14.4444444444444,15.6209150326797,13.202614379085
8588,18,120,1930.2,18,342.99,24.3790849673203,19.8692810457516,35.0326797385621
8588,18,90,999.32,19.33,120.09,17.1895424836601,24.7712418300654,17.3856209150327
8588,18,120,4578.66,25.09,910.77,61.2418300653595,77.9084967320262,81.8954248366013
8588,18,120,5017.94,26.5,773.65,67.9738562091503,87.843137254902,73.921568627451
8588,18,120,177.34,6.41,15.56,0.784313725490196,2.15686274509804,1.56862745098039
8588,18,120,3182.61,21.17,455.41,40.3267973856209,42.2875816993464,46.8627450980392
8588,18,120,1268.31,18.22,217.94,18.8888888888889,20.4575163398693,24.1176470588235
8588,18,120,2576.7,18.54,391.55,32.156862745098,21.2418300653595,39.4771241830065
8588,18,120,265.58,8.28,33.06,2.41830065359477,7.71241830065359,7.25490196078431
8588,18,120,2684.54,25.94,336.16,33.8562091503268,83.6601307189542,34.3137254901961
8588,18,120,5176.37,20.08,651.52,70.2614379084967,30.0653594771242,64.7058823529412
8588,18,120,5236.03,19.12,207.18,71.1111111111111,23.4640522875817,23.2679738562091
8588,18,120,3500.18,18.49,475.82,43.7908496732026,21.0457516339869,49.281045751634
8588,18,90,832.25,12.49,78.28,15.8823529411765,13.8562091503268,15.7516339869281
8588,18,90,232.23,15.8,25.52,1.76470588235294,17.6470588235294,4.44444444444444
8588,18,120,3529.97,20.9,449.05,44.1830065359477,39.0196078431373,45.7516339869281
8588,18,120,5862.57,25.89,747.4,79.3464052287582,83.3333333333333,71.7647058823529
8588,18,120,4868,21.41,693.32,66.078431372549,45.2287581699346,67.843137254902
8588,18,90,3928.16,20.69,579.58,50.7843137254902,36.2745098039216,58.3660130718954
8588,18,90,4844.05,22.41,879.7,65.6209150326797,55.4248366013072,80
8588,18,90,4316.64,20.7,532.79,56.4705882352941,36.3398692810458,54.9673202614379
8588,18,85,2726.18,20.73,340.72,34.9673202614379,36.6013071895425,34.8366013071895
8588,18,90,4588.2,26.13,596.62,61.5032679738562,84.9673202614379,59.8692810457516
8588,18,90,586.13,6.75,12.76,13.7254901960784,2.81045751633987,0.980392156862745
8588,18,90,2895.26,19.32,321.58,37.5816993464052,24.5751633986928,33.202614379085
8588,18,90,3917.86,21.34,509.23,50.5882352941176,44.3790849673203,52.3529411764706
8588,18,90,4168.81,25.12,544.75,53.8562091503268,78.1045751633987,55.9477124183007
8588,18,120,3116.95,23,403.8,39.6732026143791,61.1111111111111,40.5228758169935
8588,18,120,1484.92,26.01,214.56,20.3267973856209,83.9869281045752,23.8562091503268
8588,18,95,956.01,5.65,15.2,16.6666666666667,1.04575163398693,1.37254901960784
8588,18,90,3655.13,21.74,504.37,45.6209150326797,48.3660130718954,51.9607843137255
8588,18,90,1934.37,23.71,238.57,24.4444444444444,67.1241830065359,26.078431372549
8588,18,120,6017.76,24.25,765.85,80.6535947712418,70,73.3333333333333
8588,18,120,2372.96,20.55,251.41,29.5424836601307,34.5751633986928,26.9934640522876
8588,18,120,3716.32,18.68,405.6,46.797385620915,22.0261437908497,40.9150326797386
8588,18,120,4743.94,20.87,522.15,63.8562091503268,38.4313725490196,53.9869281045752
8588,18,150,6418.2,23.55,1043.74,84.9673202614379,66.0130718954248,88.2352941176471
8588,18,120,5199.66,21.86,684.49,70.5882352941177,50.3267973856209,67.2549019607843
8588,18,120,5419.21,20.41,740.08,73.8562091503268,32.9411764705882,71.3725490196078
8588,18,90,4314.65,26.19,544.79,56.4052287581699,85.7516339869281,56.0130718954248
8993,21,120,4177.39,23.73,556.67,64.5645645645646,69.3693693693694,61.5615615615616
8993,21,87,3356.07,19.8,405.55,43.2432432432432,25.2252252252252,37.2372372372372
8993,21,97,6539.72,20.3,1098.24,96.6966966966967,27.9279279279279,94.8948948948949
8993,21,105,6331.86,26.41,930.34,96.0960960960961,88.8888888888889,88.5885885885886
8993,21,94,3685.73,21.21,453.33,54.6546546546547,41.1411411411411,45.3453453453453
8993,21,97,3312.72,20.07,413.87,42.042042042042,26.1261261261261,38.4384384384384
8993,21,91,3833.89,23.4,548.84,57.6576576576577,64.2642642642643,60.0600600600601
8993,21,93,1470.94,21.68,252.3,8.40840840840841,48.3483483483483,14.4144144144144
8993,21,90,2760.77,23.89,415.08,28.2282282282282,71.1711711711712,39.039039039039
8993,21,75,4661.37,21.67,413.13,76.2762762762763,48.048048048048,38.1381381381381
8993,21,75,3929.96,23.88,386.57,59.4594594594595,70.8708708708709,34.5345345345345
8993,21,75,3288.2,17.88,308.14,41.1411411411411,15.6156156156156,22.2222222222222
8993,21,75,4533.63,20.73,449.95,73.5735735735736,33.9339339339339,44.7447447447448
8993,21,70,2442.74,17.73,300.35,21.9219219219219,14.1141141141141,21.021021021021
8993,21,109,707.67,13.58,38.23,5.10510510510511,3.6036036036036,3.003003003003
8993,21,120,4197.25,20.32,620.65,65.4654654654655,28.2282282282282,69.6696696696697
8993,21,100,2205.37,19.51,359.49,15.6156156156156,23.7237237237237,30.03003003003
8993,21,75,3068.68,20.84,521.18,36.036036036036,36.3363363363363,55.8558558558559
8993,21,108,2715.17,21.12,444.24,26.7267267267267,39.3393393393393,43.5435435435435
8993,21,83,3452.17,22.91,529.29,46.2462462462462,57.3573573573574,57.6576576576577
8993,21,120,3642.41,20.55,542.34,53.1531531531532,31.5315315315315,59.4594594594595
8993,21,95,2172.63,16.24,212.92,14.7147147147147,10.2102102102102,10.5105105105105
8993,21,100,5166.96,21.57,823.93,86.1861861861862,46.5465465465465,84.6846846846847
8993,21,110,4355.47,24.38,582.91,70.5705705705706,75.0750750750751,65.1651651651652
8993,21,120,3405.44,17.27,370.21,45.3453453453453,12.3123123123123,32.7327327327327
8993,21,95,3981.01,24,555.95,60.6606606606607,72.6726726726727,60.960960960961
8993,21,111,3067.92,20.78,447.63,35.7357357357357,35.1351351351351,44.1441441441441
8993,21,112,628.3,13.82,45.42,4.2042042042042,4.8048048048048,3.9039039039039
8993,21,115,255.7,15.14,26.95,0.900900900900901,7.80780780780781,1.5015015015015
8993,21,112,3052.41,18.94,488.91,35.4354354354354,19.5195195195195,50.7507507507508
8993,21,75,2538.91,22.06,284.08,22.8228228228228,50.7507507507508,18.018018018018
8993,21,111,1137.14,17.03,115.58,7.50750750750751,11.1111111111111,6.90690690690691
8993,21,75,2786.93,18.55,325.72,29.4294294294294,18.018018018018,24.6246246246246
8993,21,111,587.5,15.91,53.16,3.3033033033033,9.00900900900901,4.5045045045045
8993,21,106,2924.2,19.83,472.75,32.7327327327327,25.5255255255255,48.048048048048
8993,21,106,598.8,13.66,45.6,3.9039039039039,4.2042042042042,4.2042042042042
8993,21,100,4707.35,23.64,916.23,77.1771771771772,67.8678678678679,87.987987987988
8993,21,107,1646.55,19.39,200.02,9.30930930930931,22.2222222222222,9.30930930930931
9385,18,120,5630.42,22.79,717.14,76.9934640522876,59.8692810457516,70.1307189542484
9385,18,120,6362.56,24.29,973.06,84.640522875817,70.5228758169935,84.5751633986928
9385,18,120,5952.36,25.68,1040.45,80,82.3529411764706,88.1045751633987
9385,18,150,8152.49,28.63,1326.51,95.6862745098039,95.359477124183,95.0326797385621
9385,18,90,2104.06,23.25,208.5,26.2745098039216,63.6601307189542,23.4640522875817
9385,18,120,3866.53,22.48,447.58,49.0849673202614,56.6013071895425,45.4248366013072
9385,18,120,5475.74,24.85,754.2,74.5098039215686,75.6862745098039,72.5490196078431
9385,18,120,4313.75,26.28,676.91,56.3398692810458,86.5359477124183,66.4705882352941
9385,18,105,10457.89,24.54,2134.11,99.7385620915033,72.875816993464,99.8039215686275
9385,18,120,7374.24,27.91,1086.46,92.0261437908497,93.7254901960784,89.7385620915033
9385,18,95,8943.89,28.32,1632.1,97.9738562091503,94.8366013071895,98.4967320261438
9385,18,90,921.64,13.83,86.06,16.4052287581699,15.8823529411765,16.5359477124183
9385,18,95,7566.6,26.35,1476.75,92.8758169934641,86.9281045751634,97.2549019607843
9385,18,90,4789.06,22.34,619.85,64.4444444444444,54.640522875817,61.6993464052288
9385,18,90,3888.8,24.02,544.67,49.7385620915033,68.4313725490196,55.8823529411765
9385,18,120,6146.42,26.92,818.07,82.0261437908497,90.1307189542484,76.7320261437909
9385,18,90,4444.75,26.25,593.8,59.0196078431373,86.1437908496732,59.5424836601307
9385,18,120,4536.52,22.91,543.9,60.3267973856209,60.6535947712418,55.7516339869281
9385,18,100,9901.37,25.08,1796.24,99.281045751634,77.843137254902,99.4117647058823
9385,18,90,4372.61,29.48,698.67,57.3856209150327,95.9477124183007,68.6928104575163
9385,18,90,3891.13,22.77,461.27,49.8039215686275,59.3464052287582,47.7777777777778
9385,18,90,3659.09,23.06,431.8,45.7516339869281,62.2875816993464,43.202614379085
9385,18,90,7860.65,26.02,1555.75,94.4444444444444,84.0522875816993,97.9738562091503
9385,18,85,3651.6,24.5,454.47,45.5555555555556,72.2875816993464,46.6666666666667
9385,18,90,8328.47,24.31,1561.54,96.1437908496732,70.7843137254902,98.1699346405229
9385,18,120,5790.91,40.78,891.13,78.6928104575163,96.9934640522876,80.7843137254902
9385,18,120,2770.16,40.86,466.21,35.6862745098039,97.843137254902,48.562091503268
9385,18,120,7550.9,24.97,1093.99,92.8104575163399,76.7320261437909,90.2614379084967
9385,18,120,4948.16,23.41,653.27,67.1895424836601,64.8366013071895,64.9019607843137
9385,18,90,2595.14,23.28,438.86,32.3529411764706,63.8562091503268,44.1830065359477
9385,18,90,6972.76,26.5,1296.38,89.6078431372549,87.843137254902,94.640522875817
9385,18,120,448.06,12.79,31.04,9.01960784313725,14.5751633986928,6.1437908496732
9385,18,120,7167.95,23.94,1426.52,91.2418300653595,67.9084967320262,96.3398692810458
9385,18,120,5369.01,42.35,644.78,73.0065359477124,99.5424836601307,64.1830065359477
9385,18,120,2784.87,20.13,265.64,36.1437908496732,30.4575163398693,28.4313725490196
9385,18,90,8209.46,26.22,1474.79,95.8169934640523,85.8169934640523,97.1895424836601
9385,18,120,4794.97,22.13,824.64,64.640522875817,53.0065359477124,77.1895424836601
9385,18,120,3187.58,25.15,386.89,40.4575163398693,78.3006535947712,38.7581699346405
9385,18,90,5333.49,25.76,1011,72.4836601307189,82.8758169934641,86.5359477124183
9385,18,90,1564.11,20.43,165.32,21.1111111111111,33.202614379085,19.4117647058824
9385,18,90,9348.09,24.97,1714.96,98.6274509803922,76.7320261437909,99.2156862745098
9385,18,120,7762.46,27.24,1197.03,93.8562091503268,91.3725490196078,92.8104575163399
9385,18,90,4632.24,21.78,910.42,62.483660130719,48.8888888888889,81.8300653594771
9385,18,120,1685.44,22.68,228.66,22.0915032679739,58.7581699346405,25.2941176470588
9385,18,90,7810.97,25.2,1525.07,93.9869281045752,78.8235294117647,97.7124183006536
9385,18,120,2242.55,22.5,310.62,28.0392156862745,56.797385620915,32.2875816993464
9385,18,120,2488.95,23.9,443.26,30.9150326797386,67.843137254902,44.8366013071895
9385,18,120,336.05,9.61,38.65,4.05228758169935,10.3267973856209,10.5882352941176
9385,18,120,1922.93,21.67,378.65,24.2483660130719,47.5816993464052,37.7777777777778
9385,18,120,6248.03,26.14,1414.29,83.2679738562092,85.0326797385621,96.0130718954248
9385,18,120,3566.89,26.14,661.45,44.4444444444444,85.0326797385621,65.4901960784314
9385,18,90,1302.55,18.9,208.57,19.3464052287582,22.5490196078431,23.5294117647059
9385,18,120,2137.79,19.4,419.44,26.9281045751634,25.2287581699346,42.0261437908497
9385,18,90,7162.12,24.95,1559.97,91.0457516339869,76.5359477124183,98.0392156862745
9385,18,90,3508.52,25.33,410.41,43.921568627451,79.8692810457516,41.437908496732
10135,20,110,5183.71,24.05,707.65,78.1566820276498,77.1428571428572,76.8663594470046
10135,20,105,8128.13,27.4,1162.79,96.6820276497696,97.6958525345622,94.9308755760369
10135,20,100,8764.16,25.06,976.5,98.4331797235023,86.0829493087558,90.5990783410138
10135,20,95,3526.76,25.08,422.36,42.3041474654378,86.3594470046083,40.5529953917051
10135,20,70,1652.79,13.84,128.33,10.3225806451613,6.26728110599078,7.37327188940092
10135,20,100,3800.45,21.03,384.7,51.6129032258064,37.8801843317972,34.1935483870968
10135,20,104,7025.46,26.81,933.22,91.889400921659,96.221198156682,89.6774193548387
10135,20,90,6234.54,24,853.52,86.3594470046083,76.4976958525346,85.8986175115207
10135,20,120,5388.8,21.89,572.5,80.36866359447,49.0322580645161,64.4239631336406
10135,20,105,3012.21,24.65,281.2,28.8479262672811,82.7649769585254,18.0645161290323
10135,20,110,4392.21,25.51,448.07,66.1751152073733,90.0460829493088,46.2672811059908
10135,20,100,1758.22,16.52,180.32,10.9677419354839,8.84792626728111,9.40092165898617
10135,20,78,3954.05,19.5,431.59,55.668202764977,22.2119815668203,42.3963133640553
10135,20,75,726.82,10.43,58.9,4.51612903225806,2.30414746543779,3.41013824884793
10135,20,105,2947.8,18.64,282.64,27.1889400921659,15.4838709677419,18.2488479262673
10135,20,123,7073.79,25.5,864.84,92.4423963133641,89.9539170506912,86.7281105990783
10135,20,120,6169.19,21.31,803.64,85.8986175115207,40.9216589861751,83.2258064516129
10135,20,90,6811.64,27.59,1211.44,90.4147465437788,98.1566820276498,95.668202764977
10135,20,80,3335.41,21.78,379.25,36.405529953917,47.4654377880184,32.9953917050691
10135,20,99,3377.11,22.97,290.44,37.4193548387097,64.6082949308756,18.7096774193548
10135,20,116,5833.17,25.27,710.14,83.5023041474654,87.926267281106,77.1428571428572
10135,20,100,4558.4,24.17,438.75,69.8617511520737,78.4331797235023,44.2396313364055
10135,20,90,4273.86,23.3,703.09,63.2258064516129,68.7557603686636,76.221198156682
10135,20,110,2990.91,22.68,298.95,28.6635944700461,60.2764976958525,19.7235023041475
10135,20,77,3142.03,26.46,467.55,31.2442396313364,94.6543778801843,50.2304147465438
10135,20,105,4233.91,24.64,464.51,62.2119815668203,82.6728110599078,49.6774193548387
10135,20,90,6757.83,26.63,1232.2,89.9539170506912,95.4838709677419,96.1290322580645
10135,20,74,2372.22,18.36,318.82,16.5898617511521,14.0092165898618,22.1198156682028
10135,20,101,4741.97,21.51,778.48,73.1797235023042,43.5023041474654,81.6589861751152
10135,20,100,4458.07,21.48,699.6,67.1889400921659,42.6728110599078,75.7603686635945
10135,20,90,3694.66,20.46,488.02,48.5714285714286,30.7834101382488,53.3640552995392
10135,20,70,2453.08,20.1,342.31,17.8801843317972,27.4654377880184,26.2672811059908
10135,20,90,4790.13,20.75,722.16,74.1013824884793,33.6405529953917,77.9723502304147
10135,20,76,2914.64,18.48,390.07,26.3594470046083,14.8387096774194,35.2073732718894
10135,20,73,2660.39,21.2,378.27,20.6451612903226,39.3548387096774,32.4423963133641
10135,20,90,7305.87,27.26,1329.76,93.2718894009217,97.4193548387097,97.8801843317972
10135,20,90,3980.04,23.7,699.22,56.5898617511521,73.2718894009217,75.668202764977
10135,20,90,3896.18,18.65,508.2,53.7327188940092,15.5760368663594,56.9585253456221
10135,20,90,3570.73,20.68,518.15,43.8709677419355,33.0875576036866,58.2488479262673
10135,20,90,4222.83,19.05,501.77,61.8433179723502,18.0645161290323,55.9447004608295
10135,20,90,7627.26,27.09,1373.88,94.3778801843318,97.0506912442396,98.5253456221198
10135,20,90,4987.94,23.98,820.66,76.221198156682,76.4055299539171,84.147465437788
10135,20,90,2424.45,20.99,316.32,17.4193548387097,37.0506912442396,21.6589861751152
10135,20,90,3845.67,23.28,593.58,52.8110599078341,68.294930875576,67.0046082949309
10135,20,90,7864.44,28.39,1317.19,95.5760368663594,99.0783410138249,97.6036866359447
10135,20,90,6070.56,25.63,608.81,84.8847926267281,90.5069124423963,68.3870967741936
10135,20,70,2426.51,16.6,295.72,17.5115207373272,9.03225806451613,19.3548387096774
10135,20,90,6541.5,26.14,861.45,88.4792626728111,93.5483870967742,86.5437788018433
10135,20,110,3559.35,20.42,365.04,43.2258064516129,30.4147465437788,30.4147465437788
10135,20,90,6837.49,26.64,841.73,90.7834101382488,95.5760368663594,85.4377880184332
10135,20,90,3950.49,22.49,643.37,55.3917050691244,57.7880184331797,72.073732718894
10135,20,110,4658.86,25.23,645.74,72.073732718894,87.4654377880184,72.1658986175115
10135,20,100,5095.16,23.97,561.44,77.7880184331797,76.221198156682,63.594470046083
12385,20,123,6014.48,27.05,793.79,84.6082949308756,96.9585253456221,82.3963133640553
12385,20,120,3070.19,22.24,373.76,29.9539170506912,54.6543778801843,31.3364055299539
12385,20,105,2832.77,21.66,296.43,24.331797235023,45.7142857142857,19.5391705069124
12385,20,110,4661.7,27.51,528.73,72.258064516129,97.9723502304147,59.63133640553
12385,20,78,4829.07,20.28,669.06,74.5622119815668,28.8479262672811,73.9170506912442
12385,20,75,839.57,12.32,83.84,6.08294930875576,3.87096774193548,5.43778801843318
12385,20,105,3513.91,22.95,472.72,42.1198156682028,64.0552995391705,51.0599078341014
12385,20,90,1465.99,24.01,206.36,9.5852534562212,76.5898617511521,10.9677419354839
12385,20,74,2565.34,18.33,267.04,19.1705069124424,13.7327188940092,16.405529953917
12385,20,100,4594.33,22.95,550.86,70.6912442396313,64.0552995391705,62.3963133640553
12385,20,90,3289.88,18.9,370.4,35.2995391705069,17.0506912442396,31.1520737327189
12385,20,80,4563.02,22.19,522.33,69.9539170506912,53.7327188940092,58.8940092165899
12385,20,70,2519.99,19.33,242.57,18.2488479262673,20.36866359447,13.5483870967742
12385,20,90,2659.02,18.28,271.23,20.5529953917051,13.2718894009217,16.4976958525346
12385,20,90,3250.71,22,341.33,34.1013824884793,50.5069124423963,25.9907834101382
12385,20,73,2441.52,18.9,291.8,17.6958525345622,17.0506912442396,18.9861751152074
12385,20,90,1319.41,17.46,122.46,8.75576036866359,10.3225806451613,7.1889400921659
12385,20,90,8065.32,28.14,1132.31,96.221198156682,98.7096774193548,94.1935483870968
12385,20,90,3559.38,25.36,427.22,43.3179723502304,88.4792626728111,41.5668202764977
12385,20,90,4048.41,23.82,561.61,57.7880184331797,75.0230414746544,63.6866359447005
12385,20,90,5296.56,22.48,685.12,79.4470046082949,57.6036866359447,74.7465437788019
12385,20,90,3757.72,23.58,432.56,50.1382488479263,72.3502304147465,42.8571428571429
12385,20,90,8890.47,25.91,1213.51,98.6175115207373,92.258064516129,95.852534562212
12385,20,90,5327.72,22.95,638.38,79.63133640553,64.0552995391705,71.5207373271889
12385,20,70,2719.39,16.58,258.77,21.4746543778802,8.94009216589862,15.2995391705069
12385,20,90,3508.61,25.49,457.52,41.9354838709677,89.8617511520737,48.2027649769585
12385,20,110,4549.09,20.62,573.4,69.4930875576037,32.258064516129,64.7004608294931
12385,20,90,2499.47,22.38,300.43,18.0645161290323,56.4055299539171,19.9078341013825
12385,20,90,4307.29,25.92,581.35,64.0552995391705,92.5345622119816,65.4377880184332
12385,20,90,4076.36,24.15,489.68,58.6175115207373,78.1566820276498,53.9170506912442
13689,18,90,2906.28,14.31,221.25,37.7777777777778,16.3398692810458,24.4444444444444
13689,18,150,6987.16,19.75,582.33,89.6732026143791,27.4509803921569,58.6274509803922
13689,18,120,4826.97,21.71,441.89,65.1633986928105,48.1045751633987,44.5751633986928
13689,18,120,4596.14,21.19,387,61.7647058823529,42.6797385620915,38.8235294117647
13689,18,120,4263.92,19.32,329.82,55.2287581699346,24.5751633986928,33.921568627451
13689,18,90,428.22,7.75,31.07,7.38562091503268,6.01307189542484,6.20915032679739
13689,18,120,3518.06,21.52,302.99,43.9869281045752,45.8823529411765,31.6339869281046
13689,18,120,4111.08,21.67,310.73,52.8758169934641,47.5816993464052,32.3529411764706
13689,18,120,3303.69,20.19,258.39,42.0261437908497,31.1111111111111,27.7124183006536
13689,18,120,4924.6,25.92,425.56,66.797385620915,83.5294117647059,42.3529411764706
13689,18,95,3995.12,19.9,320.09,51.8954248366013,28.6928104575163,32.875816993464
13689,18,90,2491.42,13.46,179.5,31.0457516339869,15.4248366013072,20.718954248366
13689,18,95,4926.66,19,380.56,66.8627450980392,22.8758169934641,38.1699346405229
13689,18,90,3718.49,20.86,325.22,46.9281045751634,38.3006535947712,33.3986928104575
13689,18,90,2769.8,20.3,223.39,35.6209150326797,31.8300653594771,24.7058823529412
13689,18,120,3801.66,26.39,226.94,48.2352941176471,87.3202614379085,25.1633986928105
13689,18,90,4112.74,25.17,374.54,53.0065359477124,78.6274509803922,37.4509803921569
13689,18,120,3796.43,19.59,295.67,48.1045751633987,26.5359477124183,30.9150326797386
13689,18,100,6348.58,19.18,464.09,84.3790849673203,23.7254901960784,48.3006535947712
13689,18,90,3285.35,25.34,318.3,41.8954248366013,79.9346405228758,32.7450980392157
13689,18,85,2923.96,13.22,247.34,37.843137254902,15.2287581699346,26.6013071895425
13689,18,90,3103.97,19.36,249.05,39.5424836601307,24.9019607843137,26.8627450980392
13689,18,90,2324,21.56,201.71,28.9542483660131,46.3398692810458,22.8104575163399
13689,18,90,5384.1,21.34,403.91,73.2679738562091,44.3790849673203,40.5882352941176
13689,18,90,5741.32,19.33,433.93,78.0392156862745,24.7712418300654,43.7254901960784
13689,18,120,6163.96,40.84,830.6,82.2875816993464,97.4509803921569,77.4509803921569
13689,18,120,2817.09,40.84,468.9,36.6013071895425,97.4509803921569,48.9542483660131
13689,18,120,342.08,5.65,18.03,4.31372549019608,1.04575163398693,1.76470588235294
13689,18,120,4435.02,22.4,379.37,58.8235294117647,55.1633986928105,37.843137254902
13689,18,90,4457.84,18.43,312.62,59.2156862745098,20.8496732026144,32.6143790849673
13689,18,90,5703.42,20.83,417.74,77.6470588235294,37.9084967320261,41.8300653594771
13689,18,120,449.75,8.51,36.59,9.15032679738562,8.30065359477124,9.34640522875817
13689,18,120,4274.81,22.46,374.15,55.359477124183,56.1437908496732,37.3856209150327
13689,18,120,2416.02,21.91,219.95,29.9346405228758,50.7843137254902,24.3790849673203
13689,18,90,4425.17,21.16,277.8,58.6274509803922,42.156862745098,29.5424836601307
13689,18,120,2705.36,12.73,270.93,34.5098039215686,14.3137254901961,29.0196078431373
13689,18,90,5337.88,22.79,463.45,72.6143790849673,59.8692810457516,48.2352941176471
13689,18,90,436.16,6.94,50.49,7.97385620915033,3.39869281045752,13.8562091503268
13689,18,90,5147.66,20.49,372.92,69.9346405228758,33.921568627451,37.2549019607843
13689,18,120,4504.16,19.78,411.38,59.8692810457516,27.7124183006536,41.5032679738562
13689,18,120,319.73,8.24,37.21,3.26797385620915,7.51633986928105,9.67320261437909
13689,18,90,2508.57,18.58,236.48,31.3071895424837,21.5032679738562,25.8169934640523
13689,18,120,2200.75,23.29,300.05,27.516339869281,63.9869281045752,31.3071895424837
13689,18,120,1759.94,21.24,286.58,22.9411764705882,43.2679738562092,30.1307189542484
13689,18,120,213.86,7.92,27.22,1.50326797385621,6.40522875816993,4.96732026143791
13689,18,120,3046.55,16.38,371.09,39.0849673202614,18.1045751633987,37.0588235294118
13689,18,120,410.84,7.96,29.83,6.1437908496732,6.5359477124183,5.62091503267974
13689,18,90,1181.84,21.49,149.33,18.1045751633987,45.4901960784314,18.2352941176471
13689,18,120,246,9.61,24.27,2.09150326797386,10.3267973856209,3.72549019607843
13689,18,90,4326.84,25.02,438.52,56.6013071895425,77.3202614379085,44.0522875816993
13689,18,90,2033.24,20.81,166.15,25.5555555555556,37.3856209150327,19.4771241830065
14904,18,95,3373.16,25.26,592.15,42.4183006535948,79.2156862745098,59.4117647058824
14904,18,120,575.67,6.4,32.4,13.5947712418301,2.09150326797386,6.9281045751634
14904,18,120,407.91,6.92,19.33,5.94771241830065,3.33333333333333,2.22222222222222
14904,18,120,608.03,7.19,37.22,13.921568627451,4.37908496732026,9.73856209150327
14904,18,120,212.76,27.9,35.28,1.37254901960784,93.6601307189542,8.49673202614379
14904,18,120,4298.76,20.59,726.37,55.8823529411765,34.8366013071895,70.4575163398693
14904,18,120,6430.17,40.86,892.9,85.1633986928105,97.843137254902,80.8496732026144
14904,18,90,3711.1,20.93,694.99,46.6013071895425,39.281045751634,68.1699346405229
14904,18,90,2547.51,21.24,474.01,31.6993464052288,43.2679738562092,49.2156862745098
14904,18,120,315.62,9.97,34.57,3.13725490196078,10.9150326797386,8.03921568627451
14904,18,90,1290.83,21.1,162.23,19.2156862745098,40.8496732026144,19.1503267973856
14904,18,120,5485.79,24.91,958.16,74.640522875817,76.2091503267974,83.7254901960784
14904,18,120,6213.34,25.49,1014.48,82.8758169934641,81.1111111111111,86.797385620915
14904,18,90,457.11,9.86,38.56,9.73856209150327,10.718954248366,10.5228758169935
14904,18,120,416.06,7.82,35.76,6.60130718954248,6.1437908496732,8.69281045751634
14904,18,120,415.74,7.4,28.88,6.40522875816993,4.83660130718954,5.29411764705882
14904,18,120,2319.91,20.48,370.59,28.8888888888889,33.7908496732026,36.9934640522876
14904,18,120,410.29,8.06,33.01,6.01307189542484,6.99346405228758,7.18954248366013
14904,18,120,323.96,7.96,37.74,3.66013071895425,6.5359477124183,10.0653594771242
14904,18,120,4786.59,26.64,636.5,64.3790849673203,88.4967320261438,63.3986928104575
14904,18,90,496.1,10.17,49.79,11.8300653594771,11.1111111111111,13.7908496732026
14904,18,90,4985.48,22.17,888.58,67.5163398692811,53.202614379085,80.5228758169935
14904,18,90,2365.31,21.33,398.84,29.4771241830065,44.2483660130719,40.1960784313725
14904,18,120,1713.69,22.26,215.35,22.2222222222222,54.0522875816993,23.9869281045752
14904,18,120,9726.34,24.09,1605.82,99.0196078431373,68.8235294117647,98.3660130718954
14904,18,90,5180.93,20.42,688.97,70.4575163398693,33.0718954248366,67.5163398692811
14904,18,85,3962.31,22.7,498.93,51.6993464052288,59.0196078431373,51.3071895424837
14904,18,90,3280.22,20.52,389.02,41.8300653594771,34.3790849673203,38.8888888888889
14904,18,90,5160.84,21.75,974.15,70.1307189542484,48.4967320261438,84.7058823529412
14904,18,90,3220.46,20.32,372.71,40.9150326797386,32.0261437908497,37.1895424836601
14904,18,90,4443.98,20.97,546.85,58.9542483660131,39.5424836601307,56.2091503267974
14904,18,90,5012.6,26.1,627.26,67.9084967320262,84.8366013071895,62.2875816993464
14904,18,100,4638.42,23.98,819.36,62.6797385620915,68.2352941176471,76.8627450980392
14904,18,120,478.97,9.58,24.81,11.0457516339869,10.1960784313725,3.92156862745098
14904,18,90,4798.76,24.97,628.25,64.7058823529412,76.7320261437909,62.5490196078431
14904,18,120,449.91,8.96,35.69,9.2156862745098,9.2156862745098,8.62745098039216
14904,18,120,5895.99,23.45,897.47,79.5424836601307,65.2287581699346,81.3725490196078
14904,18,120,6053.28,19.11,780.14,81.0457516339869,23.3333333333333,74.5098039215686
14904,18,90,5672.26,23.55,1018.47,77.3856209150327,66.0130718954248,86.9281045751634
14904,18,90,2808.63,20.87,530.48,36.4705882352941,38.4313725490196,54.7058823529412
14904,18,120,494.18,7.03,31.36,11.6993464052288,3.98692810457516,6.47058823529412
14904,18,120,6910.95,25.57,994.88,89.3464052287582,81.8300653594771,85.6209150326797
14904,18,90,3757.53,20.42,533.96,47.5816993464052,33.0718954248366,55.0326797385621
14904,18,120,2761.49,40.65,462.67,35.4901960784314,96.3398692810458,48.1699346405229
15725,19,90,5368.96,23.98,540.34,50.4918032786885,72.4590163934426,22.9508196721311
15725,19,75,3962.04,23.03,408.12,18.3606557377049,60.983606557377,11.8032786885246
15725,19,120,5136.58,22.93,641,41.9672131147541,60.327868852459,44.2622950819672
15725,19,90,4400.57,23.25,443.75,26.2295081967213,64.2622950819672,14.0983606557377
15725,19,90,6918.4,26.05,866.1,84.9180327868852,90.8196721311475,75.4098360655738
15725,19,90,5621.19,24.06,624.82,61.3114754098361,74.4262295081967,41.9672131147541
15725,19,90,3651.09,19.25,433.71,14.4262295081967,15.4098360655738,12.7868852459016
15725,19,90,4835.3,24.02,486.78,35.7377049180328,73.4426229508197,16.7213114754098
15725,19,90,5250.28,21.78,599.35,46.2295081967213,40.327868852459,37.0491803278689
15725,19,95,5980.86,21.19,664.57,71.1475409836066,30.8196721311475,49.5081967213115
15725,19,100,6628.69,22.85,742.15,80,58.0327868852459,59.672131147541
15725,19,120,8090.5,26.85,915.97,94.0983606557377,96.7213114754098,81.9672131147541
15725,19,100,8552.62,27.8,1149.77,98.3606557377049,98.6885245901639,95.7377049180328
15725,19,90,4830.67,23.36,586.21,35.4098360655738,65.9016393442623,32.4590163934426
15725,19,70,5461.98,26.02,657.65,53.1147540983606,90.4918032786885,47.2131147540984
15725,19,100,4990.82,28.52,548.2,39.672131147541,99.016393442623,23.6065573770492
15725,19,90,5091.9,28.56,557.28,40.327868852459,99.344262295082,25.2459016393443
15725,19,90,1936.07,17.95,138.44,7.21311475409836,10.4918032786885,6.88524590163934
15959,19,95,6825.15,22.69,820.16,82.6229508196721,57.0491803278689,69.8360655737705
15959,19,75,4248.96,25.33,540.53,23.6065573770492,85.2459016393443,23.2786885245902
15959,19,90,5535.84,23.5,615.82,57.0491803278689,67.5409836065574,40.655737704918
15959,19,90,5844.82,26.61,707.34,68.1967213114754,94.7540983606557,53.7704918032787
15959,19,100,8494.67,26.42,1192.27,97.7049180327869,93.4426229508197,97.3770491803279
15959,19,90,5349.57,21.95,638.83,49.8360655737705,43.9344262295082,43.6065573770492
15959,19,70,5854.17,26.31,792.63,69.1803278688525,92.7868852459016,66.5573770491803
15959,19,100,3948.82,24.51,504.94,17.3770491803279,77.7049180327869,18.0327868852459
15959,19,90,531.2,13.28,45.55,3.27868852459016,3.27868852459016,3.27868852459016
15959,19,100,6297.53,24.04,945.76,77.0491803278689,73.7704918032787,83.2786885245902
15959,19,120,8041.74,25.41,954.88,93.1147540983606,86.2295081967213,84.5901639344262
15959,19,120,8124.76,24.04,1058.27,94.7540983606557,73.7704918032787,92.1311475409836
15959,19,90,4406.31,26.43,563.63,26.5573770491803,93.7704918032787,25.9016393442623
15959,19,90,7331.55,26.32,961.5,87.2131147540984,93.1147540983606,85.5737704918033
15959,19,90,5761.76,23.61,774.14,66.5573770491803,69.8360655737705,63.2786885245902
15959,19,90,3537.18,18.64,474.76,13.7704918032787,12.1311475409836,15.7377049180328
15959,19,90,5106.16,24.33,648.66,40.655737704918,76.7213114754098,46.2295081967213
15959,19,90,6829.29,21.23,880.09,83.2786885245902,31.4754098360656,77.7049180327869
19179,18,120,4090,18.32,500.64,52.6797385620915,20.5882352941176,51.5032679738562
19179,18,90,3235.05,24.52,520.63,41.1111111111111,72.5490196078431,53.6601307189542
19179,18,90,7137.91,21.64,1675.99,90.9150326797386,47.1895424836601,98.8888888888889
19179,18,120,333.35,9.68,45.14,3.92156862745098,10.4575163398693,12.483660130719
19179,18,90,1110.84,18.18,184.89,17.6470588235294,20.2614379084967,21.3071895424837
19179,18,120,334.35,5.94,20.05,3.98692810457516,1.37254901960784,2.48366013071895
19179,18,120,4785.51,23.15,912.77,64.3137254901961,62.8104575163399,82.0261437908497
19179,18,120,1494.21,21.24,305.52,20.3921568627451,43.2679738562092,31.8300653594771
19179,18,120,958.81,11.99,155.99,16.7320261437908,13.3333333333333,18.8235294117647
19179,18,120,2453.04,20.99,529.31,30.3267973856209,39.7385620915033,54.5098039215686
19179,18,120,369.97,7.63,21.92,4.96732026143791,5.68627450980392,2.81045751633987
19179,18,120,414.26,10.58,69.32,6.33986928104575,11.9607843137255,15.2287581699346
19179,18,120,6438.13,24.37,1036.86,85.2287581699346,71.1764705882353,87.7777777777778
19179,18,90,1505.08,15.53,199.33,20.5228758169935,17.3856209150327,22.483660130719
19179,18,90,7862.54,24.52,1706.28,94.5098039215686,72.5490196078431,99.1503267973856
19179,18,120,2819.8,20.6,428.53,36.797385620915,35.0980392156863,42.8104575163399
19179,18,90,10574.48,23.22,2255.68,99.8039215686275,63.3333333333333,99.9346405228758
19179,18,120,3030.09,19.39,359.44,38.9542483660131,25.1633986928105,36.2745098039216
19179,18,120,7587.57,22.43,1362.26,93.0065359477124,55.7516339869281,95.4901960784314
19179,18,120,5025.41,42.27,686.58,68.0392156862745,99.281045751634,67.3202614379085
19179,18,120,413.72,7.6,51.76,6.27450980392157,5.42483660130719,13.9869281045752
19179,18,120,420.21,10.23,45.9,6.86274509803922,11.437908496732,12.8758169934641
19179,18,90,8319.55,23.17,1829,96.078431372549,62.9411764705882,99.6078431372549
19179,18,90,6741.84,25.02,1458.06,87.9738562091503,77.3202614379085,96.9934640522876
19179,18,120,5283.72,26.85,854.13,71.6339869281046,89.6078431372549,78.4967320261438
19179,18,120,6692.73,24.66,1149.37,87.516339869281,73.9869281045752,91.8954248366013
19179,18,90,3707.23,19.24,617.51,46.4705882352941,24.1830065359477,61.5686274509804
19179,18,120,2654.76,40.91,468.32,33.202614379085,98.3006535947712,48.7581699346405
19179,18,120,7764.97,40.95,1194.97,93.921568627451,98.562091503268,92.7450980392157
19179,18,90,6962.25,26.92,1499.7,89.5424836601307,90.1307189542484,97.5816993464052
19179,18,90,3920.11,22.02,597.16,50.6535947712418,51.7647058823529,60
19179,18,85,3234.88,23.2,477.39,41.0457516339869,63.202614379085,49.4771241830065
19179,18,90,4301.65,29.51,694.62,56.0130718954248,96.0130718954248,68.1045751633987
19179,18,90,4509.82,24.53,889.37,60.1307189542484,72.8104575163399,80.6535947712418
19179,18,90,3323.17,21.73,491.98,42.156862745098,48.2352941176471,50.9803921568627
19179,18,90,5523.94,22.27,996.77,75.2287581699346,54.1176470588235,85.6862745098039
19179,18,90,4545.03,28.07,747.64,60.5228758169935,94.3137254901961,71.8300653594771
19179,18,120,3910.26,19.15,604.94,50.1307189542484,23.5947712418301,60.3921568627451
19179,18,120,6285.28,27.62,991.25,83.7254901960784,92.8104575163399,85.359477124183
19179,18,95,4373.57,27.44,853.84,57.4509803921569,92.2222222222222,78.4313725490196
19179,18,90,4276.7,20.32,758.67,55.4248366013072,32.0261437908497,72.9411764705882
19179,18,95,2749.66,21.81,485.26,35.359477124183,49.3464052287582,50.3267973856209
19179,18,90,526.56,19.18,84.84,12.2875816993464,23.7254901960784,16.4052287581699
19179,18,90,2334.26,19.83,270.51,29.1503267973856,28.2352941176471,28.9542483660131
19179,18,120,6163.92,26.83,795.19,82.2222222222222,89.4771241830065,75.2287581699346
19179,18,120,2813.73,19.62,284.38,36.5359477124183,26.797385620915,30
19179,18,120,629.95,7.37,37.07,14.5098039215686,4.77124183006536,9.54248366013072
19179,18,120,432.4,8.32,34.99,7.71241830065359,7.77777777777778,8.30065359477124
19179,18,120,4359.38,24.43,512.7,57.1895424836601,71.5686274509804,52.6143790849673
20057,20,90,3494.79,20.37,382.14,41.3824884792627,29.8617511520737,33.5483870967742
20057,20,90,191.43,5.99,11.98,1.93548387096774,0.460829493087558,1.5668202764977
20057,20,90,3806.59,21.73,491.49,51.9815668202765,46.4516129032258,54.4700460829493
20057,20,90,3922.97,25.61,448.34,55.0230414746544,90.4147465437788,46.3594470046083
20057,20,90,193.33,4.69,5.65,2.02764976958525,0.0921658986175115,0.184331797235023
20057,20,90,183.43,6.35,13.85,1.65898617511521,0.645161290322581,2.21198156682028
20057,20,90,562.64,12.14,44.47,3.41013824884793,3.50230414746544,3.04147465437788
20057,20,73,2266.49,17.65,234.06,15.5760368663594,11.2442396313364,13.1797235023041
20057,20,76,2356.94,13.41,229.3,16.3133640552995,5.80645161290323,12.3502304147465
20057,20,90,2864.6,21.01,258.03,24.8847926267281,37.4193548387097,15.2073732718894
20057,20,70,2792.55,19.36,260.58,23.5023041474654,20.7373271889401,15.7603686635945
20057,20,80,4549.35,21.95,632,69.6774193548387,49.8617511520737,70.5990783410138
20057,20,90,3428.9,18.04,339.7,38.6175115207373,12.258064516129,25.4377880184332
20057,20,100,4083.37,20.82,441.54,58.8940092165899,34.4700460829493,44.6082949308756
20057,20,101,4444.12,20.07,528.37,66.9124423963134,26.9124423963134,59.4470046082949
20057,20,74,2764.87,13.67,276.26,22.6728110599078,6.08294930875576,17.3271889400922
20057,20,90,4055.39,18.42,456.08,57.8801843317972,14.1935483870968,47.8341013824885
20057,20,110,1349.75,21.96,142.36,8.94009216589862,50.0460829493088,8.11059907834101
20057,20,90,3186.68,23.7,380.99,32.6267281105991,73.2718894009217,33.2718894009217
20057,20,91,156.22,12.87,9.41,0.921658986175115,4.33179723502304,1.10599078341014
20057,20,90,1667.54,23.72,232.71,10.4147465437788,73.5483870967742,12.8110599078341
20057,20,90,1872.62,19.94,266.38,12.258064516129,25.8064516129032,16.221198156682
20057,20,95,3083.58,22.42,361.7,30.3225806451613,56.9585253456221,29.6774193548387
20057,20,77,3191.08,22.89,349.61,32.7188940092166,63.4101382488479,27.2811059907834
20057,20,110,5421.79,21.69,774.16,80.7373271889401,45.8986175115207,81.2903225806452
20057,20,90,3175.8,19.65,337.76,32.3502304147465,23.4101382488479,24.9769585253456
20057,20,90,111.1,8.22,5.57,0.276497695852535,1.75115207373272,0.0921658986175115
20562,18,120,421.97,8.9,35.93,6.99346405228758,9.15032679738562,8.82352941176471
20562,18,120,859.06,19.1,81.32,16.1437908496732,23.202614379085,16.1437908496732
20562,18,90,626.61,12.67,68.18,14.3790849673203,14.1830065359477,15.0980392156863
20562,18,120,1327.75,22.1,169.94,19.6078431372549,52.483660130719,19.9346405228758
20562,18,120,2689,19.22,313.9,34.0522875816993,24.0522875816993,32.6797385620915
20562,18,120,212.9,8.06,24.27,1.43790849673203,6.99346405228758,3.72549019607843
20562,18,120,1750.79,14.15,214.49,22.8758169934641,16.1437908496732,23.7908496732026
20562,18,120,312.8,9.25,31.11,3.00653594771242,9.86928104575163,6.27450980392157
20562,18,120,1351.19,21.82,212.49,19.6732026143791,49.5424836601307,23.6601307189542
20562,18,120,323.49,7.2,37.92,3.52941176470588,4.44444444444444,10.1960784313725
20562,18,90,1770.95,15.01,268.11,23.1372549019608,16.9934640522876,28.7581699346405
20562,18,120,3673.01,13.99,391.1,45.9477124183007,15.9477124183007,39.281045751634
20562,18,90,442.56,6.9,47.18,8.75816993464052,3.26797385620915,13.0718954248366
20562,18,90,511.21,6.59,30.04,12.0915032679739,2.54901960784314,5.7516339869281
20562,18,120,4299.43,21.63,328.72,55.9477124183007,46.9934640522876,33.6601307189542
20562,18,120,3469.5,20.67,401.26,43.3333333333333,35.9477124183007,40.2614379084967
20562,18,120,441.13,8.52,44.2,8.56209150326797,8.36601307189542,12.2875816993464
20562,18,120,3460.08,21.69,264.3,43.0718954248366,47.9738562091503,28.1699346405229
20562,18,120,3028.93,20.89,219.61,38.8888888888889,38.8888888888889,24.3137254901961
20562,18,120,398.06,8.42,57.22,5.62091503267974,8.10457516339869,14.3137254901961
20562,18,90,364.11,8.55,23.13,4.70588235294118,8.56209150326797,3.33333333333333
20562,18,90,2940.41,22.27,272.28,38.0392156862745,54.1176470588235,29.0849673202614
20562,18,90,375.23,12.39,18.18,5.09803921568627,13.7254901960784,1.83006535947712
20562,18,90,2186.53,20.5,199.5,27.3856209150327,34.0522875816993,22.5490196078431
20562,18,90,458.86,11.33,25.37,9.93464052287582,12.483660130719,4.31372549019608
20562,18,85,416.26,6.96,40.89,6.66666666666667,3.59477124183007,11.5032679738562
20562,18,90,3093.02,25.28,257.73,39.281045751634,79.3464052287582,27.6470588235294
20562,18,120,484.18,6.32,22.68,11.5032679738562,1.76470588235294,3.0718954248366
20562,18,120,454.82,8.02,36.45,9.6078431372549,6.9281045751634,9.15032679738562
20562,18,95,974.54,10.38,22.27,16.8627450980392,11.5686274509804,2.87581699346405
20562,18,120,537.51,9.09,44.66,12.483660130719,9.6078431372549,12.4183006535948
20562,18,120,396.44,6.49,25.73,5.55555555555556,2.35294117647059,4.64052287581699
20562,18,120,647.21,6.96,32.66,14.7058823529412,3.59477124183007,6.99346405228758
20562,18,120,439.77,9.06,37.46,8.30065359477124,9.47712418300654,9.86928104575163
20562,18,90,413.02,7.13,39.36,6.20915032679739,4.18300653594771,10.7843137254902
20602,21,95,4522.26,22.51,664.77,72.972972972973,54.0540540540541,74.4744744744745
20602,21,120,5317.36,24.74,988.68,88.2882882882883,78.3783783783784,90.0900900900901
20602,21,110,4758.75,20.69,682.87,78.3783783783784,33.033033033033,75.3753753753754
20602,21,100,4752.85,20.91,810.48,78.0780780780781,37.5375375375375,83.7837837837838
20602,21,95,2397.98,15.3,289.75,19.8198198198198,8.10810810810811,18.9189189189189
20602,21,120,2771.77,20.9,449.09,28.5285285285285,37.2372372372372,44.4444444444444
20602,21,83,2569.33,18.65,364.35,23.1231231231231,18.6186186186186,31.8318318318318
20602,21,83,3898.01,19.97,768.91,58.2582582582583,25.8258258258258,81.6816816816817
20602,21,78,3465.33,20.97,570.34,47.1471471471471,38.1381381381381,64.5645645645646
20602,21,109,1094.84,20.82,181.59,7.20720720720721,35.7357357357357,8.40840840840841
20602,21,105,4359.87,21.58,734.79,70.8708708708709,46.8468468468468,78.6786786786787
20602,21,104,2673.29,20.23,440.76,25.8258258258258,27.6276276276276,42.9429429429429
20602,21,94,4186.45,20.36,520.49,64.8648648648649,29.4294294294294,55.5555555555556
20602,21,120,4806.7,21.66,730.54,79.8798798798799,47.7477477477478,78.3783783783784
20602,21,105,6304.6,25.34,1062.62,95.7957957957958,82.8828828828829,93.6936936936937
20602,21,97,4106.34,19.5,774.32,63.0630630630631,23.4234234234234,81.981981981982
20602,21,87,3438.18,21.88,461.6,45.945945945946,49.5495495495495,46.5465465465465
20602,21,107,4534.46,20.13,758.12,73.8738738738739,26.4264264264264,80.7807807807808
20602,21,100,3697.73,18.58,567.36,55.2552552552552,18.3183183183183,63.3633633633634
20602,21,70,3331.48,19.23,1847.7,42.6426426426426,21.3213213213213,99.6996996996997
20602,21,106,2289.59,21.54,370.36,17.7177177177177,45.6456456456456,33.033033033033
20602,21,108,2174.31,19.58,379.58,15.015015015015,24.024024024024,34.2342342342342
20602,21,110,1443.27,18.87,206.67,8.10810810810811,18.9189189189189,9.60960960960961
20602,21,75,3807.59,23.18,1986.89,56.7567567567568,60.6606606606607,100
20602,21,111,1887.21,21.37,302.37,11.1111111111111,43.2432432432432,21.3213213213213
20602,21,75,2653.86,17.31,311.61,25.2252252252252,12.6126126126126,22.8228228228228
20602,21,112,3358.61,22.89,586.82,43.8438438438438,57.0570570570571,65.4654654654655
20602,21,112,117.55,14.67,19.43,0.3003003003003,6.60660660660661,0.900900900900901
20602,21,75,5329.88,20.51,536.09,88.5885885885886,30.9309309309309,58.2582582582583
20602,21,75,4305.89,20.7,434.41,68.1681681681682,33.6336336336336,42.042042042042
20602,21,75,5054.04,24.73,482.69,83.7837837837838,78.0780780780781,49.8498498498498
21777,19,95,6153.79,19.08,844.13,73.7704918032787,15.0819672131148,72.4590163934426
21777,19,100,5275.39,20.82,899.03,47.2131147540984,26.2295081967213,80.327868852459
21777,19,120,8034.99,24.71,1191.11,92.7868852459016,79.672131147541,97.0491803278689
21777,19,90,7304.88,22.5,1073.06,86.8852459016393,53.7704918032787,93.1147540983606
21777,19,90,5849.45,22.22,942.4,68.8524590163934,49.8360655737705,82.9508196721311
21777,19,90,3192.18,18.85,433.27,11.1475409836066,13.1147540983607,12.4590163934426
21777,19,90,4932.78,22.41,738.34,38.0327868852459,52.1311475409836,58.3606557377049
21777,19,90,5458.34,17.99,740.51,52.7868852459016,10.8196721311475,59.0163934426229
21777,19,75,3998.49,23.6,516.91,19.344262295082,69.1803278688525,20.655737704918
21777,19,90,5347.3,22.66,862.51,49.5081967213115,56.7213114754098,75.0819672131148
21777,19,90,3396.31,26.72,506.52,12.4590163934426,96.0655737704918,18.3606557377049
21777,19,100,8530.57,24.28,1351.46,98.0327868852459,76.0655737704918,99.016393442623
21777,19,90,6273.21,22.02,844.63,76.3934426229508,45.9016393442623,72.7868852459016
21777,19,70,5160.88,24.24,722.8,42.2950819672131,75.7377049180328,56.7213114754098
21777,19,100,4893.54,25.73,587.83,37.3770491803279,88.1967213114754,32.7868852459016
21777,19,90,1045.62,17.28,96.35,4.59016393442623,8.19672131147541,5.9016393442623
21859,20,110,4214.88,26.31,509.98,61.7511520737327,94.1013824884793,57.2350230414747
21859,20,90,3493.03,22.42,476.1,41.2903225806452,56.9585253456221,51.6129032258064
21859,20,90,1195.35,24.41,189.96,7.83410138248848,80.4608294930876,10.0460829493088
21859,20,92,2572.58,26.19,352.78,19.3548387096774,93.9170506912442,27.8341013824885
21859,20,90,2039.37,20.18,247.96,13.9170506912442,27.741935483871,14.3778801843318
21859,20,110,4251.83,24.39,710.62,62.6728110599078,80.36866359447,77.2350230414747
21859,20,100,4568.89,24.33,626.12,70.0460829493088,79.9078341013825,70.0460829493088
21859,20,110,4746.99,22.34,842.72,73.3640552995392,55.852534562212,85.6221198156682
21859,20,100,1448.87,26.02,233.7,9.40092165898617,92.7188940092166,13.0875576036866
21859,20,77,2968.94,21.46,400.44,27.741935483871,42.3963133640553,37.0506912442396
21859,20,70,1458.98,13.9,168.35,9.49308755760369,6.35944700460829,9.12442396313364
21859,20,100,3769.55,20.82,441.82,50.9677419354839,34.4700460829493,44.7926267281106
21859,20,104,6422.44,25.24,974.92,87.741935483871,87.6497695852535,90.5069124423963
21859,20,90,831.18,22.28,134.83,5.89861751152074,55.0230414746544,7.74193548387097
21859,20,120,6101.18,24.92,739.58,85.2534562211981,84.6082949308756,79.3548387096774
21859,20,105,2641.6,22.91,302.33,20.184331797235,63.594470046083,20.36866359447
21859,20,90,3966.91,20.79,546.74,56.3133640552995,34.1935483870968,62.0276497695853
21859,20,100,1807.67,18.27,234.25,11.4285714285714,13.0875576036866,13.2718894009217
21859,20,78,3446.5,23.28,433.41,39.5391705069124,68.294930875576,43.1336405529954
21859,20,90,935.16,23.26,200.94,7.00460829493088,67.926267281106,10.6912442396313
21859,20,75,724.57,12.24,68.3,4.42396313364055,3.77880184331797,4.14746543778802
21859,20,105,3058.19,22.22,395.36,29.7695852534562,54.2857142857143,36.221198156682
21859,20,123,6736.25,24.86,875.06,89.8617511520737,84.4239631336406,87.4654377880184
21859,20,120,6549.77,23.47,1078.54,88.5714285714286,70.8755760368664,93.1797235023041
21859,20,80,3620.34,24.53,449.55,45.9907834101382,81.1981566820276,46.6359447004608
21859,20,91,1202.13,24.08,207.02,7.92626728110599,77.6958525345622,11.1520737327189
21859,20,99,3441.4,19.39,334.26,39.0783410138249,21.0138248847926,24.0552995391705
21859,20,116,6879.1,26.12,1254.52,91.1520737327189,93.4562211981567,96.3133640552995
21859,20,100,3960.41,23.96,447.72,56.221198156682,76.1290322580645,45.8986175115207
21859,20,90,2593.79,22.86,319.06,19.63133640553,62.6728110599078,22.2119815668203
21859,20,110,2375.85,17.25,266.67,16.8663594470046,9.67741935483871,16.3133640552995
21859,20,105,4471.14,23.82,575.49,67.5576036866359,75.0230414746544,64.7926267281106
21859,20,70,2572.59,18.41,354.06,19.4470046082949,14.1013824884793,28.110599078341
21859,20,90,2668.94,18.71,387.56,20.9216589861751,15.9447004608295,34.5622119815668
21859,20,90,3917.41,22.19,632.05,54.7465437788019,53.7327188940092,70.6912442396313
21859,20,76,2229.5,20.85,215.71,15.2073732718894,34.9308755760369,11.5207373271889
21859,20,90,2049.12,25.4,322.76,14.1013824884793,88.7557603686636,22.5806451612903
21859,20,90,176.99,8.58,15.81,1.10599078341014,1.84331797235023,2.58064516129032
21859,20,90,3342.24,22.62,378.43,36.5898617511521,59.2626728110599,32.5345622119816
21859,20,90,4195.41,26.53,580.64,61.1981566820277,94.9308755760369,65.3456221198157
25203,19,95,3925.79,18.51,422.98,16.7213114754098,11.8032786885246,12.1311475409836
25203,19,100,173,6.8,7.61,0.983606557377049,1.31147540983607,0
25203,19,90,441.24,10.72,30.93,2.62295081967213,2.95081967213115,2.29508196721311
25203,19,70,2131.99,16.29,263.17,7.86885245901639,5.9016393442623,8.85245901639344
25203,19,100,4858.54,21.06,533.78,36.0655737704918,29.5081967213115,21.9672131147541
25203,19,90,3693.25,22.76,402.23,14.7540983606557,57.7049180327869,11.4754098360656
25203,19,90,4572.07,20.68,570.21,29.1803278688525,24.9180327868852,26.8852459016393
25203,19,75,2794.25,21.27,260.01,9.18032786885246,32.1311475409836,8.52459016393443
27841,19,100,147.06,6.65,8.78,0.327868852459016,0.983606557377049,0.327868852459016
28009,20,78,4976.22,20.77,688.71,76.1290322580645,33.9170506912442,75.2073732718894
28009,20,75,681.58,10.75,69.78,4.14746543778802,2.48847926267281,4.33179723502304
28009,20,105,2921.67,19.5,400.11,26.5437788018433,22.2119815668203,36.7741935483871
28009,20,123,6689.97,23.4,1040.45,89.5852534562212,69.9539170506912,92.1658986175115
28009,20,120,6898.45,23.44,1060.73,91.2442396313364,70.3225806451613,92.7188940092166
28009,20,105,4183.3,19.77,616.58,60.8294930875576,24.7004608294931,69.5852534562212
28009,20,110,2596.67,18.5,331.91,19.7235023041475,14.9308755760369,23.778801843318
28009,20,80,3434.55,20.64,453.85,38.8940092165899,32.5345622119816,47.1889400921659
28009,20,99,3599.07,19.44,382.54,44.8847926267281,21.7511520737327,33.6405529953917
28009,20,116,6664.23,24.92,1021.94,89.4009216589862,84.6082949308756,91.6129032258064
28009,20,100,4571.82,23.18,566.11,70.1382488479263,66.8202764976959,63.963133640553
28009,20,90,3558.55,20.03,524.53,43.0414746543779,26.5437788018433,59.1705069124424
28009,20,90,149,7.77,7.3,0.829493087557604,1.38248847926267,0.552995391705069
28009,20,110,3319.51,23.76,438.38,36.036866359447,74.0092165898618,44.0552995391705
28009,20,101,4556.14,20.97,578.6,69.7695852534562,36.405529953917,65.1612903225806
28009,20,70,2561.44,19.59,242.68,19.0783410138249,22.9493087557604,13.6405529953917
28009,20,90,2373.12,19.66,292.36,16.6820276497696,23.6866359447005,19.0783410138249
28009,20,100,4656.59,21.62,534.68,71.9815668202765,45.1612903225806,60.36866359447
28009,20,90,4993.19,24.58,668.16,76.3133640552995,82.2119815668203,73.6405529953917
28009,20,90,4173.65,25.51,662.71,60.7373271889401,90.0460829493088,73.2718894009217
28009,20,90,3615.93,25.24,492.56,45.5299539170507,87.6497695852535,54.6543778801843
28009,20,90,4060.55,21.48,594.25,58.1566820276498,42.6728110599078,67.1889400921659
28009,20,90,3018.12,23.59,362.76,28.9400921658986,72.4423963133641,30.0460829493088
28009,20,90,3314.81,20.24,417.49,35.852534562212,28.294930875576,39.7235023041475
28009,20,90,3611.45,19.16,500.35,45.3456221198157,19.0783410138249,55.852534562212
28009,20,90,3985.34,23.2,526.14,56.6820276497696,67.0046082949309,59.2626728110599
28009,20,73,2200.42,16.85,264.4,15.0230414746544,9.21658986175115,16.036866359447
28009,20,90,4620.12,19.41,601.27,71.3364055299539,21.3824884792627,67.741935483871
28009,20,90,3176.84,20.05,380.73,32.4423963133641,26.8202764976959,33.1797235023041
28009,20,90,3482.45,21.92,431.74,40.7373271889401,49.4009216589862,42.4884792626728
28009,20,110,4258.94,23.47,584.48,62.9493087557604,70.8755760368664,65.8064516129032
28009,20,90,908.23,24.41,112.88,6.72811059907834,80.4608294930876,6.91244239631336
28009,20,90,608.43,21.58,105.38,3.68663594470046,44.7926267281106,6.54377880184332
28009,20,90,2888.11,20.29,432.47,25.3456221198157,28.9400921658986,42.7649769585253
28009,20,110,5209.04,25.06,828.36,78.4331797235023,86.0829493087558,84.7004608294931
28009,20,100,3326.37,21.34,425.76,36.221198156682,41.2903225806452,41.1059907834101
28009,20,105,3340.45,22.07,571.5,36.4976958525346,51.5207373271889,64.331797235023
28009,20,70,1795.13,13.37,155.63,11.3364055299539,5.71428571428571,8.66359447004608
28009,20,95,3145.67,22.16,406.24,31.3364055299539,52.9953917050691,37.7880184331797
28009,20,100,3461.96,21.24,435.23,39.815668202765,39.9078341013825,43.594470046083
28009,20,104,1902.31,25.15,302.33,12.8110599078341,87.0967741935484,20.36866359447
28009,20,120,4154.6,21.96,551.41,60.36866359447,50.0460829493088,62.4884792626728
28009,20,105,2787.94,21.23,355.57,23.3179723502304,39.815668202765,28.4792626728111
28009,20,110,3914.99,24.97,490.83,54.3778801843318,85.2534562211981,54.1013824884793
28009,20,100,1955.48,15.84,244.52,13.2718894009217,7.92626728110599,13.9170506912442
28299,18,120,4419.58,21.53,636.23,58.562091503268,45.9477124183007,63.202614379085
28299,18,90,4500.72,20.6,705.09,59.7385620915033,35.0980392156863,69.1503267973856
28299,18,95,7670.46,21.96,1449.52,93.3333333333333,51.3725490196078,96.8627450980392
28299,18,90,4636.73,19.65,805.74,62.6143790849673,26.9281045751634,76.1437908496732
28299,18,95,7196.55,22.43,1276.96,91.3071895424837,55.7516339869281,94.3790849673203
28299,18,90,3901.6,20.04,627.38,49.9346405228758,29.6732026143791,62.3529411764706
28299,18,120,5910.07,24.48,925.84,79.7385620915033,72.0261437908497,82.6143790849673
28299,18,120,4124.69,20.97,536.7,53.202614379085,39.5424836601307,55.4248366013072
28299,18,100,4368,23.54,732.83,57.3202614379085,65.8169934640523,70.7843137254902
28299,18,90,4418.08,24.54,581.91,58.4313725490196,72.875816993464,58.4967320261438
28299,18,90,4822.01,23.65,707.86,65.0980392156863,66.6666666666667,69.3464052287582
28299,18,90,5291.01,21.16,897.14,71.8300653594771,42.156862745098,81.2418300653595
28299,18,90,1745.85,18.5,289.79,22.7450980392157,21.1111111111111,30.3267973856209
28299,18,120,2143.27,19.62,334.66,26.9934640522876,26.797385620915,34.1176470588235
28299,18,120,6635.32,24.47,984.37,87.0588235294118,71.8300653594771,84.9673202614379
28299,18,90,2283.53,19.44,206.86,28.562091503268,25.5555555555556,23.202614379085
28299,18,120,4290.59,21.4,515.29,55.6862745098039,45.1633986928105,52.7450980392157
28299,18,150,8100.35,22.06,1331.42,95.2941176470588,52.2875816993464,95.1633986928104
28299,18,120,5396.78,20.86,729.85,73.3986928104575,38.3006535947712,70.5882352941177
28299,18,120,6455.5,23,1009.17,85.5555555555556,61.1111111111111,86.4705882352941
28299,18,120,6312.05,20.49,971.1,84.0522875816993,33.921568627451,84.3790849673203
28299,18,90,5087.01,24.52,783.95,68.8888888888889,72.5490196078431,74.7712418300654
28299,18,90,1189.96,21.31,147.97,18.3660130718954,43.9869281045752,18.1699346405229
28299,18,120,4937.08,24.55,936.31,66.9281045751634,73.202614379085,83.2679738562092
28299,18,120,6118.08,23.94,1115.27,81.6993464052288,67.9084967320262,90.9150326797386
28299,18,120,2081.31,20.27,355.12,26.0130718954248,31.5686274509804,35.9477124183007
28299,18,120,2269.59,21.78,352.88,28.3660130718954,48.8888888888889,35.7516339869281
28299,18,120,2310.18,35.6,363.3,28.8235294117647,96.2091503267974,36.6013071895425
28299,18,120,4099.25,21.82,682.37,52.7450980392157,49.5424836601307,67.0588235294118
28299,18,90,4662.33,25.67,764.55,63.0065359477124,82.2222222222222,73.202614379085
28299,18,120,1642.26,20.99,235.5,21.8300653594771,39.7385620915033,25.7516339869281
28299,18,90,5102.81,19.8,968.58,69.2156862745098,27.843137254902,84.3137254901961
28299,18,120,7759.84,25.48,1286.58,93.7908496732026,80.9803921568627,94.4444444444444
28299,18,90,3911.8,21.5,645.8,50.1960784313725,45.6209150326797,64.2483660130719
28299,18,90,2094.29,19.43,279,26.1437908496732,25.4248366013072,29.6078431372549
28299,18,90,6577.34,23.37,1231.12,86.6666666666667,64.5098039215686,93.7254901960784
28299,18,120,5829.16,21.5,999.46,79.0196078431373,45.6209150326797,85.9477124183007
28299,18,120,2720.28,22.5,345,34.8366013071895,56.797385620915,35.2941176470588
28299,18,90,4839.84,24.73,911.86,65.359477124183,74.640522875817,81.9607843137255
28299,18,120,2373.91,19.47,262.21,29.6078431372549,25.6862745098039,27.9084967320261
28299,18,120,9876.3,22.94,1743.83,99.2156862745098,60.8496732026144,99.281045751634
28299,18,120,5443.49,42.34,669.77,74.1176470588235,99.4771241830065,66.078431372549
28299,18,120,6873.86,22.52,1086.68,89.0196078431373,57.1895424836601,89.8039215686275
28299,18,120,5986.88,19.84,816.97,80.3921568627451,28.4313725490196,76.5359477124183
28299,18,90,4681.63,21.61,885.35,63.2679738562091,46.8627450980392,80.3267973856209
28299,18,120,6475.05,20.34,999.43,85.8169934640523,32.3529411764706,85.8823529411765
28299,18,90,907.87,21.38,173.13,16.2745098039216,44.7712418300654,20.1307189542484
28299,18,120,4813.16,19.77,714.89,65.0326797385621,27.6470588235294,70
28299,18,120,7019.99,24.42,1123.97,90.0653594771242,71.5032679738562,91.2418300653595
28299,18,90,3896.35,25.29,642.95,49.8692810457516,79.5424836601307,64.0522875816993
28299,18,120,2715.67,40.68,451.04,34.7058823529412,96.4705882352941,46.1437908496732
28299,18,120,609.95,13.15,49.26,13.9869281045752,15.1633986928105,13.5947712418301
28299,18,90,6812.69,23.4,1321.82,88.4967320261438,64.7712418300654,94.9019607843137
28299,18,85,1849.19,21.32,237.24,23.7908496732026,44.1176470588235,25.9477124183007
28299,18,90,1613.62,17.3,121,21.7647058823529,18.7581699346405,17.516339869281
28299,18,90,7402.85,22.92,1378.01,92.3529411764706,60.718954248366,95.6862745098039
28299,18,90,3544.05,20.26,486.37,44.3137254901961,31.437908496732,50.3921568627451
28299,18,90,4395.36,20.31,610.75,58.1045751633987,31.9607843137255,61.1111111111111
28299,18,105,9518.56,23.39,1801.34,98.8888888888889,64.7058823529412,99.4771241830065
28299,18,120,4252.46,21.88,536.51,54.8366013071895,50.6535947712418,55.2941176470588
28747,20,90,7048.66,24.02,1266.15,92.1658986175115,76.8663594470046,96.4976958525346
28747,20,90,2854.76,22.64,367.56,24.7004608294931,59.4470046082949,30.7834101382488
28747,20,110,4085.15,22.08,462.42,58.9861751152074,51.9815668202765,49.3087557603687
28747,20,110,2799.97,19.4,452.76,23.778801843318,21.1059907834101,47.0967741935484
28747,20,95,3244.47,19.81,361.67,33.7327188940092,25.0691244239631,29.4930875576037
28747,20,77,3327.51,22.77,373.95,36.3133640552995,61.1059907834101,31.4285714285714
28747,20,100,7318.01,24.56,970.91,93.4562211981567,81.7511520737327,90.3225806451613
28747,20,90,3470.4,22.05,476.02,40.0921658986175,51.1520737327189,51.5207373271889
28747,20,100,2821.2,26.06,206.29,24.0552995391705,92.9032258064516,10.8755760368664
28747,20,110,4777.94,22.38,639.09,73.6405529953917,56.4055299539171,71.6129032258065
28747,20,92,6673.96,27.34,1035.73,89.4930875576037,97.6036866359447,91.9815668202765
28747,20,110,4112.09,20.61,494.91,59.5391705069124,32.073732718894,54.8387096774194
28747,20,90,7031.4,27.01,1556.22,91.9815668202765,96.6820276497696,99.4470046082949
28747,20,70,3246.9,19.06,427.91,33.8248847926267,18.1566820276498,41.6589861751152
28747,20,90,5683.04,22.16,802.07,82.9493087557604,52.9953917050691,83.1336405529954
28747,20,90,7265.56,24.61,1341.79,93.1797235023041,82.4884792626728,97.9723502304147
28747,20,90,4599.15,23.02,623.82,70.9677419354839,64.9769585253456,69.8617511520737
28747,20,90,5438.73,23.78,1025.55,81.0138248847926,74.1935483870968,91.705069124424
28747,20,90,6850.42,27.28,1319.16,91.0599078341014,97.5115207373272,97.6958525345622
28747,20,76,2599.24,17.73,362.17,19.815668202765,11.4285714285714,29.9539170506912
28747,20,90,2888.56,23.39,382.09,25.4377880184332,69.7695852534562,33.4562211981567
28747,20,91,7629.19,23.73,1621.94,94.4700460829493,73.8248847926267,99.63133640553
28747,20,80,3149.98,24.72,408.95,31.6129032258064,83.5023041474654,38.2488479262673
28747,20,90,5228.59,24.73,1126.93,78.6175115207373,83.5944700460829,94.0092165898618
28747,20,120,6080.86,23.37,720.48,84.9769585253456,69.4009216589862,77.6958525345622
28747,20,100,3490.54,24.76,478.82,41.1981566820277,83.8709677419355,52.073732718894
28774,19,75,4125.66,22.04,503.59,20.327868852459,46.5573770491803,17.7049180327869
28774,19,90,5518.04,22.09,657.66,54.7540983606557,48.1967213114754,47.5409836065574
28774,19,90,5286.57,26.63,717.02,47.8688524590164,95.0819672131148,55.4098360655738
28774,19,100,8956.19,24.83,1176.09,99.344262295082,80.9836065573771,96.7213114754098
28774,19,90,6032.12,21.43,805.17,71.8032786885246,34.0983606557377,68.1967213114754
28774,19,70,4803.77,22.46,611.24,34.4262295081967,53.1147540983606,39.0163934426229
28774,19,100,4735.13,25.34,564.82,33.4426229508197,85.5737704918033,26.2295081967213
28774,19,90,1540.8,17.35,135.76,5.9016393442623,8.52459016393443,6.55737704918033
28774,19,95,6128.39,19.27,772.54,72.7868852459016,15.7377049180328,62.9508196721312
28774,19,100,6526.12,20.43,972.39,79.344262295082,22.2950819672131,86.8852459016393
28774,19,120,7968.07,24.4,950.11,91.8032786885246,77.3770491803279,83.9344262295082
28774,19,120,6913.31,23.34,890.3,84.5901639344262,65.2459016393443,80
28774,19,90,4641.47,21.3,511.73,30.1639344262295,32.7868852459016,20
28774,19,90,7778.05,23.53,1011.64,90.8196721311475,68.5245901639344,90.4918032786885
28774,19,90,5194.92,22.23,646.9,44.5901639344262,50.1639344262295,45.2459016393443
28774,19,90,2722.29,17.12,374.85,8.85245901639344,7.21311475409836,10.1639344262295
28774,19,90,5841.71,21.85,580.59,67.5409836065574,41.3114754098361,30.8196721311475
28774,19,90,5800.5,19.8,650.78,67.2131147540984,18.6885245901639,46.5573770491803
28884,18,120,299.88,9.22,33.88,2.94117647058824,9.80392156862745,7.71241830065359
28884,18,90,572.32,12.92,107.43,13.4640522875817,14.7712418300654,17.2549019607843
28884,18,120,150.98,11.71,4.3,0.392156862745098,13.0065359477124,0
28884,18,120,3828.79,21.59,457.6,48.6274509803922,46.6666666666667,47.1241830065359
28884,18,120,3957.9,19.48,460.4,51.5032679738562,25.7516339869281,47.6470588235294
28884,18,150,4378.77,20.72,575.04,57.7124183006536,36.4705882352941,58.1045751633987
28884,18,120,5391.74,22.18,615.49,73.3333333333333,53.2679738562092,61.3725490196078
28884,18,120,4019.4,25.74,617.19,52.0915032679739,82.7450980392157,61.5032679738562
28884,18,120,424.46,12.36,27.02,7.12418300653595,13.6601307189542,4.90196078431373
28884,18,120,571.09,8.53,36.4,13.3986928104575,8.43137254901961,9.08496732026144
28884,18,90,470.22,9.6,34.95,10.5228758169935,10.2614379084967,8.23529411764706
28884,18,90,2776.56,18.34,329.13,35.8823529411765,20.718954248366,33.7908496732026
28884,18,120,464.44,6.36,30.5,10.3267973856209,1.89542483660131,5.88235294117647
28884,18,120,535.16,7.27,19.32,12.4183006535948,4.64052287581699,2.15686274509804
28884,18,90,617.85,14.33,54.98,14.2483660130719,16.4052287581699,14.1830065359477
28884,18,85,416.89,6.51,26.76,6.73202614379085,2.41830065359477,4.77124183006536
28884,18,90,429.22,6.75,22.79,7.45098039215686,2.81045751633987,3.13725490196078
28884,18,120,322.12,5.63,15.2,3.39869281045752,0.980392156862745,1.37254901960784
28884,18,120,3554.33,19.93,391.42,44.3790849673203,28.8235294117647,39.4117647058824
28884,18,120,442.54,7.56,34.89,8.69281045751634,5.29411764705882,8.16993464052288
28884,18,120,4901.11,25.07,600.27,66.4052287581699,77.7777777777778,60.1960784313725
28884,18,90,3743.58,22.38,457.12,47.3202614379085,55.0980392156863,46.9934640522876
28884,18,120,326.27,8.1,40.77,3.79084967320261,7.25490196078431,11.3725490196078
28884,18,120,4924.42,21.38,668.27,66.7320261437908,44.7712418300654,65.9477124183007
28884,18,120,3830.37,18.72,545.57,48.7581699346405,22.0915032679739,56.1437908496732
28884,18,120,328.61,6.34,37.7,3.8562091503268,1.83006535947712,10
28884,18,120,4967.31,26.32,749.45,67.3202614379085,86.6666666666667,71.9607843137255
28884,18,120,3094.43,22.05,319.75,39.3464052287582,52.156862745098,32.8104575163399
28884,18,90,1240.22,20.12,141.85,18.7581699346405,30.3267973856209,17.9084967320261
32263,18,120,6466.06,26.86,799.62,85.7516339869281,89.6732026143791,75.5555555555556
32263,18,90,4579.27,27.87,607.75,61.3071895424837,93.5947712418301,60.8496732026144
32263,18,120,2490.6,22.12,252.55,30.9803921568627,52.8104575163399,27.1241830065359
32263,18,90,4561.26,20.79,566.97,60.9150326797386,37.1895424836601,57.843137254902
32263,18,100,506.89,13.52,45.82,12.0261437908497,15.4901960784314,12.8104575163399
32263,18,90,4291.9,27.65,489.29,55.7516339869281,92.9411764705882,50.5882352941176
32263,18,90,3912.64,21.1,453.01,50.2614379084967,40.8496732026144,46.4052287581699
32263,18,90,2695.07,20.33,293.24,34.3137254901961,32.156862745098,30.6535947712418
32263,18,90,283.98,11.78,17.78,2.74509803921569,13.202614379085,1.69934640522876
32263,18,85,2345.08,22.43,248.39,29.2156862745098,55.7516339869281,26.6666666666667
32263,18,120,7470.88,40.81,1090.54,92.6143790849673,97.2549019607843,90
32263,18,120,2780.06,40.96,451.45,36.0130718954248,98.6274509803922,46.2091503267974
32263,18,90,3693.19,21.93,486.49,46.2745098039216,50.9803921568627,50.4575163398693
32263,18,120,6604.15,26.49,820.84,86.797385620915,87.7777777777778,76.9934640522876
32263,18,120,4250.03,21.32,481.8,54.7712418300654,44.1176470588235,49.8692810457516
32263,18,120,6365.75,22,812.15,84.7058823529412,51.6993464052288,76.2745098039216
32263,18,120,5443.63,18.82,597.07,74.1830065359477,22.2222222222222,59.9346405228758
32263,18,120,5601.57,21.27,765.25,76.5359477124183,43.6601307189542,73.2679738562091
32263,18,120,8030.98,24.73,1039.72,94.9673202614379,74.640522875817,87.9738562091503
32263,18,90,880.95,10.56,74.18,16.2091503267974,11.8954248366013,15.4901960784314
32263,18,120,2347,20.65,185.11,29.281045751634,35.6862745098039,21.3725490196078
32263,18,120,5484.17,19.2,752.31,74.5751633986928,23.921568627451,72.2875816993464
32263,18,120,2623.43,20.21,264.14,32.7450980392157,31.3071895424837,28.1045751633987
32263,18,90,743.78,12.05,72.83,15.2287581699346,13.3986928104575,15.2941176470588
32263,18,90,4340.28,20.16,505.77,56.8627450980392,30.7843137254902,52.156862745098
32263,18,90,1065.41,12.77,73.26,17.3202614379085,14.3790849673203,15.359477124183
32263,18,120,5818.31,28.24,696.79,78.8888888888889,94.640522875817,68.3660130718954
32263,18,90,3792.18,19.73,565.84,47.9738562091503,27.3202614379085,57.6470588235294
32263,18,120,313.94,9.11,34.57,3.0718954248366,9.67320261437909,8.03921568627451
32263,18,120,5153.78,22.1,773.9,70.0653594771242,52.483660130719,73.9869281045752
32263,18,120,2012.51,18.97,282.39,25.2287581699346,22.7450980392157,29.9346405228758
32263,18,120,3591.38,19.3,517.74,44.7712418300654,24.5098039215686,53.2679738562092
32263,18,120,161.23,6.84,18.45,0.522875816993464,3.20261437908497,1.96078431372549
32263,18,120,4562.56,26.35,666,60.9803921568627,86.9281045751634,65.6862745098039
32263,18,120,4543.47,26.32,688.68,60.4575163398693,86.6666666666667,67.4509803921569
32263,18,90,1131.47,19.76,127.03,17.7777777777778,27.5816993464052,17.5816993464052
32263,18,90,398.37,8.62,14.5,5.68627450980392,8.75816993464052,1.17647058823529
32263,18,120,348.04,9.79,39.42,4.50980392156863,10.5882352941176,10.8496732026144
32263,18,90,566.54,10.19,61.02,13.202614379085,11.1764705882353,14.5751633986928
32263,18,120,254.04,12.78,32.38,2.22222222222222,14.5098039215686,6.86274509803922
32263,18,90,4415.66,25.32,540.56,58.3660130718954,79.8039215686275,55.6862745098039
32263,18,120,5763.12,20.13,726.62,78.562091503268,30.4575163398693,70.5228758169935
32263,18,120,4589.48,20.47,529.86,61.6339869281046,33.6601307189542,54.5751633986928
32263,18,150,6566.4,20.04,888,86.4705882352941,29.6732026143791,80.3921568627451
32263,18,120,4996.61,22.98,590.98,67.7124183006536,61.0457516339869,59.3464052287582
32263,18,120,3657.3,21.63,415.32,45.6862745098039,46.9934640522876,41.6993464052288
32263,18,120,3616.94,20.63,432.49,45.2287581699346,35.4901960784314,43.3333333333333
32263,18,120,6005.7,26.56,709.86,80.5882352941177,88.3660130718954,69.5424836601307
32263,18,90,1784.12,24.12,203.89,23.2679738562091,69.0849673202614,22.9411764705882
32263,18,90,3374.76,21,418.28,42.483660130719,39.8692810457516,41.8954248366013
32263,18,95,161.72,5.13,8.75,0.588235294117647,0.457516339869281,0.457516339869281
32263,18,90,2498.28,19.27,301.94,31.1111111111111,24.3137254901961,31.5032679738562
32263,18,95,364.26,5.53,10.69,4.77124183006536,0.784313725490196,0.849673202614379
32263,18,90,4332.81,21.81,536.72,56.7320261437908,49.3464052287582,55.4901960784314
32263,18,90,2691.65,19.27,321.08,34.2483660130719,24.3137254901961,33.0718954248366
36400,19,90,4112.46,21.93,557.2,20,43.6065573770492,24.9180327868852
36400,19,90,6786.14,23.02,858.59,81.6393442622951,60.655737704918,74.7540983606557
36400,19,90,5507.95,22.87,716.97,54.4262295081967,59.344262295082,55.0819672131148
36400,19,90,3255.92,17.63,481.46,12.1311475409836,9.50819672131147,16.3934426229508
36400,19,90,4716.31,21.2,737.36,32.4590163934426,31.1475409836066,58.0327868852459
36400,19,90,5527.8,21.89,677.53,56.0655737704918,41.6393442622951,51.8032786885246
36400,19,95,5490.41,19.93,730.07,53.7704918032787,19.0163934426229,57.3770491803279
36400,19,90,3120.11,25.53,790.28,10.4918032786885,86.8852459016393,65.9016393442623
36400,19,75,4168.69,23.2,571.66,21.6393442622951,62.9508196721312,27.8688524590164
36400,19,90,246.01,7.77,9.39,1.9672131147541,2.29508196721311,1.31147540983607
36400,19,100,4653.94,26.63,508.84,30.8196721311475,95.0819672131148,18.6885245901639
36400,19,70,4814.01,25.71,653.94,34.7540983606557,87.8688524590164,46.8852459016393
36400,19,90,4129.72,20.66,535.07,20.983606557377,24.5901639344262,22.6229508196721
36400,19,100,7937.91,26.11,1009.89,91.4754098360656,91.4754098360656,89.8360655737705
36400,19,90,4790.14,26.75,572.08,34.0983606557377,96.3934426229508,28.8524590163934
36400,19,100,5931.69,23.5,838.75,70.4918032786885,67.5409836065574,72.1311475409836
36400,19,120,4383.85,23.31,509.12,25.9016393442623,64.9180327868852,19.0163934426229
36400,19,120,7694.71,26.45,888.82,89.5081967213115,94.0983606557377,79.0163934426229
36754,18,120,498.81,5.82,19.94,11.8954248366013,1.17647058823529,2.41830065359477
36754,18,120,406.37,11.33,47.89,5.88235294117647,12.483660130719,13.2679738562092
36754,18,120,451.14,9.89,45.66,9.28104575163399,10.7843137254902,12.6797385620915
36754,18,90,601.7,10.4,51.78,13.7908496732026,11.6339869281046,14.0522875816993
36754,18,120,483.22,6.38,41.63,11.3725490196078,2.02614379084967,11.7647058823529
36754,18,120,398.67,8.69,63.78,5.7516339869281,8.88888888888889,14.7058823529412
36754,18,85,3278.34,21.85,380.62,41.7647058823529,50.0653594771242,38.2352941176471
36754,18,90,1930.04,21.97,232.97,24.3137254901961,51.437908496732,25.4901960784314
36754,18,90,2270.82,20.36,209.96,28.4313725490196,32.6143790849673,23.5947712418301
36754,18,90,3736.24,20,434.16,47.1895424836601,29.1503267973856,43.7908496732026
36754,18,120,379.63,7.82,35.24,5.29411764705882,6.1437908496732,8.36601307189542
36754,18,90,457.55,7.12,55.17,9.80392156862745,4.11764705882353,14.2483660130719
36754,18,120,613.25,7.6,41.11,14.0522875816993,5.42483660130719,11.5686274509804
36754,18,120,416.92,12.65,26.68,6.79738562091503,14.0522875816993,4.70588235294118
36754,18,120,459.82,7.17,33.23,10.0653594771242,4.2483660130719,7.38562091503268
36754,18,90,463.87,7.86,33.4,10.2614379084967,6.33986928104575,7.45098039215686
36754,18,120,567.18,6.82,35.51,13.3333333333333,3.13725490196078,8.56209150326797
36754,18,120,440.15,6.94,35.82,8.43137254901961,3.39869281045752,8.75816993464052
36754,18,120,440.25,10.08,33.65,8.49673202614379,11.0457516339869,7.58169934640523
36754,18,120,543.43,6.48,48.49,12.6143790849673,2.28758169934641,13.4640522875817
36754,18,120,434.9,7.92,44.19,7.90849673202614,6.40522875816993,12.2222222222222
36754,18,120,113,4.99,5.15,0,0.326797385620915,0.065359477124183
36754,18,120,462.19,6.73,22.97,10.1960784313725,2.61437908496732,3.26797385620915
36754,18,90,472.29,7.62,29.4,10.7843137254902,5.62091503267974,5.55555555555556
36754,18,120,522.22,10.44,43.83,12.2222222222222,11.6993464052288,12.0915032679739
36754,18,120,391.91,9.93,47.99,5.49019607843137,10.8496732026144,13.3986928104575
36754,18,120,428.13,7.28,22.65,7.3202614379085,4.70588235294118,3.00653594771242
36837,21,112,5730.42,17.85,709.12,91.8918918918919,15.3153153153153,77.1771771771772
36837,21,120,2785.19,20.63,353.04,29.1291291291291,32.4324324324324,29.4294294294294
36837,21,110,3218.26,17.32,387.96,40.2402402402402,12.9129129129129,35.4354354354354
36837,21,100,3713.41,18.15,557.81,55.5555555555556,16.8168168168168,61.8618618618619
36837,21,95,1660.97,14.09,160.5,9.60960960960961,5.40540540540541,7.80780780780781
36837,21,120,686.26,13.24,60.38,4.5045045045045,3.003003003003,5.40540540540541
36837,21,83,2432.12,19.32,387.8,21.3213213213213,21.9219219219219,34.8348348348348
36837,21,83,1426.48,24.71,241.63,7.80780780780781,77.7777777777778,12.3123123123123
36837,21,91,1960.45,21.2,299.79,12.3123123123123,40.8408408408408,20.7207207207207
36837,21,75,3357.42,14.54,290.99,43.5435435435435,6.30630630630631,19.2192192192192
36837,21,75,3423.32,13.17,285.49,45.6456456456456,2.4024024024024,18.6186186186186
36837,21,75,2627.17,13.6,242.52,24.6246246246246,3.9039039039039,12.6126126126126
36837,21,75,2243.85,17.16,149.78,16.5165165165165,12.012012012012,7.50750750750751
36837,21,120,3517.26,20.62,500.83,49.8498498498498,32.1321321321321,52.5525525525526
36837,21,97,4299.96,15.91,437.63,67.8678678678679,9.00900900900901,42.3423423423423
36837,21,100,2956.34,18.48,337.57,33.3333333333333,17.4174174174174,27.027027027027
36837,21,106,106.04,6.06,10.25,0,0.3003003003003,0.600600600600601
36837,21,112,695.14,12.61,56.75,4.8048048048048,2.1021021021021,4.8048048048048
36837,21,111,3041.3,16.55,284.04,34.8348348348348,10.5105105105105,17.7177177177177
37322,20,90,9079.81,28.73,1589.39,98.9861751152074,99.3548387096774,99.5391705069124
37322,20,120,6198.98,26.7,791.74,86.0829493087558,95.7603686635945,82.2119815668203
37322,20,105,3193.42,23.81,342.15,32.8110599078341,74.7465437788019,26.0829493087558
37322,20,110,5061.7,29.36,637.93,77.4193548387097,99.7235023041475,71.4285714285714
37322,20,100,2357.24,18.95,307.06,16.405529953917,17.6958525345622,20.7373271889401
37322,20,78,4698.2,21.91,726.82,72.5345622119816,49.3087557603687,78.3410138248848
37322,20,75,816.58,12.49,83.63,5.52995391705069,3.963133640553,5.34562211981567
37322,20,105,3499.24,21.57,415.2,41.4746543778802,44.4239631336406,39.3548387096774
37322,20,105,5049.39,25.12,868.44,77.2350230414747,86.7281105990783,87.0046082949309
37322,20,123,8087.13,27.5,1101.61,96.405529953917,97.8801843317972,93.6405529953917
37322,20,100,8912.78,26.17,1278.8,98.7096774193548,93.7327188940092,96.9585253456221
37322,20,70,1879.76,14.77,179.09,12.4423963133641,7.1889400921659,9.21658986175115
37322,20,99,3490.29,21.78,364.09,41.0138248847926,47.4654377880184,30.3225806451613
37322,20,116,6281.71,27.79,886.85,86.6359447004608,98.5253456221198,88.110599078341
37322,20,100,4870.95,25.91,581.79,75.1152073732719,92.258064516129,65.5299539170507
37322,20,90,7105.88,30.43,1035.07,92.7188940092166,99.9078341013825,91.889400921659
37322,20,110,3278.37,23.19,389.95,34.9308755760369,66.9124423963134,35.1152073732719
37322,20,90,3958.09,24.02,538.48,55.9447004608295,76.8663594470046,60.9216589861751
37322,20,76,2759.8,22.96,244.5,22.3963133640553,64.4239631336406,13.8248847926267
37322,20,90,4101.18,24.76,542.74,59.2626728110599,83.8709677419355,61.1981566820277
37322,20,90,2674.2,24.25,293.32,21.0138248847926,79.2626728110599,19.1705069124424
37322,20,110,5565.92,25.4,835.16,82.0276497695853,88.7557603686636,85.1612903225806
37322,20,100,6338.26,26.6,798.25,87.2811059907834,95.3917050691244,82.9493087557604
37322,20,90,183.02,4.54,12.88,1.47465437788018,0,1.75115207373272
37322,20,110,3260.01,22.86,486.98,34.1935483870968,62.6728110599078,53.2718894009217
37322,20,91,7327.88,27.17,1088.43,93.6405529953917,97.2350230414747,93.2718894009217
37322,20,80,3637.81,27.42,430.13,46.8202764976959,97.7880184331797,42.1198156682028
37322,20,90,5574.37,27.63,866.63,82.1198156682028,98.3410138248848,86.8202764976958
37322,20,120,6252.99,25.91,819.51,86.4516129032258,92.258064516129,84.0552995391705
37322,20,104,7773.68,30.2,1283.46,95.2073732718894,99.815668202765,97.2350230414747
37322,20,90,1131.04,23.95,185.36,7.55760368663594,76.036866359447,9.76958525345622
37322,20,90,8312.14,27.99,1267.82,97.6958525345622,98.6175115207373,96.6820276497696
37322,20,90,4844.45,24.34,706.48,74.8387096774194,80,76.6820276497696
37322,20,105,4781.72,26.43,689.79,73.8248847926267,94.5622119815668,75.2995391705069
37322,20,90,3800.42,25.06,503.33,51.5207373271889,86.0829493087558,56.221198156682
37322,20,90,8505.37,28.63,1316.75,98.2488479262673,99.1705069124424,97.5115207373272
37322,20,90,5850.78,26.47,751.8,83.5944700460829,94.7465437788018,80.0921658986175
37322,20,90,7073.56,26.73,1058.33,92.3502304147465,95.9447004608295,92.6267281105991
37322,20,90,3811.52,23.5,465.19,52.258064516129,71.4285714285714,49.7695852534562
37322,20,100,3951.18,27.23,451.16,55.4838709677419,97.3271889400922,46.9124423963134
37322,20,90,7755.94,26.39,1231.26,95.0230414746544,94.3778801843318,96.036866359447
37322,20,90,203.88,7.84,14.31,2.21198156682028,1.47465437788018,2.3963133640553
38727,20,100,5284.53,21.81,584.79,79.3548387096774,47.8341013824885,65.9907834101382
38727,20,104,10067.69,24.93,1379.69,99.5391705069124,84.8847926267281,98.6175115207373
38727,20,120,6524.77,22.17,858.32,88.294930875576,53.2718894009217,86.1751152073733
38727,20,105,3310.16,22.07,340.4,35.7603686635945,51.5207373271889,25.8064516129032
38727,20,110,4632.59,24.5,483.36,71.6129032258065,80.9216589861751,52.6267281105991
38727,20,78,5052.72,19.79,716.42,77.3271889400922,24.8847926267281,77.6036866359447
38727,20,75,859.67,13.43,88.1,6.17511520737327,5.99078341013825,6.08294930875576
38727,20,105,3571.04,19.16,428,43.963133640553,19.0783410138249,41.7511520737327
38727,20,123,7734.75,24.17,1072.03,94.8387096774194,78.4331797235023,92.9953917050691
38727,20,90,7369.98,24.17,1246.73,93.8248847926267,78.4331797235023,96.221198156682
38727,20,91,8029.87,25.68,1358.95,95.852534562212,90.8755760368664,98.3410138248848
38727,20,99,4309.96,22.31,433.98,64.331797235023,55.2995391705069,43.2258064516129
38727,20,116,6658.33,22.1,829.21,89.3087557603687,52.1658986175115,84.7926267281106
38727,20,100,3743.69,20.54,400.4,49.9539170506912,31.1520737327189,36.9585253456221
38727,20,90,4540.31,24.1,686.06,69.0322580645161,77.8801843317972,74.8387096774194
38727,20,110,3925.16,22.73,486.08,55.1152073732719,60.8294930875576,53.0875576036866
38727,20,90,5206.26,25.42,666.02,78.3410138248848,89.2165898617511,73.4562211981567
38727,20,105,4963.37,18.93,641.81,75.9447004608295,17.4193548387097,71.9815668202765
38727,20,110,4943.96,21.18,799.93,75.5760368663594,39.1705069124424,83.0414746543779
38727,20,100,6397.76,22.38,653.19,87.4654377880184,56.4055299539171,72.3502304147465
38727,20,110,5016.6,22.72,619.49,76.6820276497696,60.6451612903226,69.7695852534562
38727,20,90,3599.91,22.78,491.36,44.9769585253456,61.4746543778802,54.3778801843318
38727,20,92,8327.9,24.18,1278.47,97.7880184331797,78.7096774193548,96.8663594470046
38727,20,90,7747.46,23.56,1002.62,94.9308755760369,72.073732718894,91.4285714285714
38727,20,90,7732.9,22.39,993.17,94.7465437788018,56.6820276497696,91.0599078341014
38727,20,70,3441.84,19.61,403.02,39.1705069124424,23.2258064516129,37.4193548387097
38727,20,90,7099.36,21.74,868.63,92.5345622119816,46.8202764976959,87.0967741935484
38727,20,90,9471.15,25.16,1280.22,99.1705069124424,87.1889400921659,97.0506912442396
38727,20,90,3508.49,23.22,498.71,41.8433179723502,67.4654377880184,55.5760368663594
38727,20,90,4452.76,25.99,680.66,67.0046082949309,92.6267281105991,74.2857142857143
38727,20,90,8155.15,25.81,1009.19,96.9585253456221,91.7972350230415,91.5207373271889
38727,20,90,3033.12,21.5,423.57,29.2165898617512,43.0414746543779,40.8294930875576
38727,20,90,6321.87,30.73,1312.97,87.0046082949309,100,97.4193548387097
38727,20,76,2376.66,19.83,291.63,16.9585253456221,25.3456221198157,18.8940092165899
38727,20,90,3895.22,19.54,503.35,53.5483870967742,22.5806451612903,56.3133640552995
38727,20,90,3646.01,21.97,465.6,47.2811059907834,50.2304147465438,49.9539170506912
38727,20,105,9380.11,26.04,1367.7,99.0783410138249,92.8110599078341,98.4331797235023
38727,20,100,10192.6,24.23,1171.57,99.815668202765,79.0783410138249,95.2995391705069
40553,21,83,3674.98,23.02,514.56,54.0540540540541,58.5585585585586,54.954954954955
40553,21,120,4655.37,24.23,548.75,75.975975975976,74.4744744744745,59.7597597597598
40553,21,110,4020.53,20.32,498.54,61.2612612612613,28.2282282282282,51.9519519519519
40553,21,100,4999.23,22.95,709.23,82.2822822822823,57.957957957958,77.4774774774775
40553,21,95,2288.92,16.19,245.8,17.4174174174174,9.90990990990991,13.8138138138138
40553,21,120,1631.49,20.17,209.88,9.00900900900901,27.027027027027,9.90990990990991
40553,21,83,2572.09,19.16,325.64,23.4234234234234,20.4204204204204,24.3243243243243
40553,21,90,281.52,5.78,6.52,1.2012012012012,0,0
40553,21,91,4325.8,23.07,600.17,69.3693693693694,59.4594594594595,67.2672672672673
40553,21,94,3953.07,20.88,528.04,60.0600600600601,36.9369369369369,56.4564564564565
40553,21,120,4545.62,22.77,617.99,74.1741741741742,55.8558558558559,69.3693693693694
40553,21,105,6118.7,26.75,1000.44,93.6936936936937,90.3903903903904,90.3903903903904
40553,21,97,5021.61,23.53,815.7,82.8828828828829,66.966966966967,84.0840840840841
40553,21,87,3184.26,21.14,425.62,38.7387387387387,39.9399399399399,40.5405405405405
40553,21,107,730.18,9.84,33.76,6.00600600600601,0.900900900900901,2.4024024024024
40553,21,70,2722.56,22.08,514.34,27.3273273273273,51.0510510510511,54.6546546546547
40553,21,106,391.92,14.43,38.22,1.8018018018018,6.00600600600601,2.7027027027027
40553,21,108,7715.3,23.24,1170.26,98.4984984984985,61.8618618618619,96.0960960960961
40553,21,75,3942.78,22.2,499.54,59.7597597597598,52.2522522522522,52.2522522522522
40553,21,111,592.96,13.94,40.2,3.6036036036036,5.10510510510511,3.3033033033033
40553,21,75,2711.3,20.82,348.87,26.4264264264264,35.7357357357357,28.8288288288288
40553,21,112,754.84,13.43,61.21,6.60660660660661,3.3033033033033,5.70570570570571
40553,21,75,5012.27,23.69,482.27,82.5825825825826,69.0690690690691,49.5495495495495
40553,21,75,4207.22,21.37,387.8,65.7657657657658,43.2432432432432,34.8348348348348
40553,21,75,4887.71,25.86,483.77,81.3813813813814,86.1861861861862,50.1501501501502
40553,21,75,4610.99,25.38,444.29,74.4744744744745,83.4834834834835,43.8438438438438
41100,19,100,6425.46,24.11,961.17,78.6885245901639,74.7540983606557,85.2459016393443
41100,19,120,8311.71,25.96,1029.85,96.0655737704918,89.8360655737705,90.8196721311475
41100,19,120,6845.85,24.69,929.84,83.6065573770492,79.344262295082,82.2950819672131
41100,19,90,4578.63,24.54,597.41,29.5081967213115,78.0327868852459,36.0655737704918
41100,19,90,7229.52,23.04,946.95,86.5573770491803,61.3114754098361,83.6065573770492
41100,19,100,8753.04,26.45,1546.48,99.016393442623,94.0983606557377,99.672131147541
41100,19,90,3776.28,19.47,583.95,16.0655737704918,16.7213114754098,31.8032786885246
41100,19,90,5024.53,24.36,777.25,40,77.0491803278689,63.9344262295082
41100,19,90,6390.32,20.72,880.37,78.0327868852459,25.5737704918033,78.0327868852459
41100,19,90,6203.63,26.9,806.8,74.7540983606557,97.3770491803279,68.5245901639344
41100,19,75,3730.93,23.34,511.92,15.4098360655738,65.2459016393443,20.327868852459
41100,19,90,5664.57,22.18,740.11,64.2622950819672,49.1803278688525,58.6885245901639
41100,19,70,5481.62,23.6,793.14,53.4426229508197,69.1803278688525,67.2131147540984
41100,19,100,4569.42,25.96,629.85,28.8524590163934,89.8360655737705,42.2950819672131
41100,19,90,964.22,15,87.23,4.26229508196721,5.57377049180328,5.24590163934426
41100,19,95,6239.58,21.26,833.66,75.4098360655738,31.8032786885246,71.4754098360656
41837,20,90,2889.73,17.56,289.59,25.5299539170507,11.0599078341014,18.5253456221198
41837,20,110,4581,23.03,587.17,70.2304147465438,65.2534562211982,66.3594470046083
41837,20,95,3423.39,23.55,403.23,38.4331797235023,71.7972350230415,37.5115207373272
41837,20,70,1726.28,13.29,135.34,10.7834101382488,5.16129032258065,7.83410138248848
41837,20,123,134.37,12.2,13.82,0.552995391705069,3.59447004608295,2.11981566820276
41837,20,99,3524.22,21.28,301.47,42.2119815668203,40.4608294930876,20.184331797235
41837,20,100,3915.63,20.95,388.6,54.4700460829493,36.036866359447,34.9308755760369
41837,20,110,3005.41,26.73,321.38,28.7557603686636,95.9447004608295,22.3963133640553
43549,19,100,5777.06,22.08,954.32,66.8852459016394,47.8688524590164,84.2622950819672
43549,19,90,5635.74,21.89,720.85,62.9508196721312,41.6393442622951,56.3934426229508
43549,19,90,6882.19,25.14,857.02,84.2622950819672,84.9180327868852,74.4262295081967
43549,19,90,4438.86,23.54,563.49,27.2131147540984,68.8524590163934,25.5737704918033
43549,19,120,7384.55,22.02,989.46,88.1967213114754,45.9016393442623,88.8524590163935
43549,19,90,3453.85,19.06,528.14,13.1147540983607,14.7540983606557,21.6393442622951
43549,19,120,7980.11,25.84,986.57,92.4590163934426,89.1803278688525,88.1967213114754
43549,19,75,3806.15,22.1,470.25,16.3934426229508,48.5245901639344,15.4098360655738
43549,19,100,8720.35,22.04,1418.77,98.6885245901639,46.5573770491803,99.344262295082
43549,19,90,5679.15,21.74,725.57,64.9180327868852,39.344262295082,57.0491803278689
43549,19,70,3992.29,25.04,460.07,19.0163934426229,83.9344262295082,14.7540983606557
43549,19,90,5187.02,22.12,780.96,43.6065573770492,48.8524590163934,64.2622950819672
43549,19,90,5611.76,20.01,719.41,60.983606557377,20,56.0655737704918
43549,19,100,4126.62,25.58,464.93,20.655737704918,87.2131147540984,15.0819672131148
43549,19,90,2295.11,19.65,178.07,8.19672131147541,18.0327868852459,7.54098360655738
43549,19,95,5914.09,19.63,769.04,69.8360655737705,17.7049180327869,62.2950819672131
44800,19,90,5380.59,19.71,631.3,50.8196721311475,18.3606557377049,42.6229508196721
44800,19,90,5121.28,24.32,591.55,41.3114754098361,76.3934426229508,34.0983606557377
44800,19,75,3636.4,20.29,364.86,14.0983606557377,21.3114754098361,9.83606557377049
44800,19,70,4498.4,18.94,599.52,27.5409836065574,14.0983606557377,37.3770491803279
44800,19,90,5195.64,18.8,598.08,45.2459016393443,12.7868852459016,36.3934426229508
44800,19,95,5521.71,19.49,667.84,55.0819672131148,17.3770491803279,50.1639344262295
44800,19,90,1592.04,13.86,140.08,6.55737704918033,3.9344262295082,7.21311475409836
44800,19,100,4242.85,22.41,526.53,22.9508196721311,52.1311475409836,20.983606557377
44800,19,90,6725.78,19.38,875.38,80.655737704918,16.3934426229508,77.0491803278689
44800,19,90,4243.95,18.99,570.43,23.2786885245902,14.4262295081967,27.2131147540984
44800,19,90,5526.65,17.44,594.25,55.7377049180328,9.18032786885246,34.7540983606557
44800,19,90,4531.51,20.94,571.83,27.8688524590164,27.5409836065574,28.1967213114754
44800,19,100,6877.48,20.42,885.72,83.9344262295082,21.9672131147541,78.3606557377049
44800,19,120,6619.05,19.34,793.09,79.672131147541,16.0655737704918,66.8852459016394
44800,19,120,7105.01,21.6,875.94,85.9016393442623,37.0491803278689,77.3770491803279
44800,19,100,5495.81,20.46,768.05,54.0983606557377,22.9508196721311,61.9672131147541
44800,19,90,2825.78,16.85,312.27,9.50819672131147,6.55737704918033,9.18032786885246
44844,20,105,3151.81,21.95,361.69,31.889400921659,49.8617511520737,29.5852534562212
44844,20,78,4055.83,23.02,796.77,57.9723502304147,64.9769585253456,82.6728110599078
44844,20,99,3389.89,20.41,376.04,37.6036866359447,30.3225806451613,31.889400921659
44844,20,116,5896.29,25.74,929.66,83.778801843318,91.3364055299539,89.3087557603687
44844,20,110,3668.6,29.18,588.9,47.8341013824885,99.63133640553,66.6359447004608
44844,20,100,4225.28,24.95,546.71,61.9354838709677,85.1612903225806,61.9354838709677
44844,20,105,4911.22,21.03,878.09,75.3917050691244,37.8801843317972,87.5576036866359
44844,20,120,5364.36,27.52,893.46,79.815668202765,98.0645161290323,88.3870967741936
44844,20,105,2878.66,25.82,392.59,25.1612903225806,91.889400921659,35.4838709677419
44844,20,120,6399.95,23.25,1286.42,87.5576036866359,67.8341013824885,97.3271889400922
44844,20,123,5641.8,24.07,698.79,82.5806451612903,77.4193548387097,75.5760368663594
44844,20,75,718.9,10.82,72.47,4.23963133640553,2.67281105990783,4.51612903225806
44846,20,99,3368.75,19.48,342.22,37.1428571428571,21.8433179723502,26.1751152073733
44846,20,120,5483.68,24.74,870.92,81.4746543778802,83.6866359447005,87.2811059907834
44846,20,123,5022.41,21.85,722.55,76.8663594470046,48.3870967741936,78.0645161290323
44846,20,105,2679.02,20.64,327.75,21.1059907834101,32.5345622119816,23.4101382488479
44846,20,75,751.33,12.08,76,4.70046082949309,3.2258064516129,4.60829493087558
44846,20,78,4538.55,20.25,688.05,68.9400921658986,28.4792626728111,75.1152073732719
44846,20,100,2144.12,18.32,307.39,14.6543778801843,13.6405529953917,20.8294930875576
44846,20,110,3838.02,25.14,462.33,52.5345622119816,86.9124423963134,49.2165898617512
44846,20,80,2842.61,20.59,358.35,24.4239631336406,31.7972350230415,29.1244239631336
44846,20,105,3291.82,20.77,467.98,35.4838709677419,33.9170506912442,50.4147465437788
44846,20,100,4360.38,22.37,566.26,65.5299539170507,56.1290322580645,64.0552995391705
44846,20,116,2620.89,17.54,325.89,19.9078341013825,10.7834101382488,23.3179723502304
44846,20,105,2556.23,22.27,300.91,18.9861751152074,54.7465437788019,20.0921658986175
44846,20,95,2251.48,28.37,233.38,15.4838709677419,98.9861751152074,12.9953917050691
44846,20,70,4338.22,23.17,657.82,65.2534562211982,66.6359447004608,72.9032258064516
44846,20,100,3214.89,19.81,392.71,33.0875576036866,25.0691244239631,35.5760368663594
44846,20,120,3860.41,22.65,492.68,53.2718894009217,59.7235023041475,54.7465437788019
45048,19,100,6157.35,22,1006.58,74.0983606557377,44.9180327868852,89.5081967213115
45048,19,120,7750.17,24.65,1076.29,90.4918032786885,79.0163934426229,93.7704918032787
45048,19,120,7711.26,22,1034.45,90.1639344262295,44.9180327868852,91.1475409836066
45048,19,90,4427.55,24.61,554.33,26.8852459016393,78.6885245901639,24.5901639344262
45048,19,90,6827.31,23.41,970.08,82.9508196721311,66.5573770491803,86.5573770491803
45048,19,90,5442.33,20.49,705.77,52.4590163934426,23.6065573770492,53.1147540983606
45048,19,90,3735.5,18.77,582.84,15.7377049180328,12.4590163934426,31.4754098360656
45048,19,90,5311.55,25.64,769.17,48.8524590163934,87.5409836065574,62.6229508196721
45048,19,90,5581.06,20.41,854.86,59.344262295082,21.6393442622951,73.4426229508197
45048,19,90,1646.99,14.47,122.75,6.88524590163934,4.91803278688525,6.22950819672131
45048,19,75,3955.85,23.76,509.33,17.7049180327869,70.8196721311475,19.344262295082
45048,19,90,5251.82,25.03,662.55,46.5573770491803,83.2786885245902,48.8524590163934
45048,19,90,5605.2,26.88,781.85,60.327868852459,97.0491803278689,64.5901639344262
45048,19,95,6094.17,21.44,906.38,72.4590163934426,34.4262295081967,81.3114754098361
45048,19,100,8359.56,25.07,1310.13,96.3934426229508,84.5901639344262,98.0327868852459
45048,19,90,5555.18,22.27,824.03,58.0327868852459,50.4918032786885,70.1639344262295
45048,19,70,4054.33,21.81,579.78,19.672131147541,40.655737704918,30.4918032786885
45048,19,100,4705.8,24.97,589.22,31.8032786885246,82.9508196721311,33.1147540983607
45111,20,90,4298.77,21.53,528.96,63.6866359447005,43.778801843318,59.7235023041475
45111,20,110,4953.61,21.51,612.84,75.668202764977,43.5023041474654,68.7557603686636
45111,20,100,7555.18,23.02,788.04,94.1935483870968,64.9769585253456,82.0276497695853
45111,20,110,4150.65,19.69,485.34,60.184331797235,23.963133640553,52.9953917050691
45111,20,90,3654.87,19.67,459.58,47.5576036866359,23.8709677419355,48.7557603686636
45111,20,92,6436.58,22.69,776.9,87.926267281106,60.36866359447,81.4746543778802
45111,20,90,6827.09,22.95,806.24,90.6912442396313,64.0552995391705,83.5023041474654
45111,20,70,2436.39,18.29,275.08,17.6036866359447,13.3640552995392,16.8663594470046
45111,20,90,5987.99,23.79,582,84.331797235023,74.3778801843318,65.6221198156682
45111,20,90,7186.61,25.52,900.06,92.9953917050691,90.2304147465438,88.5714285714286
45111,20,90,3579.55,22.44,389.09,44.331797235023,57.3271889400922,35.0230414746544
45111,20,90,3619.92,23.42,445.56,45.8986175115207,70.1382488479263,45.3456221198157
45111,20,90,4301.43,25.01,476.55,63.778801843318,85.6221198156682,51.7972350230415
45111,20,90,7161.26,22.84,839.37,92.9032258064516,62.3963133640553,85.3456221198157
45111,20,90,182.35,8.98,12.53,1.38248847926267,1.93548387096774,1.65898617511521
45111,20,90,101.74,6.15,8.34,0.184331797235023,0.552995391705069,1.01382488479263
45111,20,90,6141.03,24.57,733.05,85.6221198156682,81.9354838709677,78.6175115207373
45111,20,76,2643.58,15.88,328.53,20.36866359447,8.0184331797235,23.5023041474654
45111,20,90,3586.38,19.2,397.76,44.6082949308756,19.7235023041475,36.405529953917
45111,20,90,3407.35,20.82,455.94,38.0645161290323,34.4700460829493,47.741935483871
45111,20,100,8542.9,23.81,857.21,98.3410138248848,74.7465437788019,86.0829493087558
45111,20,77,3250.04,28.64,338.23,34.0092165898618,99.2626728110599,25.1612903225806
45111,20,70,1688.51,12.98,132.27,10.5069124423963,4.51612903225806,7.64976958525346
45111,20,100,3510.03,19.29,356.79,42.0276497695853,20.2764976958525,28.7557603686636
45111,20,104,8187.76,25.72,1064.95,97.3271889400922,91.0599078341014,92.9032258064516
45111,20,90,8246.49,22.98,1036.97,97.6036866359447,64.7926267281106,92.073732718894
45111,20,120,5366.66,24.47,632.99,80,80.7373271889401,70.9677419354839
45111,20,105,3020.23,21.26,322.84,29.0322580645161,40.0921658986175,22.6728110599078
45111,20,110,4329.22,25.45,442.05,64.7004608294931,89.4009216589862,44.8847926267281
45111,20,100,1925.77,17.53,225.47,13.0875576036866,10.6912442396313,11.9815668202765
45111,20,75,675.3,12.86,63.88,4.05529953917051,4.23963133640553,3.59447004608295
45111,20,78,3702.98,17.91,425.39,48.8479262672811,12.073732718894,41.0138248847926
45111,20,105,2909.84,18.44,309.79,26.1751152073733,14.4700460829493,21.0138248847926
45111,20,123,6817.78,21.31,768.81,90.5990783410138,40.9216589861751,81.1981566820276
45111,20,120,6103.06,21.34,732.63,85.4377880184332,41.2903225806452,78.5253456221198
45111,20,90,6326.3,26.86,733.96,87.0967741935484,96.3133640552995,78.7096774193548
45111,20,80,3410.84,21.55,369.5,38.1566820276498,44.0552995391705,31.0599078341014
45111,20,91,6425.02,22.23,860.3,87.8341013824885,54.4700460829493,86.4516129032258
45111,20,99,3731.33,19.91,322.66,49.5852534562212,25.6221198156682,22.4884792626728
45111,20,116,4197.2,23.52,456.8,61.2903225806452,71.5207373271889,47.926267281106
45111,20,100,6720.7,21.94,584.64,89.6774193548387,49.5852534562212,65.8986175115207
45111,20,105,362.2,19.41,46.28,2.85714285714286,21.3824884792627,3.13364055299539
45111,20,110,3760.25,22.88,408.57,50.4147465437788,62.9493087557604,38.1566820276498
45111,20,90,6219.36,25.41,734.28,86.2672811059908,89.0322580645161,78.8018433179724
45111,20,105,3972.71,22,440.02,56.4976958525346,50.5069124423963,44.4239631336406
45655,18,85,2462.27,12.98,205.91,30.3921568627451,14.9019607843137,23.0718954248366
45655,18,90,752.82,16.39,33.15,15.2941176470588,18.1699346405229,7.3202614379085
45655,18,120,5918.27,40.91,902.45,79.8039215686275,98.3006535947712,81.5032679738562
45655,18,120,2761.72,40.71,461.96,35.5555555555556,96.6013071895425,47.9084967320261
45655,18,120,3317.61,19.85,273.93,42.0915032679739,28.562091503268,29.2156862745098
45655,18,90,762.19,13.24,67.42,15.4901960784314,15.2941176470588,14.9019607843137
45655,18,120,438.37,7.11,31.83,8.16993464052288,4.05228758169935,6.66666666666667
45655,18,120,3271.55,25.22,312.3,41.6339869281046,78.8888888888889,32.5490196078431
45655,18,120,4894.41,25.24,490.69,66.3398692810458,78.9542483660131,50.7843137254902
45655,18,120,5029.98,42.35,506.68,68.1699346405229,99.5424836601307,52.2875816993464
45655,18,120,5112.02,23.34,467.56,69.4771241830065,64.2483660130719,48.6274509803922
45655,18,120,2975.61,23.38,265.4,38.4313725490196,64.5751633986928,28.3006535947712
45655,18,90,3128.81,12.77,266.07,39.7385620915033,14.3790849673203,28.4967320261438
45655,18,150,2209.2,17.16,191.84,27.7777777777778,18.562091503268,22.156862745098
45655,18,120,4453.5,19.99,417.05,59.1503267973856,29.0849673202614,41.7647058823529
45655,18,120,3946.75,19,329.35,51.1764705882353,22.8758169934641,33.8562091503268
45655,18,120,4133.12,19.43,349.09,53.3986928104575,25.4248366013072,35.4901960784314
45655,18,90,2128.54,19.78,194.74,26.7320261437909,27.7124183006536,22.3529411764706
45655,18,120,447.31,8.61,40.31,8.88888888888889,8.69281045751634,11.2418300653595
45655,18,120,3609.76,19.75,286.67,45.0980392156863,27.4509803921569,30.1960784313725
45655,18,120,2786.56,20.56,242.2,36.2091503267974,34.7058823529412,26.2091503267974
45655,18,120,4572.06,25.28,392.65,61.1764705882353,79.3464052287582,39.5424836601307
45655,18,90,3202.59,20.83,281.16,40.5228758169935,37.9084967320261,29.8692810457516
45655,18,95,271.63,12.5,21.24,2.54901960784314,13.921568627451,2.6797385620915
45655,18,90,2899.17,14.57,242.24,37.6470588235294,16.6013071895425,26.2745098039216
45655,18,95,756.84,11.33,24.88,15.4248366013072,12.483660130719,3.98692810457516
45655,18,90,3379.39,20.47,255.81,42.6797385620915,33.6601307189542,27.4509803921569
45655,18,90,2234.22,19.73,188.66,27.9738562091503,27.3202614379085,21.8300653594771
45655,18,120,454.26,8.89,39.8,9.54248366013072,9.08496732026144,11.0457516339869
45655,18,90,551.49,16.06,43.83,12.8758169934641,17.843137254902,12.0915032679739
45655,18,90,2207.56,20.91,234.13,27.7124183006536,39.1503267973856,25.6209150326797
45655,18,90,2891.55,18.13,236.89,37.4509803921569,20.1960784313725,25.8823529411765
45655,18,90,3240.22,24.8,290.09,41.2418300653595,75.359477124183,30.3921568627451
45655,18,120,479.41,8.63,22.43,11.1111111111111,8.82352941176471,2.94117647058824
45655,18,90,3499.27,24.83,293.94,43.7254901960784,75.5555555555556,30.7843137254902
45655,18,90,2195.47,17.59,256.89,27.4509803921569,19.281045751634,27.516339869281
45655,18,90,654.13,11.52,78.9,14.9019607843137,12.8104575163399,15.8169934640523
45655,18,120,298.02,10.44,32.97,2.81045751633987,11.6993464052288,7.05882352941176
45655,18,90,1277.53,20.77,175.15,18.9542483660131,36.797385620915,20.1960784313725
45655,18,120,211.39,6.37,24.49,1.24183006535948,1.96078431372549,3.8562091503268
45655,18,120,201.45,7.49,25.16,1.11111111111111,5.03267973856209,4.11764705882353
45655,18,120,2933.38,20.81,360.53,37.9084967320261,37.3856209150327,36.4705882352941
45655,18,120,322.78,8.86,37.82,3.4640522875817,9.01960784313725,10.1307189542484
45655,18,90,2005.03,13.75,245.73,25.0326797385621,15.6862745098039,26.4705882352941
45655,18,90,1138.44,12.32,99.3,17.843137254902,13.5294117647059,17.1241830065359
45655,18,90,471.4,21.97,46.46,10.6535947712418,51.437908496732,13.0065359477124
45655,18,120,4126.37,17.49,380.21,53.2679738562092,18.9542483660131,38.1045751633987
45655,18,120,2601.02,14.1,248.86,32.4183006535948,16.0130718954248,26.797385620915
45907,20,105,5044.53,23.1,587.05,77.1428571428572,66.2672811059908,66.2672811059908
45907,20,110,2971.15,24.57,347.64,27.8341013824885,81.9354838709677,26.7281105990783
45907,20,90,3077.74,27.01,564.5,30.0460829493088,96.6820276497696,63.778801843318
45907,20,110,212.86,13.28,18.3,2.30414746543779,5.06912442396313,2.67281105990783
45907,20,90,3764.82,23.79,630.3,50.5990783410138,74.3778801843318,70.5069124423963
45907,20,100,4421.81,24.2,532.06,66.7281105990783,78.8940092165899,60.184331797235
45907,20,116,6622.22,24.94,950.57,89.0322580645161,84.9769585253456,89.7695852534562
45907,20,99,3712.4,23.21,394.37,49.2165898617512,67.2811059907834,35.7603686635945
45907,20,91,3814.28,24.07,834.67,52.3502304147465,77.4193548387097,85.0691244239631
45907,20,80,983.88,18.47,153.41,7.37327188940092,14.7465437788018,8.38709677419355
45907,20,90,1396.03,26.27,221.7,9.30875576036866,94.0092165898618,11.705069124424
45907,20,120,6387.49,26.57,870.46,87.3732718894009,95.1152073732719,87.1889400921659
45907,20,123,8239.25,23.21,1349.46,97.5115207373272,67.2811059907834,98.0645161290323
45907,20,105,3443.38,22.79,439.82,39.2626728110599,61.5668202764977,44.331797235023
45907,20,75,821.13,13.34,87.39,5.6221198156682,5.34562211981567,5.99078341013825
45907,20,78,4495.77,20.37,715.35,68.3870967741936,29.8617511520737,77.5115207373272
45907,20,100,2103.03,20.09,318.02,14.3778801843318,27.0967741935484,22.0276497695853
45907,20,110,4302.54,26.71,555.44,63.8709677419355,95.852534562212,62.9493087557604
45907,20,105,3089.58,24.36,352.35,30.5990783410138,80.184331797235,27.741935483871
45907,20,120,5620.26,25.3,853.39,82.3963133640553,88.2027649769585,85.8064516129032
45907,20,90,3068.98,22.88,553.08,29.8617511520737,62.9493087557604,62.7649769585253
45907,20,104,6987.87,26.76,1283.41,91.705069124424,96.1290322580645,97.1428571428571
45907,20,100,3346.12,23.43,454.04,36.6820276497696,70.2304147465438,47.2811059907834
45907,20,70,1581.64,14.96,162.36,10.0460829493088,7.46543778801843,9.03225806451613
45907,20,95,3658.75,20.98,488.48,47.6497695852535,36.7741935483871,53.6405529953917
45907,20,77,503.49,18.34,66.31,3.13364055299539,13.8248847926267,3.963133640553
45907,20,100,1496.88,25.12,252.45,9.67741935483871,86.7281105990783,15.0230414746544
45907,20,105,8430.43,26.15,1433.04,98.0645161290323,93.6405529953917,99.1705069124424
45907,20,110,577.65,15.99,84.06,3.50230414746544,8.11059907834101,5.52995391705069
45907,20,100,6473.45,23.87,981.68,88.0184331797235,75.5760368663594,90.7834101382488
45907,20,90,3705.01,23.44,545.24,48.9400921658986,70.3225806451613,61.6589861751152
45907,20,92,2395.61,25.88,459.41,17.3271889400922,92.073732718894,48.6635944700461
45907,20,90,826.76,24.58,155.4,5.80645161290323,82.2119815668203,8.57142857142857
45907,20,70,2911.2,22.28,350.84,26.2672811059908,55.0230414746544,27.6497695852535
45907,20,90,1834.99,24.75,259.37,11.6129032258065,83.778801843318,15.3917050691244
45907,20,90,3633.74,23.27,482.79,46.6359447004608,68.2027649769585,52.5345622119816
45907,20,90,5243.71,21.63,777.84,78.8940092165899,45.3456221198157,81.5668202764977
45907,20,90,3991.17,22.02,658.19,56.9585253456221,50.8755760368664,73.0875576036866
45907,20,90,4731.71,26.58,721.64,73.0875576036866,95.2995391705069,77.7880184331797
45907,20,73,2552.2,17.4,332.34,18.8940092165899,10.1382488479263,23.8709677419355
45907,20,76,2692.08,17.74,275.82,21.1981566820277,11.5207373271889,17.1428571428571
45907,20,90,5191.67,23.08,747.34,78.2488479262673,65.9907834101382,79.815668202765
45907,20,90,2375.81,19.7,248.3,16.7741935483871,24.147465437788,14.4700460829493
45907,20,80,4603.2,23.04,698.37,71.0599078341014,65.4377880184332,75.4838709677419
45907,20,90,3451.07,22.31,419.82,39.7235023041475,55.2995391705069,40.2764976958525
45907,20,100,4453.15,22.16,577.83,67.0967741935484,52.9953917050691,65.0691244239631
45907,20,101,5254.02,21.58,656.61,78.9861751152074,44.7926267281106,72.6267281105991
45907,20,74,2717.91,14.65,354.43,21.3824884792627,7.00460829493088,28.294930875576
47019,20,80,3224.85,25.46,388.53,33.3640552995392,89.4930875576037,34.8387096774194
47019,20,74,2531.65,13.69,378.91,18.5253456221198,6.17511520737327,32.9032258064516
47019,20,90,1909.7,16.8,154.12,12.9953917050691,9.12442396313364,8.47926267281106
47019,20,80,4508.73,21.41,596.08,68.5714285714286,41.7511520737327,67.3732718894009
47019,20,70,2316.3,19.73,210.63,16.036866359447,24.5161290322581,11.3364055299539
47019,20,90,2185.91,20.52,244.78,14.9308755760369,30.9677419354839,14.0092165898618
47019,20,90,3786.12,22.88,451.08,51.3364055299539,62.9493087557604,46.8202764976959
47019,20,76,2526.43,13.41,357.62,18.4331797235023,5.80645161290323,29.0322580645161
47019,20,90,178.83,7.21,13.95,1.19815668202765,1.19815668202765,2.30414746543779
47019,20,90,2960.79,22.02,450.44,27.4654377880184,50.8755760368664,46.7281105990783
47019,20,90,4166.43,22.55,517.3,60.6451612903226,58.6175115207373,58.1566820276498
47019,20,90,3466.84,20.44,479.78,40,30.6912442396313,52.1658986175115
47019,20,90,4639.49,21.57,601.18,71.7972350230415,44.4239631336406,67.6497695852535
47019,20,90,3690.13,22.67,414.91,48.4792626728111,59.9078341013825,39.2626728110599
47019,20,90,1107.51,20.19,183.6,7.46543778801843,27.8341013824885,9.67741935483871
47019,20,90,3219.89,18.44,339.46,33.1797235023041,14.4700460829493,25.3456221198157
47019,20,110,4292.84,23.93,566.87,63.594470046083,75.852534562212,64.147465437788
47019,20,100,3631.63,19.16,457.27,46.4516129032258,19.0783410138249,48.110599078341
47019,20,105,3894.36,20.97,616.48,53.4562211981567,36.405529953917,69.4930875576037
47019,20,70,1688.93,12.69,144.21,10.5990783410138,4.05529953917051,8.20276497695852
47019,20,100,3582.38,20.8,409.76,44.4239631336406,34.2857142857143,38.3410138248848
47019,20,104,2016.81,23.45,354.35,13.7327188940092,70.7834101382489,28.2027649769585
47019,20,120,4141.39,18.58,461.61,60.0921658986175,15.2995391705069,49.0322580645161
47019,20,105,2522.32,22.3,252.16,18.3410138248848,55.2073732718894,14.9308755760369
47019,20,110,3926.21,25.48,476.76,55.2073732718894,89.6774193548387,51.9815668202765
47019,20,100,1973,17.88,232.06,13.3640552995392,11.9815668202765,12.7188940092166
47019,20,78,4192.06,21.09,543.13,61.0138248847926,38.3410138248848,61.2903225806452
47019,20,75,650.71,10.88,61.34,3.87096774193548,2.76497695852535,3.50230414746544
47019,20,105,2802.21,20.25,298.98,23.8709677419355,28.4792626728111,19.815668202765
47019,20,123,5465.33,23.06,776.35,81.1981566820276,65.8986175115207,81.3824884792627
47019,20,120,5994.59,20.17,889.2,84.5161290322581,27.6497695852535,88.294930875576
47019,20,90,1860.77,20.92,275.33,12.073732718894,35.7603686635945,16.9585253456221
47019,20,90,414,17.56,56.54,2.94930875576037,11.0599078341014,3.31797235023042
47019,20,91,1280.8,23.23,226.45,8.57142857142857,67.6497695852535,12.1658986175115
47019,20,99,3388.37,20.19,280.93,37.5115207373272,27.8341013824885,17.9723502304147
47019,20,116,4530.14,22.46,614.95,68.7557603686636,57.5115207373272,69.1244239631336
47019,20,100,3840.09,19.65,411.06,52.6267281105991,23.4101382488479,38.8940092165899
47019,20,90,2386.26,19.69,280.54,17.1428571428571,23.963133640553,17.8801843317972
47019,20,110,1301.79,21.55,135.55,8.66359447004608,44.0552995391705,7.92626728110599
47019,20,105,4081.27,19.8,519.52,58.7096774193548,24.9769585253456,58.5253456221198
47454,19,100,7398.9,24.87,789.17,88.5245901639344,81.3114754098361,65.5737704918033
47454,19,90,5567.09,26.27,639.97,58.6885245901639,92.4590163934426,43.9344262295082
47454,19,90,5623.11,20.95,571.65,61.6393442622951,27.8688524590164,27.5409836065574
47454,19,75,4199.7,22.2,500.32,21.9672131147541,49.5081967213115,17.3770491803279
47454,19,100,203.76,6.39,10.26,1.31147540983607,0.655737704918033,1.63934426229508
47454,19,120,158.52,6.19,8.78,0.655737704918033,0.327868852459016,0.327868852459016
47454,19,120,5611.27,21.98,612.45,60.655737704918,44.5901639344262,40
47454,19,90,6705.84,23.17,736.8,80.327868852459,62.2950819672131,57.7049180327869
47454,19,90,5382.6,22,576.96,51.1475409836066,44.9180327868852,29.5081967213115
47454,19,90,2881.3,17.82,345.05,9.83606557377049,9.83606557377049,9.50819672131147
47454,19,95,5701.71,21.91,706.88,65.2459016393443,42.9508196721311,53.4426229508197
47454,19,90,1078,14.71,84.47,5.24590163934426,5.24590163934426,4.59016393442623
47454,19,100,4582.63,24.73,434.52,29.8360655737705,80,13.1147540983607
47454,19,70,4889.61,20.15,535.03,37.0491803278689,20.655737704918,22.2950819672131
47454,19,90,5635.54,21.37,590.39,62.6229508196721,33.1147540983607,33.4426229508197
48715,20,105,3055.16,19.38,311.91,29.4930875576037,20.9216589861751,21.1981566820277
48715,20,120,4193.59,19.42,497.82,61.1059907834101,21.6589861751152,55.2995391705069
48715,20,104,100.02,13.34,7.03,0,5.34562211981567,0.460829493087558
48715,20,100,3282.86,18.27,337.29,35.0230414746544,13.0875576036866,24.7926267281106
48715,20,70,3989.57,23.55,473.17,56.8663594470046,71.7972350230415,51.1520737327189
48715,20,95,3186.41,22.67,365.53,32.5345622119816,59.9078341013825,30.5069124423963
48715,20,90,3696.14,18.72,467.84,48.6635944700461,16.036866359447,50.3225806451613
48715,20,90,3758.71,24.97,426.47,50.3225806451613,85.2534562211981,41.2903225806452
48715,20,90,4961.71,19.1,822.37,75.852534562212,18.2488479262673,84.331797235023
48715,20,80,3087.97,19.4,323.82,30.5069124423963,21.1059907834101,22.7649769585253
48715,20,99,3650.11,18.84,300.82,47.4654377880184,16.5898617511521,20
48715,20,116,1791.05,16.47,179.53,11.2442396313364,8.75576036866359,9.30875576036866
48715,20,100,4730.96,21.16,436.08,72.9953917050691,39.0783410138249,43.6866359447005
48715,20,90,773.29,18.42,93.21,5.06912442396313,14.1935483870968,6.26728110599078
48715,20,105,2895.83,17.69,360.2,25.6221198156682,11.3364055299539,29.4009216589862
48715,20,120,5938.4,20.3,764.18,83.963133640553,29.1244239631336,81.0138248847926
48715,20,123,5388.75,21.5,614.7,80.2764976958525,43.0414746543779,69.0322580645161
48715,20,105,3247.04,20.31,348.01,33.9170506912442,29.4009216589862,26.9124423963134
48715,20,75,762.85,13.34,64.99,4.88479262672811,5.34562211981567,3.77880184331797
48715,20,90,3146.52,17.77,378.71,31.4285714285714,11.6129032258065,32.7188940092166
48715,20,78,4068.26,18.1,495.88,58.4331797235023,12.5345622119816,55.1152073732719
48715,20,100,2045.69,14.65,211.43,14.0092165898618,7.00460829493088,11.4285714285714
48715,20,110,3422.34,23.2,353.8,38.3410138248848,67.0046082949309,28.0184331797235
49054,21,111,4321.99,24.9,673.78,68.7687687687688,79.2792792792793,75.0750750750751
49054,21,112,3132.33,27.16,662.49,37.2372372372372,93.993993993994,73.8738738738739
49054,21,115,4259.99,24.96,744.84,66.6666666666667,80.1801801801802,78.978978978979
49054,21,75,4330.96,17.98,423.67,69.6696696696697,15.9159159159159,39.6396396396396
49054,21,75,3505.53,20.77,378.51,48.948948948949,34.8348348348348,33.9339339339339
49054,21,75,4652.03,23.61,513.21,75.0750750750751,67.5675675675676,54.3543543543543
49054,21,106,3909.82,24.51,625.95,59.1591591591592,76.2762762762763,70.2702702702703
49054,21,70,2983.09,23.75,356.38,33.9339339339339,69.6696696696697,29.7297297297297
49054,21,100,5202.05,23.03,693.68,86.4864864864865,58.8588588588589,75.975975975976
49054,21,107,3975.76,23.4,576.09,60.3603603603604,64.2642642642643,64.8648648648649
49054,21,87,3401.61,27.26,636.71,45.045045045045,94.2942942942943,71.7717717717718
49054,21,97,6361.46,21.49,988.55,96.3963963963964,44.7447447447448,89.7897897897898
49054,21,105,6205.65,26.07,960.46,94.8948948948949,87.6876876876877,89.1891891891892
49054,21,94,3584.98,22.15,453.28,51.6516516516517,51.6516516516517,45.045045045045
49054,21,97,3560.87,19.19,432.02,50.7507507507508,21.021021021021,41.1411411411411
49054,21,104,7923.74,24.76,1284.16,98.7987987987988,78.6786786786787,97.5975975975976
49054,21,105,2089.88,25.71,347.01,13.5135135135135,84.6846846846847,27.6276276276276
49054,21,109,1748.31,25.71,327.41,10.5105105105105,84.6846846846847,24.9249249249249
49054,21,78,3376.11,20.75,489.6,44.1441441441441,34.2342342342342,51.3513513513513
49054,21,109,5046.87,23.86,757.82,83.4834834834835,70.5705705705706,80.4804804804805
49054,21,100,1574.6,24.1,223.45,8.70870870870871,74.1741741741742,10.8108108108108
49054,21,93,3905.47,22.57,703.13,58.5585585585586,54.6546546546547,76.5765765765766
49054,21,75,2740.63,20.84,315.04,27.6276276276276,36.3363363363363,23.1231231231231
49054,21,108,4341.27,24.43,648.81,69.96996996997,75.975975975976,72.6726726726727
49054,21,83,3110.61,22.92,502.29,36.3363363363363,57.6576576576577,52.8528528528528
49054,21,90,3536.11,24.59,532.91,50.1501501501502,77.1771771771772,57.957957957958
49054,21,83,2791.67,20.78,369.13,29.7297297297297,35.1351351351351,32.4324324324324
49054,21,120,5095.71,23.33,745.36,84.3843843843844,63.0630630630631,79.2792792792793
49054,21,95,2531.38,17.79,235.06,22.5225225225225,14.7147147147147,11.4114114114114
49054,21,100,4760.74,21.45,759.35,78.6786786786787,44.1441441441441,81.0810810810811
49054,21,110,4244.21,21.75,560.85,66.3663663663664,48.6486486486487,62.7627627627628
49054,21,120,5236.72,23.2,640.57,86.7867867867868,60.960960960961,72.3723723723724
49054,21,95,4325.08,23.83,659.53,69.0690690690691,70.2702702702703,73.2732732732733
49054,21,106,3213.05,23.76,516.77,39.9399399399399,69.96996996997,55.2552552552552
49054,21,111,5308.61,23.12,859.01,87.987987987988,60.0600600600601,86.4864864864865
49054,21,75,4712.34,22.27,472.27,77.4774774774775,52.5525525525526,47.7477477477478
49054,21,108,3632.63,22.54,639.48,52.8528528528528,54.3543543543543,72.0720720720721
49054,21,110,3761.34,21.98,560.38,56.1561561561562,49.8498498498498,62.1621621621622
49054,21,75,3147.88,19.42,406.44,37.8378378378378,22.5225225225225,37.5375375375375
49054,21,111,3496.01,24.97,538.82,48.3483483483483,80.4804804804805,58.8588588588589
49054,21,75,2423.69,21.18,330.62,21.021021021021,40.5405405405405,25.5255255255255
49054,21,112,4967.62,23.38,792.74,81.6816816816817,63.963963963964,83.1831831831832
49372,18,120,1719.13,19.12,255.09,22.2875816993464,23.4640522875817,27.3856209150327
49372,18,90,6125.23,23.04,1119.4,81.8300653594771,61.8954248366013,91.1764705882353
49372,18,120,2127.1,17.73,839.83,26.6666666666667,19.4117647058824,77.843137254902
49372,18,90,1150.83,18.61,187.22,17.9084967320261,21.8300653594771,21.6339869281046
49372,18,120,3788.8,24.3,647.26,47.9084967320261,70.718954248366,64.3137254901961
49372,18,120,5211.91,25.52,816.46,70.7843137254902,81.5032679738562,76.4705882352941
49372,18,120,1116.11,13.28,164.44,17.7124183006536,15.359477124183,19.3464052287582
49372,18,120,2549.05,23.04,422.56,31.7647058823529,61.8954248366013,42.156862745098
49372,18,120,2153.11,21.35,450.11,27.1241830065359,44.5098039215686,45.8823529411765
49372,18,90,6851.17,25.31,1275.43,88.8235294117647,79.6732026143791,94.3137254901961
49372,18,120,276.65,7.99,27.01,2.61437908496732,6.73202614379085,4.83660130718954
49372,18,90,5258.55,22.5,858.25,71.2418300653595,56.797385620915,78.7581699346405
49372,18,120,7534.43,27.2,1062.53,92.7450980392157,91.1764705882353,88.8888888888889
49372,18,90,7863.86,25.24,1436.91,94.5751633986928,78.9542483660131,96.7320261437908
49372,18,90,1574.25,19.25,200.9,21.3071895424837,24.2483660130719,22.6797385620915
49372,18,90,5538.19,26.51,954.74,75.4901960784314,88.1699346405229,83.6601307189542
49372,18,120,3041.95,19.59,442.17,39.0196078431373,26.5359477124183,44.640522875817
49372,18,120,6616.54,22.34,1255.14,86.9934640522876,54.640522875817,94.1176470588235
49372,18,90,7282.51,24.96,1260.87,91.6339869281046,76.6666666666667,94.1830065359477
49372,18,120,2832.4,21.84,291.32,36.8627450980392,49.8039215686275,30.5228758169935
49372,18,120,10379.39,23.15,1679.06,99.6078431372549,62.8104575163399,99.0196078431373
49372,18,120,5853.24,42.54,907.28,79.2156862745098,99.9346405228758,81.7647058823529
49372,18,120,337.29,5.35,18.86,4.2483660130719,0.65359477124183,2.09150326797386
49372,18,120,6786.97,23.72,1048.2,88.1699346405229,67.1895424836601,88.4313725490196
49372,18,120,456.31,8.22,41.22,9.67320261437909,7.45098039215686,11.6993464052288
49372,18,90,5903.75,24.52,1102.93,79.6732026143791,72.5490196078431,90.3921568627451
49372,18,120,5940.18,20.46,924.26,79.9346405228758,33.5294117647059,82.5490196078431
49372,18,90,6348.96,23.13,1160.35,84.5098039215686,62.7450980392157,92.0915032679738
49372,18,90,3841.95,22.2,607.69,48.8888888888889,53.4640522875817,60.7843137254902
49372,18,120,2657.46,40.86,452.05,33.2679738562091,97.843137254902,46.2745098039216
49372,18,120,488.79,12.79,37.5,11.5686274509804,14.5751633986928,9.93464052287582
49372,18,90,9267.53,25.88,1634.45,98.4313725490196,83.2679738562092,98.562091503268
49372,18,85,3174.86,22.18,485.02,40.1960784313725,53.2679738562092,50.2614379084967
49372,18,90,6872.06,24.21,1442.41,88.9542483660131,69.6732026143791,96.797385620915
49372,18,90,2793.43,21.19,355.59,36.3398692810458,42.6797385620915,36.0130718954248
49372,18,90,4430.94,20.04,579.73,58.6928104575163,29.6732026143791,58.4313725490196
49372,18,90,4407.32,25.53,612.08,58.1699346405229,81.6339869281046,61.2418300653595
49372,18,100,6991.71,23.94,1335.76,89.7385620915033,67.9084967320262,95.2941176470588
49372,18,120,4519.36,22.61,578.65,60.1960784313725,58.1699346405229,58.3006535947712
49372,18,90,5600.53,24.72,769.05,76.4705882352941,74.5751633986928,73.3986928104575
49372,18,120,6378.4,25.05,985.11,84.8366013071895,77.5816993464052,85.0980392156863
49372,18,90,4036.67,20.78,577.29,52.2875816993464,36.9934640522876,58.2352941176471
49372,18,90,5090.2,27.27,829.82,69.0849673202614,91.6339869281046,77.3856209150327
49372,18,95,6454.5,26.03,1434.4,85.4901960784314,84.1176470588235,96.5359477124183
49372,18,90,4236.1,19.71,636.4,54.5751633986928,27.1241830065359,63.3333333333333
49372,18,95,7814.68,28.46,1460.81,94.1176470588235,95.0326797385621,97.1241830065359
49372,18,90,4703.43,21.08,678.54,63.6601307189542,40.718954248366,66.6666666666667
49372,18,120,6890.4,25.51,984.22,89.0849673202614,81.437908496732,84.9019607843137
49372,18,105,10811.02,23.69,2313.27,99.9346405228758,66.9281045751634,100
49372,18,120,4135.85,21.12,498.14,53.5294117647059,41.2418300653595,51.2418300653595
49372,18,120,4626.69,21.81,621.8,62.2875816993464,49.3464052287582,62.0261437908497
49372,18,120,4121.21,21.86,500.11,53.1372549019608,50.3267973856209,51.437908496732
49372,18,90,2401.1,20.15,215.42,29.8039215686275,30.718954248366,24.0522875816993
49372,18,150,10748.68,25.45,1895.9,99.8692810457516,80.7843137254902,99.7385620915033
49372,18,120,6168.41,21.86,897.53,82.4836601307189,50.3267973856209,81.437908496732
49372,18,120,6232.14,21.76,917.34,83.0718954248366,48.6274509803922,82.156862745098
49372,18,120,6289.81,19.88,1005.06,83.8562091503268,28.6274509803922,86.2745098039216
49372,18,90,4377.92,23.57,612.49,57.6470588235294,66.2091503267974,61.3071895424837
50466,21,100,5483.53,23.44,1472.13,90.3903903903904,66.0660660660661,98.7987987987988
50466,21,108,2836.32,22.58,602,31.5315315315315,54.954954954955,67.5675675675676
50466,21,109,1664.11,23.41,245.43,9.90990990990991,64.8648648648649,13.2132132132132
50466,21,78,3148.58,20.15,426.59,38.1381381381381,26.7267267267267,40.8408408408408
50466,21,75,4860,25.15,458.04,80.4804804804805,81.3813813813814,45.6456456456456
50466,21,75,3352.52,20.76,336.41,42.9429429429429,34.5345345345345,26.7267267267267
50466,21,75,4116.25,23.3,461.01,63.3633633633634,62.7627627627628,46.2462462462462
50466,21,75,4174.42,23.2,371.4,64.2642642642643,60.960960960961,33.6336336336336
50466,21,95,3800.38,22.5,528.93,56.4564564564565,53.7537537537538,57.3573573573574
50466,21,111,725.82,17.48,57.03,5.70570570570571,13.5135135135135,5.10510510510511
50466,21,75,933.87,13.73,84.93,6.90690690690691,4.5045045045045,6.30630630630631
50466,21,112,1727.67,25.81,276.65,10.2102102102102,85.8858858858859,16.5165165165165
50466,21,97,2831.41,23.53,361.99,30.9309309309309,66.966966966967,30.6306306306306
50466,21,94,3302.02,19.75,413.92,41.4414414414414,24.6246246246246,38.7387387387387
50466,21,120,4291.02,24.53,537.46,67.2672672672673,76.8768768768769,58.5585585585586
50466,21,105,4299.44,26.87,631.7,67.5675675675676,92.1921921921922,71.4714714714715
50466,21,97,5733.62,25.33,795.42,92.1921921921922,82.5825825825826,83.4834834834835
50466,21,87,3206.89,25.52,473.76,39.6396396396396,83.7837837837838,48.3483483483483
50466,21,107,434.93,10.67,25.85,2.4024024024024,1.2012012012012,1.2012012012012
50466,21,100,3695.31,24.94,528.71,54.954954954955,79.8798798798799,56.7567567567568
50466,21,70,2992.87,25.32,432.1,34.5345345345345,82.2822822822823,41.4414414414414
50466,21,106,347.44,12.23,28.73,1.5015015015015,1.5015015015015,2.1021021021021
50466,21,106,516.59,12.32,27.16,3.003003003003,1.8018018018018,1.8018018018018
50466,21,111,748.3,16.09,84.36,6.30630630630631,9.60960960960961,6.00600600600601
50466,21,95,2172.16,14.69,182.37,14.4144144144144,6.90690690690691,8.70870870870871
50466,21,109,177.74,7.1,8.06,0.600600600600601,0.600600600600601,0.3003003003003
50466,21,105,510.15,19.13,90.41,2.7027027027027,20.1201201201201,6.60660660660661
50466,21,90,720.55,23.2,126.66,5.40540540540541,60.960960960961,7.20720720720721
50466,21,83,2399.77,21.51,297.05,20.1201201201201,45.045045045045,19.8198198198198
50466,21,120,2440.07,20.69,407.13,21.6216216216216,33.033033033033,37.8378378378378
50466,21,120,3831,20.35,438.35,57.3573573573574,28.8288288288288,42.6426426426426
50466,21,83,2859.21,21.47,504.13,31.8318318318318,44.4444444444444,53.1531531531532
50466,21,110,4194.11,23.65,560.53,65.1651651651652,68.4684684684685,62.4624624624625
50638,18,120,5131.95,23.22,1088.43,69.8039215686274,63.3333333333333,89.8692810457516
50638,18,90,5693.12,25.48,815.73,77.4509803921569,80.9803921568627,76.4052287581699
50638,18,120,4790.54,20.12,604.98,64.5098039215686,30.3267973856209,60.4575163398693
50638,18,150,5514.66,22.64,793.47,75.0326797385621,58.4313725490196,75.0326797385621
50638,18,120,5973.64,20.92,782.22,80.2614379084967,39.2156862745098,74.7058823529412
50638,18,120,4013.42,22.5,432.2,52.0261437908497,56.797385620915,43.2679738562092
50638,18,120,2751.68,21.55,337.42,35.4248366013072,46.2091503267974,34.5751633986928
50638,18,120,3835.23,24.54,353.89,48.8235294117647,72.875816993464,35.8823529411765
50638,18,90,2006.04,20.93,164.19,25.0980392156863,39.281045751634,19.281045751634
50638,18,90,3154.69,18.32,385.34,39.9346405228758,20.5882352941176,38.6274509803922
50638,18,90,4526.55,21.07,676.15,60.2614379084967,40.5228758169935,66.3398692810458
50638,18,90,2638.34,21.02,352.85,33.0718954248366,40.1307189542484,35.6862745098039
50638,18,120,5730.41,26.27,744.01,77.843137254902,86.4052287581699,71.5686274509804
50638,18,120,3473.2,21.19,395,43.4640522875817,42.6797385620915,39.8692810457516
50638,18,90,5566.72,26.37,796.61,75.9477124183007,87.1895424836601,75.2941176470588
50638,18,90,4621.47,26.53,661.15,62.2222222222222,88.2352941176471,65.4248366013072
50638,18,90,4846.94,21.24,667.34,65.6862745098039,43.2679738562092,65.8169934640523
50638,18,90,4277.57,21.2,540.03,55.5555555555556,42.9411764705882,55.6209150326797
50638,18,90,2628.71,21.1,301.16,32.9411764705882,40.8496732026144,31.437908496732
50638,18,90,336.96,4.85,9.74,4.18300653594771,0.196078431372549,0.65359477124183
50638,18,85,3216.94,22.42,428.86,40.8496732026144,55.5555555555556,42.9411764705882
50638,18,90,5369.53,22.22,793.3,73.1372549019608,53.7254901960784,74.9673202614379
50638,18,90,441.8,5.57,12.88,8.62745098039216,0.915032679738562,1.04575163398693
50638,18,90,4194.39,23.01,756.9,54.2483660130719,61.437908496732,72.6797385620915
50638,18,120,7459.14,22.05,1079.66,92.483660130719,52.156862745098,89.4771241830065
50638,18,120,5408.55,23.82,794.14,73.6601307189542,67.6470588235294,75.1633986928105
50638,18,90,2244.54,25.78,341.37,28.1045751633987,82.9411764705882,34.9019607843137
50638,18,120,6601.54,20.85,1130.95,86.7320261437908,38.2352941176471,91.437908496732
50638,18,120,6545.95,23.54,1024.82,86.4052287581699,65.8169934640523,87.1895424836601
50638,18,120,7011.82,26.5,1294.68,89.9346405228758,87.843137254902,94.5751633986928
50638,18,120,5309.89,42.24,633.45,72.0915032679738,99.1503267973856,62.875816993464
50638,18,120,8508.74,25.46,1327.06,96.797385620915,80.8496732026144,95.0980392156863
50638,18,120,2203.94,21.45,248.52,27.5816993464052,45.4248366013072,26.7320261437909
50638,18,120,6118.72,19.44,933.27,81.7647058823529,25.5555555555556,83.0065359477124
50638,18,120,2886.58,23.41,352.47,37.3856209150327,64.8366013071895,35.6209150326797
50638,18,90,5077.86,26.36,895.86,68.7581699346405,87.1241830065359,81.1111111111111
50638,18,90,5148.53,20.03,824.02,70,29.4771241830065,77.124183006536
50638,18,90,1292.79,12.39,120.23,19.281045751634,13.7254901960784,17.4509803921569
50638,18,120,6998.6,25.7,1032.89,89.8039215686275,82.5490196078431,87.6470588235294
50638,18,120,1578.2,20.77,226.41,21.3725490196078,36.797385620915,25.0980392156863
50638,18,120,141.78,8.96,18.58,0.261437908496732,9.2156862745098,2.02614379084967
50638,18,120,4494.64,24.12,813.37,59.6732026143791,69.0849673202614,76.3398692810458
50638,18,120,2024.76,24.55,425.96,25.4901960784314,73.202614379085,42.4183006535948
50638,18,120,5179.14,28.58,850.79,70.3267973856209,95.2287581699346,78.3006535947712
50638,18,120,4848.72,26.35,903.8,65.8169934640523,86.9281045751634,81.5686274509804
50638,18,90,1181.52,20.88,152.12,18.0392156862745,38.6928104575163,18.4313725490196
50638,18,120,1441.88,19.48,276.82,20.0653594771242,25.7516339869281,29.4771241830065
50638,18,90,661.24,13.03,80.22,14.9673202614379,15.0326797385621,15.9477124183007
50638,18,90,131.87,5.15,9.81,0.196078431372549,0.522875816993464,0.718954248366013
50638,18,120,5695.79,23.87,772.55,77.5163398692811,67.7124183006536,73.7254901960784
50852,19,70,4774.51,19.47,609.75,33.7704918032787,16.7213114754098,38.6885245901639
50852,19,90,3035.17,17.2,452.45,10.1639344262295,7.86885245901639,14.4262295081967
50852,19,90,5536,20.56,751.18,57.3770491803279,23.9344262295082,60
50852,19,100,4963.62,23.43,572,39.0163934426229,66.8852459016394,28.5245901639344
50852,19,90,1170.89,13.37,78.82,5.57377049180328,3.60655737704918,4.26229508196721
50852,19,75,3934.87,21.66,510.48,17.0491803278689,38.0327868852459,19.672131147541
50852,19,90,5195.38,22.33,638.71,44.9180327868852,51.4754098360656,43.2786885245902
50852,19,90,5190.77,26.06,647.97,44.2622950819672,91.1475409836066,45.9016393442623
50852,19,90,6479.09,20.99,826.07,79.0163934426229,28.8524590163934,70.4918032786885
50852,19,90,4556.8,20.7,612.24,28.1967213114754,25.2459016393443,39.672131147541
50852,19,120,6257.44,21.46,837.05,76.0655737704918,35.0819672131148,71.8032786885246
50852,19,120,8066.73,23.29,988.79,93.7704918032787,64.5901639344262,88.5245901639344
50852,19,100,5896.45,21.73,886.29,69.5081967213115,39.0163934426229,78.6885245901639
50852,19,95,5705.38,19.95,698.65,65.5737704918033,19.672131147541,52.4590163934426
50852,19,90,5560.53,17.04,673.4,58.3606557377049,6.88524590163934,51.4754098360656
50852,19,90,4874.51,21.06,647.37,36.3934426229508,29.5081967213115,45.5737704918033
50852,19,100,7352.97,23.13,903.11,87.5409836065574,61.9672131147541,80.9836065573771
50852,19,90,4293.5,21.65,498.29,24.2622950819672,37.7049180327869,17.0491803278689
50870,18,120,4943.13,22.59,582.01,66.9934640522876,57.9084967320262,58.562091503268
50870,18,90,4767.96,25.53,602.73,64.2483660130719,81.6339869281046,60.2614379084967
50870,18,120,6330.56,20.82,868.47,84.2483660130719,37.7124183006536,79.4117647058823
50870,18,120,5250.94,23.57,704.22,71.1764705882353,66.2091503267974,69.0196078431373
50870,18,120,5970.73,22.22,1025.25,80.1960784313726,53.7254901960784,87.2549019607843
50870,18,150,7228.98,24.25,1109.4,91.437908496732,70,90.7843137254902
50870,18,120,6167.98,24.51,1008.27,82.4183006535948,72.3529411764706,86.3398692810458
50870,18,120,5317.32,23.65,760.5,72.2222222222222,66.6666666666667,73.0718954248366
50870,18,120,4327.95,22.78,662.33,56.6666666666667,59.6078431372549,65.5555555555556
50870,18,120,6642.86,31.65,1118.78,87.2549019607843,96.1437908496732,91.1111111111111
50870,18,90,2165.59,21.2,221.32,27.1895424836601,42.9411764705882,24.5098039215686
50870,18,90,4194.58,22.67,680.91,54.3137254901961,58.6928104575163,66.9281045751634
50870,18,95,444.49,5.55,20.17,8.82352941176471,0.849673202614379,2.54901960784314
50870,18,90,3637.9,23.6,422.47,45.359477124183,66.4705882352941,42.0915032679739
50870,18,95,346.33,5.34,7.97,4.44444444444444,0.588235294117647,0.326797385620915
50870,18,90,3634.13,24.51,521.69,45.2941176470588,72.3529411764706,53.7908496732026
50870,18,120,6290.89,26.65,735.16,83.921568627451,88.562091503268,70.9803921568627
50870,18,120,1738.35,21.85,205.79,22.6797385620915,50.0653594771242,23.0065359477124
50870,18,100,770.21,14.34,84.19,15.6209150326797,16.4705882352941,16.3398692810458
50870,18,90,4802.06,28.49,851.71,64.9019607843137,95.0980392156863,78.3660130718954
50870,18,90,5228.54,25.13,694,71.0457516339869,78.1699346405229,67.9738562091503
50870,18,90,5262.89,21.63,696.91,71.3071895424837,46.9934640522876,68.4313725490196
50870,18,90,3733.63,21.05,423.38,47.1241830065359,40.3921568627451,42.2222222222222
50870,18,90,2717.04,23.48,320.8,34.7712418300654,65.6862745098039,33.0065359477124
50870,18,90,729.07,17.52,89.46,15.0980392156863,19.0849673202614,16.6666666666667
50870,18,90,4948.14,22.64,654.44,67.1241830065359,58.4313725490196,64.9673202614379
50870,18,85,3253.54,23.02,383.72,41.437908496732,61.6339869281046,38.562091503268
50870,18,90,4973.06,22.1,713.55,67.3856209150327,52.483660130719,69.8039215686274
50870,18,90,202.35,7.57,8.51,1.17647058823529,5.35947712418301,0.392156862745098
50870,18,120,7725.39,40.79,1163.8,93.5947712418301,97.0588235294118,92.2875816993464
50870,18,90,3912.77,21.77,683.7,50.3267973856209,48.7581699346405,67.1895424836601
50870,18,120,6373.18,26.18,885.34,84.7712418300654,85.6862745098039,80.2614379084967
50870,18,120,6904.34,22.78,1116.06,89.2156862745098,59.6078431372549,90.9803921568627
50870,18,120,5756.1,20.65,694.12,78.3006535947712,35.6862745098039,68.0392156862745
50870,18,120,5118.04,22.11,693.76,69.5424836601307,52.7450980392157,67.9084967320262
50870,18,120,5180.08,42.27,641.4,70.3921568627451,99.281045751634,63.8562091503268
50870,18,120,2408.31,23.36,224.12,29.8692810457516,64.3790849673203,24.7712418300654
50870,18,120,644.84,21.65,95.13,14.640522875817,47.3856209150327,16.9934640522876
50870,18,120,2653.8,23.01,297.86,33.1372549019608,61.437908496732,31.1111111111111
50870,18,90,2053.38,21.18,326.01,25.9477124183007,42.4183006535948,33.4640522875817
50870,18,90,4446.75,21.07,566.94,59.0849673202614,40.5228758169935,57.7777777777778
50870,18,90,756.09,14.3,67.95,15.359477124183,16.2745098039216,14.9673202614379
50870,18,120,6738.69,26.1,867.71,87.9084967320261,84.8366013071895,79.3464052287582
50870,18,120,1288.26,20.2,265.61,19.1503267973856,31.1764705882353,28.3660130718954
50870,18,90,147.43,14.58,25.33,0.326797385620915,16.6666666666667,4.2483660130719
50870,18,120,4991.69,21.56,1018.65,67.5816993464052,46.3398692810458,86.9934640522876
50870,18,120,247.04,6.77,34.55,2.15686274509804,2.94117647058824,7.97385620915033
50870,18,120,3611.06,24.1,697.03,45.1633986928105,68.9542483660131,68.4967320261438
50870,18,120,4478.56,25.16,658.16,59.6078431372549,78.4313725490196,65.2941176470588
50870,18,90,997.21,21.53,167.99,17.0588235294118,45.9477124183007,19.6078431372549
50870,18,120,261.51,10.19,29.13,2.35294117647059,11.1764705882353,5.35947712418301
50870,18,90,763.4,23.08,90.33,15.5555555555556,62.4183006535948,16.7320261437908
53309,21,97,3189.95,14.8,309.48,39.039039039039,7.50750750750751,22.5225225225225
53309,21,109,3606.1,17.07,316.36,51.9519519519519,11.4114114114114,23.4234234234234
53309,21,100,4653.65,19.59,400.03,75.6756756756757,24.3243243243243,36.6366366366366
53309,21,93,5105.87,20.44,511.54,84.984984984985,30.3303303303303,53.7537537537538
53309,21,75,2912.23,33.89,294.47,32.4324324324324,100,19.5195195195195
53309,21,83,1901.76,17.84,245.44,11.4114114114114,15.015015015015,13.5135135135135
53309,21,90,3041.34,17.42,274.28,35.1351351351351,13.2132132132132,16.2162162162162
53309,21,83,2797.9,19.49,331.12,30.03003003003,23.1231231231231,25.8258258258258
53309,21,94,2778.01,14.23,267,28.8288288288288,5.70570570570571,15.3153153153153
53309,21,95,2572.63,13.17,239.22,23.7237237237237,2.4024024024024,12.012012012012
53309,21,100,4693.66,18.12,507.12,76.8768768768769,16.5165165165165,53.4534534534535
53309,21,110,3487.32,15.59,370.43,48.048048048048,8.70870870870871,33.3333333333333
53309,21,120,2697.56,17.98,232.17,26.1261261261261,15.9159159159159,11.1111111111111
53309,21,120,2295.49,17.01,235.31,18.3183183183183,10.8108108108108,11.7117117117117
53309,21,95,2290.25,14.7,193.2,18.018018018018,7.20720720720721,9.00900900900901
53309,21,75,2521.53,18.93,167.19,22.2222222222222,19.2192192192192,8.10810810810811
53309,21,75,2936.37,17.1,258.08,33.033033033033,11.7117117117117,15.015015015015
53309,21,75,3512.5,21.28,348.72,49.2492492492492,41.7417417417417,28.5285285285285
53309,21,111,3537.72,17.74,363.19,50.4504504504504,14.4144144144144,31.5315315315315
53309,21,112,4138.96,18.34,460.5,63.963963963964,17.1171171171171,45.945945945946
53309,21,106,2973.9,21.55,271.14,33.6336336336336,45.945945945946,15.9159159159159
53309,21,106,2355.34,19.18,211.99,19.2192192192192,20.7207207207207,10.2102102102102
53309,21,100,3262.62,20.51,324.81,40.8408408408408,30.9309309309309,24.024024024024
53309,21,87,3478.4,20.59,441.94,47.7477477477478,31.8318318318318,43.2432432432432
53309,21,105,5120.84,20.42,568.53,85.2852852852853,30.03003003003,63.6636636636637
53309,21,120,3627.91,23.91,362.59,52.5525525525526,71.4714714714715,31.2312312312312
54881,20,90,7857.51,21.69,1054.71,95.4838709677419,45.8986175115207,92.4423963133641
54881,20,104,9779.82,24.06,1669.16,99.3548387096774,77.3271889400922,99.815668202765
54881,20,100,3317.94,19.96,403.97,35.9447004608295,26.1751152073733,37.6036866359447
54881,20,70,1537.94,13.29,137.58,9.86175115207373,5.16129032258065,8.0184331797235
54881,20,95,3808.35,22.61,446.18,52.073732718894,59.1705069124424,45.5299539170507
54881,20,77,3591.63,24.54,447.35,44.7926267281106,81.5668202764977,45.8064516129032
54881,20,90,8464.49,23.61,1473.06,98.1566820276498,72.7188940092166,99.2626728110599
54881,20,120,6769.49,21.61,1052.14,90.2304147465438,45.0691244239631,92.3502304147465
54881,20,105,3445.14,22.39,384.46,39.4470046082949,56.6820276497696,34.0092165898618
54881,20,110,5031.86,24.7,576.06,76.9585253456221,83.3179723502304,64.9769585253456
54881,20,100,2328.62,18.15,275.9,16.221198156682,12.8110599078341,17.2350230414747
54881,20,75,931.39,11.12,86.87,6.82027649769585,2.85714285714286,5.89861751152074
54881,20,78,4647.59,19.4,684.83,71.889400921659,21.1059907834101,74.6543778801843
54881,20,105,3851.98,21.5,426.58,52.9032258064516,43.0414746543779,41.3824884792627
54881,20,123,7843.5,20.58,1073.64,95.3917050691244,31.5207373271889,93.0875576036866
54881,20,120,6766.66,21.11,830.98,90.1382488479263,38.5253456221198,84.9769585253456
54881,20,80,3726.41,20.87,433.11,49.4930875576037,35.0230414746544,42.9493087557604
54881,20,100,10109.06,25.64,1349.86,99.63133640553,90.7834101382488,98.1566820276498
54881,20,105,7895.71,23.8,1323.1,95.668202764977,74.6543778801843,97.7880184331797
54881,20,110,5539.8,23.37,805.03,81.7511520737327,69.4009216589862,83.3179723502304
54881,20,100,6037.83,22.18,842.61,84.7926267281106,53.6405529953917,85.5299539170507
54881,20,110,5118.43,20.68,760.9,77.9723502304147,33.0875576036866,80.9216589861751
54881,20,90,3776.79,20.75,458.79,51.0599078341014,33.6405529953917,48.3870967741936
54881,20,90,8054.58,23.3,1170.3,96.036866359447,68.7557603686636,95.2073732718894
54881,20,90,6848.22,18.42,926.49,90.8755760368664,14.1935483870968,89.1244239631336
54881,20,110,4199.14,22.77,480.15,61.3824884792627,61.1059907834101,52.258064516129
54881,20,90,7065.97,22.94,995.35,92.258064516129,63.963133640553,91.1520737327189
54881,20,70,3285.27,18.86,399.82,35.1152073732719,16.6820276497696,36.6820276497696
54881,20,90,7790.23,24.15,1045.22,95.2995391705069,78.1566820276498,92.258064516129
54881,20,90,3720.64,22.08,455.31,49.3087557603687,51.9815668202765,47.6497695852535
54881,20,90,4273.68,20.98,737.98,63.1336405529954,36.7741935483871,79.1705069124424
54881,20,90,4724.02,22.77,608.08,72.9032258064516,61.1059907834101,68.2027649769585
54881,20,90,4303.66,19.15,603.5,63.963133640553,18.8018433179723,67.8341013824885
54881,20,90,3607.39,24.1,436.86,45.0691244239631,77.8801843317972,43.8709677419355
54881,20,90,8174.5,21.06,1141.3,97.2350230414747,38.1566820276498,94.2857142857143
54881,20,90,4335.25,18.82,546.15,65.0691244239631,16.4976958525346,61.7511520737327
54881,20,90,3916.17,18.31,469.14,54.6543778801843,13.5483870967742,50.6912442396313
54881,20,90,3565.64,20.36,460.75,43.6866359447005,29.7695852534562,48.9400921658986
54881,20,90,8142.5,23.05,1351.17,96.7741935483871,65.7142857142857,98.2488479262673
54881,20,76,2779.65,17.42,363.46,22.9493087557604,10.2304147465438,30.1382488479263
54881,20,91,3802.14,25.27,587.36,51.7972350230415,87.926267281106,66.4516129032258
54881,20,90,3503.48,19.11,474.64,41.6589861751152,18.3410138248848,51.2442396313364
54881,20,99,3921.67,18.73,399.21,54.8387096774194,16.1290322580645,36.5898617511521
54881,20,116,5008.33,21.5,695.86,76.4055299539171,43.0414746543779,75.3917050691244
54881,20,100,7317.07,22.57,730.57,93.3640552995392,58.7096774193548,78.4331797235023
54881,20,110,3804.43,23.77,461.77,51.889400921659,74.1013824884793,49.1244239631336
54881,20,90,7715.06,21.62,1155.38,94.6543778801843,45.1612903225806,94.6543778801843
54881,20,110,2770.77,21.98,335.91,22.7649769585253,50.4147465437788,24.4239631336406
54881,20,105,5369.57,20.15,757.95,80.0921658986175,27.5576036866359,80.6451612903226
55054,20,90,4123.1,20.98,657.97,59.815668202765,36.7741935483871,72.9953917050691
55054,20,110,4913.47,20.89,722.87,75.4838709677419,35.3917050691244,78.1566820276498
55054,20,105,4678.07,21.24,657.49,72.3502304147465,39.9078341013825,72.8110599078341
55054,20,110,3364.08,19.25,443.1,37.0506912442396,19.815668202765,45.0691244239631
55054,20,100,7640.28,23.59,1100.04,94.5622119815668,72.4423963133641,93.5483870967742
55054,20,110,5978.49,21.01,886.47,84.147465437788,37.4193548387097,88.0184331797235
55054,20,105,8157.85,22.17,1539.55,97.0506912442396,53.2718894009217,99.3548387096774
55054,20,100,4394.17,19.59,640.36,66.2672811059908,22.9493087557604,71.7972350230415
55054,20,77,3669.98,20.09,411.04,48.0184331797235,27.0967741935484,38.8018433179723
55054,20,70,4608.07,22.88,682.73,71.1520737327189,62.9493087557604,74.5622119815668
55054,20,100,3986.29,19.41,514.25,56.7741935483871,21.3824884792627,57.9723502304147
55054,20,104,7350.06,22.6,1274.16,93.7327188940092,58.9861751152074,96.7741935483871
55054,20,90,5413.12,22.74,974.41,80.4608294930876,60.9216589861751,90.4147465437788
55054,20,110,3631.03,21.54,488.31,46.3594470046083,43.963133640553,53.5483870967742
55054,20,100,5078.78,20.39,632.91,77.6036866359447,30.1382488479263,70.8755760368664
55054,20,116,7103.47,21.59,1161.7,92.6267281105991,44.9769585253456,94.8387096774194
55054,20,99,3957.2,19.48,418.31,55.852534562212,21.8433179723502,39.9078341013825
55054,20,80,3689.05,21.77,454.8,48.3870967741936,47.2811059907834,47.3732718894009
55054,20,90,5601.58,23.12,918.87,82.3041474654378,66.5437788018433,89.0322580645161
55054,20,90,6575.18,22.22,1206.8,88.6635944700461,54.2857142857143,95.5760368663594
55054,20,120,5827.93,20.68,932.9,83.2258064516129,33.0875576036866,89.4930875576037
55054,20,105,3617.52,23.36,422.59,45.8064516129032,69.2165898617512,40.6451612903226
55054,20,110,4792.8,25.14,584.82,74.2857142857143,86.9124423963134,66.0829493087558
55054,20,100,2169.68,19.9,301.81,14.8387096774194,25.5299539170507,20.2764976958525
55054,20,78,4970.66,20.56,821.5,76.036866359447,31.4285714285714,84.2396313364055
55054,20,75,891.62,13.02,83.54,6.45161290322581,4.70046082949309,5.25345622119816
55054,20,105,3584.9,23.29,416.76,44.5161290322581,68.5714285714286,39.5391705069124
55054,20,123,7193.18,22.13,1108.94,93.0875576036866,52.6267281105991,93.8248847926267
55054,20,120,7046.28,23.24,950.78,92.073732718894,67.741935483871,89.8617511520737
55054,20,90,3632.01,18.81,407.82,46.5437788018433,16.405529953917,38.0645161290323
55054,20,90,3352.86,19.35,384.43,36.9585253456221,20.5529953917051,33.9170506912442
55054,20,90,4475.37,20.58,640.26,67.8341013824885,31.5207373271889,71.705069124424
55054,20,90,5010.09,24.8,742.24,76.5898617511521,84.147465437788,79.63133640553
55054,20,90,5120.22,22.14,754.06,78.0645161290323,52.8110599078341,80.36866359447
55054,20,90,4008.15,22.93,590.72,57.1428571428571,63.778801843318,66.9124423963134
55054,20,90,4041.79,23.22,519.71,57.6958525345622,67.4654377880184,58.6175115207373
55054,20,90,3263.82,23.81,518.23,34.4700460829493,74.7465437788019,58.3410138248848
55054,20,90,2499.82,17.78,319.26,18.1566820276498,11.7972350230415,22.3041474654378
55054,20,70,3637.09,17.15,426.36,46.7281105990783,9.5852534562212,41.1981566820277
55054,20,90,5384.6,22.85,899.07,80.184331797235,62.4884792626728,88.4792626728111
55054,20,110,4718.67,22,653.43,72.8110599078341,50.5069124423963,72.4423963133641
55054,20,90,5984.45,21.69,903.17,84.2396313364055,45.8986175115207,88.6635944700461
55054,20,90,4030.26,19.65,529.73,57.3271889400922,23.4101382488479,59.9078341013825
55193,18,120,6207.67,26.8,946.55,82.8104575163399,89.281045751634,83.3986928104575
55193,18,90,1650.09,14.59,243.09,21.9607843137255,16.7320261437908,26.3398692810458
55193,18,120,3022.11,17.54,407.41,38.8235294117647,19.1503267973856,41.1111111111111
55193,18,90,8752.26,22.6,1419.3,97.6470588235294,58.0392156862745,96.078431372549
55193,18,120,479.82,7.47,38.29,11.1764705882353,4.96732026143791,10.3267973856209
55193,18,90,2569.34,21.05,225.56,32.0915032679739,40.3921568627451,24.9673202614379
55193,18,120,398.76,6.98,36.52,5.81699346405229,3.72549019607843,9.2156862745098
55193,18,120,3938.69,21.83,369.73,50.9803921568627,49.7385620915033,36.9281045751634
55193,18,120,3115.33,20.63,298.61,39.6078431372549,35.4901960784314,31.1764705882353
55193,18,120,6714.42,24.69,745.7,87.6470588235294,74.1176470588235,71.6339869281046
55193,18,90,4041.46,19.37,456.12,52.3529411764706,24.9673202614379,46.9281045751634
55193,18,90,3672.85,22.57,391.04,45.8823529411765,57.7124183006536,39.1503267973856
55193,18,95,1572.57,22.78,241.21,21.2418300653595,59.6078431372549,26.1437908496732
55193,18,90,4320.46,20.87,521.38,56.5359477124183,38.4313725490196,53.7254901960784
55193,18,95,4410.87,20.67,627.49,58.3006535947712,35.9477124183007,62.4183006535948
55193,18,90,5048.19,20.62,545.39,68.562091503268,35.4248366013072,56.078431372549
55193,18,90,3703.83,17.84,405.64,46.4052287581699,19.6732026143791,40.9803921568627
55193,18,120,6269.33,23.65,675.7,83.6601307189542,66.6666666666667,66.2745098039216
55193,18,90,4764.48,21.8,567.03,64.1830065359477,49.2156862745098,57.9084967320262
55193,18,120,3996.6,20.16,432.96,51.9607843137255,30.7843137254902,43.4640522875817
55193,18,100,8882.83,23.8,1156.24,97.843137254902,67.5163398692811,92.0261437908497
55193,18,90,4752.05,22.21,460.57,63.921568627451,53.5294117647059,47.7124183006536
55193,18,90,4374.52,19.94,427,57.516339869281,28.8888888888889,42.5490196078431
55193,18,90,3650.16,20.28,382.02,45.4901960784314,31.6339869281046,38.3660130718954
55193,18,90,9466.86,24.71,1400.46,98.8235294117647,74.5098039215686,95.8169934640523
55193,18,85,3148.42,17.85,265.02,39.8692810457516,19.7385620915033,28.2352941176471
55193,18,90,8150.72,23.69,1237.8,95.6209150326797,66.9281045751634,93.7908496732026
55193,18,120,7811.78,40.81,1118.5,94.0522875816993,97.2549019607843,91.0457516339869
55193,18,120,2805.25,40.77,446.25,36.4052287581699,96.9281045751634,45.2941176470588
55193,18,90,4309.13,21.74,502.54,56.1437908496732,48.3660130718954,51.6339869281046
55193,18,120,7163.01,24,872.22,91.1111111111111,68.3660130718954,79.6078431372549
55193,18,120,5405.31,21.18,620.09,73.5294117647059,42.4183006535948,61.7647058823529
55193,18,90,8134.83,24.12,1153.35,95.4248366013072,69.0849673202614,91.9607843137255
55193,18,90,7092.31,24.4,994.4,90.5882352941177,71.3071895424837,85.5555555555556
55193,18,120,452.53,8.19,40.08,9.47712418300654,7.3202614379085,11.1764705882353
55193,18,120,6650.45,21.56,818.74,87.3856209150327,46.3398692810458,76.797385620915
55193,18,120,2952.18,42.17,364.62,38.2352941176471,98.9542483660131,36.6666666666667
55193,18,120,8336.06,22.1,999.41,96.2091503267974,52.483660130719,85.8169934640523
55193,18,120,2593.23,18.99,219.35,32.2875816993464,22.8104575163399,24.2483660130719
55193,18,90,6720.16,20.6,873.1,87.7777777777778,35.0980392156863,79.6732026143791
55193,18,120,6055.2,19.59,888.23,81.1111111111111,26.5359477124183,80.4575163398693
55193,18,120,3096.65,18.85,294.06,39.4117647058824,22.4183006535948,30.8496732026144
55193,18,90,6493.9,22.63,933,85.9477124183007,58.3660130718954,82.9411764705882
55193,18,90,1590.75,17.78,190.66,21.6339869281046,19.5424836601307,21.9607843137255
55193,18,90,8373.3,24.13,1212.23,96.4052287581699,69.4117647058823,93.2679738562092
55193,18,120,7888.83,24.63,1026.1,94.640522875817,73.7908496732026,87.3202614379085
55193,18,90,6216.52,20.64,797.29,83.0065359477124,35.6209150326797,75.4248366013072
55193,18,120,376.91,6.95,28.33,5.16339869281046,3.52941176470588,5.16339869281046
55193,18,90,8462.17,21.73,1198.29,96.6666666666667,48.2352941176471,92.8758169934641
55193,18,120,2690.83,20.03,324.45,34.1830065359477,29.4771241830065,33.3333333333333
55193,18,120,3209.2,21.12,428.76,40.718954248366,41.2418300653595,42.875816993464
55193,18,120,565.43,7.66,51.2,13.1372549019608,5.81699346405229,13.921568627451
55193,18,120,2479.68,23.34,516.36,30.6535947712418,64.2483660130719,52.9411764705882
55193,18,120,128.19,4.18,6.31,0.130718954248366,0,0.130718954248366
55193,18,90,3948.46,21.01,536.24,51.2418300653595,40,55.2287581699346
55193,18,120,5795.26,22.72,1367.43,78.8235294117647,59.0849673202614,95.5555555555556
56198,18,95,8255.77,24.26,1220.45,95.8823529411765,70.1307189542484,93.3986928104575
56198,18,90,4051.91,21.98,431.74,52.4183006535948,51.6339869281046,43.1372549019608
56198,18,120,7113.93,26.84,863.54,90.7843137254902,89.5424836601307,79.0849673202614
56198,18,105,10444.49,25.27,1477.05,99.6732026143791,79.281045751634,97.3202614379085
56198,18,120,4390.93,21.13,428.29,57.9738562091503,41.6339869281046,42.7450980392157
56198,18,120,4923.95,21.76,522.55,66.6666666666667,48.6274509803922,54.0522875816993
56198,18,120,4021.62,21.65,396.83,52.156862745098,47.3856209150327,40
56198,18,90,2254.01,20.95,169.81,28.1699346405229,39.4771241830065,19.8692810457516
56198,18,150,6803.84,23.41,805.49,88.3660130718954,64.8366013071895,75.8823529411765
56198,18,120,6381.54,20.38,770.39,84.9019607843137,32.7450980392157,73.5947712418301
56198,18,120,6064.7,22.36,706.82,81.3071895424837,54.9019607843137,69.281045751634
56198,18,90,3869.21,26.81,393.47,49.1503267973856,89.4117647058824,39.6732026143791
56198,18,120,6904.34,26.14,1228.96,89.2156862745098,85.0326797385621,93.5947712418301
56198,18,90,4947.37,23.54,1133.76,67.0588235294118,65.8169934640523,91.6993464052288
56198,18,90,6462.48,28.16,936.16,85.6862745098039,94.5098039215686,83.202614379085
56198,18,120,183.61,6.98,16.61,0.915032679738562,3.72549019607843,1.63398692810458
56198,18,90,6513.11,27.54,1606.63,86.2745098039216,92.483660130719,98.4313725490196
56198,18,120,2293.15,19.55,392.8,28.6928104575163,26.2745098039216,39.6078431372549
56198,18,120,2133.14,23.47,404.45,26.797385620915,65.6209150326797,40.718954248366
56198,18,120,1462.94,15.55,252.46,20.2614379084967,17.4509803921569,27.0588235294118
56198,18,120,1942.82,20.02,407.67,24.5751633986928,29.281045751634,41.1764705882353
56198,18,120,5782.34,24.34,1175.6,78.6274509803922,70.9150326797386,92.4183006535948
56198,18,120,5146.5,27.32,1089.53,69.8692810457516,91.8300653594771,89.9346405228758
56198,18,90,1286.96,21.2,203.7,19.0849673202614,42.9411764705882,22.8758169934641
56198,18,120,2231.67,19.22,429.14,27.9084967320261,24.0522875816993,43.0065359477124
56198,18,90,6504.75,27.4,950.57,86.2091503267974,92.0915032679738,83.4640522875817
56198,18,90,6504.36,24.41,1021.84,86.1437908496732,71.437908496732,87.0588235294118
56198,18,120,3021.26,18.59,320.61,38.7581699346405,21.6339869281046,32.9411764705882
56198,18,120,7363.76,22.87,934.14,91.9607843137255,60.3267973856209,83.1372549019608
56198,18,120,5446.53,42.35,752.74,74.2483660130719,99.5424836601307,72.4183006535948
56198,18,120,7714.22,22.74,1431.37,93.4640522875817,59.2156862745098,96.4705882352941
56198,18,120,439.09,7.98,36.02,8.23529411764706,6.66666666666667,8.88888888888889
56198,18,90,4855.4,25.17,712.1,65.8823529411765,78.6274509803922,69.6732026143791
56198,18,120,1835.1,17.91,254.34,23.5947712418301,19.8039215686275,27.3202614379085
56198,18,120,5353.61,21.66,639.54,72.8104575163399,47.516339869281,63.5294117647059
56198,18,90,7648.4,24.97,1070.46,93.202614379085,76.7320261437909,89.0849673202614
56198,18,90,9334.07,26.22,1181.71,98.562091503268,85.8169934640523,92.5490196078431
56198,18,90,1683.87,18.25,214.99,22.0261437908497,20.5228758169935,23.921568627451
56198,18,90,8471.41,27.03,1174.99,96.7320261437908,90.5882352941177,92.3529411764706
56198,18,120,4700.44,21.94,636.29,63.5294117647059,51.1111111111111,63.2679738562091
56198,18,120,7351.23,24.89,1305.84,91.8300653594771,76.078431372549,94.7058823529412
56198,18,90,3914.19,25.28,518.56,50.4575163398693,79.3464052287582,53.5294117647059
56198,18,120,2817.12,40.72,460.14,36.6666666666667,96.6666666666667,47.5816993464052
56198,18,120,715.04,11.02,45.47,15.0326797385621,12.2875816993464,12.6143790849673
56198,18,90,6650.01,24.61,977.96,87.3202614379085,73.4640522875817,84.8366013071895
56198,18,85,2701.1,21.6,237.44,34.4444444444444,46.797385620915,26.0130718954248
56198,18,90,2637.61,17.25,182.94,33.0065359477124,18.6274509803922,21.1111111111111
56198,18,90,6805.99,24.74,994.17,88.4313725490196,74.8366013071895,85.4901960784314
56198,18,90,3523.49,20.75,383.4,44.1176470588235,36.7320261437909,38.4967320261438
56198,18,90,3909.15,21.1,362.72,50.0653594771242,40.8496732026144,36.5359477124183
56198,18,90,4763.44,26.22,518.24,64.1176470588235,85.8169934640523,53.3986928104575
56198,18,100,3857.09,26.25,522.61,48.9542483660131,86.1437908496732,54.1176470588235
56198,18,120,4063.01,20.46,404.64,52.5490196078431,33.5294117647059,40.7843137254902
56198,18,90,4791.63,25.52,526.53,64.5751633986928,81.5032679738562,54.1830065359477
56198,18,120,6289.3,26.09,712.92,83.7908496732026,84.640522875817,69.7385620915033
56198,18,90,4699.03,21.13,464.79,63.4640522875817,41.6339869281046,48.4313725490196
56198,18,90,4394.12,22.46,446.22,58.0392156862745,56.1437908496732,45.2287581699346
56198,18,95,9405.4,24.74,1435.41,98.6928104575163,74.8366013071895,96.6666666666667
56198,18,90,3923.85,24.69,449.15,50.718954248366,74.1176470588235,45.8169934640523
56303,18,90,4835.85,22.46,805.11,65.2941176470588,56.1437908496732,75.8169934640523
56303,18,120,6796.94,21.58,964.48,88.3006535947712,46.5359477124183,84.1176470588235
56303,18,90,3662.54,20.35,511.82,45.8169934640523,32.483660130719,52.5490196078431
56303,18,90,739.8,9.28,14.74,15.1633986928105,10,1.24183006535948
56303,18,85,2178.21,20.48,222.18,27.3202614379085,33.7908496732026,24.5751633986928
56303,18,90,4893.83,23.11,738.33,66.2745098039216,62.6143790849673,71.1764705882353
56303,18,90,245.93,11.24,12.11,2.02614379084967,12.4183006535948,0.915032679738562
56303,18,90,2425.44,20.01,276.27,30.2614379084967,29.2156862745098,29.3464052287582
56303,18,90,783.4,12.59,74.15,15.6862745098039,13.9869281045752,15.4248366013072
56303,18,120,6075.18,19.57,804.12,81.437908496732,26.4705882352941,75.7516339869281
56303,18,120,5538.88,22.45,823.16,75.5555555555556,56.0130718954248,77.0588235294118
56303,18,120,6607.68,24.99,863.93,86.8627450980392,77.0588235294118,79.1503267973856
56303,18,120,6573.75,26.29,933.79,86.6013071895425,86.6013071895425,83.0718954248366
56303,18,120,2097.06,20.06,187.31,26.2091503267974,29.9346405228758,21.6993464052288
56303,18,120,5411.37,20.51,704.59,73.7908496732026,34.1830065359477,69.0849673202614
56303,18,120,2791.74,19.81,338.19,36.2745098039216,28.0392156862745,34.7058823529412
56303,18,90,620.21,11.03,57.95,14.3137254901961,12.3529411764706,14.3790849673203
56303,18,90,4681.8,19.8,633.99,63.3333333333333,27.843137254902,62.9411764705882
56303,18,90,917.18,11.64,77.32,16.3398692810458,12.8758169934641,15.6209150326797
56303,18,120,6759.82,26.04,961.17,88.0392156862745,84.3137254901961,83.921568627451
56303,18,120,4111.85,26.74,510.48,52.9411764705882,89.0849673202614,52.483660130719
56303,18,120,244.55,11.92,21.49,1.89542483660131,13.2679738562092,2.74509803921569
56303,18,120,5333.36,20.84,831.68,72.4183006535948,38.1699346405229,77.5163398692811
56303,18,120,2383.09,18.9,383.16,29.6732026143791,22.5490196078431,38.4313725490196
56303,18,120,3962.01,20.88,641.38,51.6339869281046,38.6928104575163,63.7908496732026
56303,18,120,336.2,6.73,40.81,4.11764705882353,2.61437908496732,11.437908496732
56303,18,120,4190.59,24.98,649.96,54.1830065359477,76.9934640522876,64.5098039215686
56303,18,90,1199.55,20.38,137.41,18.4313725490196,32.7450980392157,17.7124183006536
56303,18,120,270.61,10.3,25.16,2.48366013071895,11.5032679738562,4.11764705882353
56303,18,90,580.37,11.77,65.25,13.6601307189542,13.1372549019608,14.7712418300654
56303,18,90,4571.59,24.43,621.53,61.1111111111111,71.5686274509804,61.8954248366013
56303,18,120,5426.94,21.27,648.71,73.921568627451,43.6601307189542,64.4444444444444
56303,18,120,5449.54,20.6,749.73,74.3137254901961,35.0980392156863,72.0261437908497
56303,18,120,4175.2,20.54,553.69,53.921568627451,34.5098039215686,56.6666666666667
56303,18,150,172.2,10.7,22.92,0.718954248366013,12.0915032679739,3.20261437908497
56303,18,120,5087.71,21,621.45,68.9542483660131,39.8692810457516,61.8300653594771
56303,18,120,3462.03,22.77,380.06,43.1372549019608,59.3464052287582,37.9738562091503
56303,18,120,3001.25,18.96,299.97,38.6274509803922,22.6797385620915,31.2418300653595
56303,18,120,538.24,7.99,40.31,12.5490196078431,6.73202614379085,11.2418300653595
56303,18,90,2134.56,19.1,182.06,26.8627450980392,23.202614379085,20.9803921568627
56303,18,90,3759.1,24.28,453.39,47.6470588235294,70.4575163398693,46.6013071895425
56303,18,90,2539.82,20.26,273.33,31.5032679738562,31.437908496732,29.1503267973856
56303,18,90,3785.56,20.3,513.84,47.843137254902,31.8300653594771,52.6797385620915
56303,18,90,3096.78,19.8,407.26,39.4771241830065,27.843137254902,41.0457516339869
56303,18,120,5207.65,25.41,697.2,70.718954248366,80.5882352941177,68.562091503268
56303,18,90,4547.21,24.51,588.59,60.718954248366,72.3529411764706,59.0849673202614
56303,18,120,3587.81,21.78,438.22,44.640522875817,48.8888888888889,43.9869281045752
56303,18,90,4880.42,21.24,701.32,66.1437908496732,43.2679738562092,68.8235294117647
56303,18,100,481.95,13.03,49.33,11.3071895424837,15.0326797385621,13.6601307189542
56303,18,90,4261.3,24.91,527.32,55.0980392156863,76.2091503267974,54.2483660130719
56303,18,90,3647.14,21.12,462.19,45.4248366013072,41.2418300653595,48.0392156862745
57447,18,120,7056.02,24.7,916.55,90.2614379084967,74.3137254901961,82.0915032679738
57447,18,120,5369.03,25.25,850.07,73.0718954248366,79.0849673202614,78.2352941176471
57447,18,90,1587.92,22.27,185.31,21.5032679738562,54.1176470588235,21.437908496732
57447,18,120,2712.55,16.99,337.35,34.640522875817,18.4313725490196,34.5098039215686
57447,18,90,7644.8,25.06,1333.1,93.1372549019608,77.6470588235294,95.2287581699346
57447,18,90,6428.45,26.17,1108.09,85.0980392156863,85.6209150326797,90.6535947712418
57447,18,120,2688.48,40.84,447.56,33.9869281045752,97.4509803921569,45.359477124183
57447,18,120,5953.01,40.88,895.29,80.0653594771242,98.0392156862745,81.0457516339869
57447,18,90,6911.69,24.18,1378.07,89.4117647058824,69.6078431372549,95.7516339869281
57447,18,85,3592.99,23.22,462.02,44.8366013071895,63.3333333333333,47.9738562091503
57447,18,90,970.27,18.43,81.58,16.797385620915,20.8496732026144,16.2091503267974
57447,18,90,7163.96,22.36,1358.96,91.1764705882353,54.9019607843137,95.4248366013072
57447,18,90,2818.79,19.81,326.56,36.7320261437909,28.0392156862745,33.5947712418301
57447,18,90,4646.44,20.67,632.4,62.7450980392157,35.9477124183007,62.8104575163399
57447,18,90,4470.52,25.85,536.53,59.3464052287582,83.202614379085,55.359477124183
57447,18,100,9764.83,25.66,1551.38,99.0849673202614,82.156862745098,97.843137254902
57447,18,90,1723.88,21.15,194.65,22.5490196078431,41.9607843137255,22.2875816993464
57447,18,120,3938.15,20.43,439.61,50.9150326797386,33.202614379085,44.3790849673203
57447,18,90,5006.02,25.74,631.52,67.843137254902,82.7450980392157,62.7450980392157
57447,18,120,5999.11,27.04,750.52,80.5228758169935,90.6535947712418,72.156862745098
57447,18,90,3689.72,21.58,598.33,46.1437908496732,46.5359477124183,60.1307189542484
57447,18,90,5269.21,22.12,682.34,71.437908496732,52.8104575163399,66.9934640522876
57447,18,95,8885.28,26.03,1676.11,97.9084967320261,84.1176470588235,98.9542483660131
57447,18,90,4263.24,20.78,713.63,55.1633986928105,36.9934640522876,69.8692810457516
57447,18,95,9122.19,22.79,1505,98.2352941176471,59.8692810457516,97.6470588235294
57447,18,90,4343.37,21.17,608.77,56.9281045751634,42.2875816993464,60.9150326797386
57447,18,120,7239.35,26.34,1078.97,91.5686274509804,86.797385620915,89.281045751634
57447,18,120,4184.1,20.59,516.85,53.9869281045752,34.8366013071895,53.1372549019608
57447,18,120,4313.19,21.67,527.4,56.2745098039216,47.5816993464052,54.3137254901961
57447,18,120,4347.08,21.3,472.7,56.9934640522876,43.921568627451,49.0849673202614
57447,18,90,2175.84,18.18,156.39,27.2549019607843,20.2614379084967,18.8888888888889
57447,18,150,10272.42,22.68,1670.38,99.4117647058823,58.7581699346405,98.8235294117647
57447,18,120,5555.41,20.18,733.71,75.6209150326797,30.9803921568627,70.8496732026144
57447,18,120,6424.78,20.41,889.74,85.0326797385621,32.9411764705882,80.718954248366
57447,18,120,6616.05,22.56,919.92,86.9281045751634,57.6470588235294,82.3529411764706
57447,18,90,3882.81,25.53,503.58,49.6078431372549,81.6339869281046,51.7647058823529
57447,18,120,472.23,7.51,34,10.718954248366,5.16339869281046,7.77777777777778
57447,18,90,8147.02,23.01,1309.41,95.5555555555556,61.437908496732,94.8366013071895
57447,18,90,7967.08,23.53,1370,94.8366013071895,65.7516339869281,95.6209150326797
57447,18,120,4901.77,22.31,556.71,66.4705882352941,54.5751633986928,56.9281045751634
57447,18,120,9531.11,22.65,1481.66,98.9542483660131,58.6274509803922,97.3856209150327
57447,18,120,2526.09,18.6,304.68,31.3725490196078,21.6993464052288,31.6993464052288
57447,18,120,5976.72,20.56,773.08,80.3267973856209,34.7058823529412,73.7908496732026
57447,18,120,2612.98,21.11,274.75,32.6797385620915,41.1764705882353,29.281045751634
57447,18,90,6796.91,23.08,1264.92,88.2352941176471,62.4183006535948,94.2483660130719
57447,18,90,1555.78,15.97,199.17,20.9803921568627,17.7777777777778,22.4183006535948
57447,18,90,7837.91,24.85,1201.31,94.3137254901961,75.6862745098039,93.0065359477124
57447,18,120,7004.8,25.34,989.91,89.8692810457516,79.9346405228758,85.2941176470588
57447,18,120,7456.02,27.48,1434.69,92.4183006535948,92.4183006535948,96.6013071895425
57447,18,120,5584.43,24.08,984.96,76.1437908496732,68.7581699346405,85.0326797385621
57447,18,90,3945.67,20.11,519.16,51.1111111111111,30.2614379084967,53.5947712418301
57447,18,90,5129.97,20.02,752.7,69.7385620915033,29.281045751634,72.3529411764706
57447,18,120,2290.45,21.91,306.39,28.6274509803922,50.7843137254902,31.9607843137255
57447,18,90,4891.01,25.69,817.47,66.2091503267974,82.4836601307189,76.6666666666667
57447,18,120,2541.73,17.25,257.07,31.5686274509804,18.6274509803922,27.5816993464052
57447,18,120,2480.68,20.28,297.37,30.718954248366,31.6339869281046,31.0457516339869
57447,18,120,3394.48,18.42,480.67,42.875816993464,20.7843137254902,49.7385620915033
57447,18,120,2423.9,20.51,337.45,30.1307189542484,34.1830065359477,34.640522875817
61902,18,90,2354.73,18.6,269.91,29.3464052287582,21.6993464052288,28.8235294117647
61902,18,90,1183.25,24.16,186.02,18.1699346405229,69.4771241830065,21.5032679738562
61902,18,120,2677.62,40.63,450.45,33.5947712418301,96.2745098039216,46.078431372549
61902,18,120,7503.3,40.98,1037.45,92.6797385620915,98.7581699346405,87.843137254902
61902,18,120,3859.38,25.34,483.5,49.0196078431373,79.9346405228758,50.0653594771242
61902,18,120,451.91,9.69,36.12,9.34640522875817,10.5228758169935,8.95424836601307
61902,18,150,5205.73,27.43,700.62,70.6535947712418,92.156862745098,68.7581699346405
61902,18,120,415.74,8.72,29.28,6.40522875816993,8.95424836601307,5.49019607843137
61902,18,120,6032.57,26.15,836.62,80.8496732026144,85.359477124183,77.7124183006536
61902,18,120,6177.46,24.06,857.3,82.6143790849673,68.6274509803922,78.6928104575163
61902,18,90,2204.86,20.07,262.86,27.6470588235294,30,27.9738562091503
61902,18,90,2892.34,24.32,447.77,37.516339869281,70.8496732026144,45.4901960784314
61902,18,85,3379.17,25,432.9,42.6143790849673,77.1895424836601,43.3986928104575
61902,18,90,1067.68,24.56,145.29,17.3856209150327,73.3333333333333,18.0392156862745
61902,18,90,637.98,11,58.57,14.5751633986928,12.2222222222222,14.4444444444444
61902,18,90,3609.43,24.88,439.46,45.0326797385621,76.0130718954248,44.3137254901961
61902,18,90,3573.35,22.78,409.46,44.5751633986928,59.6078431372549,41.3071895424837
61902,18,100,1455.1,21.84,149.69,20.1960784313725,49.8039215686275,18.3006535947712
61902,18,120,4143.45,25.5,477.44,53.6601307189542,81.2418300653595,49.5424836601307
61902,18,90,4660.58,27.26,657.37,62.9411764705882,91.5032679738562,65.1633986928105
61902,18,120,6326.08,27.3,805.7,84.1830065359477,91.6993464052288,76.078431372549
61902,18,120,6188.25,24.38,1045.96,82.6797385620915,71.2418300653595,88.3660130718954
61902,18,90,4848.44,22.77,644.48,65.7516339869281,59.3464052287582,64.1176470588235
61902,18,95,1255.64,15.13,52.33,18.8235294117647,17.1241830065359,14.1176470588235
61902,18,90,1281.98,19.19,155.84,19.0196078431373,23.8562091503268,18.7581699346405
61902,18,95,211.41,6.79,14.94,1.30718954248366,3.0718954248366,1.30718954248366
61902,18,90,1952.58,21.15,153.64,24.7058823529412,41.9607843137255,18.562091503268
61902,18,120,1783.41,22.9,366.99,23.202614379085,60.5228758169935,36.797385620915
61902,18,90,937.98,17.42,168.22,16.5359477124183,18.8888888888889,19.6732026143791
61902,18,120,5103.72,28.04,1133.72,69.281045751634,93.9869281045752,91.6339869281046
61902,18,120,5468.97,28.91,1203.34,74.3790849673203,95.6209150326797,93.1372549019608
61902,18,120,1914.91,22.93,405.49,24.0522875816993,60.7843137254902,40.8496732026144
61902,18,120,3951.2,27.58,776.41,51.3725490196078,92.6143790849673,74.2483660130719
61902,18,90,613.28,17.5,92.86,14.1176470588235,19.0196078431373,16.9281045751634
61902,18,120,2419.53,25.67,518.41,30,82.2222222222222,53.4640522875817
61902,18,120,5306.72,23.22,1125.95,72.0261437908497,63.3333333333333,91.3725490196078
61902,18,120,180.42,7.2,12.99,0.849673202614379,4.44444444444444,1.11111111111111
61902,18,90,5028.83,27.22,1133.44,68.1045751633987,91.2418300653595,91.5686274509804
61902,18,120,6642.15,28.96,1199.22,87.1895424836601,95.7516339869281,92.9411764705882
61902,18,90,954.79,13.82,81.29,16.6013071895425,15.7516339869281,16.078431372549
61902,18,120,6038.41,27.76,732.18,80.9150326797386,93.3333333333333,70.718954248366
61902,18,120,427.7,8.26,23.93,7.25490196078431,7.64705882352941,3.59477124183007
61902,18,90,4704.05,22.55,710.42,63.7254901960784,57.4509803921569,69.6078431372549
61902,18,90,3235.73,25.95,497.96,41.1764705882353,83.7908496732026,51.1764705882353
61902,18,120,3203.12,26.16,393.63,40.5882352941176,85.4248366013072,39.7385620915033
61902,18,120,5748.83,25.01,1059.42,78.2352941176471,77.2549019607843,88.7581699346405
61902,18,90,1736.64,25.38,254.3,22.6143790849673,80.3921568627451,27.2549019607843
61902,18,120,2533.7,23.46,247.3,31.437908496732,65.4248366013072,26.5359477124183
61902,18,120,5123.55,42.51,607.43,69.6078431372549,99.8039215686275,60.718954248366
61902,18,120,5299.78,22.41,654.72,71.8954248366013,55.4248366013072,65.0326797385621
61902,18,120,5470.51,25.29,724.75,74.4444444444444,79.5424836601307,70.3921568627451
61902,18,120,5496.25,25.9,922.47,74.7058823529412,83.3986928104575,82.4836601307189
61902,18,120,5510.19,26.53,985.13,74.9019607843137,88.2352941176471,85.2287581699346
62096,19,90,412.38,6.81,32.82,2.29508196721311,1.63934426229508,2.62295081967213
62096,19,90,3433.09,22.5,443.16,12.7868852459016,53.7704918032787,13.7704918032787
62096,19,90,4295.99,21.74,598.79,24.5901639344262,39.344262295082,36.7213114754098
62096,19,100,5298.76,21.95,606.5,48.5245901639344,43.9344262295082,38.0327868852459
62096,19,75,4914.34,22.62,613.83,37.7049180327869,56.0655737704918,40.327868852459
62096,19,100,134.6,5.27,8.88,0,0,0.983606557377049
65648,20,90,3642.21,15.43,488.15,47.1889400921659,7.74193548387097,53.4562211981567
69466,21,94,3577.26,22.15,561.4,51.0510510510511,51.6516516516517,63.0630630630631
69466,21,97,3620.4,21.35,512.17,52.2522522522522,42.6426426426426,54.0540540540541
69466,21,104,2656.66,25.23,464.74,25.5255255255255,81.6816816816817,46.8468468468468
69466,21,105,5338.1,29.73,921.46,89.1891891891892,98.7987987987988,88.2882882882883
69466,21,109,5257.24,28.26,1006.67,87.0870870870871,96.6966966966967,90.6906906906907
69466,21,93,4025.72,27.69,777.36,61.5615615615616,95.4954954954955,82.2822822822823
69466,21,70,2584.24,24.09,364.97,24.024024024024,73.8738738738739,32.1321321321321
69466,21,112,4123.67,27.94,671.81,63.6636636636637,96.3963963963964,74.7747747747748
69466,21,75,2157.96,19.45,269.81,14.1141141141141,22.8228228228228,15.6156156156156
69466,21,111,5279.06,30.28,1030.69,87.3873873873874,99.3993993993994,92.7927927927928
69466,21,108,2235.81,27.45,423.15,15.9159159159159,94.8948948948949,39.3393393393393
69466,21,83,1983.04,19.03,244.84,12.6126126126126,19.8198198198198,12.9129129129129
69466,21,90,5099.04,29.33,1024.42,84.6846846846847,98.1981981981982,91.5915915915916
69466,21,83,2397.57,21.6,332.65,19.5195195195195,47.1471471471471,26.1261261261261
69466,21,120,2058.47,24.89,425.61,13.2132132132132,78.978978978979,40.2402402402402
69466,21,109,5369.5,26.85,1026.77,89.7897897897898,91.5915915915916,92.1921921921922
69466,21,95,3676.82,24.26,551.74,54.3543543543543,74.7747747747748,60.3603603603604
69466,21,120,5654.55,23.49,944.5,90.990990990991,66.6666666666667,88.8888888888889
69466,21,100,3198.89,24.4,600.05,39.3393393393393,75.3753753753754,66.966966966967
69466,21,75,2985.58,32.74,424.87,34.2342342342342,99.6996996996997,39.9399399399399
69466,21,115,3470.12,26.79,608.13,47.4474474474475,90.990990990991,68.4684684684685
69466,21,111,4441.5,25.91,747.74,72.0720720720721,86.4864864864865,79.5795795795796
69466,21,110,3500.32,26.26,609.23,48.6486486486487,87.987987987988,69.0690690690691
69466,21,108,4508.86,29.31,859.85,72.3723723723724,97.8978978978979,86.7867867867868
69466,21,111,4803.44,29.5,976.86,79.5795795795796,98.4984984984985,89.4894894894895
69466,21,106,4043.09,29.13,852.36,61.8618618618619,97.5975975975976,85.8858858858859
69466,21,106,410.7,15.44,42.78,2.1021021021021,8.40840840840841,3.6036036036036
69466,21,70,3464.8,24.42,590,46.8468468468468,75.6756756756757,65.7657657657658
69466,21,100,3666.63,24.59,570.19,53.4534534534535,77.1771771771772,64.2642642642643
69466,21,107,7385.38,27.55,1442.77,97.8978978978979,95.1951951951952,98.1981981981982
69466,21,87,3737.22,23.37,608.58,55.8558558558559,63.3633633633634,68.7687687687688
69466,21,97,5802.33,23.64,1099.24,92.7927927927928,67.8678678678679,95.1951951951952
69466,21,105,5877.74,29.89,1028.68,93.0930930930931,99.0990990990991,92.4924924924925
69466,21,120,4525.32,23.93,689.08,73.2732732732733,71.7717717717718,75.6756756756757
69466,21,120,5135.24,23.94,748.37,85.5855855855856,72.0720720720721,79.8798798798799
69466,21,110,4715.34,22.43,704.37,77.7777777777778,53.1531531531532,76.8768768768769
69466,21,100,4995.6,24.02,895.43,81.981981981982,73.2732732732733,87.6876876876877
69466,21,95,2241.16,19.76,282.61,16.2162162162162,24.9249249249249,17.4174174174174
71346,19,95,6284.72,20.98,832.22,76.7213114754098,28.5245901639344,70.8196721311475
71346,19,90,5524.42,21.58,710.32,55.4098360655738,36.7213114754098,54.4262295081967
71346,19,90,4563.92,22.64,590.88,28.5245901639344,56.3934426229508,33.7704918032787
71346,19,90,3205.95,17.84,388.66,11.4754098360656,10.1639344262295,10.4918032786885
71346,19,90,5603.96,21.89,712.95,60,41.6393442622951,54.7540983606557
71346,19,90,7093.84,22.5,957.55,85.5737704918033,53.7704918032787,84.9180327868852
71346,19,120,6747.6,22.52,867.66,80.9836065573771,54.7540983606557,76.0655737704918
71346,19,120,8188.17,24.93,1039.94,95.0819672131148,82.2950819672131,91.8032786885246
71346,19,100,6240.16,22.05,989.81,75.7377049180328,47.2131147540984,89.1803278688525
71346,19,90,1547.75,17.4,90.06,6.22950819672131,8.85245901639344,5.57377049180328
71346,19,100,4945.73,25.44,608.24,38.6885245901639,86.5573770491803,38.3606557377049
71346,19,70,5355.06,22.28,698.84,50.1639344262295,50.8196721311475,52.7868852459016
71346,19,90,5181.23,20.26,604.71,43.2786885245902,20.983606557377,37.7049180327869
71346,19,100,7979.16,23.44,1062.69,92.1311475409836,67.2131147540984,92.4590163934426
71346,19,90,5428,28.72,671.22,52.1311475409836,99.672131147541,51.1475409836066
71346,19,90,5252.19,20.63,585.62,46.8852459016393,24.2622950819672,32.1311475409836
71346,19,75,3959.68,22.86,441.71,18.0327868852459,59.0163934426229,13.4426229508197
72086,20,100,4599.11,24.92,747.4,70.8755760368664,84.6082949308756,79.9078341013825
72086,20,77,3083.74,21.26,394.68,30.4147465437788,40.0921658986175,36.036866359447
72086,20,95,3431.83,24.13,505.63,38.8018433179723,78.0645161290323,56.6820276497696
72086,20,105,4585.62,20.29,550.37,70.3225806451613,28.9400921658986,62.2119815668203
72086,20,70,4062.86,26.47,667.92,58.2488479262673,94.7465437788018,73.5483870967742
72086,20,100,2746.93,18.63,313.15,22.1198156682028,15.3917050691244,21.2903225806452
72086,20,90,4786.68,28.78,709.28,73.9170506912442,99.4470046082949,77.0506912442396
72086,20,120,4806.5,22.53,535.17,74.3778801843318,58.0645161290323,60.4608294930876
72086,20,105,2831.49,21.01,307.81,24.147465437788,37.4193548387097,20.9216589861751
72086,20,110,4019.78,24.68,442.83,57.2350230414747,83.1336405529954,44.9769585253456
72086,20,100,1851.32,16.17,226.56,11.889400921659,8.29493087557604,12.258064516129
72086,20,75,750.51,13.26,70.76,4.60829493087558,4.97695852534562,4.42396313364055
72086,20,78,3958.36,20.68,528.6,56.036866359447,33.0875576036866,59.5391705069124
72086,20,105,3095.73,21.29,367.67,30.7834101382488,40.6451612903226,30.8755760368664
72086,20,99,3796.6,21.02,347.75,51.4285714285714,37.7880184331797,26.8202764976959
72086,20,116,6184.26,24.65,742.66,85.9907834101382,82.7649769585254,79.7235023041475
72086,20,100,4781.07,22.64,545.13,73.7327188940092,59.4470046082949,61.5668202764977
72086,20,110,3200.1,20.59,432.4,32.9032258064516,31.7972350230415,42.5806451612903
72086,20,80,3406.32,23.29,356.89,37.9723502304147,68.5714285714286,28.8479262672811
72086,20,90,5019.63,24.53,867.6,76.7741935483871,81.1981566820276,86.9124423963134
72086,20,90,3951.3,21.48,608.67,55.5760368663594,42.6728110599078,68.294930875576
72086,20,90,8039.95,25.1,1392.63,95.9447004608295,86.6359447004608,98.8018433179724
72086,20,90,3568.91,24.97,502.04,43.778801843318,85.2534562211981,56.1290322580645
72086,20,70,2785.75,21.57,387.58,23.2258064516129,44.4239631336406,34.6543778801843
72086,20,90,4470.36,25.01,838.83,67.4654377880184,85.6221198156682,85.2534562211981
72086,20,110,3734.74,23.63,518.92,49.6774193548387,72.9032258064516,58.4331797235023
72086,20,120,6256.03,20.43,714.15,86.5437788018433,30.5069124423963,77.4193548387097
72086,20,123,7323.26,23.7,909.09,93.5483870967742,73.2718894009217,88.8479262672811
72086,20,90,6313.98,25.76,1116.02,86.9124423963134,91.5207373271889,93.9170506912442
72086,20,90,4846.98,21.31,827.34,75.0230414746544,40.9216589861751,84.6082949308756
72086,20,92,3677.74,23.09,636.36,48.294930875576,66.0829493087558,71.2442396313364
72086,20,90,3648.18,19.13,527.77,47.3732718894009,18.5253456221198,59.3548387096774
72086,20,110,4475.03,25.47,737.12,67.741935483871,89.5852534562212,79.0783410138249
72086,20,100,3078.81,21.87,427.15,30.1382488479263,48.6635944700461,41.4746543778802
72086,20,110,5418.55,23.05,859.98,80.6451612903226,65.7142857142857,86.3594470046083
72086,20,105,3473.72,20.97,687.42,40.2764976958525,36.405529953917,74.9308755760369
72116,18,90,7736.2,27.16,1008.91,93.6601307189542,91.0457516339869,86.4052287581699
72116,18,120,360.98,7.18,37.33,4.64052287581699,4.31372549019608,9.80392156862745
72116,18,90,5046.7,26.03,929.91,68.4967320261438,84.1176470588235,82.8104575163399
72116,18,120,6251.92,29.7,1099.32,83.4640522875817,96.078431372549,90.3267973856209
72116,18,90,8449.31,22.27,1105.66,96.6013071895425,54.1176470588235,90.5882352941177
72116,18,90,2013.67,16.87,234.63,25.2941176470588,18.3006535947712,25.6862745098039
72116,18,90,7817.06,28.05,1011.32,94.1830065359477,94.1176470588235,86.6013071895425
72116,18,95,7063.14,27.61,939.76,90.3921568627451,92.6797385620915,83.3333333333333
72116,18,90,4545.99,21.38,555.1,60.6535947712418,44.7712418300654,56.797385620915
72116,18,90,3540.13,23.41,427.34,44.2483660130719,64.8366013071895,42.6143790849673
72116,18,120,5507.38,28.24,758.22,74.8366013071895,94.640522875817,72.875816993464
72116,18,90,3818.19,28.49,459.05,48.4967320261438,95.0980392156863,47.3856209150327
72116,18,120,3243.6,21.1,365.24,41.3071895424837,40.8496732026144,36.7320261437909
72116,18,100,9044.09,26.47,1108.84,98.1699346405229,87.7124183006536,90.718954248366
72116,18,120,2991.51,22.28,375.14,38.562091503268,54.3790849673203,37.516339869281
72116,18,120,4742.17,24.17,636.18,63.7908496732026,69.5424836601307,63.1372549019608
72116,18,90,8580.88,25.41,1109.78,97.0588235294118,80.5882352941177,90.8496732026144
72116,18,120,7858.38,24.77,960.57,94.3790849673203,75.2287581699346,83.8562091503268
72116,18,120,5560.32,42.22,648.12,75.7516339869281,99.0196078431373,64.3790849673203
72116,18,120,6322.73,28.74,824.71,84.1176470588235,95.4248366013072,77.2549019607843
72116,18,120,6062.41,24.76,769.92,81.2418300653595,75.0326797385621,73.4640522875817
72116,18,120,4259.81,22.16,461.87,54.9673202614379,53.0718954248366,47.843137254902
72116,18,90,2007.13,20.83,171.08,25.1633986928105,37.9084967320261,20
72116,18,150,8709.65,26.34,1307.94,97.3202614379085,86.797385620915,94.7712418300653
72116,18,120,5530.89,22.74,742.84,75.2941176470588,59.2156862745098,71.437908496732
72116,18,120,5410.29,22.48,781.49,73.7254901960784,56.6013071895425,74.640522875817
72116,18,120,5898.27,20.5,779.26,79.6078431372549,34.0522875816993,74.3790849673203
72116,18,120,434.12,7,31.49,7.77777777777778,3.8562091503268,6.5359477124183
72116,18,90,3462.76,28.36,409.83,43.202614379085,94.9019607843137,41.3725490196078
72116,18,120,4647.61,27.18,589.73,62.8104575163399,91.1111111111111,59.1503267973856
72116,18,120,481.39,19.55,36.57,11.2418300653595,26.2745098039216,9.28104575163399
72116,18,120,5846.27,28.95,785.22,79.1503267973856,95.6862745098039,74.8366013071895
72116,18,90,8445.27,27.75,1064.39,96.5359477124183,93.2679738562092,88.9542483660131
72116,18,120,3958.94,21.92,455.15,51.5686274509804,50.9150326797386,46.7320261437908
72116,18,90,7025.89,28.79,922.3,90.1307189542484,95.4901960784314,82.4183006535948
72116,18,90,3779.69,22.9,491.71,47.7124183006536,60.5228758169935,50.9150326797386
72116,18,120,2772.08,40.66,473.56,35.7516339869281,96.4052287581699,49.1503267973856
72116,18,90,7906.11,26.26,1029.59,94.7712418300653,86.3398692810458,87.5816993464052
72116,18,95,8280.49,24.02,1343.83,96.0130718954248,68.4313725490196,95.359477124183
72116,18,90,3797.17,21.82,490.32,48.1699346405229,49.5424836601307,50.6535947712418
72116,18,85,421.41,9.21,36.92,6.9281045751634,9.73856209150327,9.47712418300654
72116,18,90,7825.57,22.4,1016.08,94.2483660130719,55.1633986928105,86.8627450980392
72116,18,90,3177.7,20.79,373.74,40.2614379084967,37.1895424836601,37.3202614379085
72116,18,90,3970.42,20.73,448.84,51.7647058823529,36.6013071895425,45.6862745098039
72116,18,90,4105.21,27.36,491.01,52.8104575163399,91.9607843137255,50.8496732026144
72116,18,90,4259.95,26.09,575.32,55.0326797385621,84.640522875817,58.1699346405229
72116,18,120,156.02,4.64,7.65,0.457516339869281,0.065359477124183,0.261437908496732
72116,18,90,8155.47,26.25,1085.99,95.7516339869281,86.1437908496732,89.6732026143791
72116,18,120,2682.59,20.37,430.65,33.7908496732026,32.6797385620915,43.0718954248366
72116,18,90,1547.81,20.44,186.51,20.8496732026144,33.3333333333333,21.5686274509804
72116,18,120,5648.66,27.65,689.18,77.1895424836601,92.9411764705882,67.5816993464052
72116,18,120,6254.86,26.88,1090.92,83.5294117647059,89.8692810457516,90.0653594771242
72116,18,120,2566.56,24.34,371.34,32.0261437908497,70.9150326797386,37.124183006536
72116,18,120,572.66,7.67,38.69,13.5294117647059,5.88235294117647,10.6535947712418
72116,18,120,3009.31,20.18,440.92,38.6928104575163,30.9803921568627,44.4444444444444
72116,18,120,2935.08,22.45,323.52,37.9738562091503,56.0130718954248,33.2679738562091
72139,18,90,3940.47,25.68,496.49,51.0457516339869,82.3529411764706,51.0457516339869
72139,18,90,6516.87,25.97,856.58,86.3398692810458,83.8562091503268,78.6274509803922
72139,18,120,4994.11,25.8,781.44,67.6470588235294,83.1372549019608,74.5751633986928
72139,18,120,1839.94,16.19,266.14,23.7254901960784,18.0392156862745,28.562091503268
72139,18,90,3714.78,26.78,462.28,46.7320261437908,89.1503267973856,48.1045751633987
72139,18,90,4810.16,22.03,928.47,64.9673202614379,51.8954248366013,82.7450980392157
72139,18,120,2840.56,40.74,453.14,36.9934640522876,96.8627450980392,46.4705882352941
72139,18,90,2854.63,22.83,376.8,37.124183006536,60.1960784313725,37.5816993464052
72139,18,90,3477.29,20.65,438.63,43.5294117647059,35.6862745098039,44.1176470588235
72139,18,120,2504.53,22.06,293.41,31.1764705882353,52.2875816993464,30.718954248366
72139,18,90,4545.83,25.31,595.99,60.5882352941176,79.6732026143791,59.6732026143791
72139,18,120,4859.01,20.93,627.1,65.9477124183007,39.281045751634,62.2222222222222
72139,18,120,2671.13,23.03,280.89,33.4640522875817,61.8300653594771,29.8039215686275
72139,18,90,5312.9,28.04,689.53,72.156862745098,93.9869281045752,67.6470588235294
72139,18,90,2708.03,18.21,332.05,34.5751633986928,20.3921568627451,33.9869281045752
72139,18,90,3424.1,24.87,445.9,43.0065359477124,75.8823529411765,45.1633986928105
72139,18,120,6846.52,28.05,1104.46,88.6928104575163,94.1176470588235,90.5228758169935
72139,18,90,4565.24,24.23,889.31,61.0457516339869,69.8692810457516,80.5882352941177
72139,18,120,323.72,7.63,39.54,3.59477124183007,5.68627450980392,10.9150326797386
72139,18,90,791.77,24.66,166.64,15.8169934640523,73.9869281045752,19.5424836601307
72139,18,120,5226.34,23.29,975.39,70.9803921568627,63.9869281045752,84.7712418300654
72139,18,120,2273.44,24.62,433.35,28.4967320261438,73.5294117647059,43.5947712418301
72139,18,120,2295.73,16.16,358.83,28.7581699346405,17.9084967320261,36.2091503267974
72139,18,120,1528.93,20.23,261.97,20.718954248366,31.3725490196078,27.843137254902
72139,18,120,4475.02,24.48,848.33,59.4771241830065,72.0261437908497,78.1045751633987
72139,18,120,5286.58,25.09,1092.02,71.6993464052288,77.9084967320262,90.1307189542484
72139,18,90,1225.23,15.84,183.23,18.562091503268,17.7124183006536,21.1764705882353
72139,18,120,318.96,10.75,39.35,3.20261437908497,12.156862745098,10.718954248366
72139,18,90,2484.69,27.22,380.1,30.8496732026144,91.2418300653595,38.0392156862745
72139,18,90,3908.8,20.72,441.56,50,36.4705882352941,44.5098039215686
72139,18,85,3381.57,22.42,381.24,42.7450980392157,55.5555555555556,38.3006535947712
72139,18,90,3728.22,24.8,555.11,46.9934640522876,75.359477124183,56.8627450980392
72139,18,90,2551.05,20.13,326.49,31.8954248366013,30.4575163398693,33.5294117647059
72139,18,90,5226.29,22.34,676.92,70.9150326797386,54.640522875817,66.5359477124183
72139,18,90,4501.06,25.15,531.88,59.8039215686275,78.3006535947712,54.7712418300654
72139,18,90,4508.05,23.95,516.79,60,68.1045751633987,53.0718954248366
72139,18,100,5037.91,25.36,679.98,68.3006535947712,80.2614379084967,66.8627450980392
72139,18,120,4308.21,24.48,478.02,56.078431372549,72.0261437908497,49.6078431372549
72139,18,120,5384.08,25.71,638.48,73.202614379085,82.6797385620915,63.4640522875817
72139,18,90,3877.17,22.24,609.7,49.4117647058824,53.921568627451,60.9803921568627
72139,18,95,4604.44,26.99,588,61.9607843137255,90.3921568627451,59.0196078431373
72139,18,95,2882.22,24.47,418.97,37.3202614379085,71.8300653594771,41.9607843137255
72139,18,90,4352.86,23.72,552.53,57.0588235294118,67.1895424836601,56.6013071895425
72139,18,90,1918.89,16.89,154.6,24.1830065359477,18.3660130718954,18.6928104575163
72139,18,120,6845.11,26.06,786.96,88.6274509803922,84.5098039215686,74.9019607843137
72139,18,120,3277.76,20.33,359.52,41.6993464052288,32.156862745098,36.3398692810458
72139,18,120,4467.44,23.62,453.26,59.281045751634,66.5359477124183,46.5359477124183
72139,18,120,5571.87,21.14,596.35,76.0130718954248,41.8954248366013,59.7385620915033
72139,18,150,6155.97,24.34,801.85,82.0915032679738,70.9150326797386,75.6209150326797
72139,18,120,5337.14,22.52,664.09,72.5490196078431,57.1895424836601,65.6209150326797
72139,18,120,5745.86,22.23,651.09,78.1699346405229,53.8562091503268,64.640522875817
72139,18,90,4800.57,24.54,609.86,64.8366013071895,72.875816993464,61.0457516339869
72139,18,120,8360.87,26.9,1529.48,96.2745098039216,90.0653594771242,97.7777777777778
72139,18,120,5127.27,42.56,736.44,69.6732026143791,100,71.0457516339869
72139,18,120,6730.44,26.05,1225.29,87.843137254902,84.4444444444444,93.5294117647059
72139,18,120,7057.74,25.78,1423.74,90.3267973856209,82.9411764705882,96.2745098039216
72139,18,120,447.89,7.44,47.96,8.95424836601307,4.90196078431373,13.3333333333333
73322,19,90,5529.85,20.93,709.48,56.3934426229508,26.8852459016393,54.0983606557377
73322,19,75,4223.76,23.38,551.02,22.6229508196721,66.2295081967213,23.9344262295082
73322,19,90,5635.25,20.8,718.41,62.2950819672131,25.9016393442623,55.7377049180328
73322,19,90,5236.96,24.78,855.31,45.9016393442623,80.655737704918,73.7704918032787
73322,19,90,7359.05,22.45,1039.45,87.8688524590164,52.7868852459016,91.4754098360656
73322,19,90,4726.74,22.28,624.78,33.1147540983607,50.8196721311475,41.6393442622951
73322,19,120,7637.99,22.73,1117.22,89.1803278688525,57.3770491803279,94.7540983606557
73322,19,120,8103.98,24.57,1073.82,94.4262295081967,78.3606557377049,93.4426229508197
73322,19,100,6354.91,22.85,981.46,77.7049180327869,58.0327868852459,87.5409836065574
73322,19,95,6233.16,20.87,888.99,75.0819672131148,26.5573770491803,79.344262295082
73322,19,90,680.46,18.85,69.63,3.60655737704918,13.1147540983607,3.9344262295082
73322,19,100,4829.1,26.69,660.5,35.0819672131148,95.7377049180328,47.8688524590164
73322,19,70,5735.25,20.44,786.45,65.9016393442623,22.6229508196721,65.2459016393443
73322,19,90,5845.39,21.37,866.74,68.5245901639344,33.1147540983607,75.7377049180328
73322,19,100,9200.14,23.89,1341.9,100,72.1311475409836,98.6885245901639
73322,19,90,6318.27,27.67,962.93,77.3770491803279,98.3606557377049,85.9016393442623
75462,19,90,6421.95,28.88,855.51,78.3606557377049,100,74.0983606557377
75462,19,100,5967.98,23.76,964.22,70.8196721311475,70.8196721311475,86.2295081967213
75462,19,120,8397.93,25.83,1176.08,97.0491803278689,88.8524590163935,96.3934426229508
75462,19,95,6815.59,21.37,930.82,81.9672131147541,33.1147540983607,82.6229508196721
75462,19,120,7002.64,21.18,984.58,85.2459016393443,30.4918032786885,87.8688524590164
75462,19,90,4681.77,23.74,596.36,31.1475409836066,70.4918032786885,35.4098360655738
75462,19,90,7701.6,21.47,1091.11,89.8360655737705,35.7377049180328,94.0983606557377
75462,19,90,5633.62,22.05,763.59,61.9672131147541,47.2131147540984,61.6393442622951
75462,19,100,5317.98,25.06,661.86,49.1803278688525,84.2622950819672,48.1967213114754
75462,19,100,8215.2,24.94,1273.3,95.4098360655738,82.6229508196721,97.7049180327869
75462,19,90,1047,14,85.27,4.91803278688525,4.26229508196721,4.91803278688525
75462,19,70,5596.09,21.03,790.84,59.672131147541,29.1803278688525,66.2295081967213
75462,19,90,5843.73,20.95,756.72,67.8688524590164,27.8688524590164,60.983606557377
75462,19,90,3702.03,19.94,528.05,15.0819672131148,19.344262295082,21.3114754098361
75462,19,90,5998.13,23.2,810.75,71.4754098360656,62.9508196721312,68.8524590163934
75462,19,75,4319.87,23.77,551.16,25.2459016393443,71.4754098360656,24.2622950819672
76391,18,90,4799.55,24.63,604.49,64.7712418300654,73.7908496732026,60.3267973856209
76391,18,120,5497.3,24.85,775.79,74.7712418300654,75.6862745098039,74.1830065359477
76391,18,120,5884.31,25.17,708.18,79.4117647058823,78.6274509803922,69.4117647058823
76391,18,120,422.45,6.21,29.27,7.05882352941176,1.63398692810458,5.42483660130719
76391,18,90,117.97,19.54,92.85,0.065359477124183,26.078431372549,16.8627450980392
76391,18,90,981.05,11.73,79.45,16.9934640522876,13.0718954248366,15.8823529411765
76391,18,120,5970.07,24.47,719.19,80.1307189542484,71.8300653594771,70.3267973856209
76391,18,120,7657.01,22.55,1082.08,93.2679738562092,57.4509803921569,89.5424836601307
76391,18,120,2550.21,22.34,227.24,31.8300653594771,54.640522875817,25.2287581699346
76391,18,120,6171.67,22.04,832.34,82.5490196078431,52.0915032679739,77.5816993464052
76391,18,120,2963.48,21.41,348.71,38.3006535947712,45.2287581699346,35.4248366013072
76391,18,90,3243.88,24.22,510.01,41.3725490196078,69.7385620915033,52.4183006535948
76391,18,90,458.59,6.73,43.78,9.86928104575163,2.61437908496732,12.0261437908497
76391,18,120,7103.26,27.31,972.18,90.718954248366,91.7647058823529,84.4444444444444
76391,18,90,5701.99,21.85,758.06,77.5816993464052,50.0653594771242,72.8104575163399
76391,18,120,368.94,9.85,32.97,4.90196078431373,10.6535947712418,7.05882352941176
76391,18,120,6113.45,20.83,779.57,81.6339869281046,37.9084967320261,74.4444444444444
76391,18,120,3358.98,23.45,443.11,42.3529411764706,65.2287581699346,44.7712418300654
76391,18,120,557.68,5.88,49.45,13.0065359477124,1.30718954248366,13.7254901960784
76391,18,120,2680.28,21.18,309.18,33.7254901960784,42.4183006535948,32.0915032679739
76391,18,120,4377.01,25.57,543.99,57.5816993464052,81.8300653594771,55.8169934640523
76391,18,120,6771.55,25.14,954.55,88.1045751633987,78.2352941176471,83.5947712418301
76391,18,120,6251.54,24.93,844,83.3986928104575,76.4052287581699,77.9084967320262
76391,18,90,3822.17,22.62,572.68,48.562091503268,58.2352941176471,58.0392156862745
76391,18,120,2695.25,40.8,464.44,34.3790849673203,97.1241830065359,48.3660130718954
76391,18,120,5726.51,40.96,866.03,77.7777777777778,98.6274509803922,79.2156862745098
76391,18,90,1691.14,23.38,222.34,22.156862745098,64.5751633986928,24.640522875817
76391,18,85,436.33,8.37,31.64,8.03921568627451,7.90849673202614,6.60130718954248
76391,18,90,1553.32,21.21,213.75,20.9150326797386,43.1372549019608,23.7254901960784
76391,18,90,3061.42,19.6,334.62,39.1503267973856,26.7320261437909,34.0522875816993
76391,18,90,470,5.46,24.17,10.4575163398693,0.718954248366013,3.66013071895425
76391,18,90,4963.4,21.09,667.15,67.2549019607843,40.7843137254902,65.7516339869281
76391,18,90,1521.29,12.12,103.18,20.6535947712418,13.4640522875817,17.1895424836601
76391,18,90,218.3,11.35,18.35,1.63398692810458,12.6797385620915,1.89542483660131
76391,18,120,489.12,8.48,23.32,11.6339869281046,8.23529411764706,3.4640522875817
76391,18,120,439.78,7.72,30.95,8.36601307189542,5.94771241830065,6.07843137254902
76391,18,90,2946.99,20.2,391.22,38.1045751633987,31.1764705882353,39.3464052287582
76391,18,90,3948.93,21.93,484.74,51.3071895424837,50.9803921568627,50.1960784313725
76391,18,95,2733.44,25.03,385.87,35.1633986928105,77.5163398692811,38.6928104575163
76391,18,90,4157.25,20.34,619.78,53.7908496732026,32.3529411764706,61.6339869281046
76391,18,90,1422.19,20.78,118.56,19.8692810457516,36.9934640522876,17.3202614379085
76391,18,120,530.57,9.03,44.57,12.3529411764706,9.34640522875817,12.3529411764706
76391,18,120,430.58,14.66,30.37,7.51633986928105,16.8627450980392,5.81699346405229
76391,18,120,613.56,6.01,38.3,14.1830065359477,1.43790849673203,10.3921568627451
76391,18,120,468.37,12.8,41.15,10.3921568627451,14.7058823529412,11.6339869281046
76391,18,120,415.96,7.77,36.84,6.5359477124183,6.07843137254902,9.41176470588235
76391,18,90,431.74,9.29,40.03,7.58169934640523,10.0653594771242,11.1111111111111
76958,20,90,5927.86,24.01,825.06,83.8709677419355,76.5898617511521,84.4239631336406
76958,20,110,4240.78,24.85,543.55,62.3963133640553,84.331797235023,61.3824884792627
76958,20,90,4246.96,25.63,536.7,62.4884792626728,90.5069124423963,60.6451612903226
76958,20,100,4716.06,24.24,523.23,72.7188940092166,79.1705069124424,58.9861751152074
76958,20,116,6912.92,23.55,1193.64,91.3364055299539,71.7972350230415,95.4838709677419
76958,20,99,3557.6,19.55,356.47,42.9493087557604,22.7649769585253,28.6635944700461
76958,20,91,7159.89,25.01,1172.72,92.8110599078341,85.6221198156682,95.3917050691244
76958,20,80,3501.83,25.39,423.45,41.5668202764977,88.5714285714286,40.7373271889401
76958,20,120,6972.25,22.36,956.15,91.6129032258064,56.036866359447,90.0460829493088
76958,20,123,8055.34,24.62,1058.09,96.1290322580645,82.5806451612903,92.5345622119816
76958,20,90,3955.23,25.75,547.64,55.7603686635945,91.4285714285714,62.1198156682028
76958,20,105,3150.39,22.17,420.05,31.705069124424,53.2718894009217,40.36866359447
76958,20,75,901.32,12.98,81.88,6.63594470046083,4.51612903225806,5.06912442396313
76958,20,78,4370.53,22.01,558.48,65.8986175115207,50.7834101382489,63.2258064516129
76958,20,100,1954.95,21.42,231.88,13.1797235023041,41.9354838709677,12.6267281105991
76958,20,110,4459.04,24.25,512.76,67.2811059907834,79.2626728110599,57.6036866359447
76958,20,105,3056.07,22.13,350.25,29.5852534562212,52.6267281105991,27.4654377880184
76958,20,120,5660.09,23.59,738.04,82.7649769585254,72.4423963133641,79.2626728110599
76958,20,90,8415.05,24.18,1266.69,97.9723502304147,78.7096774193548,96.5898617511521
76958,20,104,4504.54,23.17,664.46,68.4792626728111,66.6359447004608,73.3640552995392
76958,20,100,3700.51,19.56,428.35,48.7557603686636,22.8571428571429,41.8433179723502
76958,20,70,4252.96,23.44,583.72,62.8571428571429,70.3225806451613,65.7142857142857
76958,20,95,3664.39,23.63,447.27,47.741935483871,72.9032258064516,45.7142857142857
76958,20,77,3239.17,23.73,402.82,33.5483870967742,73.8248847926267,37.2350230414747
76958,20,100,5718.69,25.72,757.69,83.0414746543779,91.0599078341014,80.5529953917051
76958,20,105,4372.81,25.17,636.9,65.9907834101382,87.2811059907834,71.3364055299539
76958,20,110,1857.52,20.31,246.38,11.9815668202765,29.4009216589862,14.1013824884793
76958,20,100,4623.22,25.43,589.98,71.4285714285714,89.3087557603687,66.8202764976959
76958,20,110,4755.75,23.44,704.66,73.4562211981567,70.3225806451613,76.3133640552995
76958,20,90,3577.32,24.48,465.37,44.0552995391705,80.8294930875576,49.8617511520737
76958,20,90,2777.19,25.04,385.81,22.8571428571429,85.9907834101382,34.4700460829493
76958,20,110,3801.9,24.83,532.61,51.705069124424,84.2396313364055,60.2764976958525
76958,20,90,807.53,19.71,124.52,5.43778801843318,24.331797235023,7.28110599078341
76958,20,70,3391.51,19.03,470.86,37.6958525345622,17.8801843317972,50.7834101382489
76958,20,90,1643.03,22.32,194.7,10.2304147465438,55.7603686635945,10.1382488479263
76958,20,90,2831.92,23.97,455.15,24.2396313364055,76.221198156682,47.5576036866359
76958,20,105,4612.46,22.23,612.37,71.2442396313364,54.4700460829493,68.5714285714286
76958,20,110,2950.09,23.48,410.54,27.2811059907834,71.0599078341014,38.5253456221198
76958,20,90,6617.27,26.91,928.16,88.8479262672811,96.4976958525346,89.2165898617511
76958,20,90,3852.58,21.85,495.09,53.0875576036866,48.3870967741936,54.9308755760369
76958,20,90,4089.9,20.97,567.55,59.0783410138249,36.405529953917,64.2396313364055
76958,20,90,4309.56,23.11,614.15,64.2396313364055,66.4516129032258,68.9400921658986
76958,20,90,183.95,7.93,14.68,1.75115207373272,1.5668202764977,2.48847926267281
76958,20,90,4632.8,22.54,669.01,71.705069124424,58.4331797235023,73.7327188940092
76958,20,76,2722.48,18.74,376.71,21.5668202764977,16.221198156682,32.073732718894
76958,20,90,4329.68,19.82,514.86,64.7926267281106,25.2534562211982,58.0645161290323
76958,20,90,3778.78,21.97,429.96,51.1520737327189,50.2304147465438,42.0276497695853
77373,18,90,1442.26,23.27,232.47,20.1307189542484,63.7908496732026,25.4248366013072
77373,18,120,7348.96,26.66,1422.32,91.7647058823529,88.6274509803922,96.2091503267974
77373,18,120,3388.86,23.05,458.73,42.8104575163399,62.0915032679739,47.3202614379085
77373,18,90,2399.83,21.79,378.4,29.7385620915033,49.1503267973856,37.7124183006536
77373,18,90,5726.31,22.24,1073.16,77.7124183006536,53.921568627451,89.1503267973856
77373,18,90,978.96,14.79,85.15,16.9281045751634,16.9281045751634,16.4705882352941
77373,18,120,8053.16,28.8,1679.57,95.0980392156863,95.5555555555556,99.0849673202614
77373,18,90,4669.53,23.62,1028.46,63.1372549019608,66.5359477124183,87.4509803921569
77373,18,120,6439.2,22.19,918.27,85.2941176470588,53.3986928104575,82.2222222222222
77373,18,120,5824.42,21.49,802.25,78.9542483660131,45.4901960784314,75.6862745098039
77373,18,150,3463.06,18.88,534.85,43.2679738562092,22.483660130719,55.1633986928105
77373,18,120,6477.51,22.47,870.43,85.8823529411765,56.5359477124183,79.4771241830065
77373,18,120,241.42,9.08,23.33,1.83006535947712,9.54248366013072,3.52941176470588
77373,18,120,410.83,8.19,25.44,6.07843137254902,7.3202614379085,4.37908496732026
77373,18,120,6955.26,27.81,919.91,89.4771241830065,93.3986928104575,82.2875816993464
77373,18,90,2121.16,22.77,175.58,26.5359477124183,59.3464052287582,20.2614379084967
77373,18,95,551.87,5.03,10.11,12.9411764705882,0.392156862745098,0.784313725490196
77373,18,120,261.47,8.4,30.88,2.28758169934641,7.97385620915033,5.94771241830065
77373,18,120,4632.17,23.04,733.77,62.4183006535948,61.8954248366013,70.9150326797386
77373,18,120,200.04,8.57,23.19,1.04575163398693,8.62745098039216,3.39869281045752
77373,18,120,283.84,6.41,34.02,2.6797385620915,2.15686274509804,7.84313725490196
77373,18,120,2104.73,23.36,442.75,26.4052287581699,64.3790849673203,44.7058823529412
77373,18,120,6348.64,28.4,1452.19,84.4444444444444,94.9673202614379,96.9281045751634
77373,18,120,4702.35,26.89,1058.61,63.5947712418301,89.9346405228758,88.6928104575163
77373,18,120,459.23,6.2,25.63,10,1.56862745098039,4.50980392156863
77373,18,120,6452.12,24.43,866.99,85.4248366013072,71.5686274509804,79.281045751634
77373,18,120,5534.23,42.29,640.02,75.359477124183,99.4117647058823,63.5947712418301
77373,18,120,7142.68,22.85,1032.96,90.9803921568627,60.2614379084967,87.7124183006536
77373,18,120,7293.12,22.46,1038.08,91.6993464052288,56.1437908496732,87.9084967320261
77373,18,90,998.76,17.83,96.54,17.1241830065359,19.6078431372549,17.0588235294118
77373,18,120,7395.1,21.85,1135.11,92.2222222222222,50.0653594771242,91.7647058823529
77373,18,120,544.18,9.48,42.56,12.8104575163399,10.1307189542484,11.8300653594771
77373,18,120,7901.61,26.71,1431.24,94.7058823529412,88.9542483660131,96.4052287581699
77373,18,90,3323.75,24.26,402.78,42.2222222222222,70.1307189542484,40.3267973856209
77373,18,120,2779.11,40.84,448.75,35.9477124183007,97.4509803921569,45.6209150326797
77373,18,120,2149.72,23.97,287.21,27.0588235294118,68.1699346405229,30.2614379084967
77373,18,90,607.05,15.27,49.16,13.8562091503268,17.2549019607843,13.5294117647059
77373,18,90,4589.1,21.37,551.64,61.5686274509804,44.7058823529412,56.5359477124183
77373,18,85,3226.45,23.3,516.74,40.9803921568627,64.1176470588235,53.0065359477124
77373,18,90,5576.81,24.64,877.12,76.078431372549,73.921568627451,79.9346405228758
77373,18,90,475.38,15.32,42.83,10.9150326797386,17.3202614379085,11.8954248366013
77373,18,90,3744.48,22.6,452.97,47.4509803921569,58.0392156862745,46.3398692810458
77373,18,90,5352.65,26.68,718.94,72.7450980392157,88.8235294117647,70.2614379084967
77373,18,90,5344.74,27.66,772.42,72.6797385620915,93.0718954248366,73.6601307189542
77373,18,120,3748.53,22.59,444.19,47.516339869281,57.9084967320262,44.9673202614379
77373,18,120,6255.69,26.42,1135.78,83.5947712418301,87.3856209150327,91.8300653594771
77373,18,90,343.28,7.99,31.24,4.37908496732026,6.73202614379085,6.40522875816993
77373,18,120,2230.99,26.89,521.74,27.843137254902,89.9346405228758,53.8562091503268
77373,18,90,648.66,13.82,77.95,14.7712418300654,15.7516339869281,15.6862745098039
77669,20,116,6619.22,21.11,989.63,88.9400921658986,38.5253456221198,90.9677419354839
77669,20,105,4310.57,20.01,632.71,64.4239631336406,26.3594470046083,70.7834101382489
77669,20,91,6848.54,24.87,1155.55,90.9677419354839,84.5161290322581,94.7465437788018
77669,20,99,3637.97,23.57,414.57,46.9124423963134,72.1658986175115,39.1705069124424
77669,20,80,3624.38,26.17,488.85,46.1751152073733,93.7327188940092,53.8248847926267
77669,20,90,3547.63,22.59,519.76,42.7649769585253,58.8018433179723,58.7096774193548
77669,20,120,6512.67,24.26,859.33,88.2027649769585,79.4470046082949,86.2672811059908
77669,20,80,4544.15,22.43,594.39,69.2165898617512,57.2350230414747,67.2811059907834
77669,20,90,3638.38,22.8,434.13,47.0046082949309,61.8433179723502,43.3179723502304
77669,20,76,2739.05,19.16,277.29,21.8433179723502,19.0783410138249,17.4193548387097
77669,20,90,9047.09,25.39,1407.49,98.8940092165899,88.5714285714286,98.8940092165899
77669,20,90,6721.49,24.57,954.53,89.7695852534562,81.9354838709677,89.9539170506912
77669,20,90,5417.61,25.28,735.04,80.5529953917051,88.110599078341,78.8940092165899
77669,20,90,4096.39,19.73,587.63,59.1705069124424,24.5161290322581,66.5437788018433
77669,20,105,2937.99,23.49,361.93,27.0967741935484,71.1520737327189,29.8617511520737
77669,20,90,3858.6,19.14,586.91,53.1797235023041,18.7096774193548,66.1751152073733
77669,20,75,874.58,13.36,90.47,6.35944700460829,5.6221198156682,6.17511520737327
77669,20,78,5277.9,25.55,805.11,79.2626728110599,90.3225806451613,83.4101382488479
77669,20,100,2225.34,21.5,324.56,15.1152073732719,43.0414746543779,22.9493087557604
77669,20,110,4590.47,26.57,552.96,70.5069124423963,95.1152073732719,62.6728110599078
77669,20,105,2983.63,24.94,350.33,28.4792626728111,84.9769585253456,27.5576036866359
77669,20,120,6765.19,22.67,978.71,90.0460829493088,59.9078341013825,90.6912442396313
77669,20,90,3760.69,24.55,507.68,50.5069124423963,81.6589861751152,56.8663594470046
77669,20,90,5828.53,24.27,863.88,83.3179723502304,79.63133640553,86.6359447004608
77669,20,90,6919.89,25,889.13,91.5207373271889,85.5299539170507,88.2027649769585
77669,20,70,2757.88,18.74,272.4,22.3041474654378,16.221198156682,16.6820276497696
77669,20,90,8097.59,22.53,1163.86,96.5898617511521,58.0645161290323,95.0230414746544
77669,20,123,7948.6,23.2,1224.34,95.7603686635945,67.0046082949309,95.9447004608295
77669,20,110,2974.66,21.21,378.67,27.926267281106,39.5391705069124,32.6267281105991
77669,20,90,5459.88,23.79,825.35,81.1059907834101,74.3778801843318,84.5161290322581
77669,20,110,3139.83,25.48,371.49,31.1520737327189,89.6774193548387,31.2442396313364
77669,20,90,4292.26,26.87,616.18,63.5023041474654,96.405529953917,69.4009216589862
77669,20,100,4745.46,25.31,606.71,73.2718894009217,88.3870967741936,68.0184331797235
77669,20,110,3971.58,21.9,510.3,56.4055299539171,49.1244239631336,57.3271889400922
77669,20,90,5977.42,22.89,788.82,84.0552995391705,63.4101382488479,82.1198156682028
77669,20,90,5220.35,25.68,787.75,78.5253456221198,90.8755760368664,81.9354838709677
77669,20,90,4226.36,21.45,556.9,62.0276497695853,42.3041474654378,63.1336405529954
77669,20,110,4106.99,22.07,536.74,59.3548387096774,51.5207373271889,60.7373271889401
77669,20,100,8889.39,24.01,1092.89,98.5253456221198,76.5898617511521,93.4562211981567
77669,20,110,5721.71,24.36,814.87,83.1336405529954,80.184331797235,83.8709677419355
77669,20,105,10524.62,22.81,1803.29,99.9078341013825,62.0276497695853,99.9078341013825
77669,20,100,9947.54,23.64,1410.46,99.4470046082949,73.0875576036866,99.0783410138249
77669,20,77,2965.36,24.22,336.77,27.5576036866359,78.9861751152074,24.6082949308756
77669,20,95,3783.97,21.73,495.63,51.2442396313364,46.4516129032258,55.0230414746544
77669,20,70,1739.81,14.86,153.4,10.8755760368664,7.28110599078341,8.29493087557604
77669,20,100,3709.04,26.53,457.07,49.0322580645161,94.9308755760369,48.0184331797235
77669,20,104,9016.24,25.78,1409.78,98.8018433179724,91.6129032258064,98.9861751152074
77669,20,90,9673.75,23.85,1624.78,99.2626728110599,75.3917050691244,99.7235023041475
78554,18,120,3930,25.37,528.06,50.8496732026144,80.3267973856209,54.4444444444444
78554,18,90,2902.82,18.65,338.3,37.7124183006536,21.8954248366013,34.7712418300654
78554,18,95,8863.22,25.92,1201.72,97.7777777777778,83.5294117647059,93.0718954248366
78554,18,90,7376.15,23,1061.39,92.0915032679738,61.1111111111111,88.8235294117647
78554,18,120,1719.89,16.79,205.98,22.3529411764706,18.2352941176471,23.1372549019608
78554,18,90,8736.1,26.16,1242.26,97.4509803921569,85.4248366013072,93.8562091503268
78554,18,120,495.51,11.35,32.04,11.7647058823529,12.6797385620915,6.73202614379085
78554,18,120,6139.17,24.58,798.46,81.9607843137255,73.3986928104575,75.4901960784314
78554,18,120,5106.92,42.22,564.85,69.3464052287582,99.0196078431373,57.5816993464052
78554,18,120,2669.34,40.8,455.33,33.3986928104575,97.1241830065359,46.797385620915
78554,18,120,5857.28,40.81,893.84,79.281045751634,97.2549019607843,80.9803921568627
78554,18,90,8669.23,26.27,1250.9,97.1895424836601,86.4052287581699,93.9869281045752
78554,18,85,2033.93,19.56,180.21,25.7516339869281,26.4052287581699,20.7843137254902
78554,18,90,8619.19,23.42,1230.79,97.1241830065359,65.1633986928105,93.6601307189542
78554,18,90,3062.66,19.01,335.44,39.2156862745098,23.0065359477124,34.1830065359477
78554,18,90,3872.47,19.29,395.64,49.2156862745098,24.4444444444444,39.9346405228758
78554,18,90,4312.01,19.83,457.52,56.2091503267974,28.2352941176471,47.0588235294118
78554,18,90,3816.9,21.35,434.42,48.4313725490196,44.5098039215686,43.8562091503268
78554,18,90,3155.85,24.7,353.02,40,74.3137254901961,35.8169934640523
78554,18,100,9444.93,27.11,1203.97,98.7581699346405,90.9150326797386,93.202614379085
78554,18,120,5290.36,25.38,635.73,71.7647058823529,80.3921568627451,63.0718954248366
78554,18,90,3506.35,19.11,433.88,43.8562091503268,23.3333333333333,43.6601307189542
78554,18,95,8064.75,24.69,1220.78,95.1633986928104,74.1176470588235,93.4640522875817
78554,18,90,3813.93,18.84,487.53,48.3660130718954,22.3529411764706,50.5228758169935
78554,18,90,2333.41,18.01,193.25,29.0849673202614,19.9346405228758,22.2222222222222
78554,18,120,6441.07,24.79,773.29,85.359477124183,75.2941176470588,73.8562091503268
78554,18,105,10352.08,22.54,1552.3,99.4771241830065,57.3856209150327,97.9084967320261
78554,18,120,4386.87,22.96,503.93,57.9084967320262,60.9150326797386,51.8300653594771
78554,18,120,3956.37,21.84,443.57,51.437908496732,49.8039215686275,44.9019607843137
78554,18,150,8512.34,22.53,1161.48,96.8627450980392,57.3202614379085,92.156862745098
78554,18,120,4597.47,19.37,549.59,61.8300653594771,24.9673202614379,56.4052287581699
78554,18,120,5514.59,20.33,737.13,74.9673202614379,32.156862745098,71.1111111111111
78554,18,120,4981.68,20.81,596.5,67.4509803921569,37.3856209150327,59.8039215686275
78554,18,90,3405.6,23.17,394.31,42.9411764705882,62.9411764705882,39.8039215686275
78554,18,90,7203.91,21.68,1013.2,91.3725490196078,47.843137254902,86.7320261437908
78554,18,90,1494.64,17.07,168.44,20.4575163398693,18.4967320261438,19.7385620915033
78554,18,120,319.85,18.54,59.33,3.33333333333333,21.2418300653595,14.5098039215686
78554,18,90,6566.73,25.6,963.35,86.5359477124183,81.9607843137255,84.0522875816993
78554,18,120,1830.59,18.65,342.44,23.5294117647059,21.8954248366013,34.9673202614379
78554,18,90,1083.43,19.69,158.77,17.516339869281,27.0588235294118,18.9542483660131
78554,18,120,5057.11,24.12,755.53,68.6928104575163,69.0849673202614,72.6143790849673
78554,18,120,4418.97,25.6,622.27,58.4967320261438,81.9607843137255,62.0915032679739
78554,18,120,1839.66,19.4,344.64,23.6601307189542,25.2287581699346,35.2287581699346
78554,18,120,384.26,5.87,45.36,5.42483660130719,1.24183006535948,12.5490196078431
78554,18,120,1514.23,20.02,231.7,20.5882352941176,29.281045751634,25.359477124183
78554,18,120,1722.18,18.83,343.21,22.483660130719,22.2875816993464,35.0980392156863
78554,18,120,1374.6,19.01,163.88,19.7385620915033,23.0065359477124,19.2156862745098
78554,18,90,4379.88,23.26,641.5,57.7777777777778,63.7254901960784,63.921568627451
78554,18,120,5936.67,25.5,702.98,79.8692810457516,81.2418300653595,68.8888888888889
78554,18,90,8533.53,22.89,1192.96,96.9281045751634,60.4575163398693,92.6143790849673
78554,18,120,1762.36,19.49,175.59,23.0718954248366,25.8823529411765,20.3267973856209
78554,18,90,9256.9,24.12,1245.38,98.3660130718954,69.0849673202614,93.921568627451
78554,18,120,5216.01,21.64,652.8,70.8496732026144,47.1895424836601,64.7712418300654
78554,18,120,4357.09,19.41,504.78,57.1241830065359,25.359477124183,52.0261437908497
78554,18,120,2476.89,19.17,260.46,30.5882352941176,23.6601307189542,27.7777777777778
78554,18,120,4919.24,22.28,695.57,66.6013071895425,54.3790849673203,68.3006535947712
78554,18,120,5836.79,23,676.44,79.0849673202614,61.1111111111111,66.4052287581699
78554,18,90,1157.82,18.47,92.63,17.9738562091503,20.9803921568627,16.797385620915
79189,19,90,450.13,8.1,44.79,2.95081967213115,2.62295081967213,2.95081967213115
79189,19,100,207.72,7.26,11.24,1.63934426229508,1.9672131147541,1.9672131147541
79189,19,75,3973.78,14.14,475.28,18.6885245901639,4.59016393442623,16.0655737704918
79413,20,80,4955.66,23.26,2772.07,75.7603686635945,67.926267281106,100
79413,20,105,2789.23,21.73,313.42,23.4101382488479,46.4516129032258,21.3824884792627
79413,20,78,4166,20.95,536.25,60.5529953917051,36.036866359447,60.5529953917051
79413,20,75,757.14,12.92,68.88,4.7926267281106,4.42396313364055,4.23963133640553
79413,20,123,6650.49,27.16,871.77,89.2165898617511,97.1428571428571,87.3732718894009
79413,20,110,4534.62,26.11,484.09,68.8479262672811,93.2718894009217,52.8110599078341
79413,20,105,3030.78,21.81,338.34,29.1244239631336,47.8341013824885,25.2534562211982
79413,20,70,2544.65,21.27,260.48,18.7096774193548,40.2764976958525,15.5760368663594
79421,20,105,2907.11,19.48,334.29,26.0829493087558,21.8433179723502,24.147465437788
79421,20,105,4272.67,18.11,589.13,63.0414746543779,12.6267281105991,66.7281105990783
79421,20,100,4787.66,23.87,509.84,74.0092165898618,75.5760368663594,57.1428571428571
79421,20,116,2001.28,19.95,259.5,13.4562211981567,25.9907834101382,15.4838709677419
79421,20,99,3559.01,18.5,339.83,43.1336405529954,14.9308755760369,25.6221198156682
79421,20,123,5536.31,20.89,781.01,81.6589861751152,35.3917050691244,81.7511520737327
79421,20,78,2781.09,21.01,429.35,23.0414746543779,37.4193548387097,41.9354838709677
79421,20,75,787.88,11.96,76.39,5.16129032258065,3.13364055299539,4.7926267281106
79421,20,110,4307.73,24.28,499.07,64.147465437788,79.7235023041475,55.668202764977
79421,20,105,2848.53,21.05,290.46,24.5161290322581,38.0645161290323,18.8018433179723
79421,20,120,4037.42,19.04,483.42,57.6036866359447,17.9723502304147,52.7188940092166
79421,20,80,4463.54,22.76,760.24,67.3732718894009,61.0138248847926,80.8294930875576
80052,20,95,3477.58,21.53,407.45,40.5529953917051,43.778801843318,37.9723502304147
80052,20,105,4058.53,20.09,482.03,58.0645161290323,27.0967741935484,52.4423963133641
80052,20,100,2856.27,18.2,265.6,24.7926267281106,12.9032258064516,16.1290322580645
80052,20,104,3351.67,23.09,447.96,36.7741935483871,66.0829493087558,46.0829493087558
80052,20,120,4791.15,20.66,544.82,74.1935483870968,32.9032258064516,61.4746543778802
80052,20,105,2924.48,21.87,273.39,26.6359447004608,48.6635944700461,16.7741935483871
80052,20,110,4036.39,24.51,433.14,57.5115207373272,81.0138248847926,43.0414746543779
80052,20,100,1850.94,19.36,206.83,11.7972350230415,20.7373271889401,11.0599078341014
80052,20,80,3171.07,21.56,334.52,32.1658986175115,44.2396313364055,24.2396313364055
80052,20,78,4275.16,23.49,468.47,63.3179723502304,71.1520737327189,50.5069124423963
80052,20,75,869.65,10.63,85.16,6.26728110599078,2.3963133640553,5.71428571428571
80052,20,90,2925.39,22.51,410.59,26.7281105990783,57.9723502304147,38.6175115207373
80052,20,90,4895.04,19.71,629.27,75.2073732718894,24.331797235023,70.2304147465438
80052,20,76,2633.49,18,315.94,20,12.1658986175115,21.5668202764977
80052,20,90,1579.17,23.34,198.29,9.95391705069124,69.1244239631336,10.4147465437788
80052,20,90,4066.56,22.31,681.41,58.3410138248848,55.2995391705069,74.4700460829493
80052,20,90,3564.68,19.15,504.3,43.594470046083,18.8018433179723,56.4976958525346
80052,20,90,3420.15,19.34,499.8,38.2488479262673,20.4608294930876,55.7603686635945
80052,20,90,543.62,25.73,110.9,3.31797235023042,91.2442396313364,6.82027649769585
80052,20,90,3768.34,28.88,463.86,50.7834101382489,99.5391705069124,49.4009216589862
80052,20,90,4110.03,22.05,616.12,59.4470046082949,51.1520737327189,69.3087557603687
80052,20,90,218.84,4.71,6.64,2.3963133640553,0.184331797235023,0.368663594470046
80052,20,90,4394.28,22.21,740.23,66.3594470046083,54.1013824884793,79.4470046082949
80052,20,90,4364.09,23.72,721.84,65.7142857142857,73.5483870967742,77.8801843317972
80052,20,90,3505.79,21.66,530.1,41.7511520737327,45.7142857142857,60.0921658986175
80052,20,90,1244.87,19.35,129.95,8.20276497695852,20.5529953917051,7.46543778801843
80052,20,70,2125.11,19.59,242.94,14.5622119815668,22.9493087557604,13.7327188940092
80052,20,90,1389.73,21.86,183.36,9.21658986175115,48.5714285714286,9.5852534562212
80052,20,110,4131.9,25.03,594.08,59.9078341013825,85.8986175115207,67.0967741935484
80052,20,90,199.79,6.78,7.91,2.11981566820276,1.01382488479263,0.921658986175115
80052,20,90,3563.47,23.82,490.97,43.5023041474654,75.0230414746544,54.2857142857143
80052,20,120,5992.84,23.39,700.85,84.4239631336406,69.7695852534562,76.036866359447
80052,20,123,5828.82,20.47,735.15,83.4101382488479,30.8755760368664,78.9861751152074
80052,20,105,2982.49,21.74,313.51,28.3870967741935,46.8202764976959,21.4746543778802
80052,20,110,3914.93,25.78,512.41,54.2857142857143,91.6129032258064,57.5115207373272
80052,20,100,3721.1,22.1,381.93,49.4009216589862,52.1658986175115,33.3640552995392
80052,20,105,1265.17,20.03,156.31,8.29493087557604,26.5437788018433,8.75576036866359
80052,20,90,1243.56,9.47,42.47,8.11059907834101,2.21198156682028,2.94930875576037
80052,20,70,4152.59,22.81,481.97,60.2764976958525,62.0276497695853,52.3502304147465
80052,20,99,3578.63,19.92,316.97,44.147465437788,25.7142857142857,21.7511520737327
80052,20,116,4598.03,20.01,573.07,70.7834101382489,26.3594470046083,64.6082949308756
80052,20,100,4387.88,22.92,445.34,66.0829493087558,63.6866359447005,45.2534562211982
80052,20,110,2919.56,22.14,340.53,26.4516129032258,52.8110599078341,25.8986175115207
82566,20,100,2081.35,16.99,246.54,14.2857142857143,9.30875576036866,14.1935483870968
82566,20,105,2795.78,20.26,303.8,23.6866359447005,28.6635944700461,20.5529953917051
82566,20,110,3935.47,26.06,465.66,55.2995391705069,92.9032258064516,50.0460829493088
82566,20,120,4363.47,22.07,553.11,65.6221198156682,51.5207373271889,62.8571428571429
82566,20,104,142.22,12.21,9.82,0.737327188940092,3.68663594470046,1.19815668202765
82566,20,100,3490.45,20.63,384.82,41.1059907834101,32.4423963133641,34.2857142857143
82566,20,70,4032.74,21.72,472.36,57.4193548387097,46.2672811059908,50.8755760368664
82566,20,95,3590.54,20.3,435.13,44.7004608294931,29.1244239631336,43.5023041474654
82566,20,105,264.7,6.63,11.42,2.67281105990783,0.921658986175115,1.38248847926267
82566,20,90,3906.44,18.29,485.01,54.0092165898618,13.3640552995392,52.9032258064516
82566,20,101,4845.28,20.07,878.88,74.9308755760369,26.9124423963134,87.741935483871
82566,20,100,4542.78,22.31,796.02,69.1244239631336,55.2995391705069,82.5806451612903
82566,20,90,3373.27,21.14,529.59,37.2350230414747,38.8018433179723,59.815668202765
82566,20,90,295.16,8.11,13.07,2.76497695852535,1.65898617511521,1.84331797235023
82566,20,110,3490.15,20.87,398.74,40.9216589861751,35.0230414746544,36.4976958525346
82566,20,90,3448.98,22.86,374.81,39.63133640553,62.6728110599078,31.7972350230415
82566,20,90,3743.42,22.17,464.27,49.8617511520737,53.2718894009217,49.5852534562212
82566,20,90,4629.47,24.15,624.99,71.5207373271889,78.1566820276498,69.9539170506912
82566,20,90,183.24,9.09,13.39,1.5668202764977,2.11981566820276,1.93548387096774
82566,20,90,477.58,7.17,30.77,3.04147465437788,1.10599078341014,2.85714285714286
82566,20,90,185.97,9.06,13.6,1.84331797235023,2.02764976958525,2.02764976958525
82566,20,90,3915.82,21.2,498.51,54.5622119815668,39.3548387096774,55.4838709677419
82566,20,73,2287.92,16.27,373.95,15.7603686635945,8.47926267281106,31.4285714285714
82566,20,90,4482.69,18.24,707.28,67.926267281106,12.9953917050691,76.7741935483871
82566,20,90,3174.63,17.09,418.56,32.258064516129,9.40092165898617,40.0921658986175
82566,20,80,3399.54,23.93,405.45,37.8801843317972,75.852534562212,37.6958525345622
82566,20,99,3710.34,20.33,350.1,49.1244239631336,29.5852534562212,27.3732718894009
82566,20,116,1764.83,18.08,198.31,11.0599078341014,12.4423963133641,10.5069124423963
82566,20,100,4546.45,22.96,495.94,69.4009216589862,64.4239631336406,55.2073732718894
82566,20,90,3758.01,22.48,486.11,50.2304147465438,57.6036866359447,53.1797235023041
82566,20,105,3902.1,22.42,521.28,53.9170506912442,56.9585253456221,58.8018433179723
82566,20,90,135.68,12.12,7.63,0.645161290322581,3.41013824884793,0.737327188940092
82566,20,120,6122.13,20.43,753.07,85.5299539170507,30.5069124423963,80.184331797235
82566,20,123,5241.95,26.08,680.96,78.7096774193548,93.1797235023041,74.3778801843318
82566,20,105,2976.06,21.9,359.03,28.110599078341,49.1244239631336,29.3087557603687
82566,20,75,893,11.91,84.47,6.54377880184332,2.94930875576037,5.6221198156682
82566,20,78,3622.76,19.88,476.58,46.0829493087558,25.4377880184332,51.889400921659
84651,20,90,6087.58,26.34,756.68,85.1612903225806,94.1935483870968,80.4608294930876
84651,20,91,6102.09,26.11,857.04,85.3456221198157,93.2718894009217,85.9907834101382
84651,20,80,3286.17,23.4,384.57,35.2073732718894,69.9539170506912,34.1013824884793
84651,20,90,3121.47,24.42,383.27,30.8755760368664,80.6451612903226,33.8248847926267
84651,20,80,4415.45,22.21,524,66.6359447004608,54.1013824884793,59.0783410138249
84651,20,70,2636.74,19.19,230.43,20.0921658986175,19.5391705069124,12.5345622119816
84651,20,101,4122.21,22.1,432.46,59.63133640553,52.1658986175115,42.6728110599078
84651,20,100,4081.83,21.56,447.11,58.8018433179723,44.2396313364055,45.6221198156682
84651,20,90,3149.62,19.7,344.96,31.5207373271889,24.147465437788,26.4516129032258
84651,20,90,2593.77,16.34,199.54,19.5391705069124,8.57142857142857,10.5990783410138
84651,20,90,3616.27,20.8,385.7,45.7142857142857,34.2857142857143,34.3778801843318
84651,20,76,2371.52,18.05,324.51,16.4976958525346,12.3502304147465,22.8571428571429
84651,20,73,2300.18,18.94,260.58,15.852534562212,17.6036866359447,15.7603686635945
84651,20,90,6914.57,25.09,880.69,91.4285714285714,86.5437788018433,87.8341013824885
84651,20,90,3610.38,23.57,430.71,45.2534562211982,72.1658986175115,42.2119815668203
84651,20,90,3320.55,21.73,361.89,36.1290322580645,46.4516129032258,29.7695852534562
84651,20,90,3443.99,21.8,329.37,39.3548387096774,47.6497695852535,23.594470046083
84651,20,90,5032.95,26.38,634.56,77.0506912442396,94.2857142857143,71.0599078341014
84651,20,90,3261.29,22.88,366.34,34.3778801843318,62.9493087557604,30.5990783410138
84651,20,90,3544.31,16.35,416.1,42.6728110599078,8.66359447004608,39.4470046082949
84651,20,90,6336.37,27.01,811.64,87.1889400921659,96.6820276497696,83.6866359447005
84651,20,90,4226.38,23.78,498.31,62.1198156682028,74.1935483870968,55.3917050691244
84651,20,90,3810.83,20.72,513.41,52.1658986175115,33.4562211981567,57.7880184331797
84651,20,120,6628.94,21.08,816.19,89.1244239631336,38.2488479262673,83.963133640553
84651,20,100,1906.81,17.47,223.86,12.9032258064516,10.4147465437788,11.889400921659
84651,20,90,8172.34,27.6,1147.5,97.1428571428571,98.2488479262673,94.3778801843318
84651,20,104,6293.38,25.41,910.14,86.7281105990783,89.0322580645161,88.9400921658986
84651,20,100,3207.19,22.85,347.28,32.9953917050691,62.4884792626728,26.5437788018433
84651,20,77,2901.68,22.77,337.14,25.8064516129032,61.1059907834101,24.7004608294931
84651,20,100,7761.04,26.94,933.01,95.1152073732719,96.5898617511521,89.5852534562212
84651,20,105,8210.41,25.9,1063.49,97.4193548387097,92.1658986175115,92.8110599078341
84651,20,110,4680.14,21.84,559.45,72.4423963133641,48.2027649769585,63.4101382488479
84651,20,100,5580.99,26.69,641.7,82.2119815668203,95.668202764977,71.889400921659
84651,20,90,3081.54,19.77,324.58,30.2304147465438,24.7004608294931,23.0414746543779
84651,20,92,8380.64,28.25,1149.37,97.8801843317972,98.8018433179724,94.4700460829493
84651,20,90,5645.28,27.72,748.47,82.6728110599078,98.4331797235023,80
84651,20,90,5313.54,28.29,672.18,79.5391705069124,98.8940092165899,74.1013824884793
84651,20,110,3477.02,21.21,363.92,40.4608294930876,39.5391705069124,30.2304147465438
84651,20,90,6539.19,25.63,853.38,88.3870967741936,90.5069124423963,85.7142857142857
84651,20,70,2877.94,19.26,348.77,25.0691244239631,19.9078341013825,27.0967741935484
84651,20,90,5099.99,24.7,618.69,77.8801843317972,83.3179723502304,69.6774193548387
84651,20,90,7501.55,26.42,998.22,94.1013824884793,94.4700460829493,91.3364055299539
84651,20,90,3396.43,21.11,417.54,37.7880184331797,38.5253456221198,39.815668202765
84651,20,110,2382.48,20.04,279.99,17.0506912442396,26.7281105990783,17.7880184331797
84651,20,90,3671.79,24.56,463.97,48.110599078341,81.7511520737327,49.4930875576037
84978,19,90,4647.23,21.07,619.61,30.4918032786885,30.1639344262295,41.3114754098361
84978,19,90,5118.77,26.14,577.62,40.9836065573771,91.8032786885246,29.8360655737705
84978,19,90,5539.28,20.93,578.48,57.7049180327869,26.8852459016393,30.1639344262295
84978,19,75,4712.6,22.6,575.11,32.1311475409836,55.7377049180328,29.1803278688525
84978,19,120,5665.68,23.18,818.72,64.5901639344262,62.6229508196721,69.5081967213115
84978,19,120,8453.91,24.9,1011.33,97.3770491803279,81.6393442622951,90.1639344262295
84978,19,100,5161.46,23.79,753.24,42.6229508196721,71.8032786885246,60.327868852459
84978,19,90,7898.45,25.03,1145.4,91.1475409836066,83.2786885245902,95.4098360655738
84978,19,90,5917.91,22.91,754.17,70.1639344262295,60,60.655737704918
84978,19,90,817.68,16.39,45.75,3.9344262295082,6.22950819672131,3.60655737704918
84978,19,70,5427.33,24.23,688.83,51.8032786885246,75.4098360655738,52.1311475409836
84978,19,90,5532.09,21.66,617.98,56.7213114754098,38.0327868852459,40.9836065573771
84978,19,90,5575.47,18.85,667.83,59.0163934426229,13.1147540983607,49.8360655737705
84978,19,90,5126.61,21.64,663.71,41.6393442622951,37.3770491803279,49.1803278688525
84978,19,90,4142.84,18.21,568.81,21.3114754098361,11.4754098360656,26.5573770491803
84978,19,100,8373.28,24.74,1166.81,96.7213114754098,80.327868852459,96.0655737704918
84978,19,100,6062.59,21.28,900.66,72.1311475409836,32.4590163934426,80.655737704918
86632,20,90,3161.9,21.27,445.7,32.073732718894,40.2764976958525,45.4377880184332
86632,20,73,2275.48,17.47,246.57,15.668202764977,10.4147465437788,14.2857142857143
86632,20,90,1519.78,20.22,189.18,9.76958525345622,28.2027649769585,9.95391705069124
86632,20,90,3532.96,21.22,410.61,42.4884792626728,39.7235023041475,38.7096774193548
86632,20,90,3639.31,20.76,459.15,47.0967741935484,33.8248847926267,48.4792626728111
86632,20,90,2930.11,23.37,325.8,27.0046082949309,69.4009216589862,23.2258064516129
86632,20,100,3463.97,19.62,348.73,39.9078341013825,23.3179723502304,27.0046082949309
86632,20,90,3439.89,21.7,394.52,38.9861751152074,46.1751152073733,35.9447004608295
86632,20,90,3232.25,20.3,334.79,33.4562211981567,29.1244239631336,24.331797235023
86632,20,90,2248.78,18.66,241.99,15.3917050691244,15.7603686635945,13.4562211981567
86632,20,90,3627.39,18.44,454.91,46.2672811059908,14.4700460829493,47.4654377880184
86632,20,90,227.63,5.64,7.68,2.58064516129032,0.276497695852535,0.829493087557604
86632,20,104,2725.87,22.79,380.15,21.7511520737327,61.5668202764977,33.0875576036866
86632,20,90,1154.53,20.2,157.96,7.64976958525346,28.0184331797235,8.84792626728111
86632,20,120,5545.23,22.64,596.92,81.9354838709677,59.4470046082949,67.4654377880184
86632,20,105,3051.07,23.26,306.7,29.3087557603687,67.926267281106,20.6451612903226
86632,20,110,4549.11,23.52,467.26,69.5852534562212,71.5207373271889,50.1382488479263
86632,20,90,594.69,19.5,54.86,3.59447004608295,22.2119815668203,3.2258064516129
86632,20,70,3056.16,23.33,284.12,29.6774193548387,69.0322580645161,18.3410138248848
86632,20,90,175.08,10.78,11.64,1.01382488479263,2.58064516129032,1.47465437788018
86632,20,110,949.38,14.97,98.91,7.09677419354839,7.55760368663594,6.35944700460829
86632,20,90,3921.82,23.04,431.54,54.9308755760369,65.4377880184332,42.3041474654378
86632,20,90,1818.63,20.34,275.64,11.5207373271889,29.6774193548387,17.0506912442396
86632,20,92,2646.68,23.28,317.2,20.4608294930876,68.294930875576,21.8433179723502
86632,20,90,2148.84,19.54,233.25,14.7465437788018,22.5806451612903,12.9032258064516
86632,20,110,1380.73,16.19,195.65,9.03225806451613,8.38709677419355,10.2304147465438
86632,20,100,4211.48,22.53,476.44,61.5668202764977,58.0645161290323,51.705069124424
86632,20,110,2307.37,17.54,278.76,15.9447004608295,10.7834101382488,17.6036866359447
86632,20,105,2819.4,22.59,382.97,23.963133640553,58.8018433179723,33.7327188940092
86632,20,100,3291.39,22.2,434.55,35.3917050691244,53.9170506912442,43.4101382488479
86632,20,77,3157.95,21.74,317.54,31.9815668202765,46.8202764976959,21.9354838709677
86632,20,95,3426.83,22.99,377.76,38.5253456221198,64.8847926267281,32.3502304147465
86632,20,70,3899.08,22.05,508.22,53.8248847926267,51.1520737327189,57.0506912442396
86632,20,100,1844.17,21.1,196.38,11.705069124424,38.4331797235023,10.3225806451613
86632,20,78,4332.08,18.88,541.65,64.9769585253456,16.9585253456221,61.0138248847926
86632,20,75,764.6,14.01,68.05,4.97695852534562,6.54377880184332,4.05529953917051
86632,20,105,3052.92,20.99,331.77,29.4009216589862,37.0506912442396,23.6866359447005
86632,20,123,8069.7,22.2,932.84,96.3133640552995,53.9170506912442,89.4009216589862
86632,20,120,6018.41,20.64,704.76,84.7004608294931,32.5345622119816,76.4055299539171
86632,20,105,4433.3,20.96,490.84,66.8202764976959,36.221198156682,54.1935483870968
86632,20,110,2711.53,23.85,271.94,21.2903225806452,75.3917050691244,16.5898617511521
86632,20,100,4483.52,20.2,451.86,68.0184331797235,28.0184331797235,47.0046082949309
86632,20,116,4252.11,21.75,474.69,62.7649769585253,47.0967741935484,51.3364055299539
86632,20,80,2725.35,19.28,289.97,21.6589861751152,20.0921658986175,18.6175115207373
86632,20,99,3224.11,19.28,249.1,33.2718894009217,20.0921658986175,14.6543778801843
86632,20,74,3612.66,19.02,248.52,45.4377880184332,17.7880184331797,14.5622119815668
86632,20,101,4330.81,20.65,438.41,64.8847926267281,32.8110599078341,44.147465437788
86632,20,100,3912.37,21.64,395.97,54.1935483870968,45.4377880184332,36.3133640552995
86632,20,90,3121.62,20.54,337.56,30.9677419354839,31.1520737327189,24.8847926267281
86632,20,90,1272.87,14.64,130.62,8.47926267281106,6.91244239631336,7.55760368663594
87353,19,90,5162.54,21.55,611.86,42.9508196721311,36.3934426229508,39.344262295082
87353,19,100,8044.3,23.23,1144.78,93.4426229508197,63.9344262295082,95.0819672131148
87353,19,90,4881.6,21.89,646.09,36.7213114754098,41.6393442622951,44.9180327868852
87353,19,70,5189.56,22.46,669.77,43.9344262295082,53.1147540983606,50.4918032786885
87353,19,100,4934.9,25.91,593.38,38.3606557377049,89.5081967213115,34.4262295081967
87353,19,90,2051.72,20.04,253.65,7.54098360655738,20.327868852459,8.19672131147541
87353,19,95,6166.23,21.7,803.79,74.4262295081967,38.6885245901639,67.8688524590164
87353,19,100,5746.32,23.09,776.21,66.2295081967213,61.6393442622951,63.6065573770492
87353,19,120,8278.44,25.39,1100.29,95.7377049180328,85.9016393442623,94.4262295081967
87353,19,120,6763.41,22.9,873.34,81.3114754098361,59.672131147541,76.7213114754098
87353,19,90,6817.79,23.98,889.83,82.2950819672131,72.4590163934426,79.672131147541
87353,19,90,4213.63,21.46,582.12,22.2950819672131,35.0819672131148,31.1475409836066
87353,19,90,4723.66,23.5,2685.77,32.7868852459016,67.5409836065574,100
87353,19,90,5637.73,21.45,741.86,63.2786885245902,34.7540983606557,59.344262295082
87353,19,75,3524.47,23.21,397,13.4426229508197,63.6065573770492,11.1475409836066
87353,19,90,5407.21,27.6,643.96,51.4754098360656,98.0327868852459,44.5901639344262
89246,21,111,3672.64,26.93,590.29,53.7537537537538,92.4924924924925,66.0660660660661
89246,21,95,3581.47,25.03,556.39,51.3513513513513,80.7807807807808,61.2612612612613
89246,21,120,4002.91,23.17,594.24,60.960960960961,60.3603603603604,66.6666666666667
89246,21,110,4261.75,22.69,659.7,66.966966966967,55.2552552552552,73.5735735735736
89246,21,100,7516.49,25.71,1268,98.1981981981982,84.6846846846847,97.2972972972973
89246,21,95,2288.3,17.62,303.66,17.1171171171171,13.8138138138138,21.6216216216216
89246,21,120,3857.05,23.37,654.94,57.957957957958,63.3633633633634,72.972972972973
89246,21,83,2718.75,21.27,349.86,27.027027027027,41.4414414414414,29.1291291291291
89246,21,90,4067.27,25.93,767.81,62.4624624624625,87.3873873873874,81.3813813813814
89246,21,83,1847.14,19.26,252.02,10.8108108108108,21.6216216216216,14.1141141141141
89246,21,108,5730.33,26.52,1017.58,91.5915915915916,89.4894894894895,90.990990990991
89246,21,75,2836.02,21.6,394.67,31.2312312312312,47.1471471471471,36.036036036036
89246,21,93,7953.45,27.03,1420.69,99.0990990990991,93.3933933933934,97.8978978978979
89246,21,100,1930.86,25.54,347.56,11.7117117117117,84.0840840840841,27.9279279279279
89246,21,120,4835.15,21.84,815.95,80.1801801801802,48.948948948949,84.3843843843844
89246,21,109,5154.4,27.37,847.86,85.8858858858859,94.5945945945946,85.5855855855856
89246,21,70,2418.4,24.01,360.91,20.7207207207207,72.972972972973,30.3303303303303
89246,21,78,3166.65,21.55,477.29,38.4384384384384,45.945945945946,48.948948948949
89246,21,109,6825.79,26.52,1198.34,97.5975975975976,89.4894894894895,96.6966966966967
89246,21,105,4365.53,25.61,727.69,71.1711711711712,84.3843843843844,78.0780780780781
89246,21,104,9777.45,26.78,1645.28,100,90.6906906906907,99.3993993993994
89246,21,97,3130.6,22.7,466.91,36.9369369369369,55.5555555555556,47.1471471471471
89246,21,94,4317.22,21.35,663.86,68.4684684684685,42.6426426426426,74.1741741741742
89246,21,120,4653.04,23.48,752.23,75.3753753753754,66.3663663663664,80.1801801801802
89246,21,105,6624.66,28.33,1216.03,96.996996996997,96.996996996997,96.996996996997
89246,21,97,5399.3,25.91,1026.6,90.0900900900901,86.4864864864865,91.8918918918919
89246,21,87,3823.96,23.41,626.39,57.0570570570571,64.8648648648649,70.5705705705706
89246,21,107,3462.45,26.84,604.25,46.5465465465465,91.2912912912913,68.1681681681682
89246,21,100,4230.74,20.35,781.95,66.0660660660661,28.8288288288288,82.5825825825826
89246,21,106,6263.15,27.81,1055.94,95.4954954954955,95.7957957957958,93.0930930930931
89246,21,106,6229.62,26.86,1104.3,95.1951951951952,91.8918918918919,95.4954954954955
89246,21,111,5768.62,25.78,1084.44,92.4924924924925,85.5855855855856,94.5945945945946
89246,21,108,6111.97,26.99,1114.33,93.3933933933934,92.7927927927928,95.7957957957958
89246,21,110,6696.55,26.67,1171.04,97.2972972972973,90.0900900900901,96.3963963963964
89246,21,75,2405.76,18.49,254.45,20.4204204204204,17.7177177177177,14.7147147147147
89246,21,75,2144.36,23.41,284.83,13.8138138138138,64.8648648648649,18.3183183183183
89246,21,112,6133.16,25.92,1076.24,93.993993993994,87.0870870870871,93.993993993994
89246,21,111,4783.32,26.37,836.4,78.978978978979,88.5885885885886,85.2852852852853
89246,21,112,9283.96,28.79,1604.68,99.6996996996997,97.2972972972973,99.0990990990991
89246,21,115,8797.94,27.89,1466.54,99.3993993993994,96.0960960960961,98.4984984984985
89246,21,75,5538.99,25.26,568.77,90.6906906906907,81.981981981982,63.963963963964
89246,21,75,3327.89,22.01,341.97,42.3423423423423,50.4504504504504,27.3273273273273
89246,21,75,5054.35,26.99,604.13,84.0840840840841,92.7927927927928,67.8678678678679
89246,21,75,4691.81,26.3,479.29,76.5765765765766,88.2882882882883,49.2492492492492
89568,18,120,6704.58,26.45,1026.54,87.5816993464052,87.5816993464052,87.3856209150327
89568,18,120,6213.91,25.06,967.34,82.9411764705882,77.6470588235294,84.2483660130719
89568,18,120,7968.42,24.75,1403.62,94.9019607843137,74.9673202614379,95.8823529411765
89568,18,120,2580.94,20.35,269.97,32.2222222222222,32.483660130719,28.8888888888889
89568,18,120,5763.02,21.94,932.7,78.4967320261438,51.1111111111111,82.8758169934641
89568,18,120,2853.91,22.48,377.71,37.0588235294118,56.6013071895425,37.6470588235294
89568,18,90,1975.52,22.82,345.42,24.9019607843137,60.0653594771242,35.359477124183
89568,18,120,2609.74,21.53,468.63,32.6143790849673,45.9477124183007,48.8235294117647
89568,18,120,5563.82,22.09,849.27,75.8169934640523,52.4183006535948,78.1699346405229
89568,18,120,5792.53,20.53,776.94,78.7581699346405,34.4444444444444,74.3137254901961
89568,18,90,2104.33,21.86,335.86,26.3398692810458,50.3267973856209,34.2483660130719
89568,18,120,4611.63,21.86,621.53,62.156862745098,50.3267973856209,61.8954248366013
89568,18,120,6137.31,20.68,907.24,81.8954248366013,36.2091503267974,81.6993464052288
89568,18,90,370.32,19.08,63.34,5.03267973856209,23.1372549019608,14.640522875817
89568,18,90,3779.85,22.12,590.96,47.7777777777778,52.8104575163399,59.281045751634
89568,18,120,3482.48,40.69,471.09,43.5947712418301,96.5359477124183,49.0196078431373
89568,18,120,6165.65,40.72,561.01,82.3529411764706,96.6666666666667,57.1241830065359
89568,18,90,1074.61,21.07,128.53,17.4509803921569,40.5228758169935,17.6470588235294
89568,18,85,2735.68,22.72,389.63,35.2287581699346,59.0849673202614,39.0849673202614
89568,18,90,558.47,11.7,66.26,13.0718954248366,12.9411764705882,14.8366013071895
89568,18,120,298.3,8.53,36.12,2.87581699346405,8.43137254901961,8.95424836601307
89568,18,90,449.35,9.27,43.07,9.08496732026144,9.93464052287582,11.9607843137255
89568,18,90,359.39,6.16,37.16,4.57516339869281,1.50326797385621,9.6078431372549
89568,18,120,4147.16,23.18,774.9,53.7254901960784,63.0718954248366,74.1176470588235
89568,18,120,199.88,6.77,19.73,0.980392156862745,2.94117647058824,2.35294117647059
89568,18,120,3886.07,20.45,713.88,49.6732026143791,33.4640522875817,69.9346405228758
89568,18,120,5888.81,23.3,859.2,79.4771241830065,64.1176470588235,78.8235294117647
89568,18,120,5557.69,20.79,926.73,75.6862745098039,37.1895424836601,82.6797385620915
89568,18,120,6302.32,21.31,994.01,83.9869281045752,43.9869281045752,85.4248366013072
89568,18,150,5005.8,23.28,796.65,67.7777777777778,63.8562091503268,75.359477124183
89568,18,120,434.81,8.24,38.46,7.84313725490196,7.51633986928105,10.4575163398693
89568,18,120,4258.89,23.65,521.76,54.9019607843137,66.6666666666667,53.921568627451
89568,18,120,3182.68,21.19,349.3,40.3921568627451,42.6797385620915,35.5555555555556
89568,18,120,5605.92,25.5,679.4,76.6013071895425,81.2418300653595,66.797385620915
89568,18,90,1750.33,20.09,153.62,22.8104575163399,30.1960784313725,18.4967320261438
89568,18,90,3876.82,19.32,562.2,49.3464052287582,24.5751633986928,57.4509803921569
89568,18,95,216.75,6.22,9.08,1.56862745098039,1.69934640522876,0.588235294117647
89568,18,95,1230.78,15.57,80.46,18.6274509803922,17.516339869281,16.0130718954248
89568,18,90,3294.24,20.44,483.94,41.9607843137255,33.3333333333333,50.1307189542484
89568,18,120,5279.83,25.34,757.82,71.5686274509804,79.9346405228758,72.7450980392157
89568,18,90,4409.98,25.16,615.8,58.2352941176471,78.4313725490196,61.437908496732
89568,18,120,3714.54,22.57,465.12,46.6666666666667,57.7124183006536,48.4967320261438
89568,18,90,3568.35,22.51,531.93,44.5098039215686,57.1241830065359,54.8366013071895
89568,18,90,2121.5,24.29,312.23,26.6013071895425,70.5228758169935,32.483660130719
89568,18,90,2781.2,19.54,309.52,36.078431372549,26.078431372549,32.156862745098
89568,18,90,4034.91,21.03,505.89,52.2222222222222,40.2614379084967,52.2222222222222
89568,18,90,4831.03,20.13,679,65.2287581699346,30.4575163398693,66.7320261437908
89568,18,90,4606.66,26.16,624.77,62.0261437908497,85.4248366013072,62.156862745098
89568,18,100,3872.61,25.25,606.17,49.281045751634,79.0849673202614,60.6535947712418
89568,18,120,325.48,7.52,33.65,3.72549019607843,5.22875816993464,7.58169934640523
89568,18,90,4278.46,21.67,774.41,55.6209150326797,47.5816993464052,74.0522875816993
89568,18,90,4436.81,24.95,660.97,58.8888888888889,76.5359477124183,65.359477124183
89568,18,90,848.34,13.61,68.95,16.0130718954248,15.5555555555556,15.1633986928105
90013,18,120,5593.22,21.23,817.35,76.2745098039216,43.202614379085,76.6013071895425
90013,18,120,5516.09,23.77,686.85,75.0980392156863,67.3856209150327,67.3856209150327
90013,18,90,4579.87,27.09,630.26,61.3725490196078,90.8496732026144,62.6797385620915
90013,18,120,2666.87,22.44,304.77,33.3333333333333,55.9477124183007,31.7647058823529
90013,18,90,4675.37,21.13,754.14,63.202614379085,41.6339869281046,72.4836601307189
90013,18,90,4595.74,23.88,584.19,61.6993464052288,67.7777777777778,58.6928104575163
90013,18,90,999.34,12.92,82.27,17.2549019607843,14.7712418300654,16.2745098039216
90013,18,120,5994.94,27.64,1093.41,80.4575163398693,92.8758169934641,90.1960784313726
90013,18,90,5035.24,23.11,805.55,68.2352941176471,62.6143790849673,75.9477124183007
90013,18,120,1428.58,18.54,182.58,19.9346405228758,21.2418300653595,21.0457516339869
90013,18,120,5732.97,23.08,879.7,77.9084967320262,62.4183006535948,80
90013,18,120,1956.28,20.77,305.74,24.7712418300654,36.797385620915,31.8954248366013
90013,18,120,4210.92,22.03,657.96,54.5098039215686,51.8954248366013,65.2287581699346
90013,18,120,1915.35,22.82,380.01,24.1176470588235,60.0653594771242,37.9084967320261
90013,18,120,4598.8,25.38,972.18,61.8954248366013,80.3921568627451,84.4444444444444
90013,18,120,5522.23,27.94,860.99,75.1633986928105,93.7908496732026,78.9542483660131
90013,18,90,1202.78,19.84,191.33,18.4967320261438,28.4313725490196,22.0915032679739
90013,18,120,1809.44,21.71,368.18,23.3986928104575,48.1045751633987,36.8627450980392
90013,18,90,1306.27,21.64,181.54,19.4117647058824,47.1895424836601,20.8496732026144
90013,18,150,6233.37,24.93,879.72,83.1372549019608,76.4052287581699,80.1307189542484
90013,18,120,5597.52,20.7,706.77,76.4052287581699,36.3398692810458,69.2156862745098
90013,18,120,4843,21.12,534.21,65.4901960784314,41.2418300653595,55.0980392156863
90013,18,120,3136.22,21.12,310.02,39.8039215686275,41.2418300653595,32.2222222222222
90013,18,120,6236.28,27.61,794.08,83.202614379085,92.6797385620915,75.0980392156863
90013,18,90,2089.3,20.08,178.62,26.078431372549,30.0653594771242,20.6535947712418
90013,18,90,3982.06,22.64,515.6,51.8300653594771,58.4313725490196,52.8104575163399
90013,18,95,170.78,4.89,7.12,0.65359477124183,0.261437908496732,0.196078431372549
90013,18,90,3717.86,26.38,515.7,46.8627450980392,87.2549019607843,52.8758169934641
90013,18,95,922.73,14.62,47.7,16.4705882352941,16.797385620915,13.1372549019608
90013,18,90,3173.92,21.68,450.25,40.1307189542484,47.843137254902,46.0130718954248
90013,18,120,4754.7,22.36,585.87,63.9869281045752,54.9019607843137,58.8235294117647
90013,18,120,6040.61,27.74,750.38,80.9803921568627,93.202614379085,72.0915032679738
90013,18,120,3803.42,22.42,426.6,48.3006535947712,55.5555555555556,42.483660130719
90013,18,100,858.62,14.26,88.74,16.078431372549,16.2091503267974,16.6013071895425
90013,18,90,4185.4,27.24,530.37,54.1176470588235,91.3725490196078,54.640522875817
90013,18,90,5443.44,22.03,708.98,74.0522875816993,51.8954248366013,69.4771241830065
90013,18,90,2324.03,20.98,286.25,29.0196078431373,39.6732026143791,30.0653594771242
90013,18,90,245.91,8.4,8.88,1.96078431372549,7.97385620915033,0.522875816993464
90013,18,90,5041.86,23.46,820.67,68.4313725490196,65.4248366013072,76.9281045751634
90013,18,90,4762.6,26.66,585.68,64.0522875816993,88.6274509803922,58.7581699346405
90013,18,85,2264.5,20.82,245.68,28.3006535947712,37.7124183006536,26.4052287581699
90013,18,90,4383.69,19.81,476.75,57.843137254902,28.0392156862745,49.4117647058824
90013,18,90,4685.77,22.5,635.52,63.3986928104575,56.797385620915,63.0065359477124
90013,18,90,500,14.49,39.73,11.9607843137255,16.5359477124183,10.9803921568627
90013,18,120,7399.78,40.92,1048.8,92.2875816993464,98.4967320261438,88.4967320261438
90013,18,120,2685.53,40.85,450.16,33.921568627451,97.7777777777778,45.9477124183007
90013,18,90,3828.97,23.2,562.88,48.6928104575163,63.202614379085,57.516339869281
90013,18,120,5408.5,20.03,829.45,73.5947712418301,29.4771241830065,77.3202614379085
90013,18,120,4540.3,21.77,536.81,60.3921568627451,48.7581699346405,55.5555555555556
90013,18,90,789.84,12.7,74.49,15.7516339869281,14.2483660130719,15.5555555555556
90013,18,120,5302.18,20.51,738.66,71.9607843137255,34.1830065359477,71.2418300653595
90013,18,120,6901.48,24.35,1003.59,89.1503267973856,71.1111111111111,86.2091503267974
90013,18,120,6061.79,28.03,846.11,81.1764705882353,93.921568627451,77.9738562091503
90013,18,120,5324.1,42.43,655.86,72.2875816993464,99.7385620915033,65.0980392156863
90013,18,120,8136.78,23.56,1161.86,95.4901960784314,66.1437908496732,92.2222222222222
90013,18,120,2364.45,20.88,224.87,29.4117647058824,38.6928104575163,24.9019607843137
90013,18,90,1760.81,26.44,307.07,23.0065359477124,87.516339869281,32.0261437908497
90639,18,90,1185.56,18.54,171.21,18.2352941176471,21.2418300653595,20.0653594771242
90639,18,90,2564.53,24.09,300.89,31.9607843137255,68.8235294117647,31.3725490196078
90639,18,120,2731.01,24.26,343.82,35.0326797385621,70.1307189542484,35.1633986928105
90639,18,90,1719.96,21.03,159.99,22.4183006535948,40.2614379084967,19.0196078431373
90639,18,120,5743.73,27.72,739.76,78.1045751633987,93.1372549019608,71.3071895424837
90639,18,90,1858.81,27.08,360.48,23.8562091503268,90.7843137254902,36.4052287581699
90639,18,120,4206.13,22.46,502.74,54.4444444444444,56.1437908496732,51.6993464052288
90639,18,120,3378.2,24.4,408.92,42.5490196078431,71.3071895424837,41.2418300653595
90639,18,120,2981.99,17.59,279.58,38.4967320261438,19.281045751634,29.6732026143791
90639,18,120,2420.05,22.21,263.62,30.0653594771242,53.5294117647059,28.0392156862745
90639,18,120,6107.18,28.27,695.21,81.5686274509804,94.7712418300653,68.2352941176471
90639,18,90,3589.63,27.47,490.62,44.7058823529412,92.3529411764706,50.718954248366
90639,18,120,4138.57,23.45,482.76,53.5947712418301,65.2287581699346,50
90639,18,120,6641.06,28.62,951.27,87.1241830065359,95.2941176470588,83.5294117647059
90639,18,90,4274.59,24.29,683.16,55.2941176470588,70.5228758169935,67.1241830065359
90639,18,120,2856.61,40.73,459.46,37.1895424836601,96.797385620915,47.4509803921569
90639,18,90,4585.87,26,561.15,61.437908496732,83.921568627451,57.1895424836601
90639,18,120,5619.7,21.59,640.08,76.7320261437909,46.6666666666667,63.6601307189542
90639,18,120,6690.5,23.02,854.56,87.4509803921569,61.6339869281046,78.562091503268
90639,18,120,5611.12,22.16,641.51,76.6666666666667,53.0718954248366,63.9869281045752
90639,18,150,7719.7,24.91,1000.05,93.5294117647059,76.2091503267974,86.078431372549
90639,18,120,4434.48,21.38,424.49,58.7581699346405,44.7712418300654,42.2875816993464
90639,18,120,5082.73,21.55,548.67,68.8235294117647,46.2091503267974,56.2745098039216
90639,18,120,4120.84,25.02,433.01,53.0718954248366,77.3202614379085,43.5294117647059
90639,18,105,9005.33,25.94,1458.12,98.0392156862745,83.6601307189542,97.0588235294118
90639,18,120,6717.43,27.26,860.99,87.7124183006536,91.5032679738562,78.9542483660131
90639,18,90,1945.28,21.84,161.55,24.640522875817,49.8039215686275,19.0849673202614
90639,18,90,3216.64,21.27,356.06,40.7843137254902,43.6601307189542,36.078431372549
90639,18,90,3163.59,19.97,527.51,40.0653594771242,28.9542483660131,54.3790849673203
90639,18,90,4184.52,24.76,677.02,54.0522875816993,75.0326797385621,66.6013071895425
90639,18,85,2542.98,21.01,233.9,31.6339869281046,40,25.5555555555556
90639,18,90,3792.84,24.04,605.15,48.0392156862745,68.562091503268,60.5228758169935
90639,18,90,4204.95,21.13,532.41,54.3790849673203,41.6339869281046,54.9019607843137
90639,18,95,6022.02,26.63,1028.64,80.718954248366,88.4313725490196,87.516339869281
90639,18,120,6198.81,40.89,897.33,82.7450980392157,98.1699346405229,81.3071895424837
90639,18,90,3744,20.65,505.53,47.3856209150327,35.6862745098039,52.0915032679739
90639,18,95,5359.9,27.04,747.04,72.875816993464,90.6535947712418,71.6993464052288
90639,18,90,4635.76,20.67,554.47,62.5490196078431,35.9477124183007,56.7320261437908
90639,18,120,5588.37,27.82,668.68,76.2091503267974,93.4640522875817,66.0130718954248
90639,18,90,3677.91,21.26,428.07,46.0130718954248,43.5947712418301,42.6797385620915
90639,18,90,4277.27,25.91,468.84,55.4901960784314,83.4640522875817,48.8888888888889
90639,18,120,3519.66,23.05,437.81,44.0522875816993,62.0915032679739,43.921568627451
90639,18,90,3601.88,22.29,497.71,44.9019607843137,54.5098039215686,51.1111111111111
90639,18,100,7063.84,27.15,1012.99,90.4575163398693,90.9803921568627,86.6666666666667
90639,18,90,4245.1,28.96,605.63,54.640522875817,95.7516339869281,60.5882352941176
90639,18,90,4472.18,20.82,517.08,59.4117647058824,37.7124183006536,53.202614379085
90639,18,90,1532.04,20.04,178.08,20.7843137254902,29.6732026143791,20.5228758169935
90639,18,90,6849.91,27.44,1064.47,88.7581699346405,92.2222222222222,89.0196078431373
90639,18,120,2731.91,21.95,291.12,35.0980392156863,51.3071895424837,30.4575163398693
90639,18,120,5050.21,21.94,715.69,68.6274509803922,51.1111111111111,70.0653594771242
90639,18,90,7097.66,24.84,998.3,90.6535947712418,75.6209150326797,85.7516339869281
90639,18,120,2609.03,20.6,208.23,32.483660130719,35.0980392156863,23.3986928104575
90639,18,120,8739.7,23.81,1194.38,97.516339869281,67.5816993464052,92.6797385620915
90639,18,120,5622.23,42.24,628.01,76.797385620915,99.1503267973856,62.483660130719
90639,18,120,6495.42,21.51,846.77,86.0130718954248,45.8169934640523,78.0392156862745
90639,18,120,1589.53,19.71,190.61,21.5686274509804,27.1241830065359,21.8954248366013
90639,18,90,6064.97,27.01,962.72,81.3725490196078,90.5228758169935,83.9869281045752
90639,18,120,6083.22,21.18,748.08,81.5032679738562,42.4183006535948,71.8954248366013
90639,18,90,2950.54,24.06,412.19,38.1699346405229,68.6274509803922,41.5686274509804
90639,18,120,7574.66,29.29,1123.99,92.9411764705882,95.8823529411765,91.3071895424837
90639,18,90,5108.95,26.45,691.82,69.4117647058823,87.5816993464052,67.7777777777778
90639,18,120,2255.12,20.89,276.34,28.2352941176471,38.8888888888889,29.4117647058824
90669,18,90,6031.06,24.7,1253.23,80.7843137254902,74.3137254901961,94.0522875816993
90669,18,120,1971.38,18.11,321.25,24.8366013071895,20.1307189542484,33.1372549019608
90669,18,90,1104.86,21.89,140.61,17.5816993464052,50.718954248366,17.843137254902
90669,18,120,5404.34,26.5,959.58,73.4640522875817,87.843137254902,83.7908496732026
90669,18,90,3690.72,25.49,503.97,46.2091503267974,81.1111111111111,51.8954248366013
90669,18,150,8677.66,23.41,1411.12,97.2549019607843,64.8366013071895,95.9477124183007
90669,18,120,6866.26,20.59,1085.65,88.8888888888889,34.8366013071895,89.6078431372549
90669,18,120,6502.72,21.39,973.43,86.078431372549,45.0980392156863,84.640522875817
90669,18,120,5665.11,25.11,837.34,77.3202614379085,78.0392156862745,77.7777777777778
90669,18,90,2051.34,18.02,175.98,25.8169934640523,20,20.3921568627451
90669,18,120,4649.94,23.59,569.41,62.875816993464,66.4052287581699,57.9738562091503
90669,18,120,4627.58,21.62,652.81,62.3529411764706,46.9281045751634,64.8366013071895
90669,18,120,3740.57,22.68,476.48,47.2549019607843,58.7581699346405,49.3464052287582
90669,18,120,5362.93,27.54,874.23,72.9411764705882,92.483660130719,79.8039215686275
90669,18,120,1566.92,21.28,267.51,21.1764705882353,43.8562091503268,28.6928104575163
90669,18,120,1327.6,14.11,200.28,19.5424836601307,16.078431372549,22.6143790849673
90669,18,120,2467.56,22.46,459.84,30.4575163398693,56.1437908496732,47.516339869281
90669,18,120,2023.12,22.21,302.22,25.4248366013072,53.5294117647059,31.5686274509804
90669,18,90,8722.24,25.78,1654.02,97.3856209150327,82.9411764705882,98.6928104575163
90669,18,120,1394.72,21.42,207.89,19.8039215686275,45.359477124183,23.3333333333333
90669,18,90,4843.39,24.62,875.03,65.5555555555556,73.5294117647059,79.8692810457516
90669,18,120,7019.1,28,1075.19,90,93.8562091503268,89.2156862745098
90669,18,90,9146.05,25.46,1595.22,98.3006535947712,80.8496732026144,98.3006535947712
90669,18,90,1557.1,20.17,183.31,21.0457516339869,30.9150326797386,21.2418300653595
90669,18,90,7231.89,26.09,1293.29,91.5032679738562,84.640522875817,94.5098039215686
90669,18,120,3263.23,28.09,501.02,41.5032679738562,94.4444444444444,51.5686274509804
90669,18,120,5099.24,22.62,810.9,69.1503267973856,58.2352941176471,76.2091503267974
90669,18,90,10373.59,27,1825.73,99.5424836601307,90.4575163398693,99.5424836601307
90669,18,120,2689.24,21.33,295.67,34.1176470588235,44.2483660130719,30.9150326797386
90669,18,120,8742.53,26.79,1490.29,97.5816993464052,89.2156862745098,97.516339869281
90669,18,120,5433.64,42.03,690.65,73.9869281045752,98.8888888888889,67.7124183006536
90669,18,120,7675.6,24.89,1422.12,93.3986928104575,76.078431372549,96.1437908496732
90669,18,120,1433.06,19.5,150.61,20,25.9477124183007,18.3660130718954
90669,18,90,9321.53,28.07,1655.5,98.4967320261438,94.3137254901961,98.7581699346405
90669,18,120,1820.06,17.56,249.06,23.4640522875817,19.2156862745098,26.9281045751634
90669,18,90,9007.45,27.85,1566.07,98.1045751633987,93.5294117647059,98.2352941176471
90669,18,120,4859.88,23.69,703.03,66.0130718954248,66.9281045751634,68.9542483660131
90669,18,120,7120.2,27.33,1132.03,90.8496732026144,91.8954248366013,91.5032679738562
90669,18,90,4134.8,24.99,698.63,53.4640522875817,77.0588235294118,68.6274509803922
90669,18,120,2679.52,40.88,448.04,33.6601307189542,98.0392156862745,45.5555555555556
90669,18,120,566.7,13.01,28.8,13.2679738562092,14.9673202614379,5.22875816993464
90669,18,90,8761.46,26.14,1645.67,97.7124183006536,85.0326797385621,98.6274509803922
90669,18,85,3730.24,24.11,482.13,47.0588235294118,69.0196078431373,49.9346405228758
90669,18,90,1188.94,22.58,146.76,18.3006535947712,57.843137254902,18.1045751633987
90669,18,90,9841.25,26.86,1839.22,99.1503267973856,89.6732026143791,99.6732026143791
90669,18,90,2724.08,20.81,336.97,34.9019607843137,37.3856209150327,34.4444444444444
90669,18,90,3701.36,26.43,548.71,46.3398692810458,87.4509803921569,56.3398692810458
90669,18,90,4665.03,26.24,650.39,63.0718954248366,86.078431372549,64.5751633986928
90669,18,100,11982.59,24.87,2165.58,100,75.8823529411765,99.8692810457516
90669,18,90,1939.47,20.87,168.51,24.5098039215686,38.4313725490196,19.8039215686275
90669,18,120,4246.76,23.79,595.3,54.7058823529412,67.4509803921569,59.6078431372549
90669,18,90,4552.75,26.66,640.93,60.7843137254902,88.6274509803922,63.7254901960784
90669,18,120,6457.37,26.7,965.32,85.6209150326797,88.8888888888889,84.1830065359477
90669,18,90,3878.91,23,597.99,49.4771241830065,61.1111111111111,60.0653594771242
90669,18,90,5735.36,21.02,873.8,77.9738562091503,40.1307189542484,79.7385620915033
90669,18,95,9908.26,26.14,1752.11,99.3464052287582,85.0326797385621,99.3464052287582
90669,18,90,4126.64,21.97,667.99,53.3333333333333,51.437908496732,65.8823529411765
90669,18,95,8032.23,24.24,1488.1,95.0326797385621,69.9346405228758,97.4509803921569
90669,18,90,4916.51,22.55,751.14,66.5359477124183,57.4509803921569,72.2222222222222
90669,18,120,6358.79,26.98,805.62,84.5751633986928,90.3267973856209,76.0130718954248
90669,18,90,8545.03,26.5,1560.13,96.9934640522876,87.843137254902,98.1045751633987
94171,21,75,2608.33,22.09,279.96,24.3243243243243,51.3513513513513,17.1171171171171
94171,21,75,3125.14,20.2,334.44,36.6366366366366,27.3273273273273,26.4264264264264
94171,21,110,2340.69,22.27,297.18,18.9189189189189,52.5525525525526,20.1201201201201
94171,21,109,4377.94,22.83,792.12,71.4714714714715,56.4564564564565,82.8828828828829
94171,21,105,2753.46,22.46,474.11,27.9279279279279,53.4534534534535,48.6486486486487
94171,21,97,5331.43,24.51,872.08,88.8888888888889,76.2762762762763,87.3873873873874
94171,21,105,6163.91,27.07,1056.46,94.5945945945946,93.6936936936937,93.3933933933934
94171,21,104,1933.95,21.1,298.67,12.012012012012,39.039039039039,20.4204204204204
94171,21,97,3142.24,21.17,398.68,37.5375375375375,40.2402402402402,36.3363363363363
94171,21,94,3398.91,23.24,555.18,44.4444444444444,61.8618618618619,60.6606606606607
94171,21,95,4511.9,24.08,716.69,72.6726726726727,73.5735735735736,77.7777777777778
94171,21,120,4399.65,22.88,628.43,71.7717717717718,56.7567567567568,70.8708708708709
94171,21,110,3907.47,23.41,591.87,58.8588588588589,64.8648648648649,66.3663663663664
94171,21,100,6160.57,23.98,1081.53,94.2942942942943,72.3723723723724,94.2942942942943
94171,21,95,2256.64,20.41,279.06,16.8168168168168,29.7297297297297,16.8168168168168
94171,21,120,5666.12,21.99,1018.74,91.2912912912913,50.1501501501502,91.2912912912913
94171,21,83,2646.95,20.64,348.36,24.9249249249249,32.7327327327327,28.2282282282282
94171,21,90,4101.38,20.94,833.69,62.7627627627628,37.8378378378378,84.984984984985
94171,21,83,3303.43,21.12,629.07,41.7417417417417,39.3393393393393,71.1711711711712
94171,21,108,4795.4,25.36,854.63,79.2792792792793,83.1831831831832,86.1861861861862
94171,21,120,4342.46,22.77,624.12,70.2702702702703,55.8558558558559,69.96996996997
94171,21,78,3255.71,23.08,489.18,40.5405405405405,59.7597597597598,51.0510510510511
94171,21,106,2051.18,21.53,328.81,12.9129129129129,45.3453453453453,25.2252252252252
94171,21,106,2330.24,23.25,362.1,18.6186186186186,62.4624624624625,30.9309309309309
94171,21,100,4882.44,22.95,698.38,81.0810810810811,57.957957957958,76.2762762762763
94171,21,107,2204.63,21.3,304.97,15.3153153153153,42.042042042042,21.9219219219219
94171,21,87,3515.16,21.31,497.54,49.5495495495495,42.3423423423423,51.6516516516517
94171,21,70,2808.04,20.44,322.42,30.3303303303303,30.3303303303303,23.7237237237237
94171,21,109,2821.21,25.12,401.94,30.6306306306306,81.0810810810811,36.9369369369369
94171,21,120,5297.64,21.09,863.6,87.6876876876877,38.4384384384384,87.0870870870871
94171,21,100,3398.93,23.66,540.58,44.7447447447448,68.7687687687688,59.1591591591592
94171,21,75,2891.12,21.41,467.84,32.1321321321321,43.8438438438438,47.4474474474475
94171,21,75,5347.14,21.85,521.23,89.4894894894895,49.2492492492492,56.1561561561562
94171,21,75,4875.29,24.93,484.77,80.7807807807808,79.5795795795796,50.4504504504504
94171,21,75,4043.39,21.09,393.45,62.1621621621622,38.4384384384384,35.7357357357357
94171,21,75,5023.05,23.04,528.86,83.1831831831832,59.1591591591592,57.0570570570571
94221,19,120,6136.59,22.53,815.59,73.1147540983607,55.4098360655738,69.1803278688525
94221,19,120,7488.97,26.24,975.67,88.8524590163935,92.1311475409836,87.2131147540984
94221,19,100,5279.09,21.77,907.27,47.5409836065574,40,81.6393442622951
94221,19,100,9031.97,24.13,1331.59,99.672131147541,75.0819672131148,98.3606557377049
94221,19,90,4302.83,22.35,661.9,24.9180327868852,51.8032786885246,48.5245901639344
94221,19,70,5221.25,23.66,781.9,45.5737704918033,70.1639344262295,64.9180327868852
94221,19,100,4685.94,25.82,595.04,31.4754098360656,88.5245901639344,35.0819672131148
94221,19,90,3215.47,17.14,233.31,11.8032786885246,7.54098360655738,7.86885245901639
94221,19,95,6138.81,21.84,853.22,73.4426229508197,40.9836065573771,73.1147540983607
94221,19,90,5660.57,21.91,762.03,63.9344262295082,42.9508196721311,61.3114754098361
94221,19,90,4967.82,23.99,870.42,39.344262295082,73.1147540983607,76.3934426229508
94221,19,90,2626.87,18.19,395.52,8.52459016393443,11.1475409836066,10.8196721311475
94221,19,90,5648.3,21.48,793.55,63.6065573770492,36.0655737704918,67.5409836065574
94221,19,90,7188.15,24.92,1065.34,86.2295081967213,81.9672131147541,92.7868852459016
94221,19,75,4258.11,22.52,597.19,23.9344262295082,54.7540983606557,35.7377049180328
94221,19,90,3185.82,20.46,635.81,10.8196721311475,22.9508196721311,42.9508196721311
94221,19,90,5296.68,27.13,832.5,48.1967213114754,97.7049180327869,71.1475409836066
94221,19,90,4350.86,22.85,669.92,25.5737704918033,58.0327868852459,50.8196721311475
94865,20,108,10785.97,25.23,1388.23,100,87.4654377880184,98.7096774193548
94865,20,88,5072.36,25.86,615.87,77.5115207373272,91.9815668202765,69.2165898617512
94865,20,106,6815.58,25.24,1092.15,90.5069124423963,87.6497695852535,93.3640552995392
94865,20,139,10179.25,22.97,1165.23,99.7235023041475,64.6082949308756,95.1152073732719
94865,20,75,5082.68,23.72,504.84,77.6958525345622,73.5483870967742,56.5898617511521
94865,20,87,6158.92,24.59,652.75,85.8064516129032,82.3963133640553,72.258064516129
