"athlete_number","athlete_relative_age","active_minutes","total_distance_m","max_speed_kph","session_load","sprint_events","total_dist_perc_rank","max_speed_perc_rank","session_load_perc_rank","session_id"
1018,18,90,3880.64,24.26,458.53,2,49.8300475866757,72.9435757987763,48.130523453433,1
1018,18,120,2742.19,26.04,357.28,1,35.8939496940857,87.6954452753229,37.5934738273284,2
1018,18,90,5627.94,22.02,1039.85,0,77.0904146838885,53.8409245411285,87.899388171312,3
1018,18,90,4359.94,21.78,561.44,0,57.8518014955812,50.8497620666214,57.7158395649218,4
1018,18,90,484.12,4.78,15.35,0,11.8966689326988,0.135961930659415,1.56356220258328,5
1018,18,120,1319.92,19.37,143.63,0,20.2583276682529,25.9687287559483,18.6947654656696,6
1018,18,120,377.49,8.09,38.1,0,5.43847722637661,7.47790618626784,10.6730115567641,7
1018,18,120,5641.85,19.92,762.98,0,77.2943575798776,29.9116247450714,73.1475186947655,8
1018,18,120,2835.94,18.8,389.32,0,36.981645139361,23.0455472467709,40.4486743711761,9
1018,18,120,4559.67,21.5,629.93,0,61.5907545887152,47.450713800136,62.9503738953093,10
1018,18,120,436.85,8.34,45.68,0,8.42963970088375,8.15771583956492,13.256288239293,11
1018,18,120,5759.73,25.41,860.16,2,78.5180149558124,83.8205302515296,78.9938817131203,12
1018,18,120,5661.5,24.22,893.52,7,77.430319510537,72.5356900067981,80.8973487423521,13
1018,18,90,1907.2,19.72,188.24,0,24.9490142760027,28.3480625424881,22.6376614547927,14
1018,18,120,2625.19,17.31,311.75,0,34.0584636301836,19.5785180149558,33.718558803535,15
1018,18,90,1592.27,23.05,177.96,1,22.569680489463,64.5819170632223,21.2780421481985,16
1018,18,90,2873.59,24.48,479.39,1,37.1855880353501,74.9150237933379,49.9660095173351,17
1018,18,90,1579.99,22.88,280.12,1,22.2977566281441,62.8144119646499,30.931339225017,18
1018,18,120,2772.64,18.58,291.84,0,36.1658735554045,22.3657375934738,31.8150917743032,19
1018,18,120,8274.06,24.82,1324.26,3,95.7851801495581,78.5180149558124,94.7654656696125,20
1018,18,120,5324.1,25.61,770.28,3,72.8755948334466,85.3840924541128,73.5554044867437,21
1018,18,120,5636.81,22.4,758.99,0,77.2263766145479,57.3759347382733,73.011556764106,22
1018,18,90,846.76,10.02,68.07,0,16.5873555404487,11.4208021753909,15.6356220258328,23
1018,18,90,2120.28,23.02,389.05,1,27.5322909585316,64.1060503059143,40.3806934058464,24
1018,18,120,4335.08,24.76,560.58,2,57.3759347382733,78.0421481985044,57.5118966689327,25
1018,18,120,5087.93,20.81,674.2,0,69.8844323589395,38.8851121685928,66.2134602311353,26
1018,18,90,3914.63,20.59,551.48,0,50.8497620666214,36.2338545207342,56.968048946295,27
1018,18,90,2424.54,21.8,398.54,0,31.3392250169952,51.1896668932699,41.6043507817811,28
1018,18,90,4297.37,21.35,593.28,0,56.3562202583277,46.2950373895309,59.8232494901428,29
1018,18,90,4065.38,21.53,517.85,0,53.025152957172,47.7906186267845,53.7049626104691,30
1018,18,85,3485.78,19.98,439.02,0,43.711760707002,30.1835486063902,45.8871515975527,31
1018,18,90,4475.29,24.62,590.1,3,60.231135282121,76.4785859959212,59.5513256288239,32
1018,18,120,431.93,12.34,27.37,0,7.9537729435758,14.1400407885792,5.23453433038749,33
1018,18,120,473.75,7.5,34.37,0,11.2848402447315,5.3025152957172,8.22569680489463,34
1018,18,120,651.24,10.67,33.44,0,15.4316791298436,12.5084976206662,7.81781101291638,35
1018,18,120,426.95,6.58,21.17,0,7.47790618626784,2.58327668252889,2.71923861318831,36
1018,18,120,543.48,8.06,32.3,0,13.1883072739633,7.27396329027872,7.0700203942896,37
1018,18,90,470.59,7.82,29.92,0,11.0129163834126,6.39021074099252,5.91434398368457,38
1018,18,90,3685.91,23.46,565.86,1,46.2270564242012,68.0489462950374,57.9877634262407,39
1018,18,90,2965.78,20.55,404.39,0,38.2732834806254,35.9619306594154,42.1481985044188,40
1018,18,120,452.21,8.42,35.26,0,9.78925900747791,8.42963970088375,8.76954452753229,41
1018,18,120,519.65,7.6,19.41,0,12.6444595513256,5.64242012236574,2.37933378653977,42
1018,18,90,3603,20.9,467.57,0,45.0713800135962,40.5846363018355,49.2182188987084,43
1018,18,90,1800.37,19.54,224.4,0,24.2692046227056,27.1244051665534,25.8327668252889,44
1018,18,90,4842.84,21.15,730.12,0,66.3494221617947,43.6437797416723,70.700203942896,45
1081,18,90,7606.28,23.98,985.12,2,92.9979605710401,70.9721278042148,84.9762066621346,1
1081,18,90,7031.86,25.34,999.52,7,90.2107409925221,83.1407205982325,85.8599592114208,2
1081,18,120,1904.57,17.75,336.5,0,24.881033310673,20.2583276682529,35.7579877634262,3
1081,18,90,1237.55,15.19,201.64,0,19.4425560842964,17.8789938817131,23.6573759347383,4
1081,18,120,5269.62,28.19,1079.28,10,72.1278042148198,98.368456832087,89.2590074779062,5
1081,18,120,5535.15,26.86,1220.33,3,75.7307953772944,93.2698844323589,93.0659415363698,6
1081,18,120,2018.08,23.18,398.02,1,26.3766145479266,65.6016315431679,41.5363698164514,7
1081,18,120,382.69,10.19,46.17,0,5.57443915703603,11.62474507138,13.4602311352821,8
1081,18,120,226.68,7.02,27.43,0,1.7675050985724,4.07885791978246,5.3025152957172,9
1081,18,120,2051.41,19.65,153.93,0,26.9204622705642,28.0081577158396,19.3745751189667,10
1081,18,120,4508.86,22.97,403.21,2,60.7749830047587,63.4262406526173,41.9442556084296,11
1081,18,120,4060.59,22.69,391.09,1,52.8891910265126,61.3188307273963,40.6526172671652,12
1081,18,90,3344.53,19.52,328.93,0,42.3521414004079,27.0564242012237,35.0781781101292,13
1081,18,150,7064.67,24.46,871.95,4,90.5506458191706,74.643099932019,79.6057104010877,14
1081,18,120,5169.91,19.21,586.14,0,70.9041468388851,24.9490142760027,59.2114208021754,15
1081,18,120,543.56,10.22,31.11,0,13.256288239293,11.8286879673691,6.52617267165194,16
1081,18,90,4607.4,23.24,561.22,0,62.8823929299796,66.1454792658056,57.6478585995921,17
1081,18,95,8065.15,25.16,1177.61,5,95.0373895309313,81.5771583956492,92.2501699524133,18
1081,18,90,2483.12,16.16,226.12,0,31.9510537049626,18.6267845003399,26.036709721278,19
1081,18,95,8388.91,26.22,1053.33,5,96.3290278721958,89.2590074779062,88.37525492862,20
1081,18,90,2002.16,15.58,139.6,0,25.9687287559483,18.2868796736914,18.4908225696805,21
1081,18,90,2609.72,18.02,252.66,0,33.7865397688647,20.8021753908906,28.2800815771584,22
1081,18,120,5566.31,23.76,611.31,1,76.1386811692726,70.0203942895989,61.5227736233855,23
1081,18,90,4504.24,21.75,481.17,0,60.6390210740993,50.4418762746431,50.1019714479946,24
1081,18,120,3203.96,20.39,402.97,0,40.6526172671652,34.194425560843,41.8762746430999,25
1081,18,100,8361.25,26.06,1079.17,7,96.1930659415364,87.899388171312,89.1910265125765,26
1081,18,90,3707.97,21.7,412.55,0,46.7029231815092,49.9660095173351,43.1679129843644,27
1081,18,90,2033.88,15.05,191.05,0,26.7165193745751,17.7430319510537,22.9095853161115,28
1081,18,90,7470.52,26.8,1045.55,9,92.5900747790619,92.8619986403807,88.1713120326309,29
1081,18,85,460.87,9.04,25.64,0,10.5370496261047,9.78925900747791,4.75866757307954,30
1081,18,90,7754.08,24.54,1023.42,4,93.6097892590075,75.7987763426241,87.0156356220258,31
1081,18,90,3913.49,20.29,499.2,0,50.7138001359619,33.0387491502379,51.7335146159076,32
1081,18,120,6336.99,23.58,1057.62,0,84.1604350781781,69.0006798096533,88.4432358939497,33
1081,18,120,5595.75,24.73,906.8,5,76.6145479265806,77.6342624065262,81.3732154996601,34
1081,18,90,2474,18.5,267.02,0,31.6791298436438,21.9578518014956,29.775662814412,35
1081,18,120,5193.56,23.06,586.4,1,71.1760707002039,64.7858599592114,59.2794017675051,36
1081,18,120,2505.97,21.12,218.96,0,32.4269204622706,42.8959891230455,25.1529571719918,37
1081,18,120,368.66,7.24,24.94,0,5.03059143439837,4.75866757307954,4.21481985044188,38
1081,18,90,6250.11,26.71,882.39,7,83.1407205982325,92.5220938137322,80.2855200543848,39
1081,18,90,3471.5,24.62,673.91,1,43.5078178110129,76.4785859959212,66.1454792658056,40
1081,18,90,8117.72,27.39,1043.57,12,95.1733514615908,95.7171991842284,88.0353501019714,41
1081,18,90,1644.08,12.65,178.26,0,22.7736233854521,14.6159075458872,21.4140040788579,42
1081,18,90,5759.74,26.97,718.86,5,78.5859959211421,93.8817131203263,70.224337185588,43
1081,18,120,3263.87,22.4,457.96,0,41.6043507817811,57.3759347382733,48.0625424881033,44
1081,18,90,7355.47,28.05,896.27,8,91.9782460910945,97.8925900747791,81.0333106730116,45
1081,18,120,2033.39,19.83,181.9,0,26.6485384092454,29.3677770224337,21.7539089055065,46
1081,18,120,6834.16,24.26,743.23,3,88.5112168592794,72.9435757987763,71.5159755268525,47
1081,18,120,6159.86,21.38,1103.83,0,82.1210061182869,46.5669612508498,90.2787219578518,48
1081,18,120,476.8,10.53,30.91,0,11.4208021753909,12.3045547246771,6.25424881033311,49
1081,18,90,7385.87,25.7,1002.14,4,92.2501699524133,85.8599592114208,85.9959211420802,50
2227,20,120,6491.61,22.45,741.44,3,88.110599078341,57.4193548387097,79.5391705069124,1
2227,20,105,5359.72,19.52,766.29,0,79.7235023041475,22.4884792626728,81.1059907834101,2
2227,20,110,2756.57,22.37,333.37,0,22.2119815668203,56.1290322580645,23.963133640553,3
2227,20,90,100.87,6.51,6.47,0,0.0921658986175115,0.737327188940092,0.276497695852535,4
2227,20,110,723.16,17.27,76.25,0,4.33179723502304,9.86175115207373,4.70046082949309,5
2227,20,90,3668.85,22.1,475.91,0,47.926267281106,52.1658986175115,51.4285714285714,6
2227,20,100,5422.53,22.8,669.02,1,80.8294930875576,61.8433179723502,73.8248847926267,7
2227,20,116,5364.42,24.07,798.08,1,79.9078341013825,77.4193548387097,82.8571428571429,8
2227,20,99,3911.98,21.83,394.24,0,54.1013824884793,48.0184331797235,35.668202764977,9
2227,20,91,2012.69,23.44,400.37,1,13.6405529953917,70.3225806451613,36.8663594470046,10
2227,20,80,3484.37,20.38,420.48,0,40.8294930875576,30.0460829493088,40.4608294930876,11
2227,20,90,824.75,19.16,116.17,0,5.71428571428571,19.0783410138249,7.00460829493088,12
2227,20,123,8095.3,20.82,1255.1,0,96.4976958525346,34.4700460829493,96.405529953917,13
2227,20,105,3482.31,22.31,447.83,1,40.6451612903226,55.2995391705069,45.9907834101382,14
2227,20,75,801.68,13.02,80.09,0,5.34562211981567,4.70046082949309,4.88479262672811,15
2227,20,78,4588.82,23.32,726.06,2,70.4147465437788,68.9400921658986,78.2488479262673,16
2227,20,100,2001.41,18.86,296.28,0,13.5483870967742,16.6820276497696,19.4470046082949,17
2227,20,110,4832.57,25.4,604.28,3,74.6543778801843,88.7557603686636,67.926267281106,18
2227,20,105,3272.9,21.29,409.85,0,34.7465437788018,40.6451612903226,38.4331797235023,19
2227,20,120,6774.86,20.83,968.07,0,90.3225806451613,34.8387096774194,90.2304147465438,20
2227,20,90,2763.17,21.83,448.06,0,22.4884792626728,48.0184331797235,46.1751152073733,21
2227,20,104,2318.14,23.84,355.05,1,16.1290322580645,75.2995391705069,28.3870967741935,22
2227,20,100,3852.53,21.28,441.55,0,52.9953917050691,40.4608294930876,44.7004608294931,23
2227,20,77,3471.07,22.7,378.83,2,40.184331797235,60.4608294930876,32.8110599078341,24
2227,20,100,2545.63,21.75,377.36,0,18.8018433179723,47.0967741935484,32.1658986175115,25
2227,20,110,5475.45,22.49,712.83,0,81.3824884792627,57.7880184331797,77.3271889400922,26
2227,20,110,2954.99,22.37,355.91,0,27.3732718894009,56.1290322580645,28.5714285714286,27
2227,20,90,3375.33,21.64,417,0,37.3271889400922,45.4377880184332,39.63133640553,28
2227,20,90,179.97,7.48,9.94,0,1.29032258064516,1.29032258064516,1.29032258064516,29
2227,20,90,1880.27,22.07,257.64,1,12.6267281105991,51.5207373271889,15.1152073732719,30
2227,20,110,4495.18,24.34,628.2,1,68.294930875576,80,70.1382488479263,31
2227,20,90,221.44,13.08,25.16,0,2.48847926267281,4.88479262672811,2.76497695852535,32
2227,20,70,4141.19,24.53,501.91,2,60,81.1981566820276,56.036866359447,33
2227,20,90,2030.76,20.61,249.37,0,13.8248847926267,32.073732718894,14.7465437788018,34
2227,20,90,3766.15,20.89,449.53,0,50.6912442396313,35.3917050691244,46.5437788018433,35
2227,20,90,4191.37,21,629.99,0,60.9216589861751,37.3271889400922,70.4147465437788,36
2227,20,90,4756.44,25.08,670.2,1,73.5483870967742,86.3594470046083,74.0092165898618,37
2227,20,90,1620.78,17.77,229.43,0,10.1382488479263,11.6129032258065,12.4423963133641,38
2227,20,90,4319.95,18.91,629.27,0,64.6082949308756,17.2350230414747,70.2304147465438,39
2227,20,90,3292.26,19.94,391.25,0,35.5760368663594,25.8064516129032,35.3917050691244,40
2227,20,90,2739.51,21.51,418.34,0,21.9354838709677,43.5023041474654,40,41
2227,20,90,4240.76,20.62,551.83,0,62.3041474654378,32.258064516129,62.5806451612903,42
2227,20,90,4069.35,23.03,511.13,1,58.5253456221198,65.2534562211982,57.4193548387097,43
2227,20,90,4201.53,21.39,561.16,0,61.4746543778802,41.6589861751152,63.5023041474654,44
2227,20,90,1270.23,19.13,207.87,0,8.38709677419355,18.5253456221198,11.2442396313364,45
2227,20,76,2537.47,20.55,261.9,0,18.6175115207373,31.3364055299539,15.9447004608295,46
2227,20,90,4249.06,18.7,559.03,0,62.5806451612903,15.852534562212,63.3179723502304,47
2227,20,90,2783.73,19.15,309.84,0,23.1336405529954,18.8018433179723,21.1059907834101,48
5841,20,110,3676.5,24.66,436.28,4,48.2027649769585,83.0414746543779,43.778801843318,1
5841,20,105,2667.7,21.88,339.77,0,20.8294930875576,48.9400921658986,25.5299539170507,2
5841,20,120,4834.54,23.68,674.23,1,74.7465437788019,73.1797235023042,74.1935483870968,3
5841,20,90,2879.11,24.53,448.83,1,25.2534562211982,81.1981566820276,46.4516129032258,4
5841,20,104,1724.49,24.05,281.46,1,10.6912442396313,77.1428571428572,18.1566820276498,5
5841,20,90,4279.48,21.15,705.78,0,63.4101382488479,38.9861751152074,76.4976958525346,6
5841,20,110,2976.68,21.94,425.24,0,28.2027649769585,49.5852534562212,40.9216589861751,7
5841,20,105,3768.57,22.39,564.79,0,50.8755760368664,56.6820276497696,63.8709677419355,8
5841,20,100,3475.25,21.8,440.45,0,40.36866359447,47.6497695852535,44.5161290322581,9
5841,20,70,4524.78,22.02,635.28,1,68.6635944700461,50.8755760368664,71.1520737327189,10
5841,20,77,3151.46,24.65,377.59,1,31.7972350230415,82.7649769585254,32.258064516129,11
5841,20,100,2492.87,23.04,376.27,1,17.9723502304147,65.4377880184332,31.9815668202765,12
5841,20,105,7376.96,20.91,1213.34,0,93.9170506912442,35.668202764977,95.7603686635945,13
5841,20,110,5268.27,22.82,814.41,2,79.1705069124424,62.3041474654378,83.778801843318,14
5841,20,100,7578.38,22.27,1130.52,0,94.2857142857143,54.7465437788019,94.1013824884793,15
5841,20,110,5256.2,22.81,795.7,1,79.0783410138249,62.0276497695853,82.4884792626728,16
5841,20,90,3556.07,21.84,513.6,0,42.8571428571429,48.2027649769585,57.8801843317972,17
5841,20,92,2117.2,21.19,337.95,0,14.4700460829493,39.2626728110599,25.0691244239631,18
5841,20,90,2967.13,22.11,459.28,0,27.6497695852535,52.5345622119816,48.5714285714286,19
5841,20,110,4341.43,20.67,607.19,0,65.3456221198157,32.9953917050691,68.110599078341,20
5841,20,90,2929.68,21.29,488.79,0,26.9124423963134,40.6451612903226,53.7327188940092,21
5841,20,70,3616.1,23.36,490.38,0,45.6221198156682,69.2165898617512,54.0092165898618,22
5841,20,90,669.68,17.48,85.57,0,3.963133640553,10.5990783410138,5.80645161290323,23
5841,20,90,3532.53,21.65,468.62,0,42.3963133640553,45.6221198156682,50.5990783410138,24
5841,20,90,5472.01,20.88,808.34,0,81.2903225806452,35.2995391705069,83.5944700460829,25
5841,20,90,4545.44,21.48,702.67,0,69.3087557603687,42.6728110599078,76.1290322580645,26
5841,20,90,4659.41,22.6,706.41,1,72.1658986175115,58.9861751152074,76.5898617511521,27
5841,20,90,1320.72,17.26,187.78,0,8.84792626728111,9.76958525345622,9.86175115207373,28
5841,20,90,4394.41,21.14,612.62,0,66.4516129032258,38.8018433179723,68.6635944700461,29
5841,20,90,2794.52,19.66,324.8,0,23.594470046083,23.6866359447005,23.1336405529954,30
5841,20,90,3542.76,20.78,395.04,0,42.5806451612903,34.1013824884793,36.1290322580645,31
5841,20,90,2902.05,20.93,374.64,0,25.8986175115207,35.852534562212,31.6129032258064,32
5841,20,74,2853.87,14.58,294,0,24.6082949308756,6.82027649769585,19.2626728110599,33
5841,20,101,4811.06,18.13,613.49,0,74.4700460829493,12.7188940092166,68.8479262672811,34
5841,20,80,4714.85,22.62,537.22,1,72.6267281105991,59.2626728110599,60.8294930875576,35
5841,20,70,2567.57,21.94,278.56,0,19.2626728110599,49.5852534562212,17.5115207373272,36
5841,20,90,3273.43,20.87,388.28,0,34.8387096774194,35.0230414746544,34.7465437788018,37
5841,20,90,5641.61,19.12,829.44,0,82.4884792626728,18.4331797235023,84.8847926267281,38
5841,20,76,2977.27,22.27,401.84,0,28.294930875576,54.7465437788019,37.1428571428571,39
5841,20,73,2442.21,17.54,279.69,0,17.7880184331797,10.7834101382488,17.6958525345622,40
5841,20,75,798.15,11.95,80.88,0,5.25345622119816,3.04147465437788,4.97695852534562,41
5841,20,90,614.84,14.05,64.44,0,3.77880184331797,6.63594470046083,3.68663594470046,42
5841,20,105,3124.67,21.41,406.59,0,31.0599078341014,41.7511520737327,37.8801843317972,43
5841,20,90,4471.45,22.7,657.41,2,67.6497695852535,60.4608294930876,72.7188940092166,44
5841,20,78,5488.59,20.96,787.11,0,81.5668202764977,36.221198156682,81.8433179723502,45
5841,20,123,6404.3,24.79,903.22,1,87.6497695852535,84.0552995391705,88.7557603686636,46
5841,20,120,6153.29,23.1,753.28,5,85.7142857142857,66.2672811059908,80.2764976958525,47
5841,20,80,3351.67,19.95,413.32,0,36.7741935483871,25.9907834101382,38.9861751152074,48
5841,20,91,2988.88,20.24,599.27,0,28.5714285714286,28.294930875576,67.5576036866359,49
5841,20,99,3431.23,19.48,353.31,0,38.7096774193548,21.8433179723502,27.926267281106,50
5841,20,116,1880.21,20.4,241.91,0,12.5345622119816,30.2304147465438,13.3640552995392,51
5841,20,100,5242.81,22.79,660.11,2,78.8018433179724,61.5668202764977,73.1797235023042,52
5841,20,90,3561.12,22.93,507.1,1,43.4101382488479,63.778801843318,56.7741935483871,53
5841,20,110,1216.76,17.11,118.59,0,8.0184331797235,9.49308755760369,7.09677419354839,54
5841,20,100,2238.22,18.53,285.11,0,15.2995391705069,15.2073732718894,18.4331797235023,55
6200,21,75,4615.09,26.46,433.76,6,74.7747747747748,89.1891891891892,41.7417417417417,1
6613,20,90,2391.25,21.44,298.39,0,17.2350230414747,42.1198156682028,19.63133640553,1
6613,20,100,3579.46,18.34,403.01,0,44.2396313364055,13.8248847926267,37.3271889400922,2
6613,20,104,2904.64,24.51,413.53,2,25.9907834101382,81.0138248847926,39.0783410138249,3
6613,20,120,5545.11,21.87,687.77,0,81.8433179723502,48.6635944700461,75.0230414746544,4
6613,20,105,2927.51,24.09,356.96,1,26.8202764976959,77.7880184331797,28.9400921658986,5
6613,20,110,3842.2,25.17,458.31,3,52.7188940092166,87.2811059907834,48.294930875576,6
6613,20,80,3241.71,19.19,367.18,0,33.6405529953917,19.5391705069124,30.6912442396313,7
6613,20,90,2643.22,16.09,260.57,0,20.2764976958525,8.20276497695852,15.668202764977,8
6613,20,90,4487.84,18.93,572.63,0,68.2027649769585,17.4193548387097,64.5161290322581,9
6613,20,76,2063.5,14.39,204.54,0,14.1935483870968,6.72811059907834,10.7834101382488,10
6613,20,90,1383.93,14.91,161.62,0,9.12442396313364,7.37327188940092,8.94009216589862,11
6613,20,90,3877.81,18.87,472.67,0,53.3640552995392,16.8663594470046,50.9677419354839,12
6613,20,90,2899.96,19.27,367.91,0,25.7142857142857,20,30.9677419354839,13
6613,20,90,6310.95,21.43,878.19,0,86.8202764976958,42.0276497695853,87.6497695852535,14
6613,20,90,2746.7,24.26,340.34,2,22.0276497695853,79.4470046082949,25.7142857142857,15
6613,20,90,3895.47,17.38,513.04,0,53.6405529953917,10.0460829493088,57.6958525345622,16
6613,20,90,1874.09,15.66,225.79,0,12.3502304147465,7.83410138248848,12.073732718894,17
6613,20,90,3958.37,20.6,550.48,0,56.1290322580645,31.9815668202765,62.3041474654378,18
6613,20,90,3265.07,20.58,391.12,0,34.5622119815668,31.5207373271889,35.2995391705069,19
6613,20,90,1871.78,20.27,216.24,0,12.1658986175115,28.7557603686636,11.6129032258065,20
6613,20,70,3090.46,17.29,374.74,0,30.6912442396313,9.95391705069124,31.705069124424,21
6613,20,90,1186.24,20.52,180.53,0,7.74193548387097,30.9677419354839,9.49308755760369,22
6613,20,110,954.97,13.92,103.04,0,7.28110599078341,6.45161290322581,6.45161290322581,23
6613,20,90,3261.01,21.92,438.15,2,34.2857142857143,49.4009216589862,43.963133640553,24
6613,20,90,7004.26,24.68,965.25,1,91.7972350230415,83.1336405529954,90.1382488479263,25
6613,20,78,4365.9,20.09,653.9,0,65.8064516129032,27.0967741935484,72.5345622119816,26
6613,20,100,1881.93,18.91,250.18,0,12.7188940092166,17.2350230414747,14.8387096774194,27
6613,20,75,833.77,12.08,83.32,0,5.99078341013825,3.2258064516129,5.16129032258065,28
6613,20,105,2876.48,21.46,348.84,0,24.9769585253456,42.3963133640553,27.1889400921659,29
6613,20,123,7420.91,20.99,1031.53,0,94.0092165898618,37.0506912442396,91.7972350230415,30
6613,20,120,6611.26,22.65,758.58,1,88.7557603686636,59.7235023041475,80.7373271889401,31
6613,20,90,115.86,5.91,4.93,0,0.460829493087558,0.368663594470046,0,32
6613,20,105,4213.3,21.32,546.62,0,61.6589861751152,41.1981566820277,61.8433179723502,33
6613,20,110,2664.84,21.57,342.65,0,20.7373271889401,44.4239631336406,26.3594470046083,34
6613,20,90,4164.57,21.77,575.6,0,60.4608294930876,47.2811059907834,64.8847926267281,35
6613,20,90,2763.2,20.74,335.98,0,22.5806451612903,33.5483870967742,24.5161290322581,36
6613,20,100,5009.81,23.53,541.89,1,76.4976958525346,71.705069124424,61.1059907834101,37
6613,20,116,4486.37,23.37,608.95,1,68.110599078341,69.4009216589862,68.4792626728111,38
6613,20,99,3745.06,18.51,358.62,0,50.0460829493088,15.1152073732719,29.2165898617512,39
6613,20,91,5678.1,22.67,880.88,1,82.8571428571429,59.9078341013825,87.926267281106,40
7181,20,110,4122.79,20.93,556.85,0,59.7235023041475,35.852534562212,63.0414746543779,1
7181,20,90,3735.6,22.72,491.86,1,49.7695852534562,60.6451612903226,54.5622119815668,2
7181,20,90,4001.82,21.37,504.23,0,57.0506912442396,41.5668202764977,56.4055299539171,3
7181,20,90,112.45,6.6,7.56,0,0.368663594470046,0.829493087557604,0.645161290322581,4
7181,20,90,4400.96,22.54,798.02,1,66.5437788018433,58.4331797235023,82.7649769585254,5
7181,20,90,5437.66,26.07,987.32,5,80.9216589861751,93.0875576036866,90.8755760368664,6
7181,20,90,4311.92,24.03,699.82,1,64.5161290322581,77.0506912442396,75.9447004608295,7
7181,20,90,505.85,15.4,66.01,0,3.2258064516129,7.64976958525346,3.87096774193548,8
7181,20,90,4591.01,22.06,709.03,0,70.5990783410138,51.4285714285714,76.9585253456221,9
7181,20,90,6082.05,18.65,996.3,0,85.0691244239631,15.5760368663594,91.2442396313364,10
7181,20,110,6207.47,24.3,1102.89,3,86.1751152073733,79.815668202765,93.7327188940092,11
7181,20,77,3829.42,23.88,459.9,3,52.4423963133641,75.7603686635945,48.8479262672811,12
7181,20,95,3608.37,21.36,444.52,0,45.1612903225806,41.4746543778802,45.1612903225806,13
7181,20,70,4336.73,23.62,578.81,2,65.1612903225806,72.8110599078341,65.2534562211982,14
7181,20,90,954.58,19.98,109.51,0,7.1889400921659,26.2672811059908,6.72811059907834,15
7181,20,120,5859.78,23.49,793.01,2,83.6866359447005,71.1520737327189,82.3041474654378,16
7181,20,105,2975.84,22.35,347.51,1,28.0184331797235,55.9447004608295,26.6359447004608,17
7181,20,110,4357.54,25.3,529.85,5,65.4377880184332,88.2027649769585,60,18
7181,20,78,4898.46,21.46,699.61,0,75.2995391705069,42.3963133640553,75.852534562212,19
7181,20,75,931.9,12.69,105.55,0,6.91244239631336,4.05529953917051,6.63594470046083,20
7181,20,105,3265.87,21.44,419.77,0,34.6543778801843,42.1198156682028,40.184331797235,21
7181,20,123,8146.36,22.53,1151.75,0,96.8663594470046,58.0645161290323,94.5622119815668,22
7181,20,90,3301.27,17.82,394.48,0,35.668202764977,11.889400921659,35.852534562212,23
7181,20,90,1772.86,21.72,222.5,0,11.1520737327189,46.2672811059908,11.7972350230415,24
8588,18,100,628.23,13.64,47.86,0,15.0237933378654,16.2474507138001,13.732154996601,1
8588,18,120,1930.2,18,342.99,0,25.356900067981,20.6662134602311,36.4377974167233,2
8588,18,90,999.32,19.33,120.09,0,17.8789938817131,25.7647858599592,18.0829367777022,3
8588,18,120,4578.66,25.09,910.77,6,61.9986403806934,81.0333106730116,81.5771583956492,4
8588,18,120,5017.94,26.5,773.65,2,69.0006798096533,91.3664174031271,73.963290278722,5
8588,18,120,177.34,6.41,15.56,0,0.815771583956492,2.24337185588035,1.63154316791298,6
8588,18,120,3182.61,21.17,455.41,0,40.3127124405167,43.9836845683209,47.7226376614548,7
8588,18,120,1268.31,18.22,217.94,0,19.6464989802855,21.2780421481985,25.0849762066621,8
8588,18,120,2576.7,18.54,391.55,0,33.3786539768865,22.093813732155,40.924541128484,9
8588,18,120,265.58,8.28,33.06,0,2.51529571719918,8.02175390890551,7.54588715159755,10
8588,18,120,2684.54,25.94,336.16,2,34.6702923181509,87.0156356220258,35.6900067980965,11
8588,18,120,5176.37,20.08,651.52,0,70.9721278042148,31.2712440516655,64.7858599592114,12
8588,18,120,5236.03,19.12,207.18,0,71.7878993881713,24.4051665533651,24.2012236573759,13
8588,18,120,3500.18,18.49,475.82,0,43.8477226376615,21.8898708361659,49.5581237253569,14
8588,18,90,832.25,12.49,78.28,0,16.519374575119,14.411964649898,16.3834126444596,15
8588,18,90,232.23,15.8,25.52,0,1.83548606390211,18.3548606390211,4.62270564242012,16
8588,18,120,3529.97,20.9,449.05,0,44.2556084296397,40.5846363018355,47.0428280081577,17
8588,18,120,5862.57,25.89,747.4,3,79.3337865397689,86.6757307953773,71.7878993881713,18
8588,18,120,4868,21.41,693.32,0,67.0292318150918,47.0428280081577,67.7770224337186,19
8588,18,90,3928.16,20.69,579.58,0,51.1216859279402,37.7294357579878,58.6675730795377,20
8588,18,90,4844.05,22.41,879.7,0,66.5533650577838,57.6478585995921,80.0815771583956,21
8588,18,90,4316.64,20.7,532.79,0,57.0360299116247,37.7974167233175,55.4044867437118,22
8588,18,85,2726.18,20.73,340.72,0,35.5540448674371,38.0693405846363,36.2338545207342,23
8588,18,90,4588.2,26.13,596.62,2,62.2705642420122,88.37525492862,60.231135282121,24
8588,18,90,586.13,6.75,12.76,0,14.2760027192386,2.92318150917743,1.01971447994562,25
8588,18,90,2895.26,19.32,321.58,0,37.5254928619986,25.5608429639701,34.5343303874915,26
8588,18,90,3917.86,21.34,509.23,0,50.9177430319511,46.1590754588715,52.6852481305235,27
8588,18,90,4168.81,25.12,544.75,1,54.3167912984364,81.2372535690007,56.4242012236574,28
8588,18,120,3116.95,23,403.8,1,39.6329027872196,63.5622025832767,42.0122365737593,29
8588,18,120,1484.92,26.01,214.56,1,21.1420802175391,87.3555404486744,24.8130523453433,30
8588,18,95,956.01,5.65,15.2,0,17.3351461590755,1.08769544527532,1.42760027192386,31
8588,18,90,3655.13,21.74,504.37,0,45.7511896668933,50.3059143439837,52.3453433038749,32
8588,18,90,1934.37,23.71,238.57,1,25.4248810333107,69.8164513936098,27.1244051665534,33
8588,18,120,6017.76,24.25,765.85,3,80.5574439157036,72.8076138681169,73.3514615907546,34
8588,18,120,2372.96,20.55,251.41,0,30.6594153636982,35.9619306594154,28.0761386811693,35
8588,18,120,3716.32,18.68,405.6,0,46.974847042828,22.9095853161115,42.4201223657376,36
8588,18,120,4743.94,20.87,522.15,0,64.7178789938817,39.9728076138681,54.3847722637661,37
8588,18,150,6418.2,23.55,1043.74,2,84.8402447314752,68.6607749830048,88.1033310673012,38
8588,18,120,5199.66,21.86,684.49,0,71.2440516655336,52.3453433038749,67.3011556764106,39
8588,18,120,5419.21,20.41,740.08,0,74.3711760707002,34.2624065261727,71.3800135961931,40
8588,18,90,4314.65,26.19,544.79,2,56.968048946295,89.1910265125765,56.4921821889871,41
8993,21,120,4177.39,23.73,556.67,2,64.5645645645646,69.3693693693694,61.5615615615616,1
8993,21,87,3356.07,19.8,405.55,0,43.2432432432432,25.2252252252252,37.2372372372372,2
8993,21,97,6539.72,20.3,1098.24,0,96.6966966966967,27.9279279279279,94.8948948948949,3
8993,21,105,6331.86,26.41,930.34,3,96.0960960960961,88.8888888888889,88.5885885885886,4
8993,21,94,3685.73,21.21,453.33,0,54.6546546546547,41.1411411411411,45.3453453453453,5
8993,21,97,3312.72,20.07,413.87,0,42.042042042042,26.1261261261261,38.4384384384384,6
8993,21,91,3833.89,23.4,548.84,1,57.6576576576577,64.2642642642643,60.0600600600601,7
8993,21,93,1470.94,21.68,252.3,0,8.40840840840841,48.3483483483483,14.4144144144144,8
8993,21,90,2760.77,23.89,415.08,2,28.2282282282282,71.1711711711712,39.039039039039,9
8993,21,75,4661.37,21.67,413.13,0,76.2762762762763,48.048048048048,38.1381381381381,10
8993,21,75,3929.96,23.88,386.57,4,59.4594594594595,70.8708708708709,34.5345345345345,11
8993,21,75,3288.2,17.88,308.14,0,41.1411411411411,15.6156156156156,22.2222222222222,12
8993,21,75,4533.63,20.73,449.95,0,73.5735735735736,33.9339339339339,44.7447447447448,13
8993,21,70,2442.74,17.73,300.35,0,21.9219219219219,14.1141141141141,21.021021021021,14
8993,21,109,707.67,13.58,38.23,0,5.10510510510511,3.6036036036036,3.003003003003,15
8993,21,120,4197.25,20.32,620.65,0,65.4654654654655,28.2282282282282,69.6696696696697,16
8993,21,100,2205.37,19.51,359.49,0,15.6156156156156,23.7237237237237,30.03003003003,17
8993,21,75,3068.68,20.84,521.18,0,36.036036036036,36.3363363363363,55.8558558558559,18
8993,21,108,2715.17,21.12,444.24,0,26.7267267267267,39.3393393393393,43.5435435435435,19
8993,21,83,3452.17,22.91,529.29,1,46.2462462462462,57.3573573573574,57.6576576576577,20
8993,21,120,3642.41,20.55,542.34,0,53.1531531531532,31.5315315315315,59.4594594594595,21
8993,21,95,2172.63,16.24,212.92,0,14.7147147147147,10.2102102102102,10.5105105105105,22
8993,21,100,5166.96,21.57,823.93,0,86.1861861861862,46.5465465465465,84.6846846846847,23
8993,21,110,4355.47,24.38,582.91,4,70.5705705705706,75.0750750750751,65.1651651651652,24
8993,21,120,3405.44,17.27,370.21,0,45.3453453453453,12.3123123123123,32.7327327327327,25
8993,21,95,3981.01,24,555.95,4,60.6606606606607,72.6726726726727,60.960960960961,26
8993,21,111,3067.92,20.78,447.63,0,35.7357357357357,35.1351351351351,44.1441441441441,27
8993,21,112,628.3,13.82,45.42,0,4.2042042042042,4.8048048048048,3.9039039039039,28
8993,21,115,255.7,15.14,26.95,0,0.900900900900901,7.80780780780781,1.5015015015015,29
8993,21,112,3052.41,18.94,488.91,0,35.4354354354354,19.5195195195195,50.7507507507508,30
8993,21,75,2538.91,22.06,284.08,0,22.8228228228228,50.7507507507508,18.018018018018,31
8993,21,111,1137.14,17.03,115.58,0,7.50750750750751,11.1111111111111,6.90690690690691,32
8993,21,75,2786.93,18.55,325.72,0,29.4294294294294,18.018018018018,24.6246246246246,33
8993,21,111,587.5,15.91,53.16,0,3.3033033033033,9.00900900900901,4.5045045045045,34
8993,21,106,2924.2,19.83,472.75,0,32.7327327327327,25.5255255255255,48.048048048048,35
8993,21,106,598.8,13.66,45.6,0,3.9039039039039,4.2042042042042,4.2042042042042,36
8993,21,100,4707.35,23.64,916.23,1,77.1771771771772,67.8678678678679,87.987987987988,37
8993,21,107,1646.55,19.39,200.02,0,9.30930930930931,22.2222222222222,9.30930930930931,38
9385,18,120,5630.42,22.79,717.14,1,77.1583956492182,62.2705642420122,70.1563562202583,1
9385,18,120,6362.56,24.29,973.06,3,84.5003399048266,73.3514615907546,84.3643779741672,2
9385,18,120,5952.36,25.68,1040.45,1,79.9456152277362,85.6560163154317,87.9673691366417,3
9385,18,150,8152.49,28.63,1326.51,6,95.5132562882393,99.1842284160435,94.8334466349422,4
9385,18,90,2104.06,23.25,208.5,0,27.3283480625425,66.2134602311353,24.4051665533651,5
9385,18,120,3866.53,22.48,447.58,1,49.3541808293678,58.8715159755269,46.8388851121686,6
9385,18,120,5475.74,24.85,754.2,1,74.8470428280082,78.7219578518015,72.5356900067981,7
9385,18,120,4313.75,26.28,676.91,1,56.9000679809653,90.006798096533,66.4853840924541,8
9385,18,105,10457.89,24.54,2134.11,8,99.7280761386812,75.7987763426241,99.7960571040109,9
9385,18,120,7374.24,27.91,1086.46,4,92.1142080217539,97.4847042828008,89.5989123045547,10
9385,18,95,8943.89,28.32,1632.1,2,97.8925900747791,98.6403806934058,98.4364377974167,11
9385,18,90,921.64,13.83,86.06,0,17.0632222977566,16.519374575119,17.199184228416,12
9385,18,95,7566.6,26.35,1476.75,6,92.794017675051,90.4146838885112,97.1447994561523,13
9385,18,90,4789.06,22.34,619.85,1,65.3297076818491,56.8320870156356,62.0666213460231,14
9385,18,90,3888.8,24.02,544.67,1,50.0339904826649,71.1760707002039,56.3562202583277,15
9385,18,120,6146.42,26.92,818.07,4,81.9850441876275,93.7457511896669,76.8864717878994,16
9385,18,90,4444.75,26.25,593.8,6,59.6872875594834,89.5989123045547,59.8912304554725,17
9385,18,120,4536.52,22.91,543.9,1,61.0469068660775,63.0863358259687,56.2202583276682,18
9385,18,100,9901.37,25.08,1796.24,9,99.2522093813732,80.9653297076819,99.3881713120326,19
9385,18,90,4372.61,29.48,698.67,4,57.9877634262407,99.7960571040109,68.6607749830048,20
9385,18,90,3891.13,22.77,461.27,0,50.1019714479946,61.7267165193746,48.5384092454113,21
9385,18,90,3659.09,23.06,431.8,1,45.8871515975527,64.7858599592114,44.7994561522774,22
9385,18,90,7860.65,26.02,1555.75,5,94.2216179469748,87.4235214140041,97.8925900747791,23
9385,18,85,3651.6,24.5,454.47,5,45.6832087015636,75.1869476546567,47.5866757307954,24
9385,18,90,8328.47,24.31,1561.54,6,95.9891230455472,73.6233854520734,98.0965329707682,25
9385,18,120,7550.9,24.97,1093.99,4,92.7260367097213,79.8096532970768,90.0747790618627,26
9385,18,120,4948.16,23.41,653.27,1,68.1849082256968,67.43711760707,64.9898028552005,27
9385,18,90,2595.14,23.28,438.86,1,33.5825968728756,66.4174031271244,45.819170632223,28
9385,18,90,6972.76,26.5,1296.38,2,89.5989123045547,91.3664174031271,94.425560842964,29
9385,18,120,448.06,12.79,31.04,0,9.38137321549966,15.1597552685248,6.39021074099252,30
9385,18,120,7167.95,23.94,1426.52,5,91.2984364377974,70.6322229775663,96.1930659415364,31
9385,18,120,2784.87,20.13,265.64,0,36.3698164513936,31.6791298436438,29.5717199184228,32
9385,18,90,8209.46,26.22,1474.79,8,95.6492182188987,89.2590074779062,97.0768184908226,33
9385,18,120,4794.97,22.13,824.64,0,65.5336505778382,55.1325628823929,77.3623385452073,34
9385,18,120,3187.58,25.15,386.89,6,40.4486743711761,81.4411964649898,40.1767505098572,35
9385,18,90,5333.49,25.76,1011,2,73.011556764106,86.1998640380693,86.4038069340585,36
9385,18,90,1564.11,20.43,165.32,0,21.9578518014956,34.5343303874915,20.1903467029232,37
9385,18,90,9348.09,24.97,1714.96,8,98.5723997280761,79.8096532970768,99.1842284160435,38
9385,18,120,7762.46,27.24,1197.03,3,93.7457511896669,95.0373895309313,92.5220938137322,39
9385,18,90,4632.24,21.78,910.42,0,63.2902787219578,50.8497620666214,81.5091774303195,40
9385,18,120,1685.44,22.68,228.66,1,22.9775662814412,61.1148878314072,26.3086335825969,41
9385,18,90,7810.97,25.2,1525.07,10,93.8137321549966,81.9850441876275,97.6206662134602,42
9385,18,120,2242.55,22.5,310.62,0,29.1638341264446,59.075458871516,33.5825968728756,43
9385,18,120,2488.95,23.9,443.26,1,32.087015635622,70.5642420122366,46.4989802855201,44
9385,18,120,336.05,9.61,38.65,0,4.21481985044188,10.7409925220938,11.0129163834126,45
9385,18,120,1922.93,21.67,378.65,0,25.2209381373216,49.4901427600272,39.1570360299116,46
9385,18,120,6248.03,26.14,1414.29,5,83.0727396329028,88.4432358939497,95.8531611148878,47
9385,18,120,3566.89,26.14,661.45,7,44.5275322909585,88.4432358939497,65.5336505778382,48
9385,18,90,1302.55,18.9,208.57,0,20.1223657375935,23.4534330387492,24.4731475186948,49
9385,18,120,2137.79,19.4,419.44,0,28.0081577158396,26.2406526172672,43.5757987763426,50
9385,18,90,7162.12,24.95,1559.97,4,91.0944935418083,79.6057104010877,97.9605710401088,51
9385,18,90,3508.52,25.33,410.41,3,43.9836845683209,83.0727396329028,42.9639700883753,52
10135,20,110,5183.71,24.05,707.65,1,78.1566820276498,77.1428571428572,76.8663594470046,1
10135,20,105,8128.13,27.4,1162.79,4,96.6820276497696,97.6958525345622,94.9308755760369,2
10135,20,100,8764.16,25.06,976.5,6,98.4331797235023,86.0829493087558,90.5990783410138,3
10135,20,95,3526.76,25.08,422.36,2,42.3041474654378,86.3594470046083,40.5529953917051,4
10135,20,70,1652.79,13.84,128.33,0,10.3225806451613,6.26728110599078,7.37327188940092,5
10135,20,100,3800.45,21.03,384.7,0,51.6129032258064,37.8801843317972,34.1935483870968,6
10135,20,104,7025.46,26.81,933.22,7,91.889400921659,96.221198156682,89.6774193548387,7
10135,20,90,6234.54,24,853.52,4,86.3594470046083,76.4976958525346,85.8986175115207,8
10135,20,120,5388.8,21.89,572.5,1,80.36866359447,49.0322580645161,64.4239631336406,9
10135,20,105,3012.21,24.65,281.2,2,28.8479262672811,82.7649769585254,18.0645161290323,10
10135,20,110,4392.21,25.51,448.07,3,66.1751152073733,90.0460829493088,46.2672811059908,11
10135,20,100,1758.22,16.52,180.32,0,10.9677419354839,8.84792626728111,9.40092165898617,12
10135,20,78,3954.05,19.5,431.59,0,55.668202764977,22.2119815668203,42.3963133640553,13
10135,20,75,726.82,10.43,58.9,0,4.51612903225806,2.30414746543779,3.41013824884793,14
10135,20,105,2947.8,18.64,282.64,0,27.1889400921659,15.4838709677419,18.2488479262673,15
10135,20,123,7073.79,25.5,864.84,3,92.4423963133641,89.9539170506912,86.7281105990783,16
10135,20,120,6169.19,21.31,803.64,0,85.8986175115207,40.9216589861751,83.2258064516129,17
10135,20,90,6811.64,27.59,1211.44,7,90.4147465437788,98.1566820276498,95.668202764977,18
10135,20,80,3335.41,21.78,379.25,0,36.405529953917,47.4654377880184,32.9953917050691,19
10135,20,99,3377.11,22.97,290.44,1,37.4193548387097,64.6082949308756,18.7096774193548,20
10135,20,116,5833.17,25.27,710.14,7,83.5023041474654,87.926267281106,77.1428571428572,21
10135,20,100,4558.4,24.17,438.75,1,69.8617511520737,78.4331797235023,44.2396313364055,22
10135,20,90,4273.86,23.3,703.09,2,63.2258064516129,68.7557603686636,76.221198156682,23
10135,20,110,2990.91,22.68,298.95,1,28.6635944700461,60.2764976958525,19.7235023041475,24
10135,20,77,3142.03,26.46,467.55,1,31.2442396313364,94.6543778801843,50.2304147465438,25
10135,20,105,4233.91,24.64,464.51,1,62.2119815668203,82.6728110599078,49.6774193548387,26
10135,20,90,6757.83,26.63,1232.2,7,89.9539170506912,95.4838709677419,96.1290322580645,27
10135,20,74,2372.22,18.36,318.82,0,16.5898617511521,14.0092165898618,22.1198156682028,28
10135,20,101,4741.97,21.51,778.48,0,73.1797235023042,43.5023041474654,81.6589861751152,29
10135,20,100,4458.07,21.48,699.6,0,67.1889400921659,42.6728110599078,75.7603686635945,30
10135,20,90,3694.66,20.46,488.02,0,48.5714285714286,30.7834101382488,53.3640552995392,31
10135,20,70,2453.08,20.1,342.31,0,17.8801843317972,27.4654377880184,26.2672811059908,32
10135,20,90,4790.13,20.75,722.16,0,74.1013824884793,33.6405529953917,77.9723502304147,33
10135,20,76,2914.64,18.48,390.07,0,26.3594470046083,14.8387096774194,35.2073732718894,34
10135,20,73,2660.39,21.2,378.27,0,20.6451612903226,39.3548387096774,32.4423963133641,35
10135,20,90,7305.87,27.26,1329.76,6,93.2718894009217,97.4193548387097,97.8801843317972,36
10135,20,90,3980.04,23.7,699.22,2,56.5898617511521,73.2718894009217,75.668202764977,37
10135,20,90,3896.18,18.65,508.2,0,53.7327188940092,15.5760368663594,56.9585253456221,38
10135,20,90,3570.73,20.68,518.15,0,43.8709677419355,33.0875576036866,58.2488479262673,39
10135,20,90,4222.83,19.05,501.77,0,61.8433179723502,18.0645161290323,55.9447004608295,40
10135,20,90,7627.26,27.09,1373.88,5,94.3778801843318,97.0506912442396,98.5253456221198,41
10135,20,90,4987.94,23.98,820.66,2,76.221198156682,76.4055299539171,84.147465437788,42
10135,20,90,2424.45,20.99,316.32,0,17.4193548387097,37.0506912442396,21.6589861751152,43
10135,20,90,3845.67,23.28,593.58,1,52.8110599078341,68.294930875576,67.0046082949309,44
10135,20,90,7864.44,28.39,1317.19,6,95.5760368663594,99.0783410138249,97.6036866359447,45
10135,20,90,6070.56,25.63,608.81,5,84.8847926267281,90.5069124423963,68.3870967741936,46
10135,20,70,2426.51,16.6,295.72,0,17.5115207373272,9.03225806451613,19.3548387096774,47
10135,20,90,6541.5,26.14,861.45,3,88.4792626728111,93.5483870967742,86.5437788018433,48
10135,20,110,3559.35,20.42,365.04,0,43.2258064516129,30.4147465437788,30.4147465437788,49
10135,20,90,6837.49,26.64,841.73,7,90.7834101382488,95.5760368663594,85.4377880184332,50
10135,20,90,3950.49,22.49,643.37,0,55.3917050691244,57.7880184331797,72.073732718894,51
10135,20,110,4658.86,25.23,645.74,3,72.073732718894,87.4654377880184,72.1658986175115,52
10135,20,100,5095.16,23.97,561.44,2,77.7880184331797,76.221198156682,63.594470046083,53
12385,20,123,6014.48,27.05,793.79,7,84.6082949308756,96.9585253456221,82.3963133640553,1
12385,20,120,3070.19,22.24,373.76,0,29.9539170506912,54.6543778801843,31.3364055299539,2
12385,20,105,2832.77,21.66,296.43,0,24.331797235023,45.7142857142857,19.5391705069124,3
12385,20,110,4661.7,27.51,528.73,5,72.258064516129,97.9723502304147,59.63133640553,4
12385,20,78,4829.07,20.28,669.06,0,74.5622119815668,28.8479262672811,73.9170506912442,5
12385,20,75,839.57,12.32,83.84,0,6.08294930875576,3.87096774193548,5.43778801843318,6
12385,20,105,3513.91,22.95,472.72,1,42.1198156682028,64.0552995391705,51.0599078341014,7
12385,20,90,1465.99,24.01,206.36,1,9.5852534562212,76.5898617511521,10.9677419354839,8
12385,20,74,2565.34,18.33,267.04,0,19.1705069124424,13.7327188940092,16.405529953917,9
12385,20,100,4594.33,22.95,550.86,0,70.6912442396313,64.0552995391705,62.3963133640553,10
12385,20,90,3289.88,18.9,370.4,0,35.2995391705069,17.0506912442396,31.1520737327189,11
12385,20,80,4563.02,22.19,522.33,0,69.9539170506912,53.7327188940092,58.8940092165899,12
12385,20,70,2519.99,19.33,242.57,0,18.2488479262673,20.36866359447,13.5483870967742,13
12385,20,90,2659.02,18.28,271.23,0,20.5529953917051,13.2718894009217,16.4976958525346,14
12385,20,90,3250.71,22,341.33,0,34.1013824884793,50.5069124423963,25.9907834101382,15
12385,20,73,2441.52,18.9,291.8,0,17.6958525345622,17.0506912442396,18.9861751152074,16
12385,20,90,1319.41,17.46,122.46,0,8.75576036866359,10.3225806451613,7.1889400921659,17
12385,20,90,8065.32,28.14,1132.31,7,96.221198156682,98.7096774193548,94.1935483870968,18
12385,20,90,3559.38,25.36,427.22,3,43.3179723502304,88.4792626728111,41.5668202764977,19
12385,20,90,4048.41,23.82,561.61,2,57.7880184331797,75.0230414746544,63.6866359447005,20
12385,20,90,5296.56,22.48,685.12,0,79.4470046082949,57.6036866359447,74.7465437788019,21
12385,20,90,3757.72,23.58,432.56,1,50.1382488479263,72.3502304147465,42.8571428571429,22
12385,20,90,8890.47,25.91,1213.51,19,98.6175115207373,92.258064516129,95.852534562212,23
12385,20,90,5327.72,22.95,638.38,2,79.63133640553,64.0552995391705,71.5207373271889,24
12385,20,70,2719.39,16.58,258.77,0,21.4746543778802,8.94009216589862,15.2995391705069,25
12385,20,90,3508.61,25.49,457.52,5,41.9354838709677,89.8617511520737,48.2027649769585,26
12385,20,110,4549.09,20.62,573.4,0,69.4930875576037,32.258064516129,64.7004608294931,27
12385,20,90,2499.47,22.38,300.43,1,18.0645161290323,56.4055299539171,19.9078341013825,28
12385,20,90,4307.29,25.92,581.35,7,64.0552995391705,92.5345622119816,65.4377880184332,29
12385,20,90,4076.36,24.15,489.68,2,58.6175115207373,78.1566820276498,53.9170506912442,30
13689,18,90,2906.28,14.31,221.25,0,37.7294357579878,16.9952413324269,25.4248810333107,1
13689,18,150,6987.16,19.75,582.33,0,89.6668932698844,28.5520054384772,58.9394969408566,2
13689,18,120,4826.97,21.71,441.89,0,66.0774983004759,50.0339904826649,46.2270564242012,3
13689,18,120,4596.14,21.19,387,0,62.5424881033311,44.3915703602991,40.2447314751869,4
13689,18,120,4263.92,19.32,329.82,0,55.7443915703603,25.5608429639701,35.2821210061183,5
13689,18,90,428.22,7.75,31.07,0,7.68184908225697,6.25424881033311,6.45819170632223,6
13689,18,120,3518.06,21.52,302.99,0,44.0516655336506,47.7226376614548,32.9027872195785,7
13689,18,120,4111.08,21.67,310.73,0,53.2970768184908,49.4901427600272,33.6505778382053,8
13689,18,120,3303.69,20.19,258.39,0,42.0802175390891,32.3589394969409,28.8239292997961,9
13689,18,120,4924.6,25.92,425.56,3,67.7770224337186,86.8796736913664,43.9157036029912,10
13689,18,95,3995.12,19.9,320.09,0,52.2773623385452,29.8436437797417,34.194425560843,11
13689,18,90,2491.42,13.46,179.5,0,32.2229775662814,16.043507817811,21.5499660095173,12
13689,18,95,4926.66,19,380.56,0,67.8450033990483,23.7933378653977,39.5649218218899,13
13689,18,90,3718.49,20.86,325.22,0,47.1108089734874,39.8368456832087,34.7382732834806,14
13689,18,90,2769.8,20.3,223.39,0,36.0978925900748,33.1067301155676,25.6968048946295,15
13689,18,120,3801.66,26.39,226.94,1,48.4704282800816,90.8225696804895,26.1726716519375,16
13689,18,90,4112.74,25.17,374.54,2,53.4330387491502,81.7811012916383,38.8171312032631,17
13689,18,120,3796.43,19.59,295.67,0,48.3344663494222,27.6002719238613,32.1549966009517,18
13689,18,100,6348.58,19.18,464.09,0,84.2284160435078,24.6770904146839,48.9462950373895,19
13689,18,90,3285.35,25.34,318.3,2,41.9442556084296,83.1407205982325,34.0584636301836,20
13689,18,85,2923.96,13.22,247.34,0,37.7974167233175,15.8395649218219,27.668252889191,21
13689,18,90,3103.97,19.36,249.05,0,39.4969408565602,25.9007477906186,27.9401767505099,22
13689,18,90,2324,21.56,201.71,0,30.0475866757308,48.1985044187627,23.725356900068,23
13689,18,90,5384.1,21.34,403.91,0,73.7593473827328,46.1590754588715,42.0802175390891,24
13689,18,90,5741.32,19.33,433.93,0,78.1781101291638,25.7647858599592,45.343303874915,25
13689,18,120,342.08,5.65,18.03,0,4.48674371176071,1.08769544527532,1.83548606390211,26
13689,18,120,4435.02,22.4,379.37,0,59.4833446634942,57.3759347382733,39.2250169952413,27
13689,18,90,4457.84,18.43,312.62,0,59.8912304554725,21.6859279401768,33.9225016995241,28
13689,18,90,5703.42,20.83,417.74,0,77.8382053025153,39.4289598912305,43.3718558803535,29
13689,18,120,449.75,8.51,36.59,0,9.51733514615908,8.63358259687288,9.7212780421482,30
13689,18,120,4274.81,22.46,374.15,0,55.8803535010197,58.3956492182189,38.7491502379334,31
13689,18,120,2416.02,21.91,219.95,0,31.0673011556764,52.8212100611829,25.356900067981,32
13689,18,90,4425.17,21.16,277.8,0,59.2794017675051,43.8477226376615,30.7273963290279,33
13689,18,120,2705.36,12.73,270.93,0,35.1461590754589,14.887831407206,30.1835486063902,34
13689,18,90,5337.88,22.79,463.45,1,73.1475186947655,62.2705642420122,48.8783140720598,35
13689,18,90,436.16,6.94,50.49,0,8.29367777022434,3.5350101971448,14.411964649898,36
13689,18,90,5147.66,20.49,372.92,0,70.6322229775663,35.2821210061183,38.613188307274,37
13689,18,120,4504.16,19.78,411.38,0,60.5710401087695,28.8239292997961,43.031951053705,38
13689,18,120,319.73,8.24,37.21,0,3.39904826648538,7.81781101291638,10.0611828687967,39
13689,18,90,2508.57,18.58,236.48,0,32.4949014276003,22.3657375934738,26.8524813052345,40
13689,18,120,2200.75,23.29,300.05,1,28.6199864038069,66.5533650577838,32.56288239293,41
13689,18,120,1759.94,21.24,286.58,0,23.8613188307274,45.0033990482665,31.3392250169952,42
13689,18,120,213.86,7.92,27.22,0,1.56356220258328,6.66213460231135,5.16655336505778,43
13689,18,120,3046.55,16.38,371.09,0,39.0210740992522,18.830727396329,38.4092454112848,44
13689,18,120,410.84,7.96,29.83,0,6.39021074099252,6.79809653297077,5.84636301835486,45
13689,18,90,1181.84,21.49,149.33,0,18.830727396329,47.3147518694765,18.9666893269884,46
13689,18,120,246,9.61,24.27,0,2.17539089055065,10.7409925220938,3.87491502379334,47
13689,18,90,4326.84,25.02,438.52,1,57.1719918422842,80.4214819850442,45.6832087015636,48
13689,18,90,2033.24,20.81,166.15,0,26.5805574439157,38.8851121685928,20.2583276682529,49
14904,18,95,3373.16,25.26,592.15,1,42.4881033310673,82.3929299796057,59.7552685248131,1
14904,18,120,575.67,6.4,32.4,0,14.1400407885792,2.17539089055065,7.20598232494901,2
14904,18,120,407.91,6.92,19.33,0,6.1862678450034,3.46702923181509,2.31135282121006,3
14904,18,120,608.03,7.19,37.22,0,14.4799456152277,4.55472467709041,10.1291638341264,4
14904,18,120,212.76,27.9,35.28,1,1.42760027192386,97.4167233174711,8.837525492862,5
14904,18,120,4298.76,20.59,726.37,0,56.4242012236574,36.2338545207342,70.4962610469069,6
14904,18,90,3711.1,20.93,694.99,0,46.7709041468389,40.8565601631543,68.1169272603671,7
14904,18,90,2547.51,21.24,474.01,0,32.9027872195785,45.0033990482665,49.4901427600272,8
14904,18,120,315.62,9.97,34.57,0,3.26308633582597,11.3528212100612,8.36165873555404,9
14904,18,90,1290.83,21.1,162.23,0,19.9864038069341,42.4881033310673,19.9184228416044,10
14904,18,120,5485.79,24.91,958.16,7,74.9830047586676,79.2658055744392,83.480625424881,11
14904,18,120,6213.34,25.49,1014.48,1,82.6648538409246,84.3643779741672,86.6757307953773,12
14904,18,90,457.11,9.86,38.56,0,10.1291638341264,11.1488783140721,10.9449354180829,13
14904,18,120,416.06,7.82,35.76,0,6.86607749830048,6.39021074099252,9.04146838885112,14
14904,18,120,415.74,7.4,28.88,0,6.66213460231135,5.03059143439837,5.50645819170632,15
14904,18,120,2319.91,20.48,370.59,0,29.9796057104011,35.1461590754589,38.3412644459551,16
14904,18,120,410.29,8.06,33.01,0,6.25424881033311,7.27396329027872,7.47790618626784,17
14904,18,120,323.96,7.96,37.74,0,3.80693405846363,6.79809653297077,10.469068660775,18
14904,18,120,4786.59,26.64,636.5,3,65.2617267165194,92.0462270564242,63.6981645139361,19
14904,18,90,496.1,10.17,49.79,0,12.3045547246771,11.5567641060503,14.3439836845683,20
14904,18,90,4985.48,22.17,888.58,0,68.5248130523454,55.336505778382,80.6254248810333,21
14904,18,90,2365.31,21.33,398.84,0,30.5914343983685,46.0231135282121,41.6723317471108,22
14904,18,120,1713.69,22.26,215.35,0,23.1135282121006,56.2202583276682,24.9490142760027,23
14904,18,120,9726.34,24.09,1605.82,4,98.9802855200544,71.5839564921822,98.3004758667573,24
14904,18,90,5180.93,20.42,688.97,0,71.1080897348742,34.3983684568321,67.5050985723997,25
14904,18,85,3962.31,22.7,498.93,1,52.0734194425561,61.386811692726,51.6655336505778,26
14904,18,90,3280.22,20.52,389.02,0,41.8762746430999,35.7579877634262,40.3127124405167,27
14904,18,90,5160.84,21.75,974.15,0,70.8361658735554,50.4418762746431,84.5003399048266,28
14904,18,90,3220.46,20.32,372.71,0,40.924541128484,33.3106730115568,38.5452073419443,29
14904,18,90,4443.98,20.97,546.85,0,59.6193065941536,41.1284840244732,56.6961250849762,30
14904,18,90,5012.6,26.1,627.26,4,68.9326988443236,88.2392929979606,62.6784500339905,31
14904,18,100,4638.42,23.98,819.36,1,63.494221617947,70.9721278042148,77.0224337185588,32
14904,18,120,478.97,9.58,24.81,0,11.4887831407206,10.6050305914344,4.07885791978246,33
14904,18,90,4798.76,24.97,628.25,3,65.6016315431679,79.8096532970768,62.8823929299796,34
14904,18,120,449.91,8.96,35.69,0,9.58531611148878,9.58531611148878,8.97348742352141,35
14904,18,120,5895.99,23.45,897.47,2,79.537729435758,67.8450033990483,81.169272603671,36
14904,18,120,6053.28,19.11,780.14,0,80.9653297076819,24.2692046227056,74.5751189666893,37
14904,18,90,5672.26,23.55,1018.47,2,77.5662814411965,68.6607749830048,86.8116927260367,38
14904,18,90,2808.63,20.87,530.48,0,36.6417403127124,39.9728076138681,55.1325628823929,39
14904,18,120,494.18,7.03,31.36,0,12.1685927940177,4.14683888511217,6.73011556764106,40
14904,18,120,6910.95,25.57,994.88,2,89.3269884432359,85.112168592794,85.4520734194426,41
14904,18,90,3757.53,20.42,533.96,0,47.7906186267845,34.3983684568321,55.4724677090415,42
15725,19,90,5368.96,23.98,540.34,2,50.4918032786885,72.4590163934426,22.9508196721311,1
15725,19,75,3962.04,23.03,408.12,2,18.3606557377049,60.983606557377,11.8032786885246,2
15725,19,120,5136.58,22.93,641,1,41.9672131147541,60.327868852459,44.2622950819672,3
15725,19,90,4400.57,23.25,443.75,1,26.2295081967213,64.2622950819672,14.0983606557377,4
15725,19,90,6918.4,26.05,866.1,6,84.9180327868852,90.8196721311475,75.4098360655738,5
15725,19,90,5621.19,24.06,624.82,1,61.3114754098361,74.4262295081967,41.9672131147541,6
15725,19,90,3651.09,19.25,433.71,0,14.4262295081967,15.4098360655738,12.7868852459016,7
15725,19,90,4835.3,24.02,486.78,4,35.7377049180328,73.4426229508197,16.7213114754098,8
15725,19,90,5250.28,21.78,599.35,0,46.2295081967213,40.327868852459,37.0491803278689,9
15725,19,95,5980.86,21.19,664.57,0,71.1475409836066,30.8196721311475,49.5081967213115,10
15725,19,100,6628.69,22.85,742.15,1,80,58.0327868852459,59.672131147541,11
15725,19,120,8090.5,26.85,915.97,8,94.0983606557377,96.7213114754098,81.9672131147541,12
15725,19,100,8552.62,27.8,1149.77,4,98.3606557377049,98.6885245901639,95.7377049180328,13
15725,19,90,4830.67,23.36,586.21,1,35.4098360655738,65.9016393442623,32.4590163934426,14
15725,19,70,5461.98,26.02,657.65,3,53.1147540983606,90.4918032786885,47.2131147540984,15
15725,19,100,4990.82,28.52,548.2,5,39.672131147541,99.016393442623,23.6065573770492,16
15725,19,90,5091.9,28.56,557.28,3,40.327868852459,99.344262295082,25.2459016393443,17
15725,19,90,1936.07,17.95,138.44,0,7.21311475409836,10.4918032786885,6.88524590163934,18
15959,19,95,6825.15,22.69,820.16,1,82.6229508196721,57.0491803278689,69.8360655737705,1
15959,19,75,4248.96,25.33,540.53,1,23.6065573770492,85.2459016393443,23.2786885245902,2
15959,19,90,5535.84,23.5,615.82,1,57.0491803278689,67.5409836065574,40.655737704918,3
15959,19,90,5844.82,26.61,707.34,6,68.1967213114754,94.7540983606557,53.7704918032787,4
15959,19,100,8494.67,26.42,1192.27,6,97.7049180327869,93.4426229508197,97.3770491803279,5
15959,19,90,5349.57,21.95,638.83,0,49.8360655737705,43.9344262295082,43.6065573770492,6
15959,19,70,5854.17,26.31,792.63,3,69.1803278688525,92.7868852459016,66.5573770491803,7
15959,19,100,3948.82,24.51,504.94,5,17.3770491803279,77.7049180327869,18.0327868852459,8
15959,19,90,531.2,13.28,45.55,0,3.27868852459016,3.27868852459016,3.27868852459016,9
15959,19,100,6297.53,24.04,945.76,2,77.0491803278689,73.7704918032787,83.2786885245902,10
15959,19,120,8041.74,25.41,954.88,6,93.1147540983606,86.2295081967213,84.5901639344262,11
15959,19,120,8124.76,24.04,1058.27,3,94.7540983606557,73.7704918032787,92.1311475409836,12
15959,19,90,4406.31,26.43,563.63,2,26.5573770491803,93.7704918032787,25.9016393442623,13
15959,19,90,7331.55,26.32,961.5,5,87.2131147540984,93.1147540983606,85.5737704918033,14
15959,19,90,5761.76,23.61,774.14,1,66.5573770491803,69.8360655737705,63.2786885245902,15
15959,19,90,3537.18,18.64,474.76,0,13.7704918032787,12.1311475409836,15.7377049180328,16
15959,19,90,5106.16,24.33,648.66,2,40.655737704918,76.7213114754098,46.2295081967213,17
15959,19,90,6829.29,21.23,880.09,0,83.2786885245902,31.4754098360656,77.7049180327869,18
19179,18,120,4090,18.32,500.64,0,53.0931339225017,21.4140040788579,51.869476546567,1
19179,18,90,3235.05,24.52,520.63,1,41.1284840244732,75.4588715159755,54.0448674371176,2
19179,18,90,7137.91,21.64,1675.99,0,90.9585316111489,49.0822569680489,98.844323589395,3
19179,18,120,333.35,9.68,45.14,0,4.07885791978246,10.8769544527532,12.9843643779742,4
19179,18,90,1110.84,18.18,184.89,0,18.3548606390211,21.0740992522094,22.1617946974847,5
19179,18,120,334.35,5.94,20.05,0,4.14683888511217,1.42760027192386,2.58327668252889,6
19179,18,120,4785.51,23.15,912.77,1,65.1937457511897,65.3297076818491,81.7131203263086,7
19179,18,120,1494.21,21.24,305.52,0,21.2100611828688,45.0033990482665,33.1067301155676,8
19179,18,120,958.81,11.99,155.99,0,17.4031271244052,13.8681169272604,19.5785180149558,9
19179,18,120,2453.04,20.99,529.31,0,31.4751869476547,41.3324269204623,54.9286199864038,10
19179,18,120,369.97,7.63,21.92,0,5.16655336505778,5.91434398368457,2.92318150917743,11
19179,18,120,414.26,10.58,69.32,0,6.59415363698164,12.4405166553365,15.8395649218219,12
19179,18,120,6438.13,24.37,1036.86,3,85.0441876274643,74.0312712440517,87.6954452753229,13
19179,18,90,1505.08,15.53,199.33,0,21.3460231135282,18.0829367777022,23.3854520734194,14
19179,18,90,7862.54,24.52,1706.28,4,94.2895989123046,75.4588715159755,99.1162474507138,15
19179,18,120,2819.8,20.6,428.53,0,36.8456832087016,36.505778382053,44.3915703602991,16
19179,18,90,10574.48,23.22,2255.68,1,99.7960571040109,65.8735554044867,99.9320190346703,17
19179,18,120,3030.09,19.39,359.44,0,38.8851121685928,26.1726716519375,37.7294357579878,18
19179,18,120,7587.57,22.43,1362.26,0,92.9299796057104,57.9877634262407,95.3093133922502,19
19179,18,120,413.72,7.6,51.76,0,6.52617267165194,5.64242012236574,14.5479265805574,20
19179,18,120,420.21,10.23,45.9,0,7.13800135961931,11.8966689326988,13.3922501699524,21
19179,18,90,8319.55,23.17,1829,0,95.9211420802175,65.4656696125085,99.5921142080218,22
19179,18,90,6741.84,25.02,1458.06,6,87.899388171312,80.4214819850442,96.8728755948334,23
19179,18,120,5283.72,26.85,854.13,3,72.2637661454793,93.2019034670292,78.5859959211421,24
19179,18,120,6692.73,24.66,1149.37,3,87.4235214140041,76.9544527532291,91.7063222297757,25
19179,18,90,3707.23,19.24,617.51,0,46.6349422161795,25.1529571719918,61.9306594153637,26
19179,18,90,6962.25,26.92,1499.7,3,89.530931339225,93.7457511896669,97.4847042828008,27
19179,18,90,3920.11,22.02,597.16,0,50.9857239972808,53.8409245411285,60.3670972127804,28
19179,18,85,3234.88,23.2,477.39,1,41.0605030591434,65.7375934738273,49.762066621346,29
19179,18,90,4301.65,29.51,694.62,4,56.5601631543168,99.8640380693406,68.0489462950374,30
19179,18,90,4509.82,24.53,889.37,0,60.8429639700884,75.7307953772944,80.7613868116927,31
19179,18,90,3323.17,21.73,491.98,0,42.2161794697485,50.1699524133243,51.3256288239293,32
19179,18,90,5523.94,22.27,996.77,0,75.594833446635,56.288239292998,85.5200543847723,33
19179,18,90,4545.03,28.07,747.64,2,61.2508497620666,98.0965329707682,71.855880353501,34
19179,18,120,3910.26,19.15,604.94,0,50.4418762746431,24.5411284840245,60.7749830047587,35
19179,18,120,6285.28,27.62,991.25,1,83.5486063902108,96.5329707681849,85.1801495581237,36
19179,18,95,4373.57,27.44,853.84,3,58.0557443915704,95.9211420802175,78.5180149558124,37
19179,18,90,4276.7,20.32,758.67,0,55.9483344663494,33.3106730115568,72.9435757987763,38
19179,18,95,2749.66,21.81,485.26,0,35.9619306594154,51.3256288239293,50.6458191706322,39
19179,18,90,526.56,19.18,84.84,0,12.780421481985,24.6770904146839,17.0632222977566,40
19179,18,90,2334.26,19.83,270.51,0,30.2515295717199,29.3677770224337,30.1155676410605,41
19179,18,120,6163.92,26.83,795.19,2,82.1889870836166,93.0659415363698,75.3229095853161,42
19179,18,120,2813.73,19.62,284.38,0,36.7097212780421,27.8721957851801,31.2032630863358,43
19179,18,120,629.95,7.37,37.07,0,15.0917743031951,4.96261046906866,9.92522093813732,44
19179,18,120,432.4,8.32,34.99,0,8.02175390890551,8.08973487423521,8.63358259687288,45
19179,18,120,4359.38,24.43,512.7,1,57.7838205302515,74.4391570360299,52.9571719918423,46
20057,20,90,3494.79,20.37,382.14,0,41.3824884792627,29.8617511520737,33.5483870967742,1
20057,20,90,191.43,5.99,11.98,0,1.93548387096774,0.460829493087558,1.5668202764977,2
20057,20,90,3806.59,21.73,491.49,0,51.9815668202765,46.4516129032258,54.4700460829493,3
20057,20,90,3922.97,25.61,448.34,2,55.0230414746544,90.4147465437788,46.3594470046083,4
20057,20,90,193.33,4.69,5.65,0,2.02764976958525,0.0921658986175115,0.184331797235023,5
20057,20,90,183.43,6.35,13.85,0,1.65898617511521,0.645161290322581,2.21198156682028,6
20057,20,90,562.64,12.14,44.47,0,3.41013824884793,3.50230414746544,3.04147465437788,7
20057,20,73,2266.49,17.65,234.06,0,15.5760368663594,11.2442396313364,13.1797235023041,8
20057,20,76,2356.94,13.41,229.3,0,16.3133640552995,5.80645161290323,12.3502304147465,9
20057,20,90,2864.6,21.01,258.03,0,24.8847926267281,37.4193548387097,15.2073732718894,10
20057,20,70,2792.55,19.36,260.58,0,23.5023041474654,20.7373271889401,15.7603686635945,11
20057,20,80,4549.35,21.95,632,0,69.6774193548387,49.8617511520737,70.5990783410138,12
20057,20,90,3428.9,18.04,339.7,0,38.6175115207373,12.258064516129,25.4377880184332,13
20057,20,100,4083.37,20.82,441.54,0,58.8940092165899,34.4700460829493,44.6082949308756,14
20057,20,101,4444.12,20.07,528.37,0,66.9124423963134,26.9124423963134,59.4470046082949,15
20057,20,74,2764.87,13.67,276.26,0,22.6728110599078,6.08294930875576,17.3271889400922,16
20057,20,90,4055.39,18.42,456.08,0,57.8801843317972,14.1935483870968,47.8341013824885,17
20057,20,110,1349.75,21.96,142.36,1,8.94009216589862,50.0460829493088,8.11059907834101,18
20057,20,90,3186.68,23.7,380.99,1,32.6267281105991,73.2718894009217,33.2718894009217,19
20057,20,91,156.22,12.87,9.41,0,0.921658986175115,4.33179723502304,1.10599078341014,20
20057,20,90,1667.54,23.72,232.71,1,10.4147465437788,73.5483870967742,12.8110599078341,21
20057,20,90,1872.62,19.94,266.38,0,12.258064516129,25.8064516129032,16.221198156682,22
20057,20,95,3083.58,22.42,361.7,0,30.3225806451613,56.9585253456221,29.6774193548387,23
20057,20,77,3191.08,22.89,349.61,1,32.7188940092166,63.4101382488479,27.2811059907834,24
20057,20,110,5421.79,21.69,774.16,0,80.7373271889401,45.8986175115207,81.2903225806452,25
20057,20,90,3175.8,19.65,337.76,0,32.3502304147465,23.4101382488479,24.9769585253456,26
20057,20,90,111.1,8.22,5.57,0,0.276497695852535,1.75115207373272,0.0921658986175115,27
20562,18,120,421.97,8.9,35.93,0,7.27396329027872,9.51733514615908,9.17743031951054,1
20562,18,120,859.06,19.1,81.32,0,16.7912984364378,24.1332426920462,16.7912984364378,2
20562,18,90,626.61,12.67,68.18,0,14.9558123725357,14.7518694765466,15.7036029911625,3
20562,18,120,1327.75,22.1,169.94,0,20.3942895989123,54.5887151597553,20.7341944255608,4
20562,18,120,2689,19.22,313.9,0,34.7382732834806,25.0169952413324,33.9904826648538,5
20562,18,120,212.9,8.06,24.27,0,1.49558123725357,7.27396329027872,3.87491502379334,6
20562,18,120,1750.79,14.15,214.49,0,23.7933378653977,16.7912984364378,24.7450713800136,7
20562,18,120,312.8,9.25,31.11,0,3.12712440516655,10.2651257647859,6.52617267165194,8
20562,18,120,1351.19,21.82,212.49,0,20.462270564242,51.5295717199184,24.6091094493542,9
20562,18,120,323.49,7.2,37.92,0,3.67097212780421,4.62270564242012,10.6050305914344,10
20562,18,90,1770.95,15.01,268.11,0,24.0652617267165,17.675050985724,29.9116247450714,11
20562,18,120,3673.01,13.99,391.1,0,46.0910944935418,16.5873555404487,40.7205982324949,12
20562,18,90,442.56,6.9,47.18,0,9.10944935418083,3.39904826648538,13.5961930659415,13
20562,18,90,511.21,6.59,30.04,0,12.5764785859959,2.6512576478586,5.98232494901428,14
20562,18,120,4299.43,21.63,328.72,0,56.4921821889871,48.8783140720598,35.0101971447995,15
20562,18,120,3469.5,20.67,401.26,0,43.4398368456832,37.3895309313392,41.7403127124405,16
20562,18,120,441.13,8.52,44.2,0,8.90550645819171,8.70156356220258,12.780421481985,17
20562,18,120,3460.08,21.69,264.3,0,43.1679129843644,49.8980285520054,29.299796057104,18
20562,18,120,3028.93,20.89,219.61,0,38.8171312032631,40.4486743711761,25.2889191026513,19
20562,18,120,398.06,8.42,57.22,0,5.84636301835486,8.42963970088375,14.887831407206,20
20562,18,90,364.11,8.55,23.13,0,4.89462950373895,8.90550645819171,3.46702923181509,21
20562,18,90,2940.41,22.27,272.28,0,38.0013596193066,56.288239292998,30.2515295717199,22
20562,18,90,375.23,12.39,18.18,0,5.3025152957172,14.2760027192386,1.90346702923182,23
20562,18,90,2186.53,20.5,199.5,0,28.4840244731475,35.4180829367777,23.4534330387492,24
20562,18,90,458.86,11.33,25.37,0,10.3331067301156,12.9843643779742,4.48674371176071,25
20562,18,85,416.26,6.96,40.89,0,6.93405846363018,3.73895309313392,11.9646498980286,26
20562,18,90,3093.02,25.28,257.73,4,39.2250169952413,82.5288919102651,28.7559483344663,27
20562,18,120,484.18,6.32,22.68,0,11.9646498980286,1.83548606390211,3.19510537049626,28
20562,18,120,454.82,8.02,36.45,0,9.99320190346703,7.20598232494901,9.51733514615908,29
20562,18,95,974.54,10.38,22.27,0,17.5390890550646,12.0326308633583,2.99116247450714,30
20562,18,120,537.51,9.09,44.66,0,12.9843643779742,9.99320190346703,12.9163834126445,31
20562,18,120,396.44,6.49,25.73,0,5.77838205302515,2.44731475186948,4.82664853840925,32
20562,18,120,647.21,6.96,32.66,0,15.2957171991842,3.73895309313392,7.27396329027872,33
20562,18,120,439.77,9.06,37.46,0,8.63358259687288,9.85723997280761,10.2651257647859,34
20562,18,90,413.02,7.13,39.36,0,6.45819170632223,4.35078178110129,11.2168592794018,35
20602,21,95,4522.26,22.51,664.77,3,72.972972972973,54.0540540540541,74.4744744744745,1
20602,21,120,5317.36,24.74,988.68,1,88.2882882882883,78.3783783783784,90.0900900900901,2
20602,21,110,4758.75,20.69,682.87,0,78.3783783783784,33.033033033033,75.3753753753754,3
20602,21,100,4752.85,20.91,810.48,0,78.0780780780781,37.5375375375375,83.7837837837838,4
20602,21,95,2397.98,15.3,289.75,0,19.8198198198198,8.10810810810811,18.9189189189189,5
20602,21,120,2771.77,20.9,449.09,0,28.5285285285285,37.2372372372372,44.4444444444444,6
20602,21,83,2569.33,18.65,364.35,0,23.1231231231231,18.6186186186186,31.8318318318318,7
20602,21,83,3898.01,19.97,768.91,0,58.2582582582583,25.8258258258258,81.6816816816817,8
20602,21,78,3465.33,20.97,570.34,0,47.1471471471471,38.1381381381381,64.5645645645646,9
20602,21,109,1094.84,20.82,181.59,0,7.20720720720721,35.7357357357357,8.40840840840841,10
20602,21,105,4359.87,21.58,734.79,0,70.8708708708709,46.8468468468468,78.6786786786787,11
20602,21,104,2673.29,20.23,440.76,0,25.8258258258258,27.6276276276276,42.9429429429429,12
20602,21,94,4186.45,20.36,520.49,0,64.8648648648649,29.4294294294294,55.5555555555556,13
20602,21,120,4806.7,21.66,730.54,0,79.8798798798799,47.7477477477478,78.3783783783784,14
20602,21,105,6304.6,25.34,1062.62,3,95.7957957957958,82.8828828828829,93.6936936936937,15
20602,21,97,4106.34,19.5,774.32,0,63.0630630630631,23.4234234234234,81.981981981982,16
20602,21,87,3438.18,21.88,461.6,0,45.945945945946,49.5495495495495,46.5465465465465,17
20602,21,107,4534.46,20.13,758.12,0,73.8738738738739,26.4264264264264,80.7807807807808,18
20602,21,100,3697.73,18.58,567.36,0,55.2552552552552,18.3183183183183,63.3633633633634,19
20602,21,70,3331.48,19.23,1847.7,0,42.6426426426426,21.3213213213213,99.6996996996997,20
20602,21,106,2289.59,21.54,370.36,0,17.7177177177177,45.6456456456456,33.033033033033,21
20602,21,108,2174.31,19.58,379.58,0,15.015015015015,24.024024024024,34.2342342342342,22
20602,21,110,1443.27,18.87,206.67,0,8.10810810810811,18.9189189189189,9.60960960960961,23
20602,21,75,3807.59,23.18,1986.89,1,56.7567567567568,60.6606606606607,100,24
20602,21,111,1887.21,21.37,302.37,0,11.1111111111111,43.2432432432432,21.3213213213213,25
20602,21,75,2653.86,17.31,311.61,0,25.2252252252252,12.6126126126126,22.8228228228228,26
20602,21,112,3358.61,22.89,586.82,2,43.8438438438438,57.0570570570571,65.4654654654655,27
20602,21,112,117.55,14.67,19.43,0,0.3003003003003,6.60660660660661,0.900900900900901,28
20602,21,75,5329.88,20.51,536.09,0,88.5885885885886,30.9309309309309,58.2582582582583,29
20602,21,75,4305.89,20.7,434.41,0,68.1681681681682,33.6336336336336,42.042042042042,30
20602,21,75,5054.04,24.73,482.69,1,83.7837837837838,78.0780780780781,49.8498498498498,31
21777,19,95,6153.79,19.08,844.13,0,73.7704918032787,15.0819672131148,72.4590163934426,1
21777,19,100,5275.39,20.82,899.03,0,47.2131147540984,26.2295081967213,80.327868852459,2
21777,19,120,8034.99,24.71,1191.11,7,92.7868852459016,79.672131147541,97.0491803278689,3
21777,19,90,7304.88,22.5,1073.06,0,86.8852459016393,53.7704918032787,93.1147540983606,4
21777,19,90,5849.45,22.22,942.4,0,68.8524590163934,49.8360655737705,82.9508196721311,5
21777,19,90,3192.18,18.85,433.27,0,11.1475409836066,13.1147540983607,12.4590163934426,6
21777,19,90,4932.78,22.41,738.34,0,38.0327868852459,52.1311475409836,58.3606557377049,7
21777,19,90,5458.34,17.99,740.51,0,52.7868852459016,10.8196721311475,59.0163934426229,8
21777,19,75,3998.49,23.6,516.91,1,19.344262295082,69.1803278688525,20.655737704918,9
21777,19,90,5347.3,22.66,862.51,1,49.5081967213115,56.7213114754098,75.0819672131148,10
21777,19,90,3396.31,26.72,506.52,3,12.4590163934426,96.0655737704918,18.3606557377049,11
21777,19,100,8530.57,24.28,1351.46,3,98.0327868852459,76.0655737704918,99.016393442623,12
21777,19,90,6273.21,22.02,844.63,0,76.3934426229508,45.9016393442623,72.7868852459016,13
21777,19,70,5160.88,24.24,722.8,2,42.2950819672131,75.7377049180328,56.7213114754098,14
21777,19,100,4893.54,25.73,587.83,4,37.3770491803279,88.1967213114754,32.7868852459016,15
21777,19,90,1045.62,17.28,96.35,0,4.59016393442623,8.19672131147541,5.9016393442623,16
21859,20,110,4214.88,26.31,509.98,5,61.7511520737327,94.1013824884793,57.2350230414747,1
21859,20,90,3493.03,22.42,476.1,0,41.2903225806452,56.9585253456221,51.6129032258064,2
21859,20,90,1195.35,24.41,189.96,1,7.83410138248848,80.4608294930876,10.0460829493088,3
21859,20,92,2572.58,26.19,352.78,2,19.3548387096774,93.9170506912442,27.8341013824885,4
21859,20,90,2039.37,20.18,247.96,0,13.9170506912442,27.741935483871,14.3778801843318,5
21859,20,110,4251.83,24.39,710.62,1,62.6728110599078,80.36866359447,77.2350230414747,6
21859,20,100,4568.89,24.33,626.12,4,70.0460829493088,79.9078341013825,70.0460829493088,7
21859,20,110,4746.99,22.34,842.72,0,73.3640552995392,55.852534562212,85.6221198156682,8
21859,20,100,1448.87,26.02,233.7,1,9.40092165898617,92.7188940092166,13.0875576036866,9
21859,20,77,2968.94,21.46,400.44,0,27.741935483871,42.3963133640553,37.0506912442396,10
21859,20,70,1458.98,13.9,168.35,0,9.49308755760369,6.35944700460829,9.12442396313364,11
21859,20,100,3769.55,20.82,441.82,0,50.9677419354839,34.4700460829493,44.7926267281106,12
21859,20,104,6422.44,25.24,974.92,10,87.741935483871,87.6497695852535,90.5069124423963,13
21859,20,90,831.18,22.28,134.83,0,5.89861751152074,55.0230414746544,7.74193548387097,14
21859,20,120,6101.18,24.92,739.58,7,85.2534562211981,84.6082949308756,79.3548387096774,15
21859,20,105,2641.6,22.91,302.33,0,20.184331797235,63.594470046083,20.36866359447,16
21859,20,90,3966.91,20.79,546.74,0,56.3133640552995,34.1935483870968,62.0276497695853,17
21859,20,100,1807.67,18.27,234.25,0,11.4285714285714,13.0875576036866,13.2718894009217,18
21859,20,78,3446.5,23.28,433.41,1,39.5391705069124,68.294930875576,43.1336405529954,19
21859,20,90,935.16,23.26,200.94,1,7.00460829493088,67.926267281106,10.6912442396313,20
21859,20,75,724.57,12.24,68.3,0,4.42396313364055,3.77880184331797,4.14746543778802,21
21859,20,105,3058.19,22.22,395.36,0,29.7695852534562,54.2857142857143,36.221198156682,22
21859,20,123,6736.25,24.86,875.06,11,89.8617511520737,84.4239631336406,87.4654377880184,23
21859,20,120,6549.77,23.47,1078.54,2,88.5714285714286,70.8755760368664,93.1797235023041,24
21859,20,80,3620.34,24.53,449.55,1,45.9907834101382,81.1981566820276,46.6359447004608,25
21859,20,91,1202.13,24.08,207.02,1,7.92626728110599,77.6958525345622,11.1520737327189,26
21859,20,99,3441.4,19.39,334.26,0,39.0783410138249,21.0138248847926,24.0552995391705,27
21859,20,116,6879.1,26.12,1254.52,4,91.1520737327189,93.4562211981567,96.3133640552995,28
21859,20,100,3960.41,23.96,447.72,1,56.221198156682,76.1290322580645,45.8986175115207,29
21859,20,90,2593.79,22.86,319.06,1,19.63133640553,62.6728110599078,22.2119815668203,30
21859,20,110,2375.85,17.25,266.67,0,16.8663594470046,9.67741935483871,16.3133640552995,31
21859,20,105,4471.14,23.82,575.49,0,67.5576036866359,75.0230414746544,64.7926267281106,32
21859,20,70,2572.59,18.41,354.06,0,19.4470046082949,14.1013824884793,28.110599078341,33
21859,20,90,2668.94,18.71,387.56,0,20.9216589861751,15.9447004608295,34.5622119815668,34
21859,20,90,3917.41,22.19,632.05,0,54.7465437788019,53.7327188940092,70.6912442396313,35
21859,20,76,2229.5,20.85,215.71,0,15.2073732718894,34.9308755760369,11.5207373271889,36
21859,20,90,2049.12,25.4,322.76,2,14.1013824884793,88.7557603686636,22.5806451612903,37
21859,20,90,176.99,8.58,15.81,0,1.10599078341014,1.84331797235023,2.58064516129032,38
21859,20,90,3342.24,22.62,378.43,1,36.5898617511521,59.2626728110599,32.5345622119816,39
21859,20,90,4195.41,26.53,580.64,2,61.1981566820277,94.9308755760369,65.3456221198157,40
25203,19,95,3925.79,18.51,422.98,0,16.7213114754098,11.8032786885246,12.1311475409836,1
25203,19,100,173,6.8,7.61,0,0.983606557377049,1.31147540983607,0,2
25203,19,90,441.24,10.72,30.93,0,2.62295081967213,2.95081967213115,2.29508196721311,3
25203,19,70,2131.99,16.29,263.17,0,7.86885245901639,5.9016393442623,8.85245901639344,4
25203,19,100,4858.54,21.06,533.78,0,36.0655737704918,29.5081967213115,21.9672131147541,5
25203,19,90,3693.25,22.76,402.23,2,14.7540983606557,57.7049180327869,11.4754098360656,6
25203,19,90,4572.07,20.68,570.21,0,29.1803278688525,24.9180327868852,26.8852459016393,7
25203,19,75,2794.25,21.27,260.01,0,9.18032786885246,32.1311475409836,8.52459016393443,8
27841,19,100,147.06,6.65,8.78,0,0.327868852459016,0.983606557377049,0.327868852459016,1
28009,20,78,4976.22,20.77,688.71,0,76.1290322580645,33.9170506912442,75.2073732718894,1
28009,20,75,681.58,10.75,69.78,0,4.14746543778802,2.48847926267281,4.33179723502304,2
28009,20,105,2921.67,19.5,400.11,0,26.5437788018433,22.2119815668203,36.7741935483871,3
28009,20,123,6689.97,23.4,1040.45,2,89.5852534562212,69.9539170506912,92.1658986175115,4
28009,20,120,6898.45,23.44,1060.73,2,91.2442396313364,70.3225806451613,92.7188940092166,5
28009,20,105,4183.3,19.77,616.58,0,60.8294930875576,24.7004608294931,69.5852534562212,6
28009,20,110,2596.67,18.5,331.91,0,19.7235023041475,14.9308755760369,23.778801843318,7
28009,20,80,3434.55,20.64,453.85,0,38.8940092165899,32.5345622119816,47.1889400921659,8
28009,20,99,3599.07,19.44,382.54,0,44.8847926267281,21.7511520737327,33.6405529953917,9
28009,20,116,6664.23,24.92,1021.94,3,89.4009216589862,84.6082949308756,91.6129032258064,10
28009,20,100,4571.82,23.18,566.11,2,70.1382488479263,66.8202764976959,63.963133640553,11
28009,20,90,3558.55,20.03,524.53,0,43.0414746543779,26.5437788018433,59.1705069124424,12
28009,20,90,149,7.77,7.3,0,0.829493087557604,1.38248847926267,0.552995391705069,13
28009,20,110,3319.51,23.76,438.38,4,36.036866359447,74.0092165898618,44.0552995391705,14
28009,20,101,4556.14,20.97,578.6,0,69.7695852534562,36.405529953917,65.1612903225806,15
28009,20,70,2561.44,19.59,242.68,0,19.0783410138249,22.9493087557604,13.6405529953917,16
28009,20,90,2373.12,19.66,292.36,0,16.6820276497696,23.6866359447005,19.0783410138249,17
28009,20,100,4656.59,21.62,534.68,0,71.9815668202765,45.1612903225806,60.36866359447,18
28009,20,90,4993.19,24.58,668.16,3,76.3133640552995,82.2119815668203,73.6405529953917,19
28009,20,90,4173.65,25.51,662.71,1,60.7373271889401,90.0460829493088,73.2718894009217,20
28009,20,90,3615.93,25.24,492.56,2,45.5299539170507,87.6497695852535,54.6543778801843,21
28009,20,90,4060.55,21.48,594.25,0,58.1566820276498,42.6728110599078,67.1889400921659,22
28009,20,90,3018.12,23.59,362.76,2,28.9400921658986,72.4423963133641,30.0460829493088,23
28009,20,90,3314.81,20.24,417.49,0,35.852534562212,28.294930875576,39.7235023041475,24
28009,20,90,3611.45,19.16,500.35,0,45.3456221198157,19.0783410138249,55.852534562212,25
28009,20,90,3985.34,23.2,526.14,1,56.6820276497696,67.0046082949309,59.2626728110599,26
28009,20,73,2200.42,16.85,264.4,0,15.0230414746544,9.21658986175115,16.036866359447,27
28009,20,90,4620.12,19.41,601.27,0,71.3364055299539,21.3824884792627,67.741935483871,28
28009,20,90,3176.84,20.05,380.73,0,32.4423963133641,26.8202764976959,33.1797235023041,29
28009,20,90,3482.45,21.92,431.74,0,40.7373271889401,49.4009216589862,42.4884792626728,30
28009,20,110,4258.94,23.47,584.48,2,62.9493087557604,70.8755760368664,65.8064516129032,31
28009,20,90,908.23,24.41,112.88,2,6.72811059907834,80.4608294930876,6.91244239631336,32
28009,20,90,608.43,21.58,105.38,0,3.68663594470046,44.7926267281106,6.54377880184332,33
28009,20,90,2888.11,20.29,432.47,0,25.3456221198157,28.9400921658986,42.7649769585253,34
28009,20,110,5209.04,25.06,828.36,3,78.4331797235023,86.0829493087558,84.7004608294931,35
28009,20,100,3326.37,21.34,425.76,0,36.221198156682,41.2903225806452,41.1059907834101,36
28009,20,105,3340.45,22.07,571.5,1,36.4976958525346,51.5207373271889,64.331797235023,37
28009,20,70,1795.13,13.37,155.63,0,11.3364055299539,5.71428571428571,8.66359447004608,38
28009,20,95,3145.67,22.16,406.24,0,31.3364055299539,52.9953917050691,37.7880184331797,39
28009,20,100,3461.96,21.24,435.23,0,39.815668202765,39.9078341013825,43.594470046083,40
28009,20,104,1902.31,25.15,302.33,4,12.8110599078341,87.0967741935484,20.36866359447,41
28009,20,120,4154.6,21.96,551.41,0,60.36866359447,50.0460829493088,62.4884792626728,42
28009,20,105,2787.94,21.23,355.57,0,23.3179723502304,39.815668202765,28.4792626728111,43
28009,20,110,3914.99,24.97,490.83,3,54.3778801843318,85.2534562211981,54.1013824884793,44
28009,20,100,1955.48,15.84,244.52,0,13.2718894009217,7.92626728110599,13.9170506912442,45
28299,18,120,4419.58,21.53,636.23,0,59.2114208021754,47.7906186267845,63.494221617947,1
28299,18,90,4500.72,20.6,705.09,0,60.4350781781101,36.505778382053,69.1366417403127,2
28299,18,95,7670.46,21.96,1449.52,0,93.2698844323589,53.4330387491502,96.736913664174,3
28299,18,90,4636.73,19.65,805.74,0,63.4262406526173,28.0081577158396,76.274643099932,4
28299,18,95,7196.55,22.43,1276.96,1,91.3664174031271,57.9877634262407,94.1536369816451,5
28299,18,90,3901.6,20.04,627.38,0,50.237933378654,30.8633582596873,62.7464309993202,6
28299,18,120,5910.07,24.48,925.84,3,79.7416723317471,74.9150237933379,82.324949014276,7
28299,18,120,4124.69,20.97,536.7,0,53.6369816451394,41.1284840244732,55.8803535010197,8
28299,18,100,4368,23.54,732.83,2,57.9197824609109,68.4568320870156,70.8361658735554,9
28299,18,90,4418.08,24.54,581.91,2,59.075458871516,75.7987763426241,58.8035350101972,10
28299,18,90,4822.01,23.65,707.86,4,66.0095173351462,69.3405846363018,69.3405846363018,11
28299,18,90,5291.01,21.16,897.14,0,72.4677090414684,43.8477226376615,81.1012916383413,12
28299,18,90,1745.85,18.5,289.79,0,23.6573759347383,21.9578518014956,31.5431679129844,13
28299,18,120,2143.27,19.62,334.66,0,28.0761386811693,27.8721957851801,35.4860639021074,14
28299,18,120,6635.32,24.47,984.37,2,86.9476546566961,74.7110808973488,84.7722637661455,15
28299,18,90,2283.53,19.44,206.86,0,29.7076818490823,26.5805574439157,24.1332426920462,16
28299,18,120,4290.59,21.4,515.29,0,56.2202583276682,46.974847042828,53.0931339225017,17
28299,18,150,8100.35,22.06,1331.42,0,95.105370496261,54.3847722637661,94.9694085656016,18
28299,18,120,5396.78,20.86,729.85,0,73.8953093133923,39.8368456832087,70.6322229775663,19
28299,18,120,6455.5,23,1009.17,1,85.3840924541128,63.5622025832767,86.3358259687288,20
28299,18,120,6312.05,20.49,971.1,0,83.8885112168593,35.2821210061183,84.1604350781781,21
28299,18,90,5087.01,24.52,783.95,2,69.7484704282801,75.4588715159755,74.8470428280082,22
28299,18,90,1189.96,21.31,147.97,0,19.1026512576479,45.7511896668933,18.8987083616587,23
28299,18,120,4937.08,24.55,936.31,6,67.912984364378,76.1386811692726,83.0047586675731,24
28299,18,120,6118.08,23.94,1115.27,4,81.6451393609789,70.6322229775663,90.7545887151598,25
28299,18,120,2081.31,20.27,355.12,0,27.0564242012237,32.8348062542488,37.3895309313392,26
28299,18,120,2269.59,21.78,352.88,0,29.5037389530931,50.8497620666214,37.1855880353501,27
28299,18,120,4099.25,21.82,682.37,0,53.1611148878314,51.5295717199184,67.0972127804215,28
28299,18,90,4662.33,25.67,764.55,4,63.8341264445955,85.5200543847723,73.2154996600952,29
28299,18,120,1642.26,20.99,235.5,0,22.7056424201224,41.3324269204623,26.7845003399048,30
28299,18,90,5102.81,19.8,968.58,0,70.0883752549286,28.9598912304555,84.0924541128484,31
28299,18,120,7759.84,25.48,1286.58,3,93.6777702243372,84.2284160435078,94.2216179469748,32
28299,18,90,3911.8,21.5,645.8,0,50.5098572399728,47.450713800136,64.3779741672332,33
28299,18,90,2094.29,19.43,279,0,27.1923861318831,26.4445955132563,30.7953772943576,34
28299,18,90,6577.34,23.37,1231.12,2,86.5397688647179,67.0972127804215,93.4738273283481,35
28299,18,120,5829.16,21.5,999.46,0,79.1298436437797,47.450713800136,85.7919782460911,36
28299,18,120,2720.28,22.5,345,1,35.4180829367777,59.075458871516,36.7097212780421,37
28299,18,90,4839.84,24.73,911.86,2,66.281441196465,77.6342624065262,81.6451393609789,38
28299,18,120,2373.91,19.47,262.21,0,30.7273963290279,26.7165193745751,29.0278721957852,39
28299,18,120,9876.3,22.94,1743.83,2,99.1842284160435,63.2902787219578,99.2522093813732,40
28299,18,120,6873.86,22.52,1086.68,1,88.9870836165874,59.4833446634942,89.6668932698844,41
28299,18,120,5986.88,19.84,816.97,0,80.2855200543848,29.5717199184228,76.6825288919103,42
28299,18,90,4681.63,21.61,885.35,0,64.1060503059143,48.7423521414004,80.4214819850442,43
28299,18,120,6475.05,20.34,999.43,0,85.6560163154317,33.6505778382053,85.7239972807614,44
28299,18,90,907.87,21.38,173.13,0,16.9272603670972,46.5669612508498,20.93813732155,45
28299,18,120,4813.16,19.77,714.89,0,65.9415363698165,28.7559483344663,70.0203942895989,46
28299,18,120,7019.99,24.42,1123.97,5,90.0747790618627,74.3711760707002,91.0265125764786,47
28299,18,90,3896.35,25.29,642.95,2,50.1699524133243,82.7328348062542,64.2420122365738,48
28299,18,120,609.95,13.15,49.26,0,14.5479265805574,15.7715839564922,14.1400407885792,49
28299,18,90,6812.69,23.4,1321.82,1,88.4432358939497,67.3691366417403,94.6974847042828,50
28299,18,85,1849.19,21.32,237.24,0,24.7450713800136,45.8871515975527,26.9884432358939,51
28299,18,90,1613.62,17.3,121,0,22.6376614547927,19.5105370496261,18.2188987083617,52
28299,18,90,7402.85,22.92,1378.01,3,92.3861318830727,63.1543167912984,95.5132562882393,53
28299,18,90,3544.05,20.26,486.37,0,44.3915703602991,32.6988443235894,50.7138001359619,54
28299,18,90,4395.36,20.31,610.75,0,58.7355540448674,33.2426920462271,61.4547926580557,55
28299,18,105,9518.56,23.39,1801.34,1,98.844323589395,67.3011556764106,99.4561522773623,56
28299,18,120,4252.46,21.88,536.51,0,55.336505778382,52.6852481305235,55.7443915703603,57
28747,20,90,7048.66,24.02,1266.15,2,92.1658986175115,76.8663594470046,96.4976958525346,1
28747,20,90,2854.76,22.64,367.56,0,24.7004608294931,59.4470046082949,30.7834101382488,2
28747,20,110,4085.15,22.08,462.42,1,58.9861751152074,51.9815668202765,49.3087557603687,3
28747,20,110,2799.97,19.4,452.76,0,23.778801843318,21.1059907834101,47.0967741935484,4
28747,20,95,3244.47,19.81,361.67,0,33.7327188940092,25.0691244239631,29.4930875576037,5
28747,20,77,3327.51,22.77,373.95,2,36.3133640552995,61.1059907834101,31.4285714285714,6
28747,20,100,7318.01,24.56,970.91,7,93.4562211981567,81.7511520737327,90.3225806451613,7
28747,20,90,3470.4,22.05,476.02,0,40.0921658986175,51.1520737327189,51.5207373271889,8
28747,20,100,2821.2,26.06,206.29,1,24.0552995391705,92.9032258064516,10.8755760368664,9
28747,20,110,4777.94,22.38,639.09,1,73.6405529953917,56.4055299539171,71.6129032258065,10
28747,20,92,6673.96,27.34,1035.73,6,89.4930875576037,97.6036866359447,91.9815668202765,11
28747,20,110,4112.09,20.61,494.91,0,59.5391705069124,32.073732718894,54.8387096774194,12
28747,20,90,7031.4,27.01,1556.22,2,91.9815668202765,96.6820276497696,99.4470046082949,13
28747,20,70,3246.9,19.06,427.91,0,33.8248847926267,18.1566820276498,41.6589861751152,14
28747,20,90,5683.04,22.16,802.07,0,82.9493087557604,52.9953917050691,83.1336405529954,15
28747,20,90,7265.56,24.61,1341.79,9,93.1797235023041,82.4884792626728,97.9723502304147,16
28747,20,90,4599.15,23.02,623.82,1,70.9677419354839,64.9769585253456,69.8617511520737,17
28747,20,90,5438.73,23.78,1025.55,6,81.0138248847926,74.1935483870968,91.705069124424,18
28747,20,90,6850.42,27.28,1319.16,9,91.0599078341014,97.5115207373272,97.6958525345622,19
28747,20,76,2599.24,17.73,362.17,0,19.815668202765,11.4285714285714,29.9539170506912,20
28747,20,90,2888.56,23.39,382.09,1,25.4377880184332,69.7695852534562,33.4562211981567,21
28747,20,91,7629.19,23.73,1621.94,2,94.4700460829493,73.8248847926267,99.63133640553,22
28747,20,80,3149.98,24.72,408.95,5,31.6129032258064,83.5023041474654,38.2488479262673,23
28747,20,90,5228.59,24.73,1126.93,4,78.6175115207373,83.5944700460829,94.0092165898618,24
28747,20,120,6080.86,23.37,720.48,1,84.9769585253456,69.4009216589862,77.6958525345622,25
28747,20,100,3490.54,24.76,478.82,9,41.1981566820277,83.8709677419355,52.073732718894,26
28774,19,75,4125.66,22.04,503.59,0,20.327868852459,46.5573770491803,17.7049180327869,1
28774,19,90,5518.04,22.09,657.66,0,54.7540983606557,48.1967213114754,47.5409836065574,2
28774,19,90,5286.57,26.63,717.02,4,47.8688524590164,95.0819672131148,55.4098360655738,3
28774,19,100,8956.19,24.83,1176.09,2,99.344262295082,80.9836065573771,96.7213114754098,4
28774,19,90,6032.12,21.43,805.17,0,71.8032786885246,34.0983606557377,68.1967213114754,5
28774,19,70,4803.77,22.46,611.24,0,34.4262295081967,53.1147540983606,39.0163934426229,6
28774,19,100,4735.13,25.34,564.82,5,33.4426229508197,85.5737704918033,26.2295081967213,7
28774,19,90,1540.8,17.35,135.76,0,5.9016393442623,8.52459016393443,6.55737704918033,8
28774,19,95,6128.39,19.27,772.54,0,72.7868852459016,15.7377049180328,62.9508196721312,9
28774,19,100,6526.12,20.43,972.39,0,79.344262295082,22.2950819672131,86.8852459016393,10
28774,19,120,7968.07,24.4,950.11,7,91.8032786885246,77.3770491803279,83.9344262295082,11
28774,19,120,6913.31,23.34,890.3,3,84.5901639344262,65.2459016393443,80,12
28774,19,90,4641.47,21.3,511.73,0,30.1639344262295,32.7868852459016,20,13
28774,19,90,7778.05,23.53,1011.64,2,90.8196721311475,68.5245901639344,90.4918032786885,14
28774,19,90,5194.92,22.23,646.9,0,44.5901639344262,50.1639344262295,45.2459016393443,15
28774,19,90,2722.29,17.12,374.85,0,8.85245901639344,7.21311475409836,10.1639344262295,16
28774,19,90,5841.71,21.85,580.59,0,67.5409836065574,41.3114754098361,30.8196721311475,17
28774,19,90,5800.5,19.8,650.78,0,67.2131147540984,18.6885245901639,46.5573770491803,18
28884,18,120,299.88,9.22,33.88,0,3.05914343983685,10.1971447994562,8.02175390890551,1
28884,18,90,572.32,12.92,107.43,0,14.0040788579198,15.3636981645139,17.9469748470428,2
28884,18,120,150.98,11.71,4.3,0,0.407885791978246,13.5282121006118,0,3
28884,18,120,3828.79,21.59,457.6,0,48.8783140720598,48.5384092454113,47.9945615227736,4
28884,18,120,3957.9,19.48,460.4,0,51.869476546567,26.7845003399048,48.4024473147519,5
28884,18,150,4378.77,20.72,575.04,0,58.3276682528892,37.9333786539769,58.3956492182189,6
28884,18,120,5391.74,22.18,615.49,1,73.8273283480625,55.4044867437118,61.7267165193746,7
28884,18,120,4019.4,25.74,617.19,7,52.4813052345343,86.0639021074099,61.862678450034,8
28884,18,120,424.46,12.36,27.02,0,7.40992522093814,14.2080217539089,5.09857239972808,9
28884,18,120,571.09,8.53,36.4,0,13.9360978925901,8.76954452753229,9.44935418082937,10
28884,18,90,470.22,9.6,34.95,0,10.9449354180829,10.6730115567641,8.56560163154317,11
28884,18,90,2776.56,18.34,329.13,0,36.2338545207342,21.5499660095173,35.1461590754589,12
28884,18,120,464.44,6.36,30.5,0,10.7409925220938,1.97144799456152,6.11828687967369,13
28884,18,120,535.16,7.27,19.32,0,12.9163834126445,4.82664853840925,2.24337185588035,14
28884,18,90,617.85,14.33,54.98,0,14.8198504418763,17.0632222977566,14.7518694765466,15
28884,18,85,416.89,6.51,26.76,0,7.00203942895989,2.51529571719918,4.96261046906866,16
28884,18,90,429.22,6.75,22.79,0,7.74983004758668,2.92318150917743,3.26308633582597,17
28884,18,120,322.12,5.63,15.2,0,3.5350101971448,1.01971447994562,1.42760027192386,18
28884,18,120,3554.33,19.93,391.42,0,44.4595513256288,29.9796057104011,40.8565601631543,19
28884,18,120,442.54,7.56,34.89,0,9.04146838885112,5.50645819170632,8.49762066621346,20
28884,18,120,4901.11,25.07,600.27,1,67.3691366417403,80.8973487423521,60.5710401087695,21
28884,18,90,3743.58,22.38,457.12,0,47.5186947654657,57.3079537729436,47.8585995921142,22
28884,18,120,326.27,8.1,40.77,0,3.94289598912305,7.54588715159755,11.8286879673691,23
28884,18,120,4924.42,21.38,668.27,0,67.7090414683888,46.5669612508498,66.0095173351462,24
28884,18,120,3830.37,18.72,545.57,0,49.0142760027192,22.9775662814412,56.6281441196465,25
28884,18,120,328.61,6.34,37.7,0,4.01087695445275,1.90346702923182,10.4010876954453,26
28884,18,120,4967.31,26.32,749.45,3,68.3208701563562,90.1427600271924,71.9918422841604,27
28884,18,120,3094.43,22.05,319.75,1,39.292997960571,54.2488103331067,34.1264445955133,28
28884,18,90,1240.22,20.12,141.85,0,19.5105370496261,31.5431679129844,18.6267845003399,29
32263,18,120,6466.06,26.86,799.62,1,85.588035350102,93.2698844323589,75.6628144119646,1
32263,18,90,4579.27,27.87,607.75,3,62.0666213460231,97.3487423521414,61.1828687967369,2
32263,18,120,2490.6,22.12,252.55,0,32.1549966009517,54.9286199864038,28.2121006118287,3
32263,18,90,4561.26,20.79,566.97,0,61.6587355540449,38.6811692726037,58.1237253569001,4
32263,18,100,506.89,13.52,45.82,0,12.5084976206662,16.1114887831407,13.3242692046227,5
32263,18,90,4291.9,27.65,489.29,4,56.288239292998,96.6689326988443,50.9177430319511,6
32263,18,90,3912.64,21.1,453.01,0,50.5778382053025,42.4881033310673,47.3827328348062,7
32263,18,90,2695.07,20.33,293.24,0,35.0101971447995,33.4466349422162,31.8830727396329,8
32263,18,90,283.98,11.78,17.78,0,2.85520054384772,13.732154996601,1.7675050985724,9
32263,18,85,2345.08,22.43,248.39,0,30.3195105370496,57.9877634262407,27.7362338545207,10
32263,18,90,3693.19,21.93,486.49,0,46.4309993201903,53.025152957172,50.7817811012916,11
32263,18,120,6604.15,26.49,820.84,2,86.6757307953773,91.2984364377974,77.1583956492182,12
32263,18,120,4250.03,21.32,481.8,0,55.2685248130523,45.8871515975527,50.1699524133243,13
32263,18,120,6365.75,22,812.15,0,84.5683208701564,53.7729435757988,76.4106050305914,14
32263,18,120,5443.63,18.82,597.07,0,74.5751189666893,23.1135282121006,60.2991162474507,15
32263,18,120,5601.57,21.27,765.25,0,76.8184908225697,45.4112848402447,73.2834806254249,16
32263,18,120,8030.98,24.73,1039.72,3,94.7654656696125,77.6342624065262,87.8314072059823,17
32263,18,90,880.95,10.56,74.18,0,16.8592794017675,12.3725356900068,16.1114887831407,18
32263,18,120,2347,20.65,185.11,0,30.3874915023793,37.1176070700204,22.2297756628144,19
32263,18,120,5484.17,19.2,752.31,0,74.9150237933379,24.881033310673,72.331747110809,20
32263,18,120,2623.43,20.21,264.14,0,33.9904826648538,32.56288239293,29.2318150917743,21
32263,18,90,743.78,12.05,72.83,0,15.8395649218219,13.9360978925901,15.9075458871516,22
32263,18,90,4340.28,20.16,505.77,0,57.443915703603,32.0190346702923,52.549286199864,23
32263,18,90,1065.41,12.77,73.26,0,18.0149558123725,14.9558123725357,15.9755268524813,24
32263,18,120,5818.31,28.24,696.79,3,78.9938817131203,98.4364377974167,68.3208701563562,25
32263,18,90,3792.18,19.73,565.84,0,48.1985044187627,28.4160435078178,57.9197824609109,26
32263,18,120,313.94,9.11,34.57,0,3.19510537049626,10.0611828687967,8.36165873555404,27
32263,18,120,5153.78,22.1,773.9,0,70.7681849082257,54.5887151597553,74.0312712440517,28
32263,18,120,2012.51,18.97,282.39,0,26.2406526172672,23.6573759347383,31.1352821210061,29
32263,18,120,3591.38,19.3,517.74,0,44.8674371176071,25.4928619986404,53.6369816451394,30
32263,18,120,161.23,6.84,18.45,0,0.543847722637661,3.33106730115568,2.03942895989123,31
32263,18,120,4562.56,26.35,666,1,61.7267165193746,90.4146838885112,65.7375934738273,32
32263,18,120,4543.47,26.32,688.68,6,61.1828687967369,90.1427600271924,67.43711760707,33
32263,18,90,1131.47,19.76,127.03,0,18.4908225696805,28.6879673691366,18.2868796736914,34
32263,18,90,398.37,8.62,14.5,0,5.91434398368457,9.10944935418083,1.22365737593474,35
32263,18,120,348.04,9.79,39.42,0,4.69068660774983,11.0129163834126,11.2848402447315,36
32263,18,90,566.54,10.19,61.02,0,13.732154996601,11.62474507138,15.1597552685248,37
32263,18,120,254.04,12.78,32.38,0,2.31135282121006,15.0917743031951,7.13800135961931,38
32263,18,90,4415.66,25.32,540.56,2,59.0074779061863,83.0047586675731,56.1522773623385,39
32263,18,120,5763.12,20.13,726.62,0,78.7219578518015,31.6791298436438,70.5642420122366,40
32263,18,120,4589.48,20.47,529.86,0,62.4065261726716,35.0101971447995,54.9966009517335,41
32263,18,150,6566.4,20.04,888,0,86.3358259687288,30.8633582596873,80.4894629503739,42
32263,18,120,4996.61,22.98,590.98,0,68.7287559483345,63.494221617947,59.6872875594834,43
32263,18,120,3657.3,21.63,415.32,0,45.819170632223,48.8783140720598,43.2358939496941,44
32263,18,120,3616.94,20.63,432.49,0,45.343303874915,36.9136641740313,44.9354180829368,45
32263,18,120,6005.7,26.56,709.86,2,80.4894629503739,91.9102651257648,69.544527532291,46
32263,18,90,1784.12,24.12,203.89,1,24.2012236573759,71.855880353501,23.8613188307274,47
32263,18,90,3374.76,21,418.28,0,42.556084296397,41.4683888511217,43.4398368456832,48
32263,18,95,161.72,5.13,8.75,0,0.611828687967369,0.475866757307954,0.475866757307954,49
32263,18,90,2498.28,19.27,301.94,0,32.2909585316111,25.2889191026513,32.7668252889191,50
32263,18,95,364.26,5.53,10.69,0,4.96261046906866,0.815771583956492,0.8837525492862,51
32263,18,90,4332.81,21.81,536.72,0,57.3079537729436,51.3256288239293,55.9483344663494,52
32263,18,90,2691.65,19.27,321.08,0,34.9422161794697,25.2889191026513,34.3983684568321,53
36400,19,90,4112.46,21.93,557.2,0,20,43.6065573770492,24.9180327868852,1
36400,19,90,6786.14,23.02,858.59,4,81.6393442622951,60.655737704918,74.7540983606557,2
36400,19,90,5507.95,22.87,716.97,2,54.4262295081967,59.344262295082,55.0819672131148,3
36400,19,90,3255.92,17.63,481.46,0,12.1311475409836,9.50819672131147,16.3934426229508,4
36400,19,90,4716.31,21.2,737.36,0,32.4590163934426,31.1475409836066,58.0327868852459,5
36400,19,90,5527.8,21.89,677.53,0,56.0655737704918,41.6393442622951,51.8032786885246,6
36400,19,95,5490.41,19.93,730.07,0,53.7704918032787,19.0163934426229,57.3770491803279,7
36400,19,90,3120.11,25.53,790.28,4,10.4918032786885,86.8852459016393,65.9016393442623,8
36400,19,75,4168.69,23.2,571.66,1,21.6393442622951,62.9508196721312,27.8688524590164,9
36400,19,90,246.01,7.77,9.39,0,1.9672131147541,2.29508196721311,1.31147540983607,10
36400,19,100,4653.94,26.63,508.84,6,30.8196721311475,95.0819672131148,18.6885245901639,11
36400,19,70,4814.01,25.71,653.94,3,34.7540983606557,87.8688524590164,46.8852459016393,12
36400,19,90,4129.72,20.66,535.07,0,20.983606557377,24.5901639344262,22.6229508196721,13
36400,19,100,7937.91,26.11,1009.89,4,91.4754098360656,91.4754098360656,89.8360655737705,14
36400,19,90,4790.14,26.75,572.08,5,34.0983606557377,96.3934426229508,28.8524590163934,15
36400,19,100,5931.69,23.5,838.75,1,70.4918032786885,67.5409836065574,72.1311475409836,16
36400,19,120,4383.85,23.31,509.12,1,25.9016393442623,64.9180327868852,19.0163934426229,17
36400,19,120,7694.71,26.45,888.82,13,89.5081967213115,94.0983606557377,79.0163934426229,18
36754,18,120,498.81,5.82,19.94,0,12.3725356900068,1.22365737593474,2.51529571719918,1
36754,18,120,406.37,11.33,47.89,0,6.11828687967369,12.9843643779742,13.8001359619307,2
36754,18,120,451.14,9.89,45.66,0,9.65329707681849,11.2168592794018,13.1883072739633,3
36754,18,90,601.7,10.4,51.78,0,14.3439836845683,12.100611828688,14.6159075458872,4
36754,18,120,483.22,6.38,41.63,0,11.8286879673691,2.10740992522094,12.2365737593474,5
36754,18,120,398.67,8.69,63.78,0,5.98232494901428,9.24541128484024,15.2957171991842,6
36754,18,85,3278.34,21.85,380.62,0,41.8082936777702,52.0734194425561,39.6329027872196,7
36754,18,90,1930.04,21.97,232.97,0,25.2889191026513,53.5010197144799,26.512576478586,8
36754,18,90,2270.82,20.36,209.96,0,29.5717199184228,33.9225016995241,24.5411284840245,9
36754,18,90,3736.24,20,434.16,0,47.3827328348062,30.3195105370496,45.4112848402447,10
36754,18,120,379.63,7.82,35.24,0,5.50645819170632,6.39021074099252,8.70156356220258,11
36754,18,90,457.55,7.12,55.17,0,10.1971447994562,4.28280081577158,14.8198504418763,12
36754,18,120,613.25,7.6,41.11,0,14.6159075458872,5.64242012236574,12.0326308633583,13
36754,18,120,416.92,12.65,26.68,0,7.0700203942896,14.6159075458872,4.89462950373895,14
36754,18,120,459.82,7.17,33.23,0,10.469068660775,4.418762746431,7.68184908225697,15
36754,18,90,463.87,7.86,33.4,0,10.6730115567641,6.59415363698164,7.74983004758668,16
36754,18,120,567.18,6.82,35.51,0,13.8681169272604,3.26308633582597,8.90550645819171,17
36754,18,120,440.15,6.94,35.82,0,8.76954452753229,3.5350101971448,9.10944935418083,18
36754,18,120,440.25,10.08,33.65,0,8.837525492862,11.4887831407206,7.88579197824609,19
36754,18,120,543.43,6.48,48.49,0,13.1203263086336,2.37933378653977,14.0040788579198,20
36754,18,120,434.9,7.92,44.19,0,8.22569680489463,6.66213460231135,12.7124405166553,21
36754,18,120,113,4.99,5.15,0,0,0.339904826648538,0.0679809653297077,22
36754,18,120,462.19,6.73,22.97,0,10.6050305914344,2.71923861318831,3.39904826648538,23
36754,18,90,472.29,7.62,29.4,0,11.2168592794018,5.84636301835486,5.77838205302515,24
36754,18,120,522.22,10.44,43.83,0,12.7124405166553,12.1685927940177,12.5764785859959,25
36754,18,120,391.91,9.93,47.99,0,5.71040108769544,11.2848402447315,13.9360978925901,26
36754,18,120,428.13,7.28,22.65,0,7.61386811692726,4.89462950373895,3.12712440516655,27
36837,21,112,5730.42,17.85,709.12,0,91.8918918918919,15.3153153153153,77.1771771771772,1
36837,21,120,2785.19,20.63,353.04,0,29.1291291291291,32.4324324324324,29.4294294294294,2
36837,21,110,3218.26,17.32,387.96,0,40.2402402402402,12.9129129129129,35.4354354354354,3
36837,21,100,3713.41,18.15,557.81,0,55.5555555555556,16.8168168168168,61.8618618618619,4
36837,21,95,1660.97,14.09,160.5,0,9.60960960960961,5.40540540540541,7.80780780780781,5
36837,21,120,686.26,13.24,60.38,0,4.5045045045045,3.003003003003,5.40540540540541,6
36837,21,83,2432.12,19.32,387.8,0,21.3213213213213,21.9219219219219,34.8348348348348,7
36837,21,83,1426.48,24.71,241.63,1,7.80780780780781,77.7777777777778,12.3123123123123,8
36837,21,91,1960.45,21.2,299.79,0,12.3123123123123,40.8408408408408,20.7207207207207,9
36837,21,75,3357.42,14.54,290.99,0,43.5435435435435,6.30630630630631,19.2192192192192,10
36837,21,75,3423.32,13.17,285.49,0,45.6456456456456,2.4024024024024,18.6186186186186,11
36837,21,75,2627.17,13.6,242.52,0,24.6246246246246,3.9039039039039,12.6126126126126,12
36837,21,75,2243.85,17.16,149.78,0,16.5165165165165,12.012012012012,7.50750750750751,13
36837,21,120,3517.26,20.62,500.83,0,49.8498498498498,32.1321321321321,52.5525525525526,14
36837,21,97,4299.96,15.91,437.63,0,67.8678678678679,9.00900900900901,42.3423423423423,15
36837,21,100,2956.34,18.48,337.57,0,33.3333333333333,17.4174174174174,27.027027027027,16
36837,21,106,106.04,6.06,10.25,0,0,0.3003003003003,0.600600600600601,17
36837,21,112,695.14,12.61,56.75,0,4.8048048048048,2.1021021021021,4.8048048048048,18
36837,21,111,3041.3,16.55,284.04,0,34.8348348348348,10.5105105105105,17.7177177177177,19
37322,20,90,9079.81,28.73,1589.39,14,98.9861751152074,99.3548387096774,99.5391705069124,1
37322,20,120,6198.98,26.7,791.74,6,86.0829493087558,95.7603686635945,82.2119815668203,2
37322,20,105,3193.42,23.81,342.15,1,32.8110599078341,74.7465437788019,26.0829493087558,3
37322,20,110,5061.7,29.36,637.93,8,77.4193548387097,99.7235023041475,71.4285714285714,4
37322,20,100,2357.24,18.95,307.06,0,16.405529953917,17.6958525345622,20.7373271889401,5
37322,20,78,4698.2,21.91,726.82,0,72.5345622119816,49.3087557603687,78.3410138248848,6
37322,20,75,816.58,12.49,83.63,0,5.52995391705069,3.963133640553,5.34562211981567,7
37322,20,105,3499.24,21.57,415.2,0,41.4746543778802,44.4239631336406,39.3548387096774,8
37322,20,105,5049.39,25.12,868.44,8,77.2350230414747,86.7281105990783,87.0046082949309,9
37322,20,123,8087.13,27.5,1101.61,6,96.405529953917,97.8801843317972,93.6405529953917,10
37322,20,100,8912.78,26.17,1278.8,16,98.7096774193548,93.7327188940092,96.9585253456221,11
37322,20,70,1879.76,14.77,179.09,0,12.4423963133641,7.1889400921659,9.21658986175115,12
37322,20,99,3490.29,21.78,364.09,0,41.0138248847926,47.4654377880184,30.3225806451613,13
37322,20,116,6281.71,27.79,886.85,1,86.6359447004608,98.5253456221198,88.110599078341,14
37322,20,100,4870.95,25.91,581.79,1,75.1152073732719,92.258064516129,65.5299539170507,15
37322,20,90,7105.88,30.43,1035.07,14,92.7188940092166,99.9078341013825,91.889400921659,16
37322,20,110,3278.37,23.19,389.95,1,34.9308755760369,66.9124423963134,35.1152073732719,17
37322,20,90,3958.09,24.02,538.48,1,55.9447004608295,76.8663594470046,60.9216589861751,18
37322,20,76,2759.8,22.96,244.5,1,22.3963133640553,64.4239631336406,13.8248847926267,19
37322,20,90,4101.18,24.76,542.74,2,59.2626728110599,83.8709677419355,61.1981566820277,20
37322,20,90,2674.2,24.25,293.32,1,21.0138248847926,79.2626728110599,19.1705069124424,21
37322,20,110,5565.92,25.4,835.16,6,82.0276497695853,88.7557603686636,85.1612903225806,22
37322,20,100,6338.26,26.6,798.25,6,87.2811059907834,95.3917050691244,82.9493087557604,23
37322,20,90,183.02,4.54,12.88,0,1.47465437788018,0,1.75115207373272,24
37322,20,110,3260.01,22.86,486.98,1,34.1935483870968,62.6728110599078,53.2718894009217,25
37322,20,91,7327.88,27.17,1088.43,8,93.6405529953917,97.2350230414747,93.2718894009217,26
37322,20,80,3637.81,27.42,430.13,1,46.8202764976959,97.7880184331797,42.1198156682028,27
37322,20,90,5574.37,27.63,866.63,8,82.1198156682028,98.3410138248848,86.8202764976958,28
37322,20,120,6252.99,25.91,819.51,11,86.4516129032258,92.258064516129,84.0552995391705,29
37322,20,104,7773.68,30.2,1283.46,12,95.2073732718894,99.815668202765,97.2350230414747,30
37322,20,90,1131.04,23.95,185.36,1,7.55760368663594,76.036866359447,9.76958525345622,31
37322,20,90,8312.14,27.99,1267.82,20,97.6958525345622,98.6175115207373,96.6820276497696,32
37322,20,90,4844.45,24.34,706.48,4,74.8387096774194,80,76.6820276497696,33
37322,20,105,4781.72,26.43,689.79,2,73.8248847926267,94.5622119815668,75.2995391705069,34
37322,20,90,3800.42,25.06,503.33,2,51.5207373271889,86.0829493087558,56.221198156682,35
37322,20,90,8505.37,28.63,1316.75,17,98.2488479262673,99.1705069124424,97.5115207373272,36
37322,20,90,5850.78,26.47,751.8,3,83.5944700460829,94.7465437788018,80.0921658986175,37
37322,20,90,7073.56,26.73,1058.33,10,92.3502304147465,95.9447004608295,92.6267281105991,38
37322,20,90,3811.52,23.5,465.19,1,52.258064516129,71.4285714285714,49.7695852534562,39
37322,20,100,3951.18,27.23,451.16,5,55.4838709677419,97.3271889400922,46.9124423963134,40
37322,20,90,7755.94,26.39,1231.26,17,95.0230414746544,94.3778801843318,96.036866359447,41
37322,20,90,203.88,7.84,14.31,0,2.21198156682028,1.47465437788018,2.3963133640553,42
38727,20,100,5284.53,21.81,584.79,0,79.3548387096774,47.8341013824885,65.9907834101382,1
38727,20,104,10067.69,24.93,1379.69,5,99.5391705069124,84.8847926267281,98.6175115207373,2
38727,20,120,6524.77,22.17,858.32,0,88.294930875576,53.2718894009217,86.1751152073733,3
38727,20,105,3310.16,22.07,340.4,1,35.7603686635945,51.5207373271889,25.8064516129032,4
38727,20,110,4632.59,24.5,483.36,3,71.6129032258065,80.9216589861751,52.6267281105991,5
38727,20,78,5052.72,19.79,716.42,0,77.3271889400922,24.8847926267281,77.6036866359447,6
38727,20,75,859.67,13.43,88.1,0,6.17511520737327,5.99078341013825,6.08294930875576,7
38727,20,105,3571.04,19.16,428,0,43.963133640553,19.0783410138249,41.7511520737327,8
38727,20,123,7734.75,24.17,1072.03,2,94.8387096774194,78.4331797235023,92.9953917050691,9
38727,20,90,7369.98,24.17,1246.73,11,93.8248847926267,78.4331797235023,96.221198156682,10
38727,20,91,8029.87,25.68,1358.95,3,95.852534562212,90.8755760368664,98.3410138248848,11
38727,20,99,4309.96,22.31,433.98,0,64.331797235023,55.2995391705069,43.2258064516129,12
38727,20,116,6658.33,22.1,829.21,0,89.3087557603687,52.1658986175115,84.7926267281106,13
38727,20,100,3743.69,20.54,400.4,0,49.9539170506912,31.1520737327189,36.9585253456221,14
38727,20,90,4540.31,24.1,686.06,3,69.0322580645161,77.8801843317972,74.8387096774194,15
38727,20,110,3925.16,22.73,486.08,1,55.1152073732719,60.8294930875576,53.0875576036866,16
38727,20,90,5206.26,25.42,666.02,5,78.3410138248848,89.2165898617511,73.4562211981567,17
38727,20,105,4963.37,18.93,641.81,0,75.9447004608295,17.4193548387097,71.9815668202765,18
38727,20,110,4943.96,21.18,799.93,0,75.5760368663594,39.1705069124424,83.0414746543779,19
38727,20,100,6397.76,22.38,653.19,1,87.4654377880184,56.4055299539171,72.3502304147465,20
38727,20,110,5016.6,22.72,619.49,1,76.6820276497696,60.6451612903226,69.7695852534562,21
38727,20,90,3599.91,22.78,491.36,1,44.9769585253456,61.4746543778802,54.3778801843318,22
38727,20,92,8327.9,24.18,1278.47,5,97.7880184331797,78.7096774193548,96.8663594470046,23
38727,20,90,7747.46,23.56,1002.62,4,94.9308755760369,72.073732718894,91.4285714285714,24
38727,20,90,7732.9,22.39,993.17,1,94.7465437788018,56.6820276497696,91.0599078341014,25
38727,20,70,3441.84,19.61,403.02,0,39.1705069124424,23.2258064516129,37.4193548387097,26
38727,20,90,7099.36,21.74,868.63,0,92.5345622119816,46.8202764976959,87.0967741935484,27
38727,20,90,9471.15,25.16,1280.22,5,99.1705069124424,87.1889400921659,97.0506912442396,28
38727,20,90,3508.49,23.22,498.71,4,41.8433179723502,67.4654377880184,55.5760368663594,29
38727,20,90,4452.76,25.99,680.66,3,67.0046082949309,92.6267281105991,74.2857142857143,30
38727,20,90,8155.15,25.81,1009.19,13,96.9585253456221,91.7972350230415,91.5207373271889,31
38727,20,90,3033.12,21.5,423.57,0,29.2165898617512,43.0414746543779,40.8294930875576,32
38727,20,90,6321.87,30.73,1312.97,3,87.0046082949309,100,97.4193548387097,33
38727,20,76,2376.66,19.83,291.63,0,16.9585253456221,25.3456221198157,18.8940092165899,34
38727,20,90,3895.22,19.54,503.35,0,53.5483870967742,22.5806451612903,56.3133640552995,35
38727,20,90,3646.01,21.97,465.6,0,47.2811059907834,50.2304147465438,49.9539170506912,36
38727,20,105,9380.11,26.04,1367.7,4,99.0783410138249,92.8110599078341,98.4331797235023,37
38727,20,100,10192.6,24.23,1171.57,6,99.815668202765,79.0783410138249,95.2995391705069,38
40553,21,83,3674.98,23.02,514.56,2,54.0540540540541,58.5585585585586,54.954954954955,1
40553,21,120,4655.37,24.23,548.75,1,75.975975975976,74.4744744744745,59.7597597597598,2
40553,21,110,4020.53,20.32,498.54,0,61.2612612612613,28.2282282282282,51.9519519519519,3
40553,21,100,4999.23,22.95,709.23,2,82.2822822822823,57.957957957958,77.4774774774775,4
40553,21,95,2288.92,16.19,245.8,0,17.4174174174174,9.90990990990991,13.8138138138138,5
40553,21,120,1631.49,20.17,209.88,0,9.00900900900901,27.027027027027,9.90990990990991,6
40553,21,83,2572.09,19.16,325.64,0,23.4234234234234,20.4204204204204,24.3243243243243,7
40553,21,90,281.52,5.78,6.52,0,1.2012012012012,0,0,8
40553,21,91,4325.8,23.07,600.17,1,69.3693693693694,59.4594594594595,67.2672672672673,9
40553,21,94,3953.07,20.88,528.04,0,60.0600600600601,36.9369369369369,56.4564564564565,10
40553,21,120,4545.62,22.77,617.99,0,74.1741741741742,55.8558558558559,69.3693693693694,11
40553,21,105,6118.7,26.75,1000.44,3,93.6936936936937,90.3903903903904,90.3903903903904,12
40553,21,97,5021.61,23.53,815.7,1,82.8828828828829,66.966966966967,84.0840840840841,13
40553,21,87,3184.26,21.14,425.62,0,38.7387387387387,39.9399399399399,40.5405405405405,14
40553,21,107,730.18,9.84,33.76,0,6.00600600600601,0.900900900900901,2.4024024024024,15
40553,21,70,2722.56,22.08,514.34,0,27.3273273273273,51.0510510510511,54.6546546546547,16
40553,21,106,391.92,14.43,38.22,0,1.8018018018018,6.00600600600601,2.7027027027027,17
40553,21,108,7715.3,23.24,1170.26,3,98.4984984984985,61.8618618618619,96.0960960960961,18
40553,21,75,3942.78,22.2,499.54,0,59.7597597597598,52.2522522522522,52.2522522522522,19
40553,21,111,592.96,13.94,40.2,0,3.6036036036036,5.10510510510511,3.3033033033033,20
40553,21,75,2711.3,20.82,348.87,0,26.4264264264264,35.7357357357357,28.8288288288288,21
40553,21,112,754.84,13.43,61.21,0,6.60660660660661,3.3033033033033,5.70570570570571,22
40553,21,75,5012.27,23.69,482.27,4,82.5825825825826,69.0690690690691,49.5495495495495,23
40553,21,75,4207.22,21.37,387.8,0,65.7657657657658,43.2432432432432,34.8348348348348,24
40553,21,75,4887.71,25.86,483.77,8,81.3813813813814,86.1861861861862,50.1501501501502,25
40553,21,75,4610.99,25.38,444.29,2,74.4744744744745,83.4834834834835,43.8438438438438,26
41100,19,100,6425.46,24.11,961.17,11,78.6885245901639,74.7540983606557,85.2459016393443,1
41100,19,120,8311.71,25.96,1029.85,9,96.0655737704918,89.8360655737705,90.8196721311475,2
41100,19,120,6845.85,24.69,929.84,1,83.6065573770492,79.344262295082,82.2950819672131,3
41100,19,90,4578.63,24.54,597.41,2,29.5081967213115,78.0327868852459,36.0655737704918,4
41100,19,90,7229.52,23.04,946.95,1,86.5573770491803,61.3114754098361,83.6065573770492,5
41100,19,100,8753.04,26.45,1546.48,3,99.016393442623,94.0983606557377,99.672131147541,6
41100,19,90,3776.28,19.47,583.95,0,16.0655737704918,16.7213114754098,31.8032786885246,7
41100,19,90,5024.53,24.36,777.25,2,40,77.0491803278689,63.9344262295082,8
41100,19,90,6390.32,20.72,880.37,0,78.0327868852459,25.5737704918033,78.0327868852459,9
41100,19,90,6203.63,26.9,806.8,3,74.7540983606557,97.3770491803279,68.5245901639344,10
41100,19,75,3730.93,23.34,511.92,2,15.4098360655738,65.2459016393443,20.327868852459,11
41100,19,90,5664.57,22.18,740.11,0,64.2622950819672,49.1803278688525,58.6885245901639,12
41100,19,70,5481.62,23.6,793.14,1,53.4426229508197,69.1803278688525,67.2131147540984,13
41100,19,100,4569.42,25.96,629.85,4,28.8524590163934,89.8360655737705,42.2950819672131,14
41100,19,90,964.22,15,87.23,0,4.26229508196721,5.57377049180328,5.24590163934426,15
41100,19,95,6239.58,21.26,833.66,0,75.4098360655738,31.8032786885246,71.4754098360656,16
41837,20,90,2889.73,17.56,289.59,0,25.5299539170507,11.0599078341014,18.5253456221198,1
41837,20,110,4581,23.03,587.17,3,70.2304147465438,65.2534562211982,66.3594470046083,2
41837,20,95,3423.39,23.55,403.23,1,38.4331797235023,71.7972350230415,37.5115207373272,3
41837,20,70,1726.28,13.29,135.34,0,10.7834101382488,5.16129032258065,7.83410138248848,4
41837,20,123,134.37,12.2,13.82,0,0.552995391705069,3.59447004608295,2.11981566820276,5
41837,20,99,3524.22,21.28,301.47,0,42.2119815668203,40.4608294930876,20.184331797235,6
41837,20,100,3915.63,20.95,388.6,0,54.4700460829493,36.036866359447,34.9308755760369,7
41837,20,110,3005.41,26.73,321.38,3,28.7557603686636,95.9447004608295,22.3963133640553,8
43549,19,100,5777.06,22.08,954.32,0,66.8852459016394,47.8688524590164,84.2622950819672,1
43549,19,90,5635.74,21.89,720.85,0,62.9508196721312,41.6393442622951,56.3934426229508,2
43549,19,90,6882.19,25.14,857.02,5,84.2622950819672,84.9180327868852,74.4262295081967,3
43549,19,90,4438.86,23.54,563.49,2,27.2131147540984,68.8524590163934,25.5737704918033,4
43549,19,120,7384.55,22.02,989.46,0,88.1967213114754,45.9016393442623,88.8524590163935,5
43549,19,90,3453.85,19.06,528.14,0,13.1147540983607,14.7540983606557,21.6393442622951,6
43549,19,120,7980.11,25.84,986.57,9,92.4590163934426,89.1803278688525,88.1967213114754,7
43549,19,75,3806.15,22.1,470.25,0,16.3934426229508,48.5245901639344,15.4098360655738,8
43549,19,100,8720.35,22.04,1418.77,0,98.6885245901639,46.5573770491803,99.344262295082,9
43549,19,90,5679.15,21.74,725.57,0,64.9180327868852,39.344262295082,57.0491803278689,10
43549,19,70,3992.29,25.04,460.07,2,19.0163934426229,83.9344262295082,14.7540983606557,11
43549,19,90,5187.02,22.12,780.96,0,43.6065573770492,48.8524590163934,64.2622950819672,12
43549,19,90,5611.76,20.01,719.41,0,60.983606557377,20,56.0655737704918,13
43549,19,100,4126.62,25.58,464.93,3,20.655737704918,87.2131147540984,15.0819672131148,14
43549,19,90,2295.11,19.65,178.07,0,8.19672131147541,18.0327868852459,7.54098360655738,15
43549,19,95,5914.09,19.63,769.04,0,69.8360655737705,17.7049180327869,62.2950819672131,16
44800,19,90,5380.59,19.71,631.3,0,50.8196721311475,18.3606557377049,42.6229508196721,1
44800,19,90,5121.28,24.32,591.55,5,41.3114754098361,76.3934426229508,34.0983606557377,2
44800,19,75,3636.4,20.29,364.86,0,14.0983606557377,21.3114754098361,9.83606557377049,3
44800,19,70,4498.4,18.94,599.52,0,27.5409836065574,14.0983606557377,37.3770491803279,4
44800,19,90,5195.64,18.8,598.08,0,45.2459016393443,12.7868852459016,36.3934426229508,5
44800,19,95,5521.71,19.49,667.84,0,55.0819672131148,17.3770491803279,50.1639344262295,6
44800,19,90,1592.04,13.86,140.08,0,6.55737704918033,3.9344262295082,7.21311475409836,7
44800,19,100,4242.85,22.41,526.53,0,22.9508196721311,52.1311475409836,20.983606557377,8
44800,19,90,6725.78,19.38,875.38,0,80.655737704918,16.3934426229508,77.0491803278689,9
44800,19,90,4243.95,18.99,570.43,0,23.2786885245902,14.4262295081967,27.2131147540984,10
44800,19,90,5526.65,17.44,594.25,0,55.7377049180328,9.18032786885246,34.7540983606557,11
44800,19,90,4531.51,20.94,571.83,0,27.8688524590164,27.5409836065574,28.1967213114754,12
44800,19,100,6877.48,20.42,885.72,0,83.9344262295082,21.9672131147541,78.3606557377049,13
44800,19,120,6619.05,19.34,793.09,0,79.672131147541,16.0655737704918,66.8852459016394,14
44800,19,120,7105.01,21.6,875.94,0,85.9016393442623,37.0491803278689,77.3770491803279,15
44800,19,100,5495.81,20.46,768.05,0,54.0983606557377,22.9508196721311,61.9672131147541,16
44800,19,90,2825.78,16.85,312.27,0,9.50819672131147,6.55737704918033,9.18032786885246,17
44844,20,105,3151.81,21.95,361.69,0,31.889400921659,49.8617511520737,29.5852534562212,1
44844,20,78,4055.83,23.02,796.77,0,57.9723502304147,64.9769585253456,82.6728110599078,2
44844,20,99,3389.89,20.41,376.04,0,37.6036866359447,30.3225806451613,31.889400921659,3
44844,20,116,5896.29,25.74,929.66,1,83.778801843318,91.3364055299539,89.3087557603687,4
44844,20,110,3668.6,29.18,588.9,4,47.8341013824885,99.63133640553,66.6359447004608,5
44844,20,100,4225.28,24.95,546.71,2,61.9354838709677,85.1612903225806,61.9354838709677,6
44844,20,105,4911.22,21.03,878.09,0,75.3917050691244,37.8801843317972,87.5576036866359,7
44844,20,120,5364.36,27.52,893.46,2,79.815668202765,98.0645161290323,88.3870967741936,8
44844,20,105,2878.66,25.82,392.59,2,25.1612903225806,91.889400921659,35.4838709677419,9
44844,20,120,6399.95,23.25,1286.42,1,87.5576036866359,67.8341013824885,97.3271889400922,10
44844,20,123,5641.8,24.07,698.79,3,82.5806451612903,77.4193548387097,75.5760368663594,11
44844,20,75,718.9,10.82,72.47,0,4.23963133640553,2.67281105990783,4.51612903225806,12
44846,20,99,3368.75,19.48,342.22,0,37.1428571428571,21.8433179723502,26.1751152073733,1
44846,20,120,5483.68,24.74,870.92,6,81.4746543778802,83.6866359447005,87.2811059907834,2
44846,20,123,5022.41,21.85,722.55,0,76.8663594470046,48.3870967741936,78.0645161290323,3
44846,20,105,2679.02,20.64,327.75,0,21.1059907834101,32.5345622119816,23.4101382488479,4
44846,20,75,751.33,12.08,76,0,4.70046082949309,3.2258064516129,4.60829493087558,5
44846,20,78,4538.55,20.25,688.05,0,68.9400921658986,28.4792626728111,75.1152073732719,6
44846,20,100,2144.12,18.32,307.39,0,14.6543778801843,13.6405529953917,20.8294930875576,7
44846,20,110,3838.02,25.14,462.33,4,52.5345622119816,86.9124423963134,49.2165898617512,8
44846,20,80,2842.61,20.59,358.35,0,24.4239631336406,31.7972350230415,29.1244239631336,9
44846,20,105,3291.82,20.77,467.98,0,35.4838709677419,33.9170506912442,50.4147465437788,10
44846,20,100,4360.38,22.37,566.26,0,65.5299539170507,56.1290322580645,64.0552995391705,11
44846,20,116,2620.89,17.54,325.89,0,19.9078341013825,10.7834101382488,23.3179723502304,12
44846,20,105,2556.23,22.27,300.91,0,18.9861751152074,54.7465437788019,20.0921658986175,13
44846,20,95,2251.48,28.37,233.38,1,15.4838709677419,98.9861751152074,12.9953917050691,14
44846,20,70,4338.22,23.17,657.82,1,65.2534562211982,66.6359447004608,72.9032258064516,15
44846,20,100,3214.89,19.81,392.71,0,33.0875576036866,25.0691244239631,35.5760368663594,16
44846,20,120,3860.41,22.65,492.68,0,53.2718894009217,59.7235023041475,54.7465437788019,17
45048,19,100,6157.35,22,1006.58,0,74.0983606557377,44.9180327868852,89.5081967213115,1
45048,19,120,7750.17,24.65,1076.29,9,90.4918032786885,79.0163934426229,93.7704918032787,2
45048,19,120,7711.26,22,1034.45,0,90.1639344262295,44.9180327868852,91.1475409836066,3
45048,19,90,4427.55,24.61,554.33,2,26.8852459016393,78.6885245901639,24.5901639344262,4
45048,19,90,6827.31,23.41,970.08,3,82.9508196721311,66.5573770491803,86.5573770491803,5
45048,19,90,5442.33,20.49,705.77,0,52.4590163934426,23.6065573770492,53.1147540983606,6
45048,19,90,3735.5,18.77,582.84,0,15.7377049180328,12.4590163934426,31.4754098360656,7
45048,19,90,5311.55,25.64,769.17,1,48.8524590163934,87.5409836065574,62.6229508196721,8
45048,19,90,5581.06,20.41,854.86,0,59.344262295082,21.6393442622951,73.4426229508197,9
45048,19,90,1646.99,14.47,122.75,0,6.88524590163934,4.91803278688525,6.22950819672131,10
45048,19,75,3955.85,23.76,509.33,1,17.7049180327869,70.8196721311475,19.344262295082,11
45048,19,90,5251.82,25.03,662.55,2,46.5573770491803,83.2786885245902,48.8524590163934,12
45048,19,90,5605.2,26.88,781.85,5,60.327868852459,97.0491803278689,64.5901639344262,13
45048,19,95,6094.17,21.44,906.38,0,72.4590163934426,34.4262295081967,81.3114754098361,14
45048,19,100,8359.56,25.07,1310.13,3,96.3934426229508,84.5901639344262,98.0327868852459,15
45048,19,90,5555.18,22.27,824.03,0,58.0327868852459,50.4918032786885,70.1639344262295,16
45048,19,70,4054.33,21.81,579.78,0,19.672131147541,40.655737704918,30.4918032786885,17
45048,19,100,4705.8,24.97,589.22,2,31.8032786885246,82.9508196721311,33.1147540983607,18
45111,20,90,4298.77,21.53,528.96,0,63.6866359447005,43.778801843318,59.7235023041475,1
45111,20,110,4953.61,21.51,612.84,0,75.668202764977,43.5023041474654,68.7557603686636,2
45111,20,100,7555.18,23.02,788.04,1,94.1935483870968,64.9769585253456,82.0276497695853,3
45111,20,110,4150.65,19.69,485.34,0,60.184331797235,23.963133640553,52.9953917050691,4
45111,20,90,3654.87,19.67,459.58,0,47.5576036866359,23.8709677419355,48.7557603686636,5
45111,20,92,6436.58,22.69,776.9,4,87.926267281106,60.36866359447,81.4746543778802,6
45111,20,90,6827.09,22.95,806.24,3,90.6912442396313,64.0552995391705,83.5023041474654,7
45111,20,70,2436.39,18.29,275.08,0,17.6036866359447,13.3640552995392,16.8663594470046,8
45111,20,90,5987.99,23.79,582,3,84.331797235023,74.3778801843318,65.6221198156682,9
45111,20,90,7186.61,25.52,900.06,1,92.9953917050691,90.2304147465438,88.5714285714286,10
45111,20,90,3579.55,22.44,389.09,0,44.331797235023,57.3271889400922,35.0230414746544,11
45111,20,90,3619.92,23.42,445.56,1,45.8986175115207,70.1382488479263,45.3456221198157,12
45111,20,90,4301.43,25.01,476.55,1,63.778801843318,85.6221198156682,51.7972350230415,13
45111,20,90,7161.26,22.84,839.37,1,92.9032258064516,62.3963133640553,85.3456221198157,14
45111,20,90,182.35,8.98,12.53,0,1.38248847926267,1.93548387096774,1.65898617511521,15
45111,20,90,101.74,6.15,8.34,0,0.184331797235023,0.552995391705069,1.01382488479263,16
45111,20,90,6141.03,24.57,733.05,1,85.6221198156682,81.9354838709677,78.6175115207373,17
45111,20,76,2643.58,15.88,328.53,0,20.36866359447,8.0184331797235,23.5023041474654,18
45111,20,90,3586.38,19.2,397.76,0,44.6082949308756,19.7235023041475,36.405529953917,19
45111,20,90,3407.35,20.82,455.94,0,38.0645161290323,34.4700460829493,47.741935483871,20
45111,20,100,8542.9,23.81,857.21,2,98.3410138248848,74.7465437788019,86.0829493087558,21
45111,20,77,3250.04,28.64,338.23,2,34.0092165898618,99.2626728110599,25.1612903225806,22
45111,20,70,1688.51,12.98,132.27,0,10.5069124423963,4.51612903225806,7.64976958525346,23
45111,20,100,3510.03,19.29,356.79,0,42.0276497695853,20.2764976958525,28.7557603686636,24
45111,20,104,8187.76,25.72,1064.95,2,97.3271889400922,91.0599078341014,92.9032258064516,25
45111,20,90,8246.49,22.98,1036.97,2,97.6036866359447,64.7926267281106,92.073732718894,26
45111,20,120,5366.66,24.47,632.99,1,80,80.7373271889401,70.9677419354839,27
45111,20,105,3020.23,21.26,322.84,0,29.0322580645161,40.0921658986175,22.6728110599078,28
45111,20,110,4329.22,25.45,442.05,3,64.7004608294931,89.4009216589862,44.8847926267281,29
45111,20,100,1925.77,17.53,225.47,0,13.0875576036866,10.6912442396313,11.9815668202765,30
45111,20,75,675.3,12.86,63.88,0,4.05529953917051,4.23963133640553,3.59447004608295,31
45111,20,78,3702.98,17.91,425.39,0,48.8479262672811,12.073732718894,41.0138248847926,32
45111,20,105,2909.84,18.44,309.79,0,26.1751152073733,14.4700460829493,21.0138248847926,33
45111,20,123,6817.78,21.31,768.81,0,90.5990783410138,40.9216589861751,81.1981566820276,34
45111,20,120,6103.06,21.34,732.63,0,85.4377880184332,41.2903225806452,78.5253456221198,35
45111,20,90,6326.3,26.86,733.96,3,87.0967741935484,96.3133640552995,78.7096774193548,36
45111,20,80,3410.84,21.55,369.5,0,38.1566820276498,44.0552995391705,31.0599078341014,37
45111,20,91,6425.02,22.23,860.3,0,87.8341013824885,54.4700460829493,86.4516129032258,38
45111,20,99,3731.33,19.91,322.66,0,49.5852534562212,25.6221198156682,22.4884792626728,39
45111,20,116,4197.2,23.52,456.8,2,61.2903225806452,71.5207373271889,47.926267281106,40
45111,20,100,6720.7,21.94,584.64,1,89.6774193548387,49.5852534562212,65.8986175115207,41
45111,20,105,362.2,19.41,46.28,0,2.85714285714286,21.3824884792627,3.13364055299539,42
45111,20,110,3760.25,22.88,408.57,1,50.4147465437788,62.9493087557604,38.1566820276498,43
45111,20,90,6219.36,25.41,734.28,3,86.2672811059908,89.0322580645161,78.8018433179724,44
45111,20,105,3972.71,22,440.02,1,56.4976958525346,50.5069124423963,44.4239631336406,45
45655,18,85,2462.27,12.98,205.91,0,31.5431679129844,15.4996600951734,23.9972807613868,1
45655,18,90,752.82,16.39,33.15,0,15.9075458871516,18.8987083616587,7.61386811692726,2
45655,18,120,3317.61,19.85,273.93,0,42.1481985044188,29.7076818490823,30.3874915023793,3
45655,18,90,762.19,13.24,67.42,0,16.1114887831407,15.9075458871516,15.4996600951734,4
45655,18,120,438.37,7.11,31.83,0,8.49762066621346,4.21481985044188,6.93405846363018,5
45655,18,120,3271.55,25.22,312.3,1,41.6723317471108,82.0530251529572,33.8545207341944,6
45655,18,120,4894.41,25.24,490.69,2,67.3011556764106,82.1210061182869,51.1216859279402,7
45655,18,120,5112.02,23.34,467.56,1,70.2923181509177,66.8252889191027,49.1502379333787,8
45655,18,120,2975.61,23.38,265.4,1,38.3412644459551,67.1651937457512,29.4357579877634,9
45655,18,90,3128.81,12.77,266.07,0,39.7008837525493,14.9558123725357,29.6397008837525,10
45655,18,150,2209.2,17.16,191.84,0,28.8919102651258,19.306594153637,23.0455472467709,11
45655,18,120,4453.5,19.99,417.05,0,59.8232494901428,30.2515295717199,43.3038749150238,12
45655,18,120,3946.75,19,329.35,0,51.5295717199184,23.7933378653977,35.2141400407886,13
45655,18,120,4133.12,19.43,349.09,0,53.8409245411285,26.4445955132563,36.9136641740313,14
45655,18,90,2128.54,19.78,194.74,0,27.8042148198504,28.8239292997961,23.24949014276,15
45655,18,120,447.31,8.61,40.31,0,9.24541128484024,9.04146838885112,11.6927260367097,16
45655,18,120,3609.76,19.75,286.67,0,45.2073419442556,28.5520054384772,31.4072059823249,17
45655,18,120,2786.56,20.56,242.2,0,36.4377974167233,36.0978925900748,27.2603670972128,18
45655,18,120,4572.06,25.28,392.65,2,61.9306594153637,82.5288919102651,40.9925220938137,19
45655,18,90,3202.59,20.83,281.16,0,40.5166553365058,39.4289598912305,31.0673011556764,20
45655,18,95,271.63,12.5,21.24,0,2.6512576478586,14.4799456152277,2.78721957851801,21
45655,18,90,2899.17,14.57,242.24,0,37.5934738273284,17.2671651937458,27.3283480625425,22
45655,18,95,756.84,11.33,24.88,0,16.043507817811,12.9843643779742,4.14683888511217,23
45655,18,90,3379.39,20.47,255.81,0,42.7600271923861,35.0101971447995,28.5520054384772,24
45655,18,90,2234.22,19.73,188.66,0,29.0958531611149,28.4160435078178,22.7056424201224,25
45655,18,120,454.26,8.89,39.8,0,9.92522093813732,9.44935418082937,11.4887831407206,26
45655,18,90,551.49,16.06,43.83,0,13.3922501699524,18.5588035350102,12.5764785859959,27
45655,18,90,2207.56,20.91,234.13,0,28.8239292997961,40.7205982324949,26.6485384092454,28
45655,18,90,2891.55,18.13,236.89,0,37.3895309313392,21.0061182868797,26.9204622705642,29
45655,18,90,3240.22,24.8,290.09,3,41.2644459551326,78.382053025153,31.6111488783141,30
45655,18,120,479.41,8.63,22.43,0,11.5567641060503,9.17743031951054,3.05914343983685,31
45655,18,90,3499.27,24.83,293.94,3,43.7797416723317,78.5859959211421,32.0190346702923,32
45655,18,90,2195.47,17.59,256.89,0,28.5520054384772,20.0543847722638,28.6199864038069,33
45655,18,90,654.13,11.52,78.9,0,15.4996600951734,13.3242692046227,16.4513936097893,34
45655,18,120,298.02,10.44,32.97,0,2.92318150917743,12.1685927940177,7.34194425560843,35
45655,18,90,1277.53,20.77,175.15,0,19.7144799456152,38.2732834806254,21.0061182868797,36
45655,18,120,211.39,6.37,24.49,0,1.29163834126445,2.03942895989123,4.01087695445275,37
45655,18,120,201.45,7.49,25.16,0,1.15567641060503,5.23453433038749,4.28280081577158,38
45655,18,120,2933.38,20.81,360.53,0,37.8653976886472,38.8851121685928,37.9333786539769,39
45655,18,120,322.78,8.86,37.82,0,3.60299116247451,9.38137321549966,10.5370496261047,40
45655,18,90,2005.03,13.75,245.73,0,26.036709721278,16.3154316791298,27.5322909585316,41
45655,18,90,1138.44,12.32,99.3,0,18.5588035350102,14.0720598232495,17.8110129163834,42
45655,18,90,471.4,21.97,46.46,0,11.0808973487424,53.5010197144799,13.5282121006118,43
45655,18,120,4126.37,17.49,380.21,0,53.7049626104691,19.7144799456152,39.4969408565602,44
45655,18,120,2601.02,14.1,248.86,0,33.6505778382053,16.6553365057784,27.8721957851801,45
45907,20,105,5044.53,23.1,587.05,1,77.1428571428572,66.2672811059908,66.2672811059908,1
45907,20,110,2971.15,24.57,347.64,1,27.8341013824885,81.9354838709677,26.7281105990783,2
45907,20,90,3077.74,27.01,564.5,4,30.0460829493088,96.6820276497696,63.778801843318,3
45907,20,110,212.86,13.28,18.3,0,2.30414746543779,5.06912442396313,2.67281105990783,4
45907,20,90,3764.82,23.79,630.3,2,50.5990783410138,74.3778801843318,70.5069124423963,5
45907,20,100,4421.81,24.2,532.06,1,66.7281105990783,78.8940092165899,60.184331797235,6
45907,20,116,6622.22,24.94,950.57,3,89.0322580645161,84.9769585253456,89.7695852534562,7
45907,20,99,3712.4,23.21,394.37,1,49.2165898617512,67.2811059907834,35.7603686635945,8
45907,20,91,3814.28,24.07,834.67,1,52.3502304147465,77.4193548387097,85.0691244239631,9
45907,20,80,983.88,18.47,153.41,0,7.37327188940092,14.7465437788018,8.38709677419355,10
45907,20,90,1396.03,26.27,221.7,3,9.30875576036866,94.0092165898618,11.705069124424,11
45907,20,120,6387.49,26.57,870.46,3,87.3732718894009,95.1152073732719,87.1889400921659,12
45907,20,123,8239.25,23.21,1349.46,3,97.5115207373272,67.2811059907834,98.0645161290323,13
45907,20,105,3443.38,22.79,439.82,1,39.2626728110599,61.5668202764977,44.331797235023,14
45907,20,75,821.13,13.34,87.39,0,5.6221198156682,5.34562211981567,5.99078341013825,15
45907,20,78,4495.77,20.37,715.35,0,68.3870967741936,29.8617511520737,77.5115207373272,16
45907,20,100,2103.03,20.09,318.02,0,14.3778801843318,27.0967741935484,22.0276497695853,17
45907,20,110,4302.54,26.71,555.44,5,63.8709677419355,95.852534562212,62.9493087557604,18
45907,20,105,3089.58,24.36,352.35,4,30.5990783410138,80.184331797235,27.741935483871,19
45907,20,120,5620.26,25.3,853.39,1,82.3963133640553,88.2027649769585,85.8064516129032,20
45907,20,90,3068.98,22.88,553.08,0,29.8617511520737,62.9493087557604,62.7649769585253,21
45907,20,104,6987.87,26.76,1283.41,11,91.705069124424,96.1290322580645,97.1428571428571,22
45907,20,100,3346.12,23.43,454.04,4,36.6820276497696,70.2304147465438,47.2811059907834,23
45907,20,70,1581.64,14.96,162.36,0,10.0460829493088,7.46543778801843,9.03225806451613,24
45907,20,95,3658.75,20.98,488.48,0,47.6497695852535,36.7741935483871,53.6405529953917,25
45907,20,77,503.49,18.34,66.31,0,3.13364055299539,13.8248847926267,3.963133640553,26
45907,20,100,1496.88,25.12,252.45,2,9.67741935483871,86.7281105990783,15.0230414746544,27
45907,20,105,8430.43,26.15,1433.04,9,98.0645161290323,93.6405529953917,99.1705069124424,28
45907,20,110,577.65,15.99,84.06,0,3.50230414746544,8.11059907834101,5.52995391705069,29
45907,20,100,6473.45,23.87,981.68,6,88.0184331797235,75.5760368663594,90.7834101382488,30
45907,20,90,3705.01,23.44,545.24,1,48.9400921658986,70.3225806451613,61.6589861751152,31
45907,20,92,2395.61,25.88,459.41,1,17.3271889400922,92.073732718894,48.6635944700461,32
45907,20,90,826.76,24.58,155.4,2,5.80645161290323,82.2119815668203,8.57142857142857,33
45907,20,70,2911.2,22.28,350.84,0,26.2672811059908,55.0230414746544,27.6497695852535,34
45907,20,90,1834.99,24.75,259.37,2,11.6129032258065,83.778801843318,15.3917050691244,35
45907,20,90,3633.74,23.27,482.79,2,46.6359447004608,68.2027649769585,52.5345622119816,36
45907,20,90,5243.71,21.63,777.84,0,78.8940092165899,45.3456221198157,81.5668202764977,37
45907,20,90,3991.17,22.02,658.19,0,56.9585253456221,50.8755760368664,73.0875576036866,38
45907,20,90,4731.71,26.58,721.64,7,73.0875576036866,95.2995391705069,77.7880184331797,39
45907,20,73,2552.2,17.4,332.34,0,18.8940092165899,10.1382488479263,23.8709677419355,40
45907,20,76,2692.08,17.74,275.82,0,21.1981566820277,11.5207373271889,17.1428571428571,41
45907,20,90,5191.67,23.08,747.34,1,78.2488479262673,65.9907834101382,79.815668202765,42
45907,20,90,2375.81,19.7,248.3,0,16.7741935483871,24.147465437788,14.4700460829493,43
45907,20,80,4603.2,23.04,698.37,0,71.0599078341014,65.4377880184332,75.4838709677419,44
45907,20,90,3451.07,22.31,419.82,0,39.7235023041475,55.2995391705069,40.2764976958525,45
45907,20,100,4453.15,22.16,577.83,0,67.0967741935484,52.9953917050691,65.0691244239631,46
45907,20,101,5254.02,21.58,656.61,0,78.9861751152074,44.7926267281106,72.6267281105991,47
45907,20,74,2717.91,14.65,354.43,0,21.3824884792627,7.00460829493088,28.294930875576,48
47019,20,80,3224.85,25.46,388.53,2,33.3640552995392,89.4930875576037,34.8387096774194,1
47019,20,74,2531.65,13.69,378.91,0,18.5253456221198,6.17511520737327,32.9032258064516,2
47019,20,90,1909.7,16.8,154.12,0,12.9953917050691,9.12442396313364,8.47926267281106,3
47019,20,80,4508.73,21.41,596.08,0,68.5714285714286,41.7511520737327,67.3732718894009,4
47019,20,70,2316.3,19.73,210.63,0,16.036866359447,24.5161290322581,11.3364055299539,5
47019,20,90,2185.91,20.52,244.78,0,14.9308755760369,30.9677419354839,14.0092165898618,6
47019,20,90,3786.12,22.88,451.08,1,51.3364055299539,62.9493087557604,46.8202764976959,7
47019,20,76,2526.43,13.41,357.62,0,18.4331797235023,5.80645161290323,29.0322580645161,8
47019,20,90,178.83,7.21,13.95,0,1.19815668202765,1.19815668202765,2.30414746543779,9
47019,20,90,2960.79,22.02,450.44,0,27.4654377880184,50.8755760368664,46.7281105990783,10
47019,20,90,4166.43,22.55,517.3,1,60.6451612903226,58.6175115207373,58.1566820276498,11
47019,20,90,3466.84,20.44,479.78,0,40,30.6912442396313,52.1658986175115,12
47019,20,90,4639.49,21.57,601.18,0,71.7972350230415,44.4239631336406,67.6497695852535,13
47019,20,90,3690.13,22.67,414.91,1,48.4792626728111,59.9078341013825,39.2626728110599,14
47019,20,90,1107.51,20.19,183.6,0,7.46543778801843,27.8341013824885,9.67741935483871,15
47019,20,90,3219.89,18.44,339.46,0,33.1797235023041,14.4700460829493,25.3456221198157,16
47019,20,110,4292.84,23.93,566.87,1,63.594470046083,75.852534562212,64.147465437788,17
47019,20,100,3631.63,19.16,457.27,0,46.4516129032258,19.0783410138249,48.110599078341,18
47019,20,105,3894.36,20.97,616.48,0,53.4562211981567,36.405529953917,69.4930875576037,19
47019,20,70,1688.93,12.69,144.21,0,10.5990783410138,4.05529953917051,8.20276497695852,20
47019,20,100,3582.38,20.8,409.76,0,44.4239631336406,34.2857142857143,38.3410138248848,21
47019,20,104,2016.81,23.45,354.35,0,13.7327188940092,70.7834101382489,28.2027649769585,22
47019,20,120,4141.39,18.58,461.61,0,60.0921658986175,15.2995391705069,49.0322580645161,23
47019,20,105,2522.32,22.3,252.16,0,18.3410138248848,55.2073732718894,14.9308755760369,24
47019,20,110,3926.21,25.48,476.76,3,55.2073732718894,89.6774193548387,51.9815668202765,25
47019,20,100,1973,17.88,232.06,0,13.3640552995392,11.9815668202765,12.7188940092166,26
47019,20,78,4192.06,21.09,543.13,0,61.0138248847926,38.3410138248848,61.2903225806452,27
47019,20,75,650.71,10.88,61.34,0,3.87096774193548,2.76497695852535,3.50230414746544,28
47019,20,105,2802.21,20.25,298.98,0,23.8709677419355,28.4792626728111,19.815668202765,29
47019,20,123,5465.33,23.06,776.35,1,81.1981566820276,65.8986175115207,81.3824884792627,30
47019,20,120,5994.59,20.17,889.2,0,84.5161290322581,27.6497695852535,88.294930875576,31
47019,20,90,1860.77,20.92,275.33,0,12.073732718894,35.7603686635945,16.9585253456221,32
47019,20,90,414,17.56,56.54,0,2.94930875576037,11.0599078341014,3.31797235023042,33
47019,20,91,1280.8,23.23,226.45,1,8.57142857142857,67.6497695852535,12.1658986175115,34
47019,20,99,3388.37,20.19,280.93,0,37.5115207373272,27.8341013824885,17.9723502304147,35
47019,20,116,4530.14,22.46,614.95,0,68.7557603686636,57.5115207373272,69.1244239631336,36
47019,20,100,3840.09,19.65,411.06,0,52.6267281105991,23.4101382488479,38.8940092165899,37
47019,20,90,2386.26,19.69,280.54,0,17.1428571428571,23.963133640553,17.8801843317972,38
47019,20,110,1301.79,21.55,135.55,0,8.66359447004608,44.0552995391705,7.92626728110599,39
47019,20,105,4081.27,19.8,519.52,0,58.7096774193548,24.9769585253456,58.5253456221198,40
47454,19,100,7398.9,24.87,789.17,3,88.5245901639344,81.3114754098361,65.5737704918033,1
47454,19,90,5567.09,26.27,639.97,4,58.6885245901639,92.4590163934426,43.9344262295082,2
47454,19,90,5623.11,20.95,571.65,0,61.6393442622951,27.8688524590164,27.5409836065574,3
47454,19,75,4199.7,22.2,500.32,0,21.9672131147541,49.5081967213115,17.3770491803279,4
47454,19,100,203.76,6.39,10.26,0,1.31147540983607,0.655737704918033,1.63934426229508,5
47454,19,120,158.52,6.19,8.78,0,0.655737704918033,0.327868852459016,0.327868852459016,6
47454,19,120,5611.27,21.98,612.45,0,60.655737704918,44.5901639344262,40,7
47454,19,90,6705.84,23.17,736.8,2,80.327868852459,62.2950819672131,57.7049180327869,8
47454,19,90,5382.6,22,576.96,0,51.1475409836066,44.9180327868852,29.5081967213115,9
47454,19,90,2881.3,17.82,345.05,0,9.83606557377049,9.83606557377049,9.50819672131147,10
47454,19,95,5701.71,21.91,706.88,0,65.2459016393443,42.9508196721311,53.4426229508197,11
47454,19,90,1078,14.71,84.47,0,5.24590163934426,5.24590163934426,4.59016393442623,12
47454,19,100,4582.63,24.73,434.52,4,29.8360655737705,80,13.1147540983607,13
47454,19,70,4889.61,20.15,535.03,0,37.0491803278689,20.655737704918,22.2950819672131,14
47454,19,90,5635.54,21.37,590.39,0,62.6229508196721,33.1147540983607,33.4426229508197,15
48715,20,105,3055.16,19.38,311.91,0,29.4930875576037,20.9216589861751,21.1981566820277,1
48715,20,120,4193.59,19.42,497.82,0,61.1059907834101,21.6589861751152,55.2995391705069,2
48715,20,104,100.02,13.34,7.03,0,0,5.34562211981567,0.460829493087558,3
48715,20,100,3282.86,18.27,337.29,0,35.0230414746544,13.0875576036866,24.7926267281106,4
48715,20,70,3989.57,23.55,473.17,2,56.8663594470046,71.7972350230415,51.1520737327189,5
48715,20,95,3186.41,22.67,365.53,1,32.5345622119816,59.9078341013825,30.5069124423963,6
48715,20,90,3696.14,18.72,467.84,0,48.6635944700461,16.036866359447,50.3225806451613,7
48715,20,90,3758.71,24.97,426.47,2,50.3225806451613,85.2534562211981,41.2903225806452,8
48715,20,90,4961.71,19.1,822.37,0,75.852534562212,18.2488479262673,84.331797235023,9
48715,20,80,3087.97,19.4,323.82,0,30.5069124423963,21.1059907834101,22.7649769585253,10
48715,20,99,3650.11,18.84,300.82,0,47.4654377880184,16.5898617511521,20,11
48715,20,116,1791.05,16.47,179.53,0,11.2442396313364,8.75576036866359,9.30875576036866,12
48715,20,100,4730.96,21.16,436.08,0,72.9953917050691,39.0783410138249,43.6866359447005,13
48715,20,90,773.29,18.42,93.21,0,5.06912442396313,14.1935483870968,6.26728110599078,14
48715,20,105,2895.83,17.69,360.2,0,25.6221198156682,11.3364055299539,29.4009216589862,15
48715,20,120,5938.4,20.3,764.18,0,83.963133640553,29.1244239631336,81.0138248847926,16
48715,20,123,5388.75,21.5,614.7,0,80.2764976958525,43.0414746543779,69.0322580645161,17
48715,20,105,3247.04,20.31,348.01,0,33.9170506912442,29.4009216589862,26.9124423963134,18
48715,20,75,762.85,13.34,64.99,0,4.88479262672811,5.34562211981567,3.77880184331797,19
48715,20,90,3146.52,17.77,378.71,0,31.4285714285714,11.6129032258065,32.7188940092166,20
48715,20,78,4068.26,18.1,495.88,0,58.4331797235023,12.5345622119816,55.1152073732719,21
48715,20,100,2045.69,14.65,211.43,0,14.0092165898618,7.00460829493088,11.4285714285714,22
48715,20,110,3422.34,23.2,353.8,3,38.3410138248848,67.0046082949309,28.0184331797235,23
49054,21,111,4321.99,24.9,673.78,2,68.7687687687688,79.2792792792793,75.0750750750751,1
49054,21,112,3132.33,27.16,662.49,3,37.2372372372372,93.993993993994,73.8738738738739,2
49054,21,115,4259.99,24.96,744.84,3,66.6666666666667,80.1801801801802,78.978978978979,3
49054,21,75,4330.96,17.98,423.67,0,69.6696696696697,15.9159159159159,39.6396396396396,4
49054,21,75,3505.53,20.77,378.51,0,48.948948948949,34.8348348348348,33.9339339339339,5
49054,21,75,4652.03,23.61,513.21,4,75.0750750750751,67.5675675675676,54.3543543543543,6
49054,21,106,3909.82,24.51,625.95,2,59.1591591591592,76.2762762762763,70.2702702702703,7
49054,21,70,2983.09,23.75,356.38,1,33.9339339339339,69.6696696696697,29.7297297297297,8
49054,21,100,5202.05,23.03,693.68,4,86.4864864864865,58.8588588588589,75.975975975976,9
49054,21,107,3975.76,23.4,576.09,3,60.3603603603604,64.2642642642643,64.8648648648649,10
49054,21,87,3401.61,27.26,636.71,2,45.045045045045,94.2942942942943,71.7717717717718,11
49054,21,97,6361.46,21.49,988.55,0,96.3963963963964,44.7447447447448,89.7897897897898,12
49054,21,105,6205.65,26.07,960.46,4,94.8948948948949,87.6876876876877,89.1891891891892,13
49054,21,94,3584.98,22.15,453.28,1,51.6516516516517,51.6516516516517,45.045045045045,14
49054,21,97,3560.87,19.19,432.02,0,50.7507507507508,21.021021021021,41.1411411411411,15
49054,21,104,7923.74,24.76,1284.16,5,98.7987987987988,78.6786786786787,97.5975975975976,16
49054,21,105,2089.88,25.71,347.01,1,13.5135135135135,84.6846846846847,27.6276276276276,17
49054,21,109,1748.31,25.71,327.41,3,10.5105105105105,84.6846846846847,24.9249249249249,18
49054,21,78,3376.11,20.75,489.6,0,44.1441441441441,34.2342342342342,51.3513513513513,19
49054,21,109,5046.87,23.86,757.82,4,83.4834834834835,70.5705705705706,80.4804804804805,20
49054,21,100,1574.6,24.1,223.45,2,8.70870870870871,74.1741741741742,10.8108108108108,21
49054,21,93,3905.47,22.57,703.13,2,58.5585585585586,54.6546546546547,76.5765765765766,22
49054,21,75,2740.63,20.84,315.04,0,27.6276276276276,36.3363363363363,23.1231231231231,23
49054,21,108,4341.27,24.43,648.81,3,69.96996996997,75.975975975976,72.6726726726727,24
49054,21,83,3110.61,22.92,502.29,0,36.3363363363363,57.6576576576577,52.8528528528528,25
49054,21,90,3536.11,24.59,532.91,2,50.1501501501502,77.1771771771772,57.957957957958,26
49054,21,83,2791.67,20.78,369.13,0,29.7297297297297,35.1351351351351,32.4324324324324,27
49054,21,120,5095.71,23.33,745.36,3,84.3843843843844,63.0630630630631,79.2792792792793,28
49054,21,95,2531.38,17.79,235.06,0,22.5225225225225,14.7147147147147,11.4114114114114,29
49054,21,100,4760.74,21.45,759.35,0,78.6786786786787,44.1441441441441,81.0810810810811,30
49054,21,110,4244.21,21.75,560.85,0,66.3663663663664,48.6486486486487,62.7627627627628,31
49054,21,120,5236.72,23.2,640.57,1,86.7867867867868,60.960960960961,72.3723723723724,32
49054,21,95,4325.08,23.83,659.53,1,69.0690690690691,70.2702702702703,73.2732732732733,33
49054,21,106,3213.05,23.76,516.77,1,39.9399399399399,69.96996996997,55.2552552552552,34
49054,21,111,5308.61,23.12,859.01,1,87.987987987988,60.0600600600601,86.4864864864865,35
49054,21,75,4712.34,22.27,472.27,0,77.4774774774775,52.5525525525526,47.7477477477478,36
49054,21,108,3632.63,22.54,639.48,1,52.8528528528528,54.3543543543543,72.0720720720721,37
49054,21,110,3761.34,21.98,560.38,0,56.1561561561562,49.8498498498498,62.1621621621622,38
49054,21,75,3147.88,19.42,406.44,0,37.8378378378378,22.5225225225225,37.5375375375375,39
49054,21,111,3496.01,24.97,538.82,3,48.3483483483483,80.4804804804805,58.8588588588589,40
49054,21,75,2423.69,21.18,330.62,0,21.021021021021,40.5405405405405,25.5255255255255,41
49054,21,112,4967.62,23.38,792.74,2,81.6816816816817,63.963963963964,83.1831831831832,42
49372,18,120,1719.13,19.12,255.09,0,23.1815091774303,24.4051665533651,28.4840244731475,1
49372,18,90,6125.23,23.04,1119.4,2,81.7811012916383,64.3779741672332,90.9585316111489,2
49372,18,120,2127.1,17.73,839.83,0,27.7362338545207,20.1903467029232,77.906186267845,3
49372,18,90,1150.83,18.61,187.22,0,18.6267845003399,22.7056424201224,22.5016995241332,4
49372,18,120,3788.8,24.3,647.26,8,48.130523453433,73.5554044867437,64.4459551325629,5
49372,18,120,5211.91,25.52,816.46,5,71.4479945615228,84.7722637661455,76.6145479265806,6
49372,18,120,1116.11,13.28,164.44,0,18.4228416043508,15.9755268524813,20.1223657375935,7
49372,18,120,2549.05,23.04,422.56,1,32.9707681849082,64.3779741672332,43.711760707002,8
49372,18,120,2153.11,21.35,450.11,0,28.2121006118287,46.2950373895309,47.1787899388171,9
49372,18,90,6851.17,25.31,1275.43,8,88.7831407205982,82.8687967369137,94.0856560163154,10
49372,18,120,276.65,7.99,27.01,0,2.71923861318831,7.00203942895989,5.03059143439837,11
49372,18,90,5258.55,22.5,858.25,0,71.9238613188307,59.075458871516,78.8579197824609,12
49372,18,120,7534.43,27.2,1062.53,2,92.6580557443916,94.8334466349422,88.7151597552685,13
49372,18,90,7863.86,25.24,1436.91,15,94.3575798776343,82.1210061182869,96.6009517335146,14
49372,18,90,1574.25,19.25,200.9,0,22.1617946974847,25.2209381373216,23.5893949694086,15
49372,18,90,5538.19,26.51,954.74,6,75.7987763426241,91.7063222297757,83.4126444595513,16
49372,18,120,3041.95,19.59,442.17,0,38.9530931339225,27.6002719238613,46.2950373895309,17
49372,18,120,6616.54,22.34,1255.14,0,86.8796736913664,56.8320870156356,93.8817131203263,18
49372,18,90,7282.51,24.96,1260.87,9,91.7063222297757,79.7416723317471,93.949694085656,19
49372,18,120,2832.4,21.84,291.32,0,36.9136641740313,51.8014955812373,31.7471108089735,20
49372,18,120,10379.39,23.15,1679.06,1,99.5921142080218,65.3297076818491,98.9802855200544,21
49372,18,120,337.29,5.35,18.86,0,4.418762746431,0.679809653297077,2.17539089055065,22
49372,18,120,6786.97,23.72,1048.2,3,88.1033310673012,69.8844323589395,88.3072739632903,23
49372,18,120,456.31,8.22,41.22,0,10.0611828687967,7.74983004758668,12.1685927940177,24
49372,18,90,5903.75,24.52,1102.93,5,79.6736913664174,75.4588715159755,90.2107409925221,25
49372,18,120,5940.18,20.46,924.26,0,79.8776342624065,34.87423521414,82.2569680489463,26
49372,18,90,6348.96,23.13,1160.35,3,84.3643779741672,65.2617267165194,91.9102651257648,27
49372,18,90,3841.95,22.2,607.69,0,49.1502379333787,55.6084296397009,61.1148878314072,28
49372,18,120,488.79,12.79,37.5,0,12.0326308633583,15.1597552685248,10.3331067301156,29
49372,18,90,9267.53,25.88,1634.45,5,98.368456832087,86.6077498300476,98.5044187627464,30
49372,18,85,3174.86,22.18,485.02,0,40.1767505098572,55.4044867437118,50.5778382053025,31
49372,18,90,6872.06,24.21,1442.41,3,88.9191026512577,72.4677090414684,96.6689326988443,32
49372,18,90,2793.43,21.19,355.59,0,36.5737593473827,44.3915703602991,37.4575118966689,33
49372,18,90,4430.94,20.04,579.73,0,59.3473827328348,30.8633582596873,58.7355540448674,34
49372,18,90,4407.32,25.53,612.08,4,58.8035350101972,84.9082256968049,61.5907545887152,35
49372,18,100,6991.71,23.94,1335.76,2,89.7348742352141,70.6322229775663,95.105370496261,36
49372,18,120,4519.36,22.61,578.65,0,60.9109449354181,60.5030591434398,58.599592114208,37
49372,18,90,5600.53,24.72,769.05,3,76.75050985724,77.5662814411965,73.4194425560843,38
49372,18,120,6378.4,25.05,985.11,1,84.7042828008158,80.693405846363,84.9082256968049,39
49372,18,90,4036.67,20.78,577.29,0,52.6852481305235,38.4772263766145,58.5316111488783,40
49372,18,90,5090.2,27.27,829.82,1,69.9524133242692,95.3093133922502,77.5662814411965,41
49372,18,95,6454.5,26.03,1434.4,5,85.3161114887831,87.4915023793338,96.3970088375255,42
49372,18,90,4236.1,19.71,636.4,0,55.0645819170632,28.2121006118287,63.6301835486064,43
49372,18,95,7814.68,28.46,1460.81,5,93.8817131203263,98.844323589395,97.0088375254929,44
49372,18,90,4703.43,21.08,678.54,0,64.5139360978926,42.3521414004079,66.6893269884432,45
49372,18,120,6890.4,25.51,984.22,2,89.0550645819171,84.7042828008158,84.7042828008158,46
49372,18,105,10811.02,23.69,2313.27,6,99.9320190346703,69.6125084976207,100,47
49372,18,120,4135.85,21.12,498.14,0,53.9768864717879,42.8959891230455,51.5975526852481,48
49372,18,120,4626.69,21.81,621.8,0,63.0863358259687,51.3256288239293,62.4065261726716,49
49372,18,120,4121.21,21.86,500.11,0,53.5690006798097,52.3453433038749,51.8014955812373,50
49372,18,90,2401.1,20.15,215.42,0,30.931339225017,31.9510537049626,25.0169952413324,51
49372,18,150,10748.68,25.45,1895.9,8,99.8640380693406,84.0244731475187,99.7280761386812,52
49372,18,120,6168.41,21.86,897.53,0,82.324949014276,52.3453433038749,81.2372535690007,53
49372,18,120,6232.14,21.76,917.34,0,82.8687967369137,50.5778382053025,81.849082256968,54
49372,18,120,6289.81,19.88,1005.06,0,83.6845683208702,29.775662814412,86.1318830727396,55
49372,18,90,4377.92,23.57,612.49,2,58.2596872875595,68.8647178789939,61.6587355540449,56
50466,21,100,5483.53,23.44,1472.13,1,90.3903903903904,66.0660660660661,98.7987987987988,1
50466,21,108,2836.32,22.58,602,1,31.5315315315315,54.954954954955,67.5675675675676,2
50466,21,109,1664.11,23.41,245.43,1,9.90990990990991,64.8648648648649,13.2132132132132,3
50466,21,78,3148.58,20.15,426.59,0,38.1381381381381,26.7267267267267,40.8408408408408,4
50466,21,75,4860,25.15,458.04,2,80.4804804804805,81.3813813813814,45.6456456456456,5
50466,21,75,3352.52,20.76,336.41,0,42.9429429429429,34.5345345345345,26.7267267267267,6
50466,21,75,4116.25,23.3,461.01,7,63.3633633633634,62.7627627627628,46.2462462462462,7
50466,21,75,4174.42,23.2,371.4,1,64.2642642642643,60.960960960961,33.6336336336336,8
50466,21,95,3800.38,22.5,528.93,0,56.4564564564565,53.7537537537538,57.3573573573574,9
50466,21,111,725.82,17.48,57.03,0,5.70570570570571,13.5135135135135,5.10510510510511,10
50466,21,75,933.87,13.73,84.93,0,6.90690690690691,4.5045045045045,6.30630630630631,11
50466,21,112,1727.67,25.81,276.65,3,10.2102102102102,85.8858858858859,16.5165165165165,12
50466,21,97,2831.41,23.53,361.99,2,30.9309309309309,66.966966966967,30.6306306306306,13
50466,21,94,3302.02,19.75,413.92,0,41.4414414414414,24.6246246246246,38.7387387387387,14
50466,21,120,4291.02,24.53,537.46,4,67.2672672672673,76.8768768768769,58.5585585585586,15
50466,21,105,4299.44,26.87,631.7,4,67.5675675675676,92.1921921921922,71.4714714714715,16
50466,21,97,5733.62,25.33,795.42,5,92.1921921921922,82.5825825825826,83.4834834834835,17
50466,21,87,3206.89,25.52,473.76,4,39.6396396396396,83.7837837837838,48.3483483483483,18
50466,21,107,434.93,10.67,25.85,0,2.4024024024024,1.2012012012012,1.2012012012012,19
50466,21,100,3695.31,24.94,528.71,4,54.954954954955,79.8798798798799,56.7567567567568,20
50466,21,70,2992.87,25.32,432.1,4,34.5345345345345,82.2822822822823,41.4414414414414,21
50466,21,106,347.44,12.23,28.73,0,1.5015015015015,1.5015015015015,2.1021021021021,22
50466,21,106,516.59,12.32,27.16,0,3.003003003003,1.8018018018018,1.8018018018018,23
50466,21,111,748.3,16.09,84.36,0,6.30630630630631,9.60960960960961,6.00600600600601,24
50466,21,95,2172.16,14.69,182.37,0,14.4144144144144,6.90690690690691,8.70870870870871,25
50466,21,109,177.74,7.1,8.06,0,0.600600600600601,0.600600600600601,0.3003003003003,26
50466,21,105,510.15,19.13,90.41,0,2.7027027027027,20.1201201201201,6.60660660660661,27
50466,21,90,720.55,23.2,126.66,2,5.40540540540541,60.960960960961,7.20720720720721,28
50466,21,83,2399.77,21.51,297.05,0,20.1201201201201,45.045045045045,19.8198198198198,29
50466,21,120,2440.07,20.69,407.13,0,21.6216216216216,33.033033033033,37.8378378378378,30
50466,21,120,3831,20.35,438.35,0,57.3573573573574,28.8288288288288,42.6426426426426,31
50466,21,83,2859.21,21.47,504.13,0,31.8318318318318,44.4444444444444,53.1531531531532,32
50466,21,110,4194.11,23.65,560.53,3,65.1651651651652,68.4684684684685,62.4624624624625,33
50638,18,120,5131.95,23.22,1088.43,1,70.4962610469069,65.8735554044867,89.7348742352141,1
50638,18,90,5693.12,25.48,815.73,3,77.6342624065262,84.2284160435078,76.5465669612508,2
50638,18,120,4790.54,20.12,604.98,0,65.3976886471788,31.5431679129844,60.8429639700884,3
50638,18,150,5514.66,22.64,793.47,0,75.3908905506458,60.7749830047587,75.118966689327,4
50638,18,120,5973.64,20.92,782.22,0,80.1495581237254,40.7885791978246,74.7790618626784,5
50638,18,120,4013.42,22.5,432.2,0,52.4133242692046,59.075458871516,44.8674371176071,6
50638,18,120,2751.68,21.55,337.42,0,36.0299116247451,48.0625424881033,35.9619306594154,7
50638,18,120,3835.23,24.54,353.89,2,49.0822569680489,75.7987763426241,37.3215499660095,8
50638,18,90,2006.04,20.93,164.19,0,26.1046906866077,40.8565601631543,20.0543847722638,9
50638,18,90,3154.69,18.32,385.34,0,39.9048266485384,21.4140040788579,40.0407885791978,10
50638,18,90,4526.55,21.07,676.15,0,60.9789259007478,42.1481985044188,66.3494221617947,11
50638,18,90,2638.34,21.02,352.85,0,34.2624065261727,41.7403127124405,37.1176070700204,12
50638,18,120,5730.41,26.27,744.01,3,77.9741672331747,89.8708361658736,71.5839564921822,13
50638,18,120,3473.2,21.19,395,0,43.5757987763426,44.3915703602991,41.3324269204623,14
50638,18,90,5566.72,26.37,796.61,4,76.2066621346023,90.68660774983,75.3908905506458,15
50638,18,90,4621.47,26.53,661.15,3,63.018354860639,91.7743031951054,65.4656696125085,16
50638,18,90,4846.94,21.24,667.34,0,66.6213460231135,45.0033990482665,65.8735554044867,17
50638,18,90,4277.57,21.2,540.03,0,56.0842963970088,44.6634942216179,56.0842963970088,18
50638,18,90,2628.71,21.1,301.16,0,34.1264445955133,42.4881033310673,32.6988443235894,19
50638,18,90,336.96,4.85,9.74,0,4.35078178110129,0.203942895989123,0.679809653297077,20
50638,18,85,3216.94,22.42,428.86,1,40.8565601631543,57.7838205302515,44.5275322909585,21
50638,18,90,5369.53,22.22,793.3,1,73.6233854520734,55.8803535010197,75.0509857239973,22
50638,18,90,441.8,5.57,12.88,0,8.97348742352141,0.951733514615908,1.08769544527532,23
50638,18,90,4194.39,23.01,756.9,2,54.7246770904147,63.9021074099252,72.6716519374575,24
50638,18,120,7459.14,22.05,1079.66,0,92.5220938137322,54.2488103331067,89.3269884432359,25
50638,18,120,5408.55,23.82,794.14,1,74.1672331747111,70.3602991162474,75.2549286199864,26
50638,18,90,2244.54,25.78,341.37,1,29.2318150917743,86.267845003399,36.3018354860639,27
50638,18,120,6601.54,20.85,1130.95,0,86.6077498300476,39.768864717879,91.2304554724677,28
50638,18,120,6545.95,23.54,1024.82,2,86.267845003399,68.4568320870156,87.0836165873555,29
50638,18,120,7011.82,26.5,1294.68,2,89.9388171312033,91.3664174031271,94.3575798776343,30
50638,18,120,8508.74,25.46,1327.06,4,96.6689326988443,84.0924541128484,94.9014276002719,31
50638,18,120,2203.94,21.45,248.52,0,28.6879673691366,47.2467709041468,27.8042148198504,32
50638,18,120,6118.72,19.44,933.27,0,81.7131203263086,26.5805574439157,82.7328348062542,33
50638,18,120,2886.58,23.41,352.47,1,37.3215499660095,67.43711760707,37.0496261046907,34
50638,18,90,5077.86,26.36,895.86,10,69.6125084976207,90.6186267845003,80.9653297076819,35
50638,18,90,5148.53,20.03,824.02,0,70.700203942896,30.6594153636982,77.2943575798776,36
50638,18,90,1292.79,12.39,120.23,0,20.0543847722638,14.2760027192386,18.150917743032,37
50638,18,120,6998.6,25.7,1032.89,4,89.8028552005438,85.8599592114208,87.5594833446635,38
50638,18,120,1578.2,20.77,226.41,0,22.2297756628144,38.2732834806254,26.1046906866077,39
50638,18,120,141.78,8.96,18.58,0,0.271923861318831,9.58531611148878,2.10740992522094,40
50638,18,120,4494.64,24.12,813.37,2,60.3670972127804,71.855880353501,76.4785859959212,41
50638,18,120,2024.76,24.55,425.96,2,26.512576478586,76.1386811692726,43.9836845683209,42
50638,18,120,5179.14,28.58,850.79,4,71.0401087695445,99.0482664853841,78.382053025153,43
50638,18,120,4848.72,26.35,903.8,12,66.757307953773,90.4146838885112,81.3052345343304,44
50638,18,90,1181.52,20.88,152.12,0,18.7627464309993,40.2447314751869,19.1706322229776,45
50638,18,120,1441.88,19.48,276.82,0,20.8701563562203,26.7845003399048,30.6594153636982,46
50638,18,90,661.24,13.03,80.22,0,15.5676410605031,15.6356220258328,16.5873555404487,47
50638,18,90,131.87,5.15,9.81,0,0.203942895989123,0.543847722637661,0.747790618626785,48
50638,18,120,5695.79,23.87,772.55,2,77.7022433718559,70.4282800815772,73.7593473827328,49
50852,19,70,4774.51,19.47,609.75,0,33.7704918032787,16.7213114754098,38.6885245901639,1
50852,19,90,3035.17,17.2,452.45,0,10.1639344262295,7.86885245901639,14.4262295081967,2
50852,19,90,5536,20.56,751.18,0,57.3770491803279,23.9344262295082,60,3
50852,19,100,4963.62,23.43,572,4,39.0163934426229,66.8852459016394,28.5245901639344,4
50852,19,90,1170.89,13.37,78.82,0,5.57377049180328,3.60655737704918,4.26229508196721,5
50852,19,75,3934.87,21.66,510.48,0,17.0491803278689,38.0327868852459,19.672131147541,6
50852,19,90,5195.38,22.33,638.71,0,44.9180327868852,51.4754098360656,43.2786885245902,7
50852,19,90,5190.77,26.06,647.97,3,44.2622950819672,91.1475409836066,45.9016393442623,8
50852,19,90,6479.09,20.99,826.07,0,79.0163934426229,28.8524590163934,70.4918032786885,9
50852,19,90,4556.8,20.7,612.24,0,28.1967213114754,25.2459016393443,39.672131147541,10
50852,19,120,6257.44,21.46,837.05,0,76.0655737704918,35.0819672131148,71.8032786885246,11
50852,19,120,8066.73,23.29,988.79,3,93.7704918032787,64.5901639344262,88.5245901639344,12
50852,19,100,5896.45,21.73,886.29,0,69.5081967213115,39.0163934426229,78.6885245901639,13
50852,19,95,5705.38,19.95,698.65,0,65.5737704918033,19.672131147541,52.4590163934426,14
50852,19,90,5560.53,17.04,673.4,0,58.3606557377049,6.88524590163934,51.4754098360656,15
50852,19,90,4874.51,21.06,647.37,0,36.3934426229508,29.5081967213115,45.5737704918033,16
50852,19,100,7352.97,23.13,903.11,2,87.5409836065574,61.9672131147541,80.9836065573771,17
50852,19,90,4293.5,21.65,498.29,0,24.2622950819672,37.7049180327869,17.0491803278689,18
50870,18,120,4943.13,22.59,582.01,1,67.9809653297077,60.231135282121,58.8715159755269,1
50870,18,90,4767.96,25.53,602.73,2,65.12576478586,84.9082256968049,60.6390210740993,2
50870,18,120,6330.56,20.82,868.47,0,84.0924541128484,39.2250169952413,79.4697484704283,3
50870,18,120,5250.94,23.57,704.22,2,71.855880353501,68.8647178789939,69.0006798096533,4
50870,18,120,5970.73,22.22,1025.25,0,80.0815771583956,55.8803535010197,87.1515975526852,5
50870,18,150,7228.98,24.25,1109.4,1,91.5023793337865,72.8076138681169,90.6186267845003,6
50870,18,120,6167.98,24.51,1008.27,1,82.2569680489463,75.2549286199864,86.1998640380693,7
50870,18,120,5317.32,23.65,760.5,1,72.8076138681169,69.3405846363018,73.0795377294358,8
50870,18,120,4327.95,22.78,662.33,0,57.2399728076139,61.9986403806934,65.6016315431679,9
50870,18,120,6642.86,31.65,1118.78,4,87.1515975526852,100,90.8905506458192,10
50870,18,90,2165.59,21.2,221.32,0,28.2800815771584,44.6634942216179,25.4928619986404,11
50870,18,90,4194.58,22.67,680.91,0,54.7926580557444,61.0469068660775,66.9612508497621,12
50870,18,95,444.49,5.55,20.17,0,9.17743031951054,0.8837525492862,2.6512576478586,13
50870,18,90,3637.9,23.6,422.47,1,45.4792658055744,69.1366417403127,43.6437797416723,14
50870,18,95,346.33,5.34,7.97,0,4.62270564242012,0.611828687967369,0.339904826648538,15
50870,18,90,3634.13,24.51,521.69,1,45.4112848402447,75.2549286199864,54.180829367777,16
50870,18,120,6290.89,26.65,735.16,1,83.7525492861999,92.1142080217539,71.0401087695445,17
50870,18,120,1738.35,21.85,205.79,0,23.5893949694086,52.0734194425561,23.9292997960571,18
50870,18,100,770.21,14.34,84.19,0,16.2474507138001,17.1312032630863,16.9952413324269,19
50870,18,90,4802.06,28.49,851.71,3,65.805574439157,98.9123045547247,78.4500339904827,20
50870,18,90,5228.54,25.13,694,3,71.7199184228416,81.3052345343304,67.912984364378,21
50870,18,90,5262.89,21.63,696.91,0,71.9918422841604,48.8783140720598,68.3888511216859,22
50870,18,90,3733.63,21.05,423.38,0,47.3147518694765,42.0122365737593,43.7797416723317,23
50870,18,90,2717.04,23.48,320.8,2,35.350101971448,68.3208701563562,34.3303874915024,24
50870,18,90,729.07,17.52,89.46,0,15.7036029911625,19.8504418762746,17.3351461590755,25
50870,18,90,4948.14,22.64,654.44,0,68.1169272603671,60.7749830047587,65.0577838205302,26
50870,18,85,3253.54,23.02,383.72,1,41.4683888511217,64.1060503059143,39.9728076138681,27
50870,18,90,4973.06,22.1,713.55,1,68.3888511216859,54.5887151597553,69.8164513936098,28
50870,18,90,202.35,7.57,8.51,0,1.22365737593474,5.57443915703603,0.407885791978246,29
50870,18,90,3912.77,21.77,683.7,0,50.6458191706322,50.7138001359619,67.2331747110809,30
50870,18,120,6373.18,26.18,885.34,4,84.6363018354861,89.1230455472468,80.3535010197145,31
50870,18,120,6904.34,22.78,1116.06,0,89.1910265125765,61.9986403806934,90.8225696804895,32
50870,18,120,5756.1,20.65,694.12,0,78.4500339904827,37.1176070700204,67.9809653297077,33
50870,18,120,5118.04,22.11,693.76,0,70.3602991162474,54.8606390210741,67.8450033990483,34
50870,18,120,2408.31,23.36,224.12,2,30.9993201903467,66.9612508497621,25.7647858599592,35
50870,18,120,644.84,21.65,95.13,0,15.2277362338545,49.2861998640381,17.675050985724,36
50870,18,120,2653.8,23.01,297.86,2,34.3303874915024,63.9021074099252,32.3589394969409,37
50870,18,90,2053.38,21.18,326.01,0,26.9884432358939,44.1196464989803,34.8062542488103,38
50870,18,90,4446.75,21.07,566.94,0,59.7552685248131,42.1481985044188,58.0557443915704,39
50870,18,90,756.09,14.3,67.95,0,15.9755268524813,16.9272603670972,15.5676410605031,40
50870,18,120,6738.69,26.1,867.71,3,87.8314072059823,88.2392929979606,79.4017675050986,41
50870,18,120,1288.26,20.2,265.61,0,19.9184228416044,32.4269204622706,29.5037389530931,42
50870,18,90,147.43,14.58,25.33,0,0.339904826648538,17.3351461590755,4.418762746431,43
50870,18,120,4991.69,21.56,1018.65,0,68.592794017675,48.1985044187627,86.8796736913664,44
50870,18,120,247.04,6.77,34.55,0,2.24337185588035,3.05914343983685,8.29367777022434,45
50870,18,120,3611.06,24.1,697.03,1,45.2753229095853,71.7199184228416,68.4568320870156,46
50870,18,120,4478.56,25.16,658.16,8,60.2991162474507,81.5771583956492,65.3297076818491,47
50870,18,90,997.21,21.53,167.99,0,17.7430319510537,47.7906186267845,20.3942895989123,48
50870,18,120,261.51,10.19,29.13,0,2.44731475186948,11.62474507138,5.57443915703603,49
50870,18,90,763.4,23.08,90.33,1,16.1794697484704,64.9218218898708,17.4031271244052,50
53309,21,97,3189.95,14.8,309.48,0,39.039039039039,7.50750750750751,22.5225225225225,1
53309,21,109,3606.1,17.07,316.36,0,51.9519519519519,11.4114114114114,23.4234234234234,2
53309,21,100,4653.65,19.59,400.03,0,75.6756756756757,24.3243243243243,36.6366366366366,3
53309,21,93,5105.87,20.44,511.54,0,84.984984984985,30.3303303303303,53.7537537537538,4
53309,21,75,2912.23,33.89,294.47,3,32.4324324324324,100,19.5195195195195,5
53309,21,83,1901.76,17.84,245.44,0,11.4114114114114,15.015015015015,13.5135135135135,6
53309,21,90,3041.34,17.42,274.28,0,35.1351351351351,13.2132132132132,16.2162162162162,7
53309,21,83,2797.9,19.49,331.12,0,30.03003003003,23.1231231231231,25.8258258258258,8
53309,21,94,2778.01,14.23,267,0,28.8288288288288,5.70570570570571,15.3153153153153,9
53309,21,95,2572.63,13.17,239.22,0,23.7237237237237,2.4024024024024,12.012012012012,10
53309,21,100,4693.66,18.12,507.12,0,76.8768768768769,16.5165165165165,53.4534534534535,11
53309,21,110,3487.32,15.59,370.43,0,48.048048048048,8.70870870870871,33.3333333333333,12
53309,21,120,2697.56,17.98,232.17,0,26.1261261261261,15.9159159159159,11.1111111111111,13
53309,21,120,2295.49,17.01,235.31,0,18.3183183183183,10.8108108108108,11.7117117117117,14
53309,21,95,2290.25,14.7,193.2,0,18.018018018018,7.20720720720721,9.00900900900901,15
53309,21,75,2521.53,18.93,167.19,0,22.2222222222222,19.2192192192192,8.10810810810811,16
53309,21,75,2936.37,17.1,258.08,0,33.033033033033,11.7117117117117,15.015015015015,17
53309,21,75,3512.5,21.28,348.72,0,49.2492492492492,41.7417417417417,28.5285285285285,18
53309,21,111,3537.72,17.74,363.19,0,50.4504504504504,14.4144144144144,31.5315315315315,19
53309,21,112,4138.96,18.34,460.5,0,63.963963963964,17.1171171171171,45.945945945946,20
53309,21,106,2973.9,21.55,271.14,0,33.6336336336336,45.945945945946,15.9159159159159,21
53309,21,106,2355.34,19.18,211.99,0,19.2192192192192,20.7207207207207,10.2102102102102,22
53309,21,100,3262.62,20.51,324.81,0,40.8408408408408,30.9309309309309,24.024024024024,23
53309,21,87,3478.4,20.59,441.94,0,47.7477477477478,31.8318318318318,43.2432432432432,24
53309,21,105,5120.84,20.42,568.53,0,85.2852852852853,30.03003003003,63.6636636636637,25
53309,21,120,3627.91,23.91,362.59,2,52.5525525525526,71.4714714714715,31.2312312312312,26
54881,20,90,7857.51,21.69,1054.71,0,95.4838709677419,45.8986175115207,92.4423963133641,1
54881,20,104,9779.82,24.06,1669.16,2,99.3548387096774,77.3271889400922,99.815668202765,2
54881,20,100,3317.94,19.96,403.97,0,35.9447004608295,26.1751152073733,37.6036866359447,3
54881,20,70,1537.94,13.29,137.58,0,9.86175115207373,5.16129032258065,8.0184331797235,4
54881,20,95,3808.35,22.61,446.18,1,52.073732718894,59.1705069124424,45.5299539170507,5
54881,20,77,3591.63,24.54,447.35,4,44.7926267281106,81.5668202764977,45.8064516129032,6
54881,20,90,8464.49,23.61,1473.06,1,98.1566820276498,72.7188940092166,99.2626728110599,7
54881,20,120,6769.49,21.61,1052.14,0,90.2304147465438,45.0691244239631,92.3502304147465,8
54881,20,105,3445.14,22.39,384.46,0,39.4470046082949,56.6820276497696,34.0092165898618,9
54881,20,110,5031.86,24.7,576.06,3,76.9585253456221,83.3179723502304,64.9769585253456,10
54881,20,100,2328.62,18.15,275.9,0,16.221198156682,12.8110599078341,17.2350230414747,11
54881,20,75,931.39,11.12,86.87,0,6.82027649769585,2.85714285714286,5.89861751152074,12
54881,20,78,4647.59,19.4,684.83,0,71.889400921659,21.1059907834101,74.6543778801843,13
54881,20,105,3851.98,21.5,426.58,0,52.9032258064516,43.0414746543779,41.3824884792627,14
54881,20,123,7843.5,20.58,1073.64,0,95.3917050691244,31.5207373271889,93.0875576036866,15
54881,20,120,6766.66,21.11,830.98,0,90.1382488479263,38.5253456221198,84.9769585253456,16
54881,20,80,3726.41,20.87,433.11,0,49.4930875576037,35.0230414746544,42.9493087557604,17
54881,20,100,10109.06,25.64,1349.86,5,99.63133640553,90.7834101382488,98.1566820276498,18
54881,20,105,7895.71,23.8,1323.1,3,95.668202764977,74.6543778801843,97.7880184331797,19
54881,20,110,5539.8,23.37,805.03,1,81.7511520737327,69.4009216589862,83.3179723502304,20
54881,20,100,6037.83,22.18,842.61,0,84.7926267281106,53.6405529953917,85.5299539170507,21
54881,20,110,5118.43,20.68,760.9,0,77.9723502304147,33.0875576036866,80.9216589861751,22
54881,20,90,3776.79,20.75,458.79,0,51.0599078341014,33.6405529953917,48.3870967741936,23
54881,20,90,8054.58,23.3,1170.3,1,96.036866359447,68.7557603686636,95.2073732718894,24
54881,20,90,6848.22,18.42,926.49,0,90.8755760368664,14.1935483870968,89.1244239631336,25
54881,20,110,4199.14,22.77,480.15,2,61.3824884792627,61.1059907834101,52.258064516129,26
54881,20,90,7065.97,22.94,995.35,3,92.258064516129,63.963133640553,91.1520737327189,27
54881,20,70,3285.27,18.86,399.82,0,35.1152073732719,16.6820276497696,36.6820276497696,28
54881,20,90,7790.23,24.15,1045.22,4,95.2995391705069,78.1566820276498,92.258064516129,29
54881,20,90,3720.64,22.08,455.31,0,49.3087557603687,51.9815668202765,47.6497695852535,30
54881,20,90,4273.68,20.98,737.98,0,63.1336405529954,36.7741935483871,79.1705069124424,31
54881,20,90,4724.02,22.77,608.08,1,72.9032258064516,61.1059907834101,68.2027649769585,32
54881,20,90,4303.66,19.15,603.5,0,63.963133640553,18.8018433179723,67.8341013824885,33
54881,20,90,3607.39,24.1,436.86,3,45.0691244239631,77.8801843317972,43.8709677419355,34
54881,20,90,8174.5,21.06,1141.3,0,97.2350230414747,38.1566820276498,94.2857142857143,35
54881,20,90,4335.25,18.82,546.15,0,65.0691244239631,16.4976958525346,61.7511520737327,36
54881,20,90,3916.17,18.31,469.14,0,54.6543778801843,13.5483870967742,50.6912442396313,37
54881,20,90,3565.64,20.36,460.75,0,43.6866359447005,29.7695852534562,48.9400921658986,38
54881,20,90,8142.5,23.05,1351.17,3,96.7741935483871,65.7142857142857,98.2488479262673,39
54881,20,76,2779.65,17.42,363.46,0,22.9493087557604,10.2304147465438,30.1382488479263,40
54881,20,91,3802.14,25.27,587.36,1,51.7972350230415,87.926267281106,66.4516129032258,41
54881,20,90,3503.48,19.11,474.64,0,41.6589861751152,18.3410138248848,51.2442396313364,42
54881,20,99,3921.67,18.73,399.21,0,54.8387096774194,16.1290322580645,36.5898617511521,43
54881,20,116,5008.33,21.5,695.86,0,76.4055299539171,43.0414746543779,75.3917050691244,44
54881,20,100,7317.07,22.57,730.57,1,93.3640552995392,58.7096774193548,78.4331797235023,45
54881,20,110,3804.43,23.77,461.77,1,51.889400921659,74.1013824884793,49.1244239631336,46
54881,20,90,7715.06,21.62,1155.38,0,94.6543778801843,45.1612903225806,94.6543778801843,47
54881,20,110,2770.77,21.98,335.91,0,22.7649769585253,50.4147465437788,24.4239631336406,48
54881,20,105,5369.57,20.15,757.95,0,80.0921658986175,27.5576036866359,80.6451612903226,49
55054,20,90,4123.1,20.98,657.97,0,59.815668202765,36.7741935483871,72.9953917050691,1
55054,20,110,4913.47,20.89,722.87,0,75.4838709677419,35.3917050691244,78.1566820276498,2
55054,20,105,4678.07,21.24,657.49,0,72.3502304147465,39.9078341013825,72.8110599078341,3
55054,20,110,3364.08,19.25,443.1,0,37.0506912442396,19.815668202765,45.0691244239631,4
55054,20,100,7640.28,23.59,1100.04,2,94.5622119815668,72.4423963133641,93.5483870967742,5
55054,20,110,5978.49,21.01,886.47,0,84.147465437788,37.4193548387097,88.0184331797235,6
55054,20,105,8157.85,22.17,1539.55,1,97.0506912442396,53.2718894009217,99.3548387096774,7
55054,20,100,4394.17,19.59,640.36,0,66.2672811059908,22.9493087557604,71.7972350230415,8
55054,20,77,3669.98,20.09,411.04,0,48.0184331797235,27.0967741935484,38.8018433179723,9
55054,20,70,4608.07,22.88,682.73,3,71.1520737327189,62.9493087557604,74.5622119815668,10
55054,20,100,3986.29,19.41,514.25,0,56.7741935483871,21.3824884792627,57.9723502304147,11
55054,20,104,7350.06,22.6,1274.16,0,93.7327188940092,58.9861751152074,96.7741935483871,12
55054,20,90,5413.12,22.74,974.41,1,80.4608294930876,60.9216589861751,90.4147465437788,13
55054,20,110,3631.03,21.54,488.31,0,46.3594470046083,43.963133640553,53.5483870967742,14
55054,20,100,5078.78,20.39,632.91,0,77.6036866359447,30.1382488479263,70.8755760368664,15
55054,20,116,7103.47,21.59,1161.7,0,92.6267281105991,44.9769585253456,94.8387096774194,16
55054,20,99,3957.2,19.48,418.31,0,55.852534562212,21.8433179723502,39.9078341013825,17
55054,20,80,3689.05,21.77,454.8,0,48.3870967741936,47.2811059907834,47.3732718894009,18
55054,20,90,5601.58,23.12,918.87,2,82.3041474654378,66.5437788018433,89.0322580645161,19
55054,20,90,6575.18,22.22,1206.8,1,88.6635944700461,54.2857142857143,95.5760368663594,20
55054,20,120,5827.93,20.68,932.9,0,83.2258064516129,33.0875576036866,89.4930875576037,21
55054,20,105,3617.52,23.36,422.59,1,45.8064516129032,69.2165898617512,40.6451612903226,22
55054,20,110,4792.8,25.14,584.82,4,74.2857142857143,86.9124423963134,66.0829493087558,23
55054,20,100,2169.68,19.9,301.81,0,14.8387096774194,25.5299539170507,20.2764976958525,24
55054,20,78,4970.66,20.56,821.5,0,76.036866359447,31.4285714285714,84.2396313364055,25
55054,20,75,891.62,13.02,83.54,0,6.45161290322581,4.70046082949309,5.25345622119816,26
55054,20,105,3584.9,23.29,416.76,1,44.5161290322581,68.5714285714286,39.5391705069124,27
55054,20,123,7193.18,22.13,1108.94,0,93.0875576036866,52.6267281105991,93.8248847926267,28
55054,20,120,7046.28,23.24,950.78,2,92.073732718894,67.741935483871,89.8617511520737,29
55054,20,90,3632.01,18.81,407.82,0,46.5437788018433,16.405529953917,38.0645161290323,30
55054,20,90,3352.86,19.35,384.43,0,36.9585253456221,20.5529953917051,33.9170506912442,31
55054,20,90,4475.37,20.58,640.26,0,67.8341013824885,31.5207373271889,71.705069124424,32
55054,20,90,5010.09,24.8,742.24,2,76.5898617511521,84.147465437788,79.63133640553,33
55054,20,90,5120.22,22.14,754.06,0,78.0645161290323,52.8110599078341,80.36866359447,34
55054,20,90,4008.15,22.93,590.72,1,57.1428571428571,63.778801843318,66.9124423963134,35
55054,20,90,4041.79,23.22,519.71,1,57.6958525345622,67.4654377880184,58.6175115207373,36
55054,20,90,3263.82,23.81,518.23,2,34.4700460829493,74.7465437788019,58.3410138248848,37
55054,20,90,2499.82,17.78,319.26,0,18.1566820276498,11.7972350230415,22.3041474654378,38
55054,20,70,3637.09,17.15,426.36,0,46.7281105990783,9.5852534562212,41.1981566820277,39
55054,20,90,5384.6,22.85,899.07,2,80.184331797235,62.4884792626728,88.4792626728111,40
55054,20,110,4718.67,22,653.43,0,72.8110599078341,50.5069124423963,72.4423963133641,41
55054,20,90,5984.45,21.69,903.17,0,84.2396313364055,45.8986175115207,88.6635944700461,42
55054,20,90,4030.26,19.65,529.73,0,57.3271889400922,23.4101382488479,59.9078341013825,43
55193,18,120,6207.67,26.8,946.55,8,82.5968728755948,92.8619986403807,83.1407205982325,1
55193,18,90,1650.09,14.59,243.09,0,22.8416043507818,17.4031271244052,27.3963290278722,2
55193,18,120,3022.11,17.54,407.41,0,38.7491502379334,19.9184228416044,42.6240652617267,3
55193,18,90,8752.26,22.6,1419.3,1,97.5526852481305,60.3670972127804,95.9211420802175,4
55193,18,120,479.82,7.47,38.29,0,11.62474507138,5.16655336505778,10.7409925220938,5
55193,18,90,2569.34,21.05,225.56,0,33.3106730115568,42.0122365737593,25.9687287559483,6
55193,18,120,398.76,6.98,36.52,0,6.05030591434398,3.87491502379334,9.58531611148878,7
55193,18,120,3938.69,21.83,369.73,0,51.3256288239293,51.7335146159076,38.2732834806254,8
55193,18,120,3115.33,20.63,298.61,0,39.5649218218899,36.9136641740313,32.4269204622706,9
55193,18,120,6714.42,24.69,745.7,2,87.5594833446635,77.0904146838885,71.6519374575119,10
55193,18,90,4041.46,19.37,456.12,0,52.7532290958532,25.9687287559483,47.7906186267845,11
55193,18,90,3672.85,22.57,391.04,0,46.0231135282121,60.0271923861319,40.5846363018355,12
55193,18,95,1572.57,22.78,241.21,1,22.093813732155,61.9986403806934,27.1923861318831,13
55193,18,90,4320.46,20.87,521.38,0,57.1040108769544,39.9728076138681,54.1128484024473,14
55193,18,95,4410.87,20.67,627.49,0,58.9394969408566,37.3895309313392,62.8144119646499,15
55193,18,90,5048.19,20.62,545.39,0,69.4085656016316,36.8456832087016,56.5601631543168,16
55193,18,90,3703.83,17.84,405.64,0,46.5669612508498,20.462270564242,42.4881033310673,17
55193,18,120,6269.33,23.65,675.7,1,83.480625424881,69.3405846363018,66.281441196465,18
55193,18,90,4764.48,21.8,567.03,0,65.0577838205302,51.1896668932699,58.1917063222298,19
55193,18,120,3996.6,20.16,432.96,0,52.3453433038749,32.0190346702923,45.0713800135962,20
55193,18,100,8882.83,23.8,1156.24,1,97.7566281441196,70.224337185588,91.8422841604351,21
55193,18,90,4752.05,22.21,460.57,1,64.7858599592114,55.6764106050306,48.4704282800816,22
55193,18,90,4374.52,19.94,427,0,58.1237253569001,30.0475866757308,44.1196464989803,23
55193,18,90,3650.16,20.28,382.02,0,45.6152277362339,32.9027872195785,39.768864717879,24
55193,18,90,9466.86,24.71,1400.46,3,98.7763426240653,77.4983004758668,95.6492182188987,25
55193,18,85,3148.42,17.85,265.02,0,39.8368456832087,20.5302515295717,29.3677770224337,26
55193,18,90,8150.72,23.69,1237.8,1,95.4452753229096,69.6125084976207,93.5418082936778,27
55193,18,90,4309.13,21.74,502.54,0,56.6961250849762,50.3059143439837,52.0054384772264,28
55193,18,120,7163.01,24,872.22,2,91.162474507138,71.1080897348742,79.6736913664174,29
55193,18,120,5405.31,21.18,620.09,0,74.0312712440517,44.1196464989803,62.1346023113528,30
55193,18,90,8134.83,24.12,1153.35,2,95.2413324269205,71.855880353501,91.7743031951054,31
55193,18,90,7092.31,24.4,994.4,2,90.6186267845003,74.1672331747111,85.3840924541128,32
55193,18,120,452.53,8.19,40.08,0,9.85723997280761,7.61386811692726,11.62474507138,33
55193,18,120,6650.45,21.56,818.74,0,87.2875594833447,48.1985044187627,76.9544527532291,34
55193,18,120,8336.06,22.1,999.41,0,96.057104010877,54.5887151597553,85.6560163154317,35
55193,18,120,2593.23,18.99,219.35,0,33.5146159075459,23.725356900068,25.2209381373216,36
55193,18,90,6720.16,20.6,873.1,0,87.6954452753229,36.505778382053,79.7416723317471,37
55193,18,120,6055.2,19.59,888.23,0,81.0333106730116,27.6002719238613,80.5574439157036,38
55193,18,120,3096.65,18.85,294.06,0,39.3609789259007,23.3174711080897,32.087015635622,39
55193,18,90,6493.9,22.63,933,1,85.7919782460911,60.707002039429,82.6648538409246,40
55193,18,90,1590.75,17.78,190.66,0,22.5016995241332,20.3263086335826,22.8416043507818,41
55193,18,90,8373.3,24.13,1212.23,1,96.2610469068661,72.1957851801496,92.9979605710401,42
55193,18,120,7888.83,24.63,1026.1,3,94.425560842964,76.75050985724,87.219578518015,43
55193,18,90,6216.52,20.64,797.29,0,82.800815771584,37.0496261046907,75.5268524813052,44
55193,18,120,376.91,6.95,28.33,0,5.37049626104691,3.67097212780421,5.37049626104691,45
55193,18,90,8462.17,21.73,1198.29,0,96.5329707681849,50.1699524133243,92.5900747790619,46
55193,18,120,2690.83,20.03,324.45,0,34.87423521414,30.6594153636982,34.6702923181509,47
55193,18,120,3209.2,21.12,428.76,0,40.7205982324949,42.8959891230455,44.4595513256288,48
55193,18,120,565.43,7.66,51.2,0,13.6641740312712,6.05030591434398,14.4799456152277,49
55193,18,120,2479.68,23.34,516.36,1,31.8150917743032,66.8252889191027,53.2970768184908,50
55193,18,120,128.19,4.18,6.31,0,0.135961930659415,0,0.135961930659415,51
55193,18,90,3948.46,21.01,536.24,0,51.5975526852481,41.6043507817811,55.6764106050306,52
55193,18,120,5795.26,22.72,1367.43,1,78.9259007477906,61.4547926580557,95.3772943575799,53
56198,18,95,8255.77,24.26,1220.45,4,95.7171991842284,72.9435757987763,93.1339225016995,1
56198,18,90,4051.91,21.98,431.74,0,52.8212100611829,53.7049626104691,44.7314751869477,2
56198,18,120,7113.93,26.84,863.54,5,90.8225696804895,93.1339225016995,79.1978246091094,3
56198,18,105,10444.49,25.27,1477.05,5,99.6600951733515,82.4609109449354,97.212780421482,4
56198,18,120,4390.93,21.13,428.29,0,58.599592114208,43.3038749150238,44.3235893949694,5
56198,18,120,4923.95,21.76,522.55,0,67.6410605030592,50.5778382053025,54.4527532290959,6
56198,18,120,4021.62,21.65,396.83,0,52.549286199864,49.2861998640381,41.4683888511217,7
56198,18,90,2254.01,20.95,169.81,0,29.299796057104,41.0605030591434,20.6662134602311,8
56198,18,150,6803.84,23.41,805.49,4,88.3072739632903,67.43711760707,76.0027192386132,9
56198,18,120,6381.54,20.38,770.39,0,84.7722637661455,34.0584636301836,73.6233854520734,10
56198,18,120,6064.7,22.36,706.82,1,81.2372535690007,57.1040108769544,69.2726036709721,11
56198,18,90,3869.21,26.81,393.47,3,49.4221617946975,92.9979605710401,41.1284840244732,12
56198,18,120,6904.34,26.14,1228.96,3,89.1910265125765,88.4432358939497,93.3378653976886,13
56198,18,90,4947.37,23.54,1133.76,3,68.0489462950374,68.4568320870156,91.5023793337865,14
56198,18,90,6462.48,28.16,936.16,5,85.5200543847723,98.3004758667573,82.9367777022434,15
56198,18,120,183.61,6.98,16.61,0,0.951733514615908,3.87491502379334,1.69952413324269,16
56198,18,90,6513.11,27.54,1606.63,4,86.1318830727396,96.1930659415364,98.368456832087,17
56198,18,120,2293.15,19.55,392.8,0,29.8436437797417,27.3283480625425,41.0605030591434,18
56198,18,120,2133.14,23.47,404.45,1,27.8721957851801,68.2528891910265,42.2161794697485,19
56198,18,120,1462.94,15.55,252.46,0,21.0740992522094,18.150917743032,28.144119646499,20
56198,18,120,1942.82,20.02,407.67,0,25.5608429639701,30.455472467709,42.6920462270564,21
56198,18,120,5782.34,24.34,1175.6,3,78.7899388171312,73.7593473827328,92.1821889870836,22
56198,18,120,5146.5,27.32,1089.53,8,70.5642420122366,95.5132562882393,89.8028552005438,23
56198,18,90,1286.96,21.2,203.7,0,19.8504418762746,44.6634942216179,23.7933378653977,24
56198,18,120,2231.67,19.22,429.14,0,29.0278721957852,25.0169952413324,44.5955132562882,25
56198,18,90,6504.75,27.4,950.57,5,86.0639021074099,95.7851801495581,83.2087015635622,26
56198,18,90,6504.36,24.41,1021.84,1,85.9959211420802,74.3031951053705,86.9476546566961,27
56198,18,120,3021.26,18.59,320.61,0,38.6811692726037,22.5016995241332,34.2624065261727,28
56198,18,120,7363.76,22.87,934.14,1,92.0462270564242,62.7464309993202,82.8687967369137,29
56198,18,120,7714.22,22.74,1431.37,1,93.4058463630184,61.5907545887152,96.3290278721958,30
56198,18,120,439.09,7.98,36.02,0,8.56560163154317,6.93405846363018,9.24541128484024,31
56198,18,90,4855.4,25.17,712.1,5,66.8252889191027,81.7811012916383,69.6804894629504,32
56198,18,120,1835.1,17.91,254.34,0,24.5411284840245,20.5982324949014,28.4160435078178,33
56198,18,120,5353.61,21.66,639.54,0,73.3514615907546,49.4221617946975,63.8341264445955,34
56198,18,90,7648.4,24.97,1070.46,4,93.1339225016995,79.8096532970768,88.9191026512577,35
56198,18,90,9334.07,26.22,1181.71,5,98.5044187627464,89.2590074779062,92.318150917743,36
56198,18,90,1683.87,18.25,214.99,0,22.9095853161115,21.3460231135282,24.881033310673,37
56198,18,90,8471.41,27.03,1174.99,3,96.6009517335146,94.2216179469748,92.1142080217539,38
56198,18,120,4700.44,21.94,636.29,0,64.3779741672332,53.1611148878314,63.5622025832767,39
56198,18,120,7351.23,24.89,1305.84,4,91.9102651257648,79.1298436437797,94.4935418082937,40
56198,18,90,3914.19,25.28,518.56,2,50.7817811012916,82.5288919102651,53.9089055064582,41
56198,18,120,715.04,11.02,45.47,0,15.6356220258328,12.780421481985,13.1203263086336,42
56198,18,90,6650.01,24.61,977.96,3,87.219578518015,76.4106050305914,84.6363018354861,43
56198,18,85,2701.1,21.6,237.44,0,35.0781781101292,48.6743711760707,27.0564242012237,44
56198,18,90,2637.61,17.25,182.94,0,34.194425560843,19.3745751189667,21.9578518014956,45
56198,18,90,6805.99,24.74,994.17,5,88.37525492862,77.8382053025153,85.3161114887831,46
56198,18,90,3523.49,20.75,383.4,0,44.18762746431,38.2053025152957,39.9048266485384,47
56198,18,90,3909.15,21.1,362.72,0,50.3738953093134,42.4881033310673,38.0013596193066,48
56198,18,90,4763.44,26.22,518.24,2,64.9898028552005,89.2590074779062,53.7729435757988,49
56198,18,100,3857.09,26.25,522.61,4,49.2182188987084,89.5989123045547,54.5207341944256,50
56198,18,120,4063.01,20.46,404.64,0,52.9571719918423,34.87423521414,42.2841604350782,51
56198,18,90,4791.63,25.52,526.53,3,65.4656696125085,84.7722637661455,54.5887151597553,52
56198,18,120,6289.3,26.09,712.92,1,83.6165873555404,88.0353501019714,69.7484704282801,53
56198,18,90,4699.03,21.13,464.79,0,64.3099932019035,43.3038749150238,49.0142760027192,54
56198,18,90,4394.12,22.46,446.22,0,58.6675730795377,58.3956492182189,46.7709041468389,55
56198,18,95,9405.4,24.74,1435.41,5,98.6403806934058,77.8382053025153,96.5329707681849,56
56198,18,90,3923.85,24.69,449.15,1,51.0537049626105,77.0904146838885,47.1108089734874,57
56303,18,90,4835.85,22.46,805.11,0,66.2134602311353,58.3956492182189,75.9347382732835,1
56303,18,120,6796.94,21.58,964.48,0,88.2392929979606,48.4024473147519,83.8885112168593,2
56303,18,90,3662.54,20.35,511.82,0,45.9551325628824,33.7865397688647,52.8891910265126,3
56303,18,90,739.8,9.28,14.74,0,15.7715839564922,10.4010876954453,1.29163834126445,4
56303,18,85,2178.21,20.48,222.18,0,28.4160435078178,35.1461590754589,25.5608429639701,5
56303,18,90,4893.83,23.11,738.33,1,67.2331747110809,65.12576478586,71.1760707002039,6
56303,18,90,245.93,11.24,12.11,0,2.10740992522094,12.9163834126445,0.951733514615908,7
56303,18,90,2425.44,20.01,276.27,0,31.4072059823249,30.3874915023793,30.5234534330387,8
56303,18,90,783.4,12.59,74.15,0,16.3154316791298,14.5479265805574,16.043507817811,9
56303,18,120,6075.18,19.57,804.12,0,81.3732154996601,27.5322909585316,75.8667573079538,10
56303,18,120,5538.88,22.45,823.16,0,75.8667573079538,58.2596872875595,77.2263766145479,11
56303,18,120,6607.68,24.99,863.93,2,86.743711760707,80.1495581237254,79.2658055744392,12
56303,18,120,6573.75,26.29,933.79,3,86.4717878993882,90.0747790618627,82.800815771584,13
56303,18,120,2097.06,20.06,187.31,0,27.2603670972128,31.1352821210061,22.569680489463,14
56303,18,120,5411.37,20.51,704.59,0,74.3031951053705,35.5540448674371,69.068660774983,15
56303,18,120,2791.74,19.81,338.19,0,36.505778382053,29.1638341264446,36.0978925900748,16
56303,18,90,620.21,11.03,57.95,0,14.887831407206,12.8484024473148,14.9558123725357,17
56303,18,90,4681.8,19.8,633.99,0,64.174031271244,28.9598912304555,63.2222977566281,18
56303,18,90,917.18,11.64,77.32,0,16.9952413324269,13.3922501699524,16.2474507138001,19
56303,18,120,6759.82,26.04,961.17,4,87.9673691366417,87.6954452753229,83.6845683208702,20
56303,18,120,4111.85,26.74,510.48,2,53.3650577838205,92.6580557443916,52.8212100611829,21
56303,18,120,244.55,11.92,21.49,0,1.97144799456152,13.8001359619307,2.85520054384772,22
56303,18,120,5333.36,20.84,831.68,0,72.9435757987763,39.7008837525493,77.6342624065262,23
56303,18,120,2383.09,18.9,383.16,0,30.7953772943576,23.4534330387492,39.8368456832087,24
56303,18,120,3962.01,20.88,641.38,0,52.0054384772264,40.2447314751869,64.0380693405846,25
56303,18,120,336.2,6.73,40.81,0,4.28280081577158,2.71923861318831,11.8966689326988,26
56303,18,120,4190.59,24.98,649.96,7,54.656696125085,80.0815771583956,64.5819170632223,27
56303,18,90,1199.55,20.38,137.41,0,19.1706322229776,34.0584636301836,18.4228416043508,28
56303,18,120,270.61,10.3,25.16,0,2.58327668252889,11.9646498980286,4.28280081577158,29
56303,18,90,580.37,11.77,65.25,0,14.2080217539089,13.6641740312712,15.3636981645139,30
56303,18,90,4571.59,24.43,621.53,1,61.862678450034,74.4391570360299,62.2705642420122,31
56303,18,120,5426.94,21.27,648.71,0,74.4391570360299,45.4112848402447,64.5139360978926,32
56303,18,120,5449.54,20.6,749.73,0,74.643099932019,36.505778382053,72.0598232494901,33
56303,18,120,4175.2,20.54,553.69,0,54.3847722637661,35.8939496940857,57.1719918422842,34
56303,18,150,172.2,10.7,22.92,0,0.747790618626785,12.5764785859959,3.33106730115568,35
56303,18,120,5087.71,21,621.45,0,69.8164513936098,41.4683888511217,62.2025832766825,36
56303,18,120,3462.03,22.77,380.06,1,43.2358939496941,61.7267165193746,39.3609789259007,37
56303,18,120,3001.25,18.96,299.97,0,38.5452073419443,23.5893949694086,32.4949014276003,38
56303,18,120,538.24,7.99,40.31,0,13.0523453433039,7.00203942895989,11.6927260367097,39
56303,18,90,2134.56,19.1,182.06,0,27.9401767505099,24.1332426920462,21.8218898708362,40
56303,18,90,3759.1,24.28,453.39,1,47.8585995921142,73.2834806254249,47.5186947654657,41
56303,18,90,2539.82,20.26,273.33,0,32.6988443235894,32.6988443235894,30.3195105370496,42
56303,18,90,3785.56,20.3,513.84,0,48.0625424881033,33.1067301155676,53.025152957172,43
56303,18,90,3096.78,19.8,407.26,0,39.4289598912305,28.9598912304555,42.556084296397,44
56303,18,120,5207.65,25.41,697.2,1,71.3800135961931,83.8205302515296,68.5248130523454,45
56303,18,90,4547.21,24.51,588.59,3,61.4547926580557,75.2549286199864,59.4153636981645,46
56303,18,120,3587.81,21.78,438.22,0,44.7314751869477,50.8497620666214,45.6152277362339,47
56303,18,90,4880.42,21.24,701.32,0,67.0972127804215,45.0033990482665,68.7967369136642,48
56303,18,100,481.95,13.03,49.33,0,11.7607070020394,15.6356220258328,14.2080217539089,49
56303,18,90,4261.3,24.91,527.32,2,55.6084296397009,79.2658055744392,54.656696125085,50
56303,18,90,3647.14,21.12,462.19,0,45.5472467709041,42.8959891230455,48.7423521414004,51
57447,18,120,7056.02,24.7,916.55,2,90.2787219578518,77.2943575798776,81.7811012916383,1
57447,18,120,5369.03,25.25,850.07,5,73.5554044867437,82.2569680489463,78.3140720598232,2
57447,18,90,1587.92,22.27,185.31,0,22.3657375934738,56.288239292998,22.2977566281441,3
57447,18,120,2712.55,16.99,337.35,0,35.2821210061183,19.1706322229776,35.8939496940857,4
57447,18,90,7644.8,25.06,1333.1,4,93.0659415363698,80.7613868116927,95.0373895309313,5
57447,18,90,6428.45,26.17,1108.09,2,84.9762066621346,89.0550645819171,90.4826648538409,6
57447,18,90,6911.69,24.18,1378.07,2,89.3949694085656,72.3997280761387,95.581237253569,7
57447,18,85,3592.99,23.22,462.02,2,44.9354180829368,65.8735554044867,48.6743711760707,8
57447,18,90,970.27,18.43,81.58,0,17.4711080897349,21.6859279401768,16.8592794017675,9
57447,18,90,7163.96,22.36,1358.96,0,91.2304554724677,57.1040108769544,95.2413324269205,10
57447,18,90,2818.79,19.81,326.56,0,36.7777022433719,29.1638341264446,34.9422161794697,11
57447,18,90,4646.44,20.67,632.4,0,63.5622025832767,37.3895309313392,63.1543167912984,12
57447,18,90,4470.52,25.85,536.53,2,60.0271923861319,86.5397688647179,55.81237253569,13
57447,18,100,9764.83,25.66,1551.38,6,99.0482664853841,85.4520734194426,97.7566281441196,14
57447,18,90,1723.88,21.15,194.65,0,23.4534330387492,43.6437797416723,23.1815091774303,15
57447,18,120,3938.15,20.43,439.61,0,51.2576478585996,34.5343303874915,46.0231135282121,16
57447,18,90,5006.02,25.74,631.52,2,68.8647178789939,86.0639021074099,63.0863358259687,17
57447,18,120,5999.11,27.04,750.52,1,80.4214819850442,94.2895989123046,72.1957851801496,18
57447,18,90,3689.72,21.58,598.33,0,46.2950373895309,48.4024473147519,60.5030591434398,19
57447,18,90,5269.21,22.12,682.34,0,72.0598232494901,54.9286199864038,67.0292318150918,20
57447,18,95,8885.28,26.03,1676.11,3,97.8246091094494,87.4915023793338,98.9123045547247,21
57447,18,90,4263.24,20.78,713.63,0,55.6764106050306,38.4772263766145,69.8844323589395,22
57447,18,95,9122.19,22.79,1505,1,98.1645139360979,62.2705642420122,97.5526852481305,23
57447,18,90,4343.37,21.17,608.77,0,57.5118966689327,43.9836845683209,61.2508497620666,24
57447,18,120,7239.35,26.34,1078.97,5,91.638341264446,90.2787219578518,89.1230455472468,25
57447,18,120,4184.1,20.59,516.85,0,54.4527532290959,36.2338545207342,53.5010197144799,26
57447,18,120,4313.19,21.67,527.4,0,56.8320870156356,49.4901427600272,54.7246770904147,27
57447,18,120,4347.08,21.3,472.7,0,57.5798776342624,45.6832087015636,49.4221617946975,28
57447,18,90,2175.84,18.18,156.39,0,28.3480625424881,21.0740992522094,19.6464989802855,29
57447,18,150,10272.42,22.68,1670.38,1,99.3881713120326,61.1148878314072,98.7763426240653,30
57447,18,120,5555.41,20.18,733.71,0,75.9347382732835,32.2229775662814,70.9041468388851,31
57447,18,120,6424.78,20.41,889.74,0,84.9082256968049,34.2624065261727,80.8293677770224,32
57447,18,120,6616.05,22.56,919.92,0,86.8116927260367,59.9592114208022,82.0530251529572,33
57447,18,90,3882.81,25.53,503.58,2,49.8980285520054,84.9082256968049,52.1414004078858,34
57447,18,120,472.23,7.51,34,0,11.1488783140721,5.37049626104691,8.08973487423521,35
57447,18,90,8147.02,23.01,1309.41,1,95.3772943575799,63.9021074099252,94.6295037389531,36
57447,18,90,7967.08,23.53,1370,3,94.6295037389531,68.3888511216859,95.4452753229096,37
57447,18,120,4901.77,22.31,556.71,0,67.43711760707,56.7641060503059,57.443915703603,38
57447,18,120,9531.11,22.65,1481.66,1,98.9123045547247,60.9789259007478,97.2807613868117,39
57447,18,120,2526.09,18.6,304.68,0,32.56288239293,22.569680489463,32.9707681849082,40
57447,18,120,5976.72,20.56,773.08,0,80.2175390890551,36.0978925900748,73.8273283480625,41
57447,18,120,2612.98,21.11,274.75,0,33.9225016995241,42.8280081577158,30.455472467709,42
57447,18,90,6796.91,23.08,1264.92,3,88.1713120326309,64.9218218898708,94.0176750509857,43
57447,18,90,1555.78,15.97,199.17,0,21.8218898708362,18.4908225696805,23.3174711080897,44
57447,18,90,7837.91,24.85,1201.31,4,94.0856560163154,78.7219578518015,92.7260367097213,45
57447,18,120,7004.8,25.34,989.91,2,89.8708361658736,83.1407205982325,85.112168592794,46
57447,18,120,7456.02,27.48,1434.69,5,92.4541128484024,96.1250849762067,96.4649898028552,47
57447,18,120,5584.43,24.08,984.96,1,76.4106050305914,71.5159755268525,84.8402447314752,48
57447,18,90,3945.67,20.11,519.16,0,51.4615907545887,31.4751869476547,53.9768864717879,49
57447,18,90,5129.97,20.02,752.7,0,70.4282800815772,30.455472467709,72.3997280761387,50
57447,18,120,2290.45,21.91,306.39,0,29.775662814412,52.8212100611829,33.2426920462271,51
57447,18,90,4891.01,25.69,817.47,4,67.1651937457512,85.7919782460911,76.8184908225697,52
57447,18,120,2541.73,17.25,257.07,0,32.7668252889191,19.3745751189667,28.6879673691366,53
57447,18,120,2480.68,20.28,297.37,0,31.8830727396329,32.9027872195785,32.2909585316111,54
57447,18,120,3394.48,18.42,480.67,0,42.9639700883753,21.617946974847,50.0339904826649,55
57447,18,120,2423.9,20.51,337.45,0,31.2712440516655,35.5540448674371,36.0299116247451,56
61902,18,90,2354.73,18.6,269.91,0,30.455472467709,22.569680489463,29.9796057104011,1
61902,18,90,1183.25,24.16,186.02,4,18.8987083616587,72.2637661454793,22.3657375934738,2
61902,18,120,3859.38,25.34,483.5,3,49.2861998640381,83.1407205982325,50.3738953093134,3
61902,18,120,451.91,9.69,36.12,0,9.7212780421482,10.9449354180829,9.31339225016995,4
61902,18,150,5205.73,27.43,700.62,2,71.3120326308634,95.8531611148878,68.7287559483345,5
61902,18,120,415.74,8.72,29.28,0,6.66213460231135,9.31339225016995,5.71040108769544,6
61902,18,120,6032.57,26.15,836.62,4,80.7613868116927,88.7831407205982,77.7702243371856,7
61902,18,120,6177.46,24.06,857.3,2,82.4609109449354,71.3800135961931,78.7899388171312,8
61902,18,90,2204.86,20.07,262.86,0,28.7559483344663,31.2032630863358,29.0958531611149,9
61902,18,90,2892.34,24.32,447.77,4,37.4575118966689,73.6913664174031,46.9068660774983,10
61902,18,85,3379.17,25,432.9,4,42.6920462270564,80.2855200543848,45.0033990482665,11
61902,18,90,1067.68,24.56,145.29,1,18.0829367777022,76.274643099932,18.7627464309993,12
61902,18,90,637.98,11,58.57,0,15.1597552685248,12.7124405166553,15.0237933378654,13
61902,18,90,3609.43,24.88,439.46,1,45.1393609789259,79.06186267845,45.9551325628824,14
61902,18,90,3573.35,22.78,409.46,3,44.6634942216179,61.9986403806934,42.8280081577158,15
61902,18,100,1455.1,21.84,149.69,0,21.0061182868797,51.8014955812373,19.0346702923182,16
61902,18,120,4143.45,25.5,477.44,2,54.1128484024473,84.5003399048266,49.8300475866757,17
61902,18,90,4660.58,27.26,657.37,4,63.7661454792658,95.1733514615908,65.1937457511897,18
61902,18,120,6326.08,27.3,805.7,3,84.0244731475187,95.3772943575799,76.2066621346023,19
61902,18,120,6188.25,24.38,1045.96,4,82.5288919102651,74.0992522093814,88.2392929979606,20
61902,18,90,4848.44,22.77,644.48,1,66.6893269884432,61.7267165193746,64.3099932019035,21
61902,18,95,1255.64,15.13,52.33,0,19.5785180149558,17.8110129163834,14.6838885112169,22
61902,18,90,1281.98,19.19,155.84,0,19.7824609109449,24.8130523453433,19.5105370496261,23
61902,18,95,211.41,6.79,14.94,0,1.35961930659415,3.19510537049626,1.35961930659415,24
61902,18,90,1952.58,21.15,153.64,0,25.6968048946295,43.6437797416723,19.306594153637,25
61902,18,120,1783.41,22.9,366.99,1,24.1332426920462,62.9503738953093,38.137321549966,26
61902,18,90,937.98,17.42,168.22,0,17.199184228416,19.6464989802855,20.462270564242,27
61902,18,120,5103.72,28.04,1133.72,16,70.1563562202583,97.7566281441196,91.4343983684568,28
61902,18,120,5468.97,28.91,1203.34,5,74.7110808973488,99.4561522773623,92.8619986403807,29
61902,18,120,1914.91,22.93,405.49,1,25.0169952413324,63.2222977566281,42.3521414004079,30
61902,18,120,3951.2,27.58,776.41,4,51.7335146159076,96.3290278721958,74.3031951053705,31
61902,18,90,613.28,17.5,92.86,0,14.6838885112169,19.7824609109449,17.6070700203943,32
61902,18,120,2419.53,25.67,518.41,2,31.1352821210061,85.5200543847723,53.8409245411285,33
61902,18,120,5306.72,23.22,1125.95,3,72.6716519374575,65.8735554044867,91.162474507138,34
61902,18,120,180.42,7.2,12.99,0,0.8837525492862,4.62270564242012,1.15567641060503,35
61902,18,90,5028.83,27.22,1133.44,10,69.068660774983,94.9014276002719,91.3664174031271,36
61902,18,120,6642.15,28.96,1199.22,8,87.0836165873555,99.5921142080218,92.6580557443916,37
61902,18,90,954.79,13.82,81.29,0,17.2671651937458,16.3834126444596,16.7233174711081,38
61902,18,120,6038.41,27.76,732.18,3,80.8293677770224,97.0768184908226,70.7681849082257,39
61902,18,120,427.7,8.26,23.93,0,7.54588715159755,7.9537729435758,3.73895309313392,40
61902,18,90,4704.05,22.55,710.42,2,64.5819170632223,59.7552685248131,69.6125084976207,41
61902,18,90,3235.73,25.95,497.96,6,41.1964649898029,87.1515975526852,51.5295717199184,42
61902,18,120,3203.12,26.16,393.63,5,40.5846363018355,88.8511216859279,41.1964649898029,43
61902,18,120,5748.83,25.01,1059.42,2,78.382053025153,80.3535010197145,88.5791978246091,44
61902,18,90,1736.64,25.38,254.3,2,23.5214140040789,83.6165873555404,28.3480625424881,45
61902,18,120,2533.7,23.46,247.3,1,32.6308633582597,68.0489462950374,27.6002719238613,46
61902,18,120,5299.78,22.41,654.72,0,72.5356900067981,57.6478585995921,65.12576478586,47
61902,18,120,5470.51,25.29,724.75,3,74.7790618626784,82.7328348062542,70.4282800815772,48
61902,18,120,5496.25,25.9,922.47,4,75.0509857239973,86.743711760707,82.1889870836166,49
61902,18,120,5510.19,26.53,985.13,5,75.2549286199864,91.7743031951054,85.0441876274643,50
62096,19,90,412.38,6.81,32.82,0,2.29508196721311,1.63934426229508,2.62295081967213,1
62096,19,90,3433.09,22.5,443.16,0,12.7868852459016,53.7704918032787,13.7704918032787,2
62096,19,90,4295.99,21.74,598.79,0,24.5901639344262,39.344262295082,36.7213114754098,3
62096,19,100,5298.76,21.95,606.5,0,48.5245901639344,43.9344262295082,38.0327868852459,4
62096,19,75,4914.34,22.62,613.83,1,37.7049180327869,56.0655737704918,40.327868852459,5
62096,19,100,134.6,5.27,8.88,0,0,0,0.983606557377049,6
65648,20,90,3642.21,15.43,488.15,0,47.1889400921659,7.74193548387097,53.4562211981567,1
69466,21,94,3577.26,22.15,561.4,0,51.0510510510511,51.6516516516517,63.0630630630631,1
69466,21,97,3620.4,21.35,512.17,0,52.2522522522522,42.6426426426426,54.0540540540541,2
69466,21,104,2656.66,25.23,464.74,3,25.5255255255255,81.6816816816817,46.8468468468468,3
69466,21,105,5338.1,29.73,921.46,7,89.1891891891892,98.7987987987988,88.2882882882883,4
69466,21,109,5257.24,28.26,1006.67,7,87.0870870870871,96.6966966966967,90.6906906906907,5
69466,21,93,4025.72,27.69,777.36,9,61.5615615615616,95.4954954954955,82.2822822822823,6
69466,21,70,2584.24,24.09,364.97,3,24.024024024024,73.8738738738739,32.1321321321321,7
69466,21,112,4123.67,27.94,671.81,5,63.6636636636637,96.3963963963964,74.7747747747748,8
69466,21,75,2157.96,19.45,269.81,0,14.1141141141141,22.8228228228228,15.6156156156156,9
69466,21,111,5279.06,30.28,1030.69,19,87.3873873873874,99.3993993993994,92.7927927927928,10
69466,21,108,2235.81,27.45,423.15,5,15.9159159159159,94.8948948948949,39.3393393393393,11
69466,21,83,1983.04,19.03,244.84,0,12.6126126126126,19.8198198198198,12.9129129129129,12
69466,21,90,5099.04,29.33,1024.42,11,84.6846846846847,98.1981981981982,91.5915915915916,13
69466,21,83,2397.57,21.6,332.65,0,19.5195195195195,47.1471471471471,26.1261261261261,14
69466,21,120,2058.47,24.89,425.61,7,13.2132132132132,78.978978978979,40.2402402402402,15
69466,21,109,5369.5,26.85,1026.77,9,89.7897897897898,91.5915915915916,92.1921921921922,16
69466,21,95,3676.82,24.26,551.74,2,54.3543543543543,74.7747747747748,60.3603603603604,17
69466,21,120,5654.55,23.49,944.5,1,90.990990990991,66.6666666666667,88.8888888888889,18
69466,21,100,3198.89,24.4,600.05,6,39.3393393393393,75.3753753753754,66.966966966967,19
69466,21,75,2985.58,32.74,424.87,1,34.2342342342342,99.6996996996997,39.9399399399399,20
69466,21,115,3470.12,26.79,608.13,9,47.4474474474475,90.990990990991,68.4684684684685,21
69466,21,111,4441.5,25.91,747.74,7,72.0720720720721,86.4864864864865,79.5795795795796,22
69466,21,110,3500.32,26.26,609.23,10,48.6486486486487,87.987987987988,69.0690690690691,23
69466,21,108,4508.86,29.31,859.85,6,72.3723723723724,97.8978978978979,86.7867867867868,24
69466,21,111,4803.44,29.5,976.86,8,79.5795795795796,98.4984984984985,89.4894894894895,25
69466,21,106,4043.09,29.13,852.36,7,61.8618618618619,97.5975975975976,85.8858858858859,26
69466,21,106,410.7,15.44,42.78,0,2.1021021021021,8.40840840840841,3.6036036036036,27
69466,21,70,3464.8,24.42,590,1,46.8468468468468,75.6756756756757,65.7657657657658,28
69466,21,100,3666.63,24.59,570.19,1,53.4534534534535,77.1771771771772,64.2642642642643,29
69466,21,107,7385.38,27.55,1442.77,12,97.8978978978979,95.1951951951952,98.1981981981982,30
69466,21,87,3737.22,23.37,608.58,5,55.8558558558559,63.3633633633634,68.7687687687688,31
69466,21,97,5802.33,23.64,1099.24,3,92.7927927927928,67.8678678678679,95.1951951951952,32
69466,21,105,5877.74,29.89,1028.68,9,93.0930930930931,99.0990990990991,92.4924924924925,33
69466,21,120,4525.32,23.93,689.08,1,73.2732732732733,71.7717717717718,75.6756756756757,34
69466,21,120,5135.24,23.94,748.37,1,85.5855855855856,72.0720720720721,79.8798798798799,35
69466,21,110,4715.34,22.43,704.37,1,77.7777777777778,53.1531531531532,76.8768768768769,36
69466,21,100,4995.6,24.02,895.43,6,81.981981981982,73.2732732732733,87.6876876876877,37
69466,21,95,2241.16,19.76,282.61,0,16.2162162162162,24.9249249249249,17.4174174174174,38
71346,19,95,6284.72,20.98,832.22,0,76.7213114754098,28.5245901639344,70.8196721311475,1
71346,19,90,5524.42,21.58,710.32,0,55.4098360655738,36.7213114754098,54.4262295081967,2
71346,19,90,4563.92,22.64,590.88,2,28.5245901639344,56.3934426229508,33.7704918032787,3
71346,19,90,3205.95,17.84,388.66,0,11.4754098360656,10.1639344262295,10.4918032786885,4
71346,19,90,5603.96,21.89,712.95,0,60,41.6393442622951,54.7540983606557,5
71346,19,90,7093.84,22.5,957.55,0,85.5737704918033,53.7704918032787,84.9180327868852,6
71346,19,120,6747.6,22.52,867.66,0,80.9836065573771,54.7540983606557,76.0655737704918,7
71346,19,120,8188.17,24.93,1039.94,6,95.0819672131148,82.2950819672131,91.8032786885246,8
71346,19,100,6240.16,22.05,989.81,0,75.7377049180328,47.2131147540984,89.1803278688525,9
71346,19,90,1547.75,17.4,90.06,0,6.22950819672131,8.85245901639344,5.57377049180328,10
71346,19,100,4945.73,25.44,608.24,5,38.6885245901639,86.5573770491803,38.3606557377049,11
71346,19,70,5355.06,22.28,698.84,0,50.1639344262295,50.8196721311475,52.7868852459016,12
71346,19,90,5181.23,20.26,604.71,0,43.2786885245902,20.983606557377,37.7049180327869,13
71346,19,100,7979.16,23.44,1062.69,2,92.1311475409836,67.2131147540984,92.4590163934426,14
71346,19,90,5428,28.72,671.22,3,52.1311475409836,99.672131147541,51.1475409836066,15
71346,19,90,5252.19,20.63,585.62,0,46.8852459016393,24.2622950819672,32.1311475409836,16
71346,19,75,3959.68,22.86,441.71,1,18.0327868852459,59.0163934426229,13.4426229508197,17
72086,20,100,4599.11,24.92,747.4,1,70.8755760368664,84.6082949308756,79.9078341013825,1
72086,20,77,3083.74,21.26,394.68,0,30.4147465437788,40.0921658986175,36.036866359447,2
72086,20,95,3431.83,24.13,505.63,1,38.8018433179723,78.0645161290323,56.6820276497696,3
72086,20,105,4585.62,20.29,550.37,0,70.3225806451613,28.9400921658986,62.2119815668203,4
72086,20,70,4062.86,26.47,667.92,3,58.2488479262673,94.7465437788018,73.5483870967742,5
72086,20,100,2746.93,18.63,313.15,0,22.1198156682028,15.3917050691244,21.2903225806452,6
72086,20,90,4786.68,28.78,709.28,2,73.9170506912442,99.4470046082949,77.0506912442396,7
72086,20,120,4806.5,22.53,535.17,1,74.3778801843318,58.0645161290323,60.4608294930876,8
72086,20,105,2831.49,21.01,307.81,0,24.147465437788,37.4193548387097,20.9216589861751,9
72086,20,110,4019.78,24.68,442.83,5,57.2350230414747,83.1336405529954,44.9769585253456,10
72086,20,100,1851.32,16.17,226.56,0,11.889400921659,8.29493087557604,12.258064516129,11
72086,20,75,750.51,13.26,70.76,0,4.60829493087558,4.97695852534562,4.42396313364055,12
72086,20,78,3958.36,20.68,528.6,0,56.036866359447,33.0875576036866,59.5391705069124,13
72086,20,105,3095.73,21.29,367.67,0,30.7834101382488,40.6451612903226,30.8755760368664,14
72086,20,99,3796.6,21.02,347.75,0,51.4285714285714,37.7880184331797,26.8202764976959,15
72086,20,116,6184.26,24.65,742.66,3,85.9907834101382,82.7649769585254,79.7235023041475,16
72086,20,100,4781.07,22.64,545.13,1,73.7327188940092,59.4470046082949,61.5668202764977,17
72086,20,110,3200.1,20.59,432.4,0,32.9032258064516,31.7972350230415,42.5806451612903,18
72086,20,80,3406.32,23.29,356.89,1,37.9723502304147,68.5714285714286,28.8479262672811,19
72086,20,90,5019.63,24.53,867.6,2,76.7741935483871,81.1981566820276,86.9124423963134,20
72086,20,90,3951.3,21.48,608.67,0,55.5760368663594,42.6728110599078,68.294930875576,21
72086,20,90,8039.95,25.1,1392.63,7,95.9447004608295,86.6359447004608,98.8018433179724,22
72086,20,90,3568.91,24.97,502.04,1,43.778801843318,85.2534562211981,56.1290322580645,23
72086,20,70,2785.75,21.57,387.58,0,23.2258064516129,44.4239631336406,34.6543778801843,24
72086,20,90,4470.36,25.01,838.83,3,67.4654377880184,85.6221198156682,85.2534562211981,25
72086,20,110,3734.74,23.63,518.92,0,49.6774193548387,72.9032258064516,58.4331797235023,26
72086,20,120,6256.03,20.43,714.15,0,86.5437788018433,30.5069124423963,77.4193548387097,27
72086,20,123,7323.26,23.7,909.09,3,93.5483870967742,73.2718894009217,88.8479262672811,28
72086,20,90,6313.98,25.76,1116.02,1,86.9124423963134,91.5207373271889,93.9170506912442,29
72086,20,90,4846.98,21.31,827.34,0,75.0230414746544,40.9216589861751,84.6082949308756,30
72086,20,92,3677.74,23.09,636.36,3,48.294930875576,66.0829493087558,71.2442396313364,31
72086,20,90,3648.18,19.13,527.77,0,47.3732718894009,18.5253456221198,59.3548387096774,32
72086,20,110,4475.03,25.47,737.12,2,67.741935483871,89.5852534562212,79.0783410138249,33
72086,20,100,3078.81,21.87,427.15,0,30.1382488479263,48.6635944700461,41.4746543778802,34
72086,20,110,5418.55,23.05,859.98,0,80.6451612903226,65.7142857142857,86.3594470046083,35
72086,20,105,3473.72,20.97,687.42,0,40.2764976958525,36.405529953917,74.9308755760369,36
72116,18,90,7736.2,27.16,1008.91,4,93.5418082936778,94.6974847042828,86.267845003399,1
72116,18,120,360.98,7.18,37.33,0,4.82664853840925,4.48674371176071,10.1971447994562,2
72116,18,90,5046.7,26.03,929.91,3,69.3405846363018,87.4915023793338,82.5288919102651,3
72116,18,120,6251.92,29.7,1099.32,4,83.2766825288919,99.9320190346703,90.1427600271924,4
72116,18,90,8449.31,22.27,1105.66,0,96.4649898028552,56.288239292998,90.4146838885112,5
72116,18,90,2013.67,16.87,234.63,0,26.3086335825969,19.0346702923182,26.7165193745751,6
72116,18,90,7817.06,28.05,1011.32,8,93.949694085656,97.8925900747791,86.4717878993882,7
72116,18,95,7063.14,27.61,939.76,6,90.4146838885112,96.3970088375255,83.0727396329028,8
72116,18,90,4545.99,21.38,555.1,0,61.386811692726,46.5669612508498,57.3079537729436,9
72116,18,90,3540.13,23.41,427.34,2,44.3235893949694,67.43711760707,44.18762746431,10
72116,18,120,5507.38,28.24,758.22,1,75.1869476546567,98.4364377974167,72.8755948334466,11
72116,18,90,3818.19,28.49,459.05,4,48.7423521414004,98.9123045547247,48.2664853840925,12
72116,18,120,3243.6,21.1,365.24,0,41.3324269204623,42.4881033310673,38.0693405846363,13
72116,18,100,9044.09,26.47,1108.84,7,98.0965329707682,91.2304554724677,90.5506458191706,14
72116,18,120,2991.51,22.28,375.14,0,38.4772263766145,56.5601631543168,38.8851121685928,15
72116,18,120,4742.17,24.17,636.18,2,64.649898028552,72.331747110809,63.4262406526173,16
72116,18,90,8580.88,25.41,1109.78,11,96.9408565601632,83.8205302515296,90.68660774983,17
72116,18,120,7858.38,24.77,960.57,3,94.1536369816451,78.2460910944935,83.6165873555404,18
72116,18,120,6322.73,28.74,824.71,3,83.956492182189,99.2522093813732,77.430319510537,19
72116,18,120,6062.41,24.76,769.92,4,81.169272603671,78.0421481985044,73.487423521414,20
72116,18,120,4259.81,22.16,461.87,0,55.4724677090415,55.2005438477226,48.606390210741,21
72116,18,90,2007.13,20.83,171.08,0,26.1726716519375,39.4289598912305,20.8021753908906,22
72116,18,150,8709.65,26.34,1307.94,5,97.212780421482,90.2787219578518,94.5615227736234,23
72116,18,120,5530.89,22.74,742.84,1,75.6628144119646,61.5907545887152,71.4479945615228,24
72116,18,120,5410.29,22.48,781.49,0,74.2352141400408,58.8715159755269,74.7110808973488,25
72116,18,120,5898.27,20.5,779.26,0,79.6057104010877,35.4180829367777,74.4391570360299,26
72116,18,120,434.12,7,31.49,0,8.08973487423521,4.01087695445275,6.79809653297077,27
72116,18,90,3462.76,28.36,409.83,3,43.3038749150238,98.7083616587356,42.8959891230455,28
72116,18,120,4647.61,27.18,589.73,1,63.6301835486064,94.7654656696125,59.4833446634942,29
72116,18,120,481.39,19.55,36.57,0,11.6927260367097,27.3283480625425,9.65329707681849,30
72116,18,120,5846.27,28.95,785.22,3,79.2658055744392,99.524133242692,74.9150237933379,31
72116,18,90,8445.27,27.75,1064.39,6,96.3970088375255,97.0088375254929,88.7831407205982,32
72116,18,120,3958.94,21.92,455.15,0,51.9374575118967,52.9571719918423,47.6546566961251,33
72116,18,90,7025.89,28.79,922.3,7,90.1427600271924,99.3201903467029,82.1210061182869,34
72116,18,90,3779.69,22.9,491.71,1,47.9265805574439,62.9503738953093,51.2576478585996,35
72116,18,90,7906.11,26.26,1029.59,3,94.5615227736234,89.8028552005438,87.4915023793338,36
72116,18,95,8280.49,24.02,1343.83,1,95.8531611148878,71.1760707002039,95.1733514615908,37
72116,18,90,3797.17,21.82,490.32,0,48.4024473147519,51.5295717199184,50.9857239972808,38
72116,18,85,421.41,9.21,36.92,0,7.20598232494901,10.1291638341264,9.85723997280761,39
72116,18,90,7825.57,22.4,1016.08,0,94.0176750509857,57.3759347382733,86.743711760707,40
72116,18,90,3177.7,20.79,373.74,0,40.2447314751869,38.6811692726037,38.6811692726037,41
72116,18,90,3970.42,20.73,448.84,0,52.1414004078858,38.0693405846363,46.974847042828,42
72116,18,90,4105.21,27.36,491.01,2,53.2290958531611,95.6492182188987,51.1896668932699,43
72116,18,90,4259.95,26.09,575.32,2,55.5404486743712,88.0353501019714,58.4636301835486,44
72116,18,120,156.02,4.64,7.65,0,0.475866757307954,0.0679809653297077,0.271923861318831,45
72116,18,90,8155.47,26.25,1085.99,2,95.581237253569,89.5989123045547,89.530931339225,46
72116,18,120,2682.59,20.37,430.65,0,34.6023113528212,33.9904826648538,44.6634942216179,47
72116,18,90,1547.81,20.44,186.51,0,21.6859279401768,34.6702923181509,22.4337185588035,48
72116,18,120,5648.66,27.65,689.18,11,77.3623385452073,96.6689326988443,67.5730795377294,49
72116,18,120,6254.86,26.88,1090.92,4,83.3446634942216,93.4738273283481,89.8708361658736,50
72116,18,120,2566.56,24.34,371.34,1,33.2426920462271,73.7593473827328,38.4772263766145,51
72116,18,120,572.66,7.67,38.69,0,14.0720598232495,6.11828687967369,11.0808973487424,52
72116,18,120,3009.31,20.18,440.92,0,38.613188307274,32.2229775662814,46.0910944935418,53
72116,18,120,2935.08,22.45,323.52,0,37.9333786539769,58.2596872875595,34.6023113528212,54
72139,18,90,3940.47,25.68,496.49,1,51.393609789259,85.6560163154317,51.393609789259,1
72139,18,90,6516.87,25.97,856.58,13,86.1998640380693,87.219578518015,78.7219578518015,2
72139,18,120,4994.11,25.8,781.44,3,68.6607749830048,86.4717878993882,74.643099932019,3
72139,18,120,1839.94,16.19,266.14,0,24.6770904146839,18.7627464309993,29.7076818490823,4
72139,18,90,3714.78,26.78,462.28,4,46.9068660774983,92.7260367097213,48.8103331067301,5
72139,18,90,4810.16,22.03,928.47,0,65.8735554044867,53.9768864717879,82.4609109449354,6
72139,18,90,2854.63,22.83,376.8,1,37.1176070700204,62.6104690686608,38.9530931339225,7
72139,18,90,3477.29,20.65,438.63,0,43.6437797416723,37.1176070700204,45.7511896668933,8
72139,18,120,2504.53,22.06,293.41,0,32.3589394969409,54.3847722637661,31.9510537049626,9
72139,18,90,4545.83,25.31,595.99,11,61.3188307273963,82.8687967369137,60.0271923861319,10
72139,18,120,4859.01,20.93,627.1,0,66.8932698844324,40.8565601631543,62.6104690686608,11
72139,18,120,2671.13,23.03,280.89,1,34.4663494221618,64.3099932019035,30.9993201903467,12
72139,18,90,5312.9,28.04,689.53,6,72.7396329027872,97.7566281441196,67.6410605030592,13
72139,18,90,2708.03,18.21,332.05,0,35.2141400407886,21.2100611828688,35.350101971448,14
72139,18,90,3424.1,24.87,445.9,6,43.0999320190347,78.9259007477906,46.7029231815092,15
72139,18,120,6846.52,28.05,1104.46,6,88.6471787899388,97.8925900747791,90.3467029231815,16
72139,18,90,4565.24,24.23,889.31,2,61.7946974847043,72.6716519374575,80.693405846363,17
72139,18,120,323.72,7.63,39.54,0,3.73895309313392,5.91434398368457,11.3528212100612,18
72139,18,90,791.77,24.66,166.64,2,16.4513936097893,76.9544527532291,20.3263086335826,19
72139,18,120,5226.34,23.29,975.39,1,71.6519374575119,66.5533650577838,84.5683208701564,20
72139,18,120,2273.44,24.62,433.35,1,29.6397008837525,76.4785859959212,45.2073419442556,21
72139,18,120,2295.73,16.16,358.83,0,29.9116247450714,18.6267845003399,37.6614547926581,22
72139,18,120,1528.93,20.23,261.97,0,21.5499660095173,32.6308633582597,28.9598912304555,23
72139,18,120,4475.02,24.48,848.33,6,60.1631543167913,74.9150237933379,78.1781101291638,24
72139,18,120,5286.58,25.09,1092.02,6,72.331747110809,81.0333106730116,89.9388171312033,25
72139,18,90,1225.23,15.84,183.23,0,19.306594153637,18.4228416043508,22.0258327668253,26
72139,18,120,318.96,10.75,39.35,0,3.33106730115568,12.6444595513256,11.1488783140721,27
72139,18,90,2484.69,27.22,380.1,5,32.0190346702923,94.9014276002719,39.4289598912305,28
72139,18,90,3908.8,20.72,441.56,0,50.3059143439837,37.9333786539769,46.1590754588715,29
72139,18,85,3381.57,22.42,381.24,2,42.8280081577158,57.7838205302515,39.7008837525493,30
72139,18,90,3728.22,24.8,555.11,3,47.1787899388171,78.382053025153,57.3759347382733,31
72139,18,90,2551.05,20.13,326.49,0,33.1067301155676,31.6791298436438,34.87423521414,32
72139,18,90,5226.29,22.34,676.92,1,71.5839564921822,56.8320870156356,66.5533650577838,33
72139,18,90,4501.06,25.15,531.88,2,60.5030591434398,81.4411964649898,55.2005438477226,34
72139,18,90,4508.05,23.95,516.79,2,60.707002039429,70.8361658735554,53.4330387491502,35
72139,18,100,5037.91,25.36,679.98,7,69.2046227056424,83.480625424881,66.8932698844324,36
72139,18,120,4308.21,24.48,478.02,2,56.6281441196465,74.9150237933379,49.8980285520054,37
72139,18,120,5384.08,25.71,638.48,3,73.6913664174031,85.9959211420802,63.7661454792658,38
72139,18,90,3877.17,22.24,609.7,0,49.6940856560163,56.0842963970088,61.3188307273963,39
72139,18,95,4604.44,26.99,588,8,62.7464309993202,94.0176750509857,59.3473827328348,40
72139,18,95,2882.22,24.47,418.97,2,37.2535690006798,74.7110808973488,43.5078178110129,41
72139,18,90,4352.86,23.72,552.53,2,57.6478585995921,69.8844323589395,57.1040108769544,42
72139,18,90,1918.89,16.89,154.6,0,25.1529571719918,19.1026512576479,19.4425560842964,43
72139,18,120,6845.11,26.06,786.96,3,88.5791978246091,87.899388171312,74.9830047586676,44
72139,18,120,3277.76,20.33,359.52,0,41.7403127124405,33.4466349422162,37.7974167233175,45
72139,18,120,4467.44,23.62,453.26,1,59.9592114208022,69.2046227056424,47.450713800136,46
72139,18,120,5571.87,21.14,596.35,0,76.274643099932,43.5757987763426,60.0951733514616,47
72139,18,150,6155.97,24.34,801.85,4,82.0530251529572,73.7593473827328,75.7307953772944,48
72139,18,120,5337.14,22.52,664.09,0,73.0795377294358,59.4833446634942,65.6696125084976,49
72139,18,120,5745.86,22.23,651.09,0,78.3140720598232,56.0163154316791,64.7178789938817,50
72139,18,90,4800.57,24.54,609.86,1,65.7375934738273,75.7987763426241,61.386811692726,51
72139,18,120,8360.87,26.9,1529.48,12,96.1250849762067,93.6777702243372,97.6886471787899,52
72139,18,120,6730.44,26.05,1225.29,3,87.7634262406526,87.8314072059823,93.2698844323589,53
72139,18,120,7057.74,25.78,1423.74,8,90.3467029231815,86.267845003399,96.1250849762067,54
72139,18,120,447.89,7.44,47.96,0,9.31339225016995,5.09857239972808,13.8681169272604,55
73322,19,90,5529.85,20.93,709.48,0,56.3934426229508,26.8852459016393,54.0983606557377,1
73322,19,75,4223.76,23.38,551.02,2,22.6229508196721,66.2295081967213,23.9344262295082,2
73322,19,90,5635.25,20.8,718.41,0,62.2950819672131,25.9016393442623,55.7377049180328,3
73322,19,90,5236.96,24.78,855.31,3,45.9016393442623,80.655737704918,73.7704918032787,4
73322,19,90,7359.05,22.45,1039.45,0,87.8688524590164,52.7868852459016,91.4754098360656,5
73322,19,90,4726.74,22.28,624.78,0,33.1147540983607,50.8196721311475,41.6393442622951,6
73322,19,120,7637.99,22.73,1117.22,1,89.1803278688525,57.3770491803279,94.7540983606557,7
73322,19,120,8103.98,24.57,1073.82,8,94.4262295081967,78.3606557377049,93.4426229508197,8
73322,19,100,6354.91,22.85,981.46,1,77.7049180327869,58.0327868852459,87.5409836065574,9
73322,19,95,6233.16,20.87,888.99,0,75.0819672131148,26.5573770491803,79.344262295082,10
73322,19,90,680.46,18.85,69.63,0,3.60655737704918,13.1147540983607,3.9344262295082,11
73322,19,100,4829.1,26.69,660.5,4,35.0819672131148,95.7377049180328,47.8688524590164,12
73322,19,70,5735.25,20.44,786.45,0,65.9016393442623,22.6229508196721,65.2459016393443,13
73322,19,90,5845.39,21.37,866.74,0,68.5245901639344,33.1147540983607,75.7377049180328,14
73322,19,100,9200.14,23.89,1341.9,6,100,72.1311475409836,98.6885245901639,15
73322,19,90,6318.27,27.67,962.93,3,77.3770491803279,98.3606557377049,85.9016393442623,16
75462,19,90,6421.95,28.88,855.51,5,78.3606557377049,100,74.0983606557377,1
75462,19,100,5967.98,23.76,964.22,1,70.8196721311475,70.8196721311475,86.2295081967213,2
75462,19,120,8397.93,25.83,1176.08,7,97.0491803278689,88.8524590163935,96.3934426229508,3
75462,19,95,6815.59,21.37,930.82,0,81.9672131147541,33.1147540983607,82.6229508196721,4
75462,19,120,7002.64,21.18,984.58,0,85.2459016393443,30.4918032786885,87.8688524590164,5
75462,19,90,4681.77,23.74,596.36,2,31.1475409836066,70.4918032786885,35.4098360655738,6
75462,19,90,7701.6,21.47,1091.11,0,89.8360655737705,35.7377049180328,94.0983606557377,7
75462,19,90,5633.62,22.05,763.59,0,61.9672131147541,47.2131147540984,61.6393442622951,8
75462,19,100,5317.98,25.06,661.86,7,49.1803278688525,84.2622950819672,48.1967213114754,9
75462,19,100,8215.2,24.94,1273.3,4,95.4098360655738,82.6229508196721,97.7049180327869,10
75462,19,90,1047,14,85.27,0,4.91803278688525,4.26229508196721,4.91803278688525,11
75462,19,70,5596.09,21.03,790.84,0,59.672131147541,29.1803278688525,66.2295081967213,12
75462,19,90,5843.73,20.95,756.72,0,67.8688524590164,27.8688524590164,60.983606557377,13
75462,19,90,3702.03,19.94,528.05,0,15.0819672131148,19.344262295082,21.3114754098361,14
75462,19,90,5998.13,23.2,810.75,2,71.4754098360656,62.9508196721312,68.8524590163934,15
75462,19,75,4319.87,23.77,551.16,1,25.2459016393443,71.4754098360656,24.2622950819672,16
76391,18,90,4799.55,24.63,604.49,1,65.6696125084976,76.75050985724,60.707002039429,1
76391,18,120,5497.3,24.85,775.79,5,75.118966689327,78.7219578518015,74.2352141400408,2
76391,18,120,5884.31,25.17,708.18,2,79.4017675050986,81.7811012916383,69.4085656016316,3
76391,18,120,422.45,6.21,29.27,0,7.34194425560843,1.69952413324269,5.64242012236574,4
76391,18,90,117.97,19.54,92.85,0,0.0679809653297077,27.1244051665534,17.5390890550646,5
76391,18,90,981.05,11.73,79.45,0,17.675050985724,13.5961930659415,16.519374575119,6
76391,18,120,5970.07,24.47,719.19,1,80.0135961930659,74.7110808973488,70.3602991162474,7
76391,18,120,7657.01,22.55,1082.08,1,93.2019034670292,59.7552685248131,89.3949694085656,8
76391,18,120,2550.21,22.34,227.24,0,33.0387491502379,56.8320870156356,26.2406526172672,9
76391,18,120,6171.67,22.04,832.34,0,82.3929299796057,54.180829367777,77.7022433718559,10
76391,18,120,2963.48,21.41,348.71,0,38.2053025152957,47.0428280081577,36.8456832087016,11
76391,18,90,3243.88,24.22,510.01,2,41.400407885792,72.5356900067981,52.7532290958532,12
76391,18,90,458.59,6.73,43.78,0,10.2651257647859,2.71923861318831,12.5084976206662,13
76391,18,120,7103.26,27.31,972.18,3,90.7545887151598,95.4452753229096,84.2284160435078,14
76391,18,90,5701.99,21.85,758.06,0,77.7702243371856,52.0734194425561,72.8076138681169,15
76391,18,120,368.94,9.85,32.97,0,5.09857239972808,11.0808973487424,7.34194425560843,16
76391,18,120,6113.45,20.83,779.57,0,81.5771583956492,39.4289598912305,74.5071380013596,17
76391,18,120,3358.98,23.45,443.11,1,42.4201223657376,67.8450033990483,46.4309993201903,18
76391,18,120,557.68,5.88,49.45,0,13.5282121006118,1.35961930659415,14.2760027192386,19
76391,18,120,2680.28,21.18,309.18,0,34.5343303874915,44.1196464989803,33.3786539768865,20
76391,18,120,4377.01,25.57,543.99,1,58.1917063222298,85.112168592794,56.288239292998,21
76391,18,120,6771.55,25.14,954.55,2,88.0353501019714,81.3732154996601,83.3446634942216,22
76391,18,120,6251.54,24.93,844,1,83.2087015635622,79.4697484704283,77.9741672331747,23
76391,18,90,3822.17,22.62,572.68,0,48.8103331067301,60.5710401087695,58.3276682528892,24
76391,18,90,1691.14,23.38,222.34,1,23.0455472467709,67.1651937457512,25.6288239292998,25
76391,18,85,436.33,8.37,31.64,0,8.36165873555404,8.22569680489463,6.86607749830048,26
76391,18,90,1553.32,21.21,213.75,0,21.7539089055065,44.8674371176071,24.6770904146839,27
76391,18,90,3061.42,19.6,334.62,0,39.0890550645819,27.8042148198504,35.4180829367777,28
76391,18,90,470,5.46,24.17,0,10.8769544527532,0.747790618626785,3.80693405846363,29
76391,18,90,4963.4,21.09,667.15,0,68.2528891910265,42.4201223657376,65.805574439157,30
76391,18,90,1521.29,12.12,103.18,0,21.4819850441876,14.0040788579198,17.8789938817131,31
76391,18,90,218.3,11.35,18.35,0,1.69952413324269,13.1883072739633,1.97144799456152,32
76391,18,120,489.12,8.48,23.32,0,12.100611828688,8.56560163154317,3.60299116247451,33
76391,18,120,439.78,7.72,30.95,0,8.70156356220258,6.1862678450034,6.32222977566281,34
76391,18,90,2946.99,20.2,391.22,0,38.0693405846363,32.4269204622706,40.7885791978246,35
76391,18,90,3948.93,21.93,484.74,0,51.6655336505778,53.025152957172,50.5098572399728,36
76391,18,95,2733.44,25.03,385.87,5,35.7579877634262,80.6254248810333,40.1087695445275,37
76391,18,90,4157.25,20.34,619.78,0,54.2488103331067,33.6505778382053,61.9986403806934,38
76391,18,90,1422.19,20.78,118.56,0,20.6662134602311,38.4772263766145,18.0149558123725,39
76391,18,120,530.57,9.03,44.57,0,12.8484024473148,9.7212780421482,12.8484024473148,40
76391,18,120,430.58,14.66,30.37,0,7.81781101291638,17.5390890550646,6.05030591434398,41
76391,18,120,613.56,6.01,38.3,0,14.7518694765466,1.49558123725357,10.8089734874235,42
76391,18,120,468.37,12.8,41.15,0,10.8089734874235,15.2957171991842,12.100611828688,43
76391,18,120,415.96,7.77,36.84,0,6.79809653297077,6.32222977566281,9.78925900747791,44
76391,18,90,431.74,9.29,40.03,0,7.88579197824609,10.469068660775,11.5567641060503,45
76958,20,90,5927.86,24.01,825.06,4,83.8709677419355,76.5898617511521,84.4239631336406,1
76958,20,110,4240.78,24.85,543.55,5,62.3963133640553,84.331797235023,61.3824884792627,2
76958,20,90,4246.96,25.63,536.7,1,62.4884792626728,90.5069124423963,60.6451612903226,3
76958,20,100,4716.06,24.24,523.23,1,72.7188940092166,79.1705069124424,58.9861751152074,4
76958,20,116,6912.92,23.55,1193.64,2,91.3364055299539,71.7972350230415,95.4838709677419,5
76958,20,99,3557.6,19.55,356.47,0,42.9493087557604,22.7649769585253,28.6635944700461,6
76958,20,91,7159.89,25.01,1172.72,4,92.8110599078341,85.6221198156682,95.3917050691244,7
76958,20,80,3501.83,25.39,423.45,2,41.5668202764977,88.5714285714286,40.7373271889401,8
76958,20,120,6972.25,22.36,956.15,0,91.6129032258064,56.036866359447,90.0460829493088,9
76958,20,123,8055.34,24.62,1058.09,5,96.1290322580645,82.5806451612903,92.5345622119816,10
76958,20,90,3955.23,25.75,547.64,2,55.7603686635945,91.4285714285714,62.1198156682028,11
76958,20,105,3150.39,22.17,420.05,0,31.705069124424,53.2718894009217,40.36866359447,12
76958,20,75,901.32,12.98,81.88,0,6.63594470046083,4.51612903225806,5.06912442396313,13
76958,20,78,4370.53,22.01,558.48,0,65.8986175115207,50.7834101382489,63.2258064516129,14
76958,20,100,1954.95,21.42,231.88,0,13.1797235023041,41.9354838709677,12.6267281105991,15
76958,20,110,4459.04,24.25,512.76,6,67.2811059907834,79.2626728110599,57.6036866359447,16
76958,20,105,3056.07,22.13,350.25,0,29.5852534562212,52.6267281105991,27.4654377880184,17
76958,20,120,5660.09,23.59,738.04,2,82.7649769585254,72.4423963133641,79.2626728110599,18
76958,20,90,8415.05,24.18,1266.69,6,97.9723502304147,78.7096774193548,96.5898617511521,19
76958,20,104,4504.54,23.17,664.46,2,68.4792626728111,66.6359447004608,73.3640552995392,20
76958,20,100,3700.51,19.56,428.35,0,48.7557603686636,22.8571428571429,41.8433179723502,21
76958,20,70,4252.96,23.44,583.72,2,62.8571428571429,70.3225806451613,65.7142857142857,22
76958,20,95,3664.39,23.63,447.27,1,47.741935483871,72.9032258064516,45.7142857142857,23
76958,20,77,3239.17,23.73,402.82,1,33.5483870967742,73.8248847926267,37.2350230414747,24
76958,20,100,5718.69,25.72,757.69,3,83.0414746543779,91.0599078341014,80.5529953917051,25
76958,20,105,4372.81,25.17,636.9,2,65.9907834101382,87.2811059907834,71.3364055299539,26
76958,20,110,1857.52,20.31,246.38,0,11.9815668202765,29.4009216589862,14.1013824884793,27
76958,20,100,4623.22,25.43,589.98,1,71.4285714285714,89.3087557603687,66.8202764976959,28
76958,20,110,4755.75,23.44,704.66,2,73.4562211981567,70.3225806451613,76.3133640552995,29
76958,20,90,3577.32,24.48,465.37,1,44.0552995391705,80.8294930875576,49.8617511520737,30
76958,20,90,2777.19,25.04,385.81,1,22.8571428571429,85.9907834101382,34.4700460829493,31
76958,20,110,3801.9,24.83,532.61,1,51.705069124424,84.2396313364055,60.2764976958525,32
76958,20,90,807.53,19.71,124.52,0,5.43778801843318,24.331797235023,7.28110599078341,33
76958,20,70,3391.51,19.03,470.86,0,37.6958525345622,17.8801843317972,50.7834101382489,34
76958,20,90,1643.03,22.32,194.7,0,10.2304147465438,55.7603686635945,10.1382488479263,35
76958,20,90,2831.92,23.97,455.15,2,24.2396313364055,76.221198156682,47.5576036866359,36
76958,20,105,4612.46,22.23,612.37,1,71.2442396313364,54.4700460829493,68.5714285714286,37
76958,20,110,2950.09,23.48,410.54,1,27.2811059907834,71.0599078341014,38.5253456221198,38
76958,20,90,6617.27,26.91,928.16,5,88.8479262672811,96.4976958525346,89.2165898617511,39
76958,20,90,3852.58,21.85,495.09,0,53.0875576036866,48.3870967741936,54.9308755760369,40
76958,20,90,4089.9,20.97,567.55,0,59.0783410138249,36.405529953917,64.2396313364055,41
76958,20,90,4309.56,23.11,614.15,1,64.2396313364055,66.4516129032258,68.9400921658986,42
76958,20,90,183.95,7.93,14.68,0,1.75115207373272,1.5668202764977,2.48847926267281,43
76958,20,90,4632.8,22.54,669.01,1,71.705069124424,58.4331797235023,73.7327188940092,44
76958,20,76,2722.48,18.74,376.71,0,21.5668202764977,16.221198156682,32.073732718894,45
76958,20,90,4329.68,19.82,514.86,0,64.7926267281106,25.2534562211982,58.0645161290323,46
76958,20,90,3778.78,21.97,429.96,0,51.1520737327189,50.2304147465438,42.0276497695853,47
77373,18,90,1442.26,23.27,232.47,4,20.93813732155,66.3494221617947,26.4445955132563,1
77373,18,120,7348.96,26.66,1422.32,3,91.8422841604351,92.1821889870836,96.057104010877,2
77373,18,120,3388.86,23.05,458.73,1,42.8959891230455,64.5819170632223,48.1985044187627,3
77373,18,90,2399.83,21.79,378.4,0,30.8633582596873,51.1216859279402,39.0890550645819,4
77373,18,90,5726.31,22.24,1073.16,0,77.906186267845,56.0842963970088,88.9870836165874,5
77373,18,90,978.96,14.79,85.15,0,17.6070700203943,17.6070700203943,17.1312032630863,6
77373,18,120,8053.16,28.8,1679.57,3,94.9014276002719,99.3881713120326,99.0482664853841,7
77373,18,90,4669.53,23.62,1028.46,4,63.9700883752549,69.2046227056424,87.3555404486744,8
77373,18,120,6439.2,22.19,918.27,1,85.112168592794,55.5404486743712,81.9170632222978,9
77373,18,120,5824.42,21.49,802.25,0,79.06186267845,47.3147518694765,75.7987763426241,10
77373,18,150,3463.06,18.88,534.85,0,43.3718558803535,23.3854520734194,55.6084296397009,11
77373,18,120,6477.51,22.47,870.43,1,85.7239972807614,58.8035350101972,79.537729435758,12
77373,18,120,241.42,9.08,23.33,0,1.90346702923182,9.92522093813732,3.67097212780421,13
77373,18,120,410.83,8.19,25.44,0,6.32222977566281,7.61386811692726,4.55472467709041,14
77373,18,120,6955.26,27.81,919.91,3,89.4629503738953,97.1447994561523,81.9850441876275,15
77373,18,90,2121.16,22.77,175.58,1,27.6002719238613,61.7267165193746,21.0740992522094,16
77373,18,95,551.87,5.03,10.11,0,13.4602311352821,0.407885791978246,0.815771583956492,17
77373,18,120,261.47,8.4,30.88,0,2.37933378653977,8.29367777022434,6.1862678450034,18
77373,18,120,4632.17,23.04,733.77,1,63.2222977566281,64.3779741672332,70.9721278042148,19
77373,18,120,200.04,8.57,23.19,0,1.08769544527532,8.97348742352141,3.5350101971448,20
77373,18,120,283.84,6.41,34.02,0,2.78721957851801,2.24337185588035,8.15771583956492,21
77373,18,120,2104.73,23.36,442.75,2,27.4643099932019,66.9612508497621,46.3630183548606,22
77373,18,120,6348.64,28.4,1452.19,3,84.2963970088375,98.7763426240653,96.8048946295037,23
77373,18,120,4702.35,26.89,1058.61,8,64.4459551325629,93.5418082936778,88.5112168592794,24
77373,18,120,459.23,6.2,25.63,0,10.4010876954453,1.63154316791298,4.69068660774983,25
77373,18,120,6452.12,24.43,866.99,3,85.2481305234534,74.4391570360299,79.3337865397689,26
77373,18,120,7142.68,22.85,1032.96,3,91.0265125764786,62.6784500339905,87.6274643099932,27
77373,18,120,7293.12,22.46,1038.08,0,91.7743031951054,58.3956492182189,87.7634262406526,28
77373,18,90,998.76,17.83,96.54,0,17.8110129163834,20.3942895989123,17.7430319510537,29
77373,18,120,7395.1,21.85,1135.11,0,92.318150917743,52.0734194425561,91.5703602991162,30
77373,18,120,544.18,9.48,42.56,0,13.3242692046227,10.5370496261047,12.3045547246771,31
77373,18,120,7901.61,26.71,1431.24,4,94.4935418082937,92.5220938137322,96.2610469068661,32
77373,18,90,3323.75,24.26,402.78,3,42.2841604350782,72.9435757987763,41.8082936777702,33
77373,18,120,2149.72,23.97,287.21,1,28.144119646499,70.9041468388851,31.4751869476547,34
77373,18,90,607.05,15.27,49.16,0,14.411964649898,17.9469748470428,14.0720598232495,35
77373,18,90,4589.1,21.37,551.64,0,62.3385452073419,46.4989802855201,57.0360299116247,36
77373,18,85,3226.45,23.3,516.74,1,40.9925220938137,66.6893269884432,53.3650577838205,37
77373,18,90,5576.81,24.64,877.12,3,76.3426240652617,76.8864717878994,80.0135961930659,38
77373,18,90,475.38,15.32,42.83,0,11.3528212100612,18.0149558123725,12.3725356900068,39
77373,18,90,3744.48,22.6,452.97,1,47.6546566961251,60.3670972127804,47.3147518694765,40
77373,18,90,5352.65,26.68,718.94,4,73.2834806254249,92.3861318830727,70.2923181509177,41
77373,18,90,5344.74,27.66,772.42,3,73.2154996600952,96.8048946295037,73.6913664174031,42
77373,18,120,3748.53,22.59,444.19,0,47.7226376614548,60.231135282121,46.6349422161795,43
77373,18,120,6255.69,26.42,1135.78,4,83.4126444595513,90.8905506458192,91.638341264446,44
77373,18,90,343.28,7.99,31.24,0,4.55472467709041,7.00203942895989,6.66213460231135,45
77373,18,120,2230.99,26.89,521.74,1,28.9598912304555,93.5418082936778,54.2488103331067,46
77373,18,90,648.66,13.82,77.95,0,15.3636981645139,16.3834126444596,16.3154316791298,47
77669,20,116,6619.22,21.11,989.63,0,88.9400921658986,38.5253456221198,90.9677419354839,1
77669,20,105,4310.57,20.01,632.71,0,64.4239631336406,26.3594470046083,70.7834101382489,2
77669,20,91,6848.54,24.87,1155.55,2,90.9677419354839,84.5161290322581,94.7465437788018,3
77669,20,99,3637.97,23.57,414.57,2,46.9124423963134,72.1658986175115,39.1705069124424,4
77669,20,80,3624.38,26.17,488.85,1,46.1751152073733,93.7327188940092,53.8248847926267,5
77669,20,90,3547.63,22.59,519.76,1,42.7649769585253,58.8018433179723,58.7096774193548,6
77669,20,120,6512.67,24.26,859.33,3,88.2027649769585,79.4470046082949,86.2672811059908,7
77669,20,80,4544.15,22.43,594.39,0,69.2165898617512,57.2350230414747,67.2811059907834,8
77669,20,90,3638.38,22.8,434.13,1,47.0046082949309,61.8433179723502,43.3179723502304,9
77669,20,76,2739.05,19.16,277.29,0,21.8433179723502,19.0783410138249,17.4193548387097,10
77669,20,90,9047.09,25.39,1407.49,5,98.8940092165899,88.5714285714286,98.8940092165899,11
77669,20,90,6721.49,24.57,954.53,2,89.7695852534562,81.9354838709677,89.9539170506912,12
77669,20,90,5417.61,25.28,735.04,3,80.5529953917051,88.110599078341,78.8940092165899,13
77669,20,90,4096.39,19.73,587.63,0,59.1705069124424,24.5161290322581,66.5437788018433,14
77669,20,105,2937.99,23.49,361.93,3,27.0967741935484,71.1520737327189,29.8617511520737,15
77669,20,90,3858.6,19.14,586.91,0,53.1797235023041,18.7096774193548,66.1751152073733,16
77669,20,75,874.58,13.36,90.47,0,6.35944700460829,5.6221198156682,6.17511520737327,17
77669,20,78,5277.9,25.55,805.11,2,79.2626728110599,90.3225806451613,83.4101382488479,18
77669,20,100,2225.34,21.5,324.56,0,15.1152073732719,43.0414746543779,22.9493087557604,19
77669,20,110,4590.47,26.57,552.96,4,70.5069124423963,95.1152073732719,62.6728110599078,20
77669,20,105,2983.63,24.94,350.33,3,28.4792626728111,84.9769585253456,27.5576036866359,21
77669,20,120,6765.19,22.67,978.71,1,90.0460829493088,59.9078341013825,90.6912442396313,22
77669,20,90,3760.69,24.55,507.68,6,50.5069124423963,81.6589861751152,56.8663594470046,23
77669,20,90,5828.53,24.27,863.88,2,83.3179723502304,79.63133640553,86.6359447004608,24
77669,20,90,6919.89,25,889.13,1,91.5207373271889,85.5299539170507,88.2027649769585,25
77669,20,70,2757.88,18.74,272.4,0,22.3041474654378,16.221198156682,16.6820276497696,26
77669,20,90,8097.59,22.53,1163.86,0,96.5898617511521,58.0645161290323,95.0230414746544,27
77669,20,123,7948.6,23.2,1224.34,1,95.7603686635945,67.0046082949309,95.9447004608295,28
77669,20,110,2974.66,21.21,378.67,0,27.926267281106,39.5391705069124,32.6267281105991,29
77669,20,90,5459.88,23.79,825.35,2,81.1059907834101,74.3778801843318,84.5161290322581,30
77669,20,110,3139.83,25.48,371.49,2,31.1520737327189,89.6774193548387,31.2442396313364,31
77669,20,90,4292.26,26.87,616.18,1,63.5023041474654,96.405529953917,69.4009216589862,32
77669,20,100,4745.46,25.31,606.71,3,73.2718894009217,88.3870967741936,68.0184331797235,33
77669,20,110,3971.58,21.9,510.3,0,56.4055299539171,49.1244239631336,57.3271889400922,34
77669,20,90,5977.42,22.89,788.82,2,84.0552995391705,63.4101382488479,82.1198156682028,35
77669,20,90,5220.35,25.68,787.75,3,78.5253456221198,90.8755760368664,81.9354838709677,36
77669,20,90,4226.36,21.45,556.9,0,62.0276497695853,42.3041474654378,63.1336405529954,37
77669,20,110,4106.99,22.07,536.74,0,59.3548387096774,51.5207373271889,60.7373271889401,38
77669,20,100,8889.39,24.01,1092.89,1,98.5253456221198,76.5898617511521,93.4562211981567,39
77669,20,110,5721.71,24.36,814.87,3,83.1336405529954,80.184331797235,83.8709677419355,40
77669,20,105,10524.62,22.81,1803.29,2,99.9078341013825,62.0276497695853,99.9078341013825,41
77669,20,100,9947.54,23.64,1410.46,3,99.4470046082949,73.0875576036866,99.0783410138249,42
77669,20,77,2965.36,24.22,336.77,1,27.5576036866359,78.9861751152074,24.6082949308756,43
77669,20,95,3783.97,21.73,495.63,0,51.2442396313364,46.4516129032258,55.0230414746544,44
77669,20,70,1739.81,14.86,153.4,0,10.8755760368664,7.28110599078341,8.29493087557604,45
77669,20,100,3709.04,26.53,457.07,1,49.0322580645161,94.9308755760369,48.0184331797235,46
77669,20,104,9016.24,25.78,1409.78,3,98.8018433179724,91.6129032258064,98.9861751152074,47
77669,20,90,9673.75,23.85,1624.78,2,99.2626728110599,75.3917050691244,99.7235023041475,48
78554,18,120,3930,25.37,528.06,1,51.1896668932699,83.5486063902108,54.8606390210741,1
78554,18,90,2902.82,18.65,338.3,0,37.6614547926581,22.7736233854521,36.1658735554045,2
78554,18,95,8863.22,25.92,1201.72,4,97.6886471787899,86.8796736913664,92.794017675051,3
78554,18,90,7376.15,23,1061.39,1,92.1821889870836,63.5622025832767,88.6471787899388,4
78554,18,120,1719.89,16.79,205.98,0,23.24949014276,18.9666893269884,24.0652617267165,5
78554,18,90,8736.1,26.16,1242.26,2,97.3487423521414,88.8511216859279,93.6097892590075,6
78554,18,120,495.51,11.35,32.04,0,12.2365737593474,13.1883072739633,7.00203942895989,7
78554,18,120,6139.17,24.58,798.46,1,81.9170632222978,76.3426240652617,75.594833446635,8
78554,18,90,8669.23,26.27,1250.9,2,97.0768184908226,89.8708361658736,93.7457511896669,9
78554,18,85,2033.93,19.56,180.21,0,26.7845003399048,27.4643099932019,21.617946974847,10
78554,18,90,8619.19,23.42,1230.79,2,97.0088375254929,67.7770224337186,93.4058463630184,11
78554,18,90,3062.66,19.01,335.44,0,39.1570360299116,23.9292997960571,35.5540448674371,12
78554,18,90,3872.47,19.29,395.64,0,49.4901427600272,25.4248810333107,41.400407885792,13
78554,18,90,4312.01,19.83,457.52,0,56.7641060503059,29.3677770224337,47.9265805574439,14
78554,18,90,3816.9,21.35,434.42,0,48.6743711760707,46.2950373895309,45.4792658055744,15
78554,18,90,3155.85,24.7,353.02,2,39.9728076138681,77.2943575798776,37.2535690006798,16
78554,18,100,9444.93,27.11,1203.97,4,98.7083616587356,94.5615227736234,92.9299796057104,17
78554,18,120,5290.36,25.38,635.73,3,72.3997280761387,83.6165873555404,63.3582596872876,18
78554,18,90,3506.35,19.11,433.88,0,43.9157036029912,24.2692046227056,45.2753229095853,19
78554,18,95,8064.75,24.69,1220.78,3,94.9694085656016,77.0904146838885,93.2019034670292,20
78554,18,90,3813.93,18.84,487.53,0,48.606390210741,23.24949014276,50.8497620666214,21
78554,18,90,2333.41,18.01,193.25,0,30.1835486063902,20.7341944255608,23.1135282121006,22
78554,18,120,6441.07,24.79,773.29,4,85.1801495581237,78.3140720598232,73.8953093133923,23
78554,18,105,10352.08,22.54,1552.3,2,99.4561522773623,59.6872875594834,97.8246091094494,24
78554,18,120,4386.87,22.96,503.93,1,58.5316111488783,63.3582596872876,52.2093813732155,25
78554,18,120,3956.37,21.84,443.57,0,51.8014955812373,51.8014955812373,46.5669612508498,26
78554,18,150,8512.34,22.53,1161.48,1,96.736913664174,59.6193065941536,91.9782460910945,27
78554,18,120,4597.47,19.37,549.59,0,62.6104690686608,25.9687287559483,56.9000679809653,28
78554,18,120,5514.59,20.33,737.13,0,75.3229095853161,33.4466349422162,71.1080897348742,29
78554,18,120,4981.68,20.81,596.5,0,68.4568320870156,38.8851121685928,60.1631543167913,30
78554,18,90,3405.6,23.17,394.31,0,43.031951053705,65.4656696125085,41.2644459551326,31
78554,18,90,7203.91,21.68,1013.2,0,91.4343983684568,49.762066621346,86.6077498300476,32
78554,18,90,1494.64,17.07,168.44,0,21.2780421481985,19.2386131883073,20.5302515295717,33
78554,18,120,319.85,18.54,59.33,0,3.46702923181509,22.093813732155,15.0917743031951,34
78554,18,90,6566.73,25.6,963.35,2,86.4038069340585,85.2481305234534,83.8205302515296,35
78554,18,120,1830.59,18.65,342.44,0,24.4731475186948,22.7736233854521,36.3698164513936,36
78554,18,90,1083.43,19.69,158.77,0,18.2188987083617,28.144119646499,19.7144799456152,37
78554,18,120,5057.11,24.12,755.53,6,69.544527532291,71.855880353501,72.6036709721278,38
78554,18,120,4418.97,25.6,622.27,1,59.1434398368457,85.2481305234534,62.4745071380014,39
78554,18,120,1839.66,19.4,344.64,0,24.6091094493542,26.2406526172672,36.6417403127124,40
78554,18,120,384.26,5.87,45.36,0,5.64242012236574,1.29163834126445,13.0523453433039,41
78554,18,120,1514.23,20.02,231.7,0,21.4140040788579,30.455472467709,26.3766145479266,42
78554,18,120,1722.18,18.83,343.21,0,23.3854520734194,23.1815091774303,36.505778382053,43
78554,18,120,1374.6,19.01,163.88,0,20.5302515295717,23.9292997960571,19.9864038069341,44
78554,18,90,4379.88,23.26,641.5,1,58.3956492182189,66.281441196465,64.1060503059143,45
78554,18,120,5936.67,25.5,702.98,2,79.8096532970768,84.5003399048266,68.8647178789939,46
78554,18,90,8533.53,22.89,1192.96,1,96.8048946295037,62.8823929299796,92.3861318830727,47
78554,18,120,1762.36,19.49,175.59,0,23.9972807613868,26.9204622705642,21.1420802175391,48
78554,18,90,9256.9,24.12,1245.38,1,98.3004758667573,71.855880353501,93.6777702243372,49
78554,18,120,5216.01,21.64,652.8,0,71.5159755268525,49.0822569680489,64.8538409245411,50
78554,18,120,4357.09,19.41,504.78,0,57.7158395649218,26.3766145479266,52.4133242692046,51
78554,18,120,2476.89,19.17,260.46,0,31.7471108089735,24.6091094493542,28.8919102651258,52
78554,18,120,4919.24,22.28,695.57,0,67.5730795377294,56.5601631543168,68.2528891910265,53
78554,18,120,5836.79,23,676.44,2,79.1978246091094,63.5622025832767,66.4174031271244,54
78554,18,90,1157.82,18.47,92.63,0,18.6947654656696,21.8218898708362,17.4711080897349,55
79189,19,90,450.13,8.1,44.79,0,2.95081967213115,2.62295081967213,2.95081967213115,1
79189,19,100,207.72,7.26,11.24,0,1.63934426229508,1.9672131147541,1.9672131147541,2
79189,19,75,3973.78,14.14,475.28,0,18.6885245901639,4.59016393442623,16.0655737704918,3
79413,20,80,4955.66,23.26,2772.07,0,75.7603686635945,67.926267281106,100,1
79413,20,105,2789.23,21.73,313.42,0,23.4101382488479,46.4516129032258,21.3824884792627,2
79413,20,78,4166,20.95,536.25,0,60.5529953917051,36.036866359447,60.5529953917051,3
79413,20,75,757.14,12.92,68.88,0,4.7926267281106,4.42396313364055,4.23963133640553,4
79413,20,123,6650.49,27.16,871.77,6,89.2165898617511,97.1428571428571,87.3732718894009,5
79413,20,110,4534.62,26.11,484.09,3,68.8479262672811,93.2718894009217,52.8110599078341,6
79413,20,105,3030.78,21.81,338.34,0,29.1244239631336,47.8341013824885,25.2534562211982,7
79413,20,70,2544.65,21.27,260.48,0,18.7096774193548,40.2764976958525,15.5760368663594,8
79421,20,105,2907.11,19.48,334.29,0,26.0829493087558,21.8433179723502,24.147465437788,1
79421,20,105,4272.67,18.11,589.13,0,63.0414746543779,12.6267281105991,66.7281105990783,2
79421,20,100,4787.66,23.87,509.84,1,74.0092165898618,75.5760368663594,57.1428571428571,3
79421,20,116,2001.28,19.95,259.5,0,13.4562211981567,25.9907834101382,15.4838709677419,4
79421,20,99,3559.01,18.5,339.83,0,43.1336405529954,14.9308755760369,25.6221198156682,5
79421,20,123,5536.31,20.89,781.01,0,81.6589861751152,35.3917050691244,81.7511520737327,6
79421,20,78,2781.09,21.01,429.35,0,23.0414746543779,37.4193548387097,41.9354838709677,7
79421,20,75,787.88,11.96,76.39,0,5.16129032258065,3.13364055299539,4.7926267281106,8
79421,20,110,4307.73,24.28,499.07,4,64.147465437788,79.7235023041475,55.668202764977,9
79421,20,105,2848.53,21.05,290.46,0,24.5161290322581,38.0645161290323,18.8018433179723,10
79421,20,120,4037.42,19.04,483.42,0,57.6036866359447,17.9723502304147,52.7188940092166,11
79421,20,80,4463.54,22.76,760.24,2,67.3732718894009,61.0138248847926,80.8294930875576,12
80052,20,95,3477.58,21.53,407.45,0,40.5529953917051,43.778801843318,37.9723502304147,1
80052,20,105,4058.53,20.09,482.03,0,58.0645161290323,27.0967741935484,52.4423963133641,2
80052,20,100,2856.27,18.2,265.6,0,24.7926267281106,12.9032258064516,16.1290322580645,3
80052,20,104,3351.67,23.09,447.96,3,36.7741935483871,66.0829493087558,46.0829493087558,4
80052,20,120,4791.15,20.66,544.82,0,74.1935483870968,32.9032258064516,61.4746543778802,5
80052,20,105,2924.48,21.87,273.39,0,26.6359447004608,48.6635944700461,16.7741935483871,6
80052,20,110,4036.39,24.51,433.14,6,57.5115207373272,81.0138248847926,43.0414746543779,7
80052,20,100,1850.94,19.36,206.83,0,11.7972350230415,20.7373271889401,11.0599078341014,8
80052,20,80,3171.07,21.56,334.52,0,32.1658986175115,44.2396313364055,24.2396313364055,9
80052,20,78,4275.16,23.49,468.47,1,63.3179723502304,71.1520737327189,50.5069124423963,10
80052,20,75,869.65,10.63,85.16,0,6.26728110599078,2.3963133640553,5.71428571428571,11
80052,20,90,2925.39,22.51,410.59,1,26.7281105990783,57.9723502304147,38.6175115207373,12
80052,20,90,4895.04,19.71,629.27,0,75.2073732718894,24.331797235023,70.2304147465438,13
80052,20,76,2633.49,18,315.94,0,20,12.1658986175115,21.5668202764977,14
80052,20,90,1579.17,23.34,198.29,2,9.95391705069124,69.1244239631336,10.4147465437788,15
80052,20,90,4066.56,22.31,681.41,0,58.3410138248848,55.2995391705069,74.4700460829493,16
80052,20,90,3564.68,19.15,504.3,0,43.594470046083,18.8018433179723,56.4976958525346,17
80052,20,90,3420.15,19.34,499.8,0,38.2488479262673,20.4608294930876,55.7603686635945,18
80052,20,90,543.62,25.73,110.9,2,3.31797235023042,91.2442396313364,6.82027649769585,19
80052,20,90,3768.34,28.88,463.86,4,50.7834101382489,99.5391705069124,49.4009216589862,20
80052,20,90,4110.03,22.05,616.12,0,59.4470046082949,51.1520737327189,69.3087557603687,21
80052,20,90,218.84,4.71,6.64,0,2.3963133640553,0.184331797235023,0.368663594470046,22
80052,20,90,4394.28,22.21,740.23,0,66.3594470046083,54.1013824884793,79.4470046082949,23
80052,20,90,4364.09,23.72,721.84,1,65.7142857142857,73.5483870967742,77.8801843317972,24
80052,20,90,3505.79,21.66,530.1,0,41.7511520737327,45.7142857142857,60.0921658986175,25
80052,20,90,1244.87,19.35,129.95,0,8.20276497695852,20.5529953917051,7.46543778801843,26
80052,20,70,2125.11,19.59,242.94,0,14.5622119815668,22.9493087557604,13.7327188940092,27
80052,20,90,1389.73,21.86,183.36,0,9.21658986175115,48.5714285714286,9.5852534562212,28
80052,20,110,4131.9,25.03,594.08,1,59.9078341013825,85.8986175115207,67.0967741935484,29
80052,20,90,199.79,6.78,7.91,0,2.11981566820276,1.01382488479263,0.921658986175115,30
80052,20,90,3563.47,23.82,490.97,1,43.5023041474654,75.0230414746544,54.2857142857143,31
80052,20,120,5992.84,23.39,700.85,1,84.4239631336406,69.7695852534562,76.036866359447,32
80052,20,123,5828.82,20.47,735.15,0,83.4101382488479,30.8755760368664,78.9861751152074,33
80052,20,105,2982.49,21.74,313.51,0,28.3870967741935,46.8202764976959,21.4746543778802,34
80052,20,110,3914.93,25.78,512.41,1,54.2857142857143,91.6129032258064,57.5115207373272,35
80052,20,100,3721.1,22.1,381.93,0,49.4009216589862,52.1658986175115,33.3640552995392,36
80052,20,105,1265.17,20.03,156.31,0,8.29493087557604,26.5437788018433,8.75576036866359,37
80052,20,90,1243.56,9.47,42.47,0,8.11059907834101,2.21198156682028,2.94930875576037,38
80052,20,70,4152.59,22.81,481.97,0,60.2764976958525,62.0276497695853,52.3502304147465,39
80052,20,99,3578.63,19.92,316.97,0,44.147465437788,25.7142857142857,21.7511520737327,40
80052,20,116,4598.03,20.01,573.07,0,70.7834101382489,26.3594470046083,64.6082949308756,41
80052,20,100,4387.88,22.92,445.34,1,66.0829493087558,63.6866359447005,45.2534562211982,42
80052,20,110,2919.56,22.14,340.53,0,26.4516129032258,52.8110599078341,25.8986175115207,43
82566,20,100,2081.35,16.99,246.54,0,14.2857142857143,9.30875576036866,14.1935483870968,1
82566,20,105,2795.78,20.26,303.8,0,23.6866359447005,28.6635944700461,20.5529953917051,2
82566,20,110,3935.47,26.06,465.66,6,55.2995391705069,92.9032258064516,50.0460829493088,3
82566,20,120,4363.47,22.07,553.11,2,65.6221198156682,51.5207373271889,62.8571428571429,4
82566,20,104,142.22,12.21,9.82,0,0.737327188940092,3.68663594470046,1.19815668202765,5
82566,20,100,3490.45,20.63,384.82,0,41.1059907834101,32.4423963133641,34.2857142857143,6
82566,20,70,4032.74,21.72,472.36,0,57.4193548387097,46.2672811059908,50.8755760368664,7
82566,20,95,3590.54,20.3,435.13,0,44.7004608294931,29.1244239631336,43.5023041474654,8
82566,20,105,264.7,6.63,11.42,0,2.67281105990783,0.921658986175115,1.38248847926267,9
82566,20,90,3906.44,18.29,485.01,0,54.0092165898618,13.3640552995392,52.9032258064516,10
82566,20,101,4845.28,20.07,878.88,0,74.9308755760369,26.9124423963134,87.741935483871,11
82566,20,100,4542.78,22.31,796.02,0,69.1244239631336,55.2995391705069,82.5806451612903,12
82566,20,90,3373.27,21.14,529.59,0,37.2350230414747,38.8018433179723,59.815668202765,13
82566,20,90,295.16,8.11,13.07,0,2.76497695852535,1.65898617511521,1.84331797235023,14
82566,20,110,3490.15,20.87,398.74,0,40.9216589861751,35.0230414746544,36.4976958525346,15
82566,20,90,3448.98,22.86,374.81,1,39.63133640553,62.6728110599078,31.7972350230415,16
82566,20,90,3743.42,22.17,464.27,0,49.8617511520737,53.2718894009217,49.5852534562212,17
82566,20,90,4629.47,24.15,624.99,1,71.5207373271889,78.1566820276498,69.9539170506912,18
82566,20,90,183.24,9.09,13.39,0,1.5668202764977,2.11981566820276,1.93548387096774,19
82566,20,90,477.58,7.17,30.77,0,3.04147465437788,1.10599078341014,2.85714285714286,20
82566,20,90,185.97,9.06,13.6,0,1.84331797235023,2.02764976958525,2.02764976958525,21
82566,20,90,3915.82,21.2,498.51,0,54.5622119815668,39.3548387096774,55.4838709677419,22
82566,20,73,2287.92,16.27,373.95,0,15.7603686635945,8.47926267281106,31.4285714285714,23
82566,20,90,4482.69,18.24,707.28,0,67.926267281106,12.9953917050691,76.7741935483871,24
82566,20,90,3174.63,17.09,418.56,0,32.258064516129,9.40092165898617,40.0921658986175,25
82566,20,80,3399.54,23.93,405.45,3,37.8801843317972,75.852534562212,37.6958525345622,26
82566,20,99,3710.34,20.33,350.1,0,49.1244239631336,29.5852534562212,27.3732718894009,27
82566,20,116,1764.83,18.08,198.31,0,11.0599078341014,12.4423963133641,10.5069124423963,28
82566,20,100,4546.45,22.96,495.94,1,69.4009216589862,64.4239631336406,55.2073732718894,29
82566,20,90,3758.01,22.48,486.11,0,50.2304147465438,57.6036866359447,53.1797235023041,30
82566,20,105,3902.1,22.42,521.28,1,53.9170506912442,56.9585253456221,58.8018433179723,31
82566,20,90,135.68,12.12,7.63,0,0.645161290322581,3.41013824884793,0.737327188940092,32
82566,20,120,6122.13,20.43,753.07,0,85.5299539170507,30.5069124423963,80.184331797235,33
82566,20,123,5241.95,26.08,680.96,2,78.7096774193548,93.1797235023041,74.3778801843318,34
82566,20,105,2976.06,21.9,359.03,0,28.110599078341,49.1244239631336,29.3087557603687,35
82566,20,75,893,11.91,84.47,0,6.54377880184332,2.94930875576037,5.6221198156682,36
82566,20,78,3622.76,19.88,476.58,0,46.0829493087558,25.4377880184332,51.889400921659,37
84651,20,90,6087.58,26.34,756.68,9,85.1612903225806,94.1935483870968,80.4608294930876,1
84651,20,91,6102.09,26.11,857.04,7,85.3456221198157,93.2718894009217,85.9907834101382,2
84651,20,80,3286.17,23.4,384.57,1,35.2073732718894,69.9539170506912,34.1013824884793,3
84651,20,90,3121.47,24.42,383.27,2,30.8755760368664,80.6451612903226,33.8248847926267,4
84651,20,80,4415.45,22.21,524,0,66.6359447004608,54.1013824884793,59.0783410138249,5
84651,20,70,2636.74,19.19,230.43,0,20.0921658986175,19.5391705069124,12.5345622119816,6
84651,20,101,4122.21,22.1,432.46,0,59.63133640553,52.1658986175115,42.6728110599078,7
84651,20,100,4081.83,21.56,447.11,0,58.8018433179723,44.2396313364055,45.6221198156682,8
84651,20,90,3149.62,19.7,344.96,0,31.5207373271889,24.147465437788,26.4516129032258,9
84651,20,90,2593.77,16.34,199.54,0,19.5391705069124,8.57142857142857,10.5990783410138,10
84651,20,90,3616.27,20.8,385.7,0,45.7142857142857,34.2857142857143,34.3778801843318,11
84651,20,76,2371.52,18.05,324.51,0,16.4976958525346,12.3502304147465,22.8571428571429,12
84651,20,73,2300.18,18.94,260.58,0,15.852534562212,17.6036866359447,15.7603686635945,13
84651,20,90,6914.57,25.09,880.69,7,91.4285714285714,86.5437788018433,87.8341013824885,14
84651,20,90,3610.38,23.57,430.71,1,45.2534562211982,72.1658986175115,42.2119815668203,15
84651,20,90,3320.55,21.73,361.89,0,36.1290322580645,46.4516129032258,29.7695852534562,16
84651,20,90,3443.99,21.8,329.37,0,39.3548387096774,47.6497695852535,23.594470046083,17
84651,20,90,5032.95,26.38,634.56,7,77.0506912442396,94.2857142857143,71.0599078341014,18
84651,20,90,3261.29,22.88,366.34,1,34.3778801843318,62.9493087557604,30.5990783410138,19
84651,20,90,3544.31,16.35,416.1,0,42.6728110599078,8.66359447004608,39.4470046082949,20
84651,20,90,6336.37,27.01,811.64,7,87.1889400921659,96.6820276497696,83.6866359447005,21
84651,20,90,4226.38,23.78,498.31,1,62.1198156682028,74.1935483870968,55.3917050691244,22
84651,20,90,3810.83,20.72,513.41,0,52.1658986175115,33.4562211981567,57.7880184331797,23
84651,20,120,6628.94,21.08,816.19,0,89.1244239631336,38.2488479262673,83.963133640553,24
84651,20,100,1906.81,17.47,223.86,0,12.9032258064516,10.4147465437788,11.889400921659,25
84651,20,90,8172.34,27.6,1147.5,9,97.1428571428571,98.2488479262673,94.3778801843318,26
84651,20,104,6293.38,25.41,910.14,10,86.7281105990783,89.0322580645161,88.9400921658986,27
84651,20,100,3207.19,22.85,347.28,1,32.9953917050691,62.4884792626728,26.5437788018433,28
84651,20,77,2901.68,22.77,337.14,1,25.8064516129032,61.1059907834101,24.7004608294931,29
84651,20,100,7761.04,26.94,933.01,7,95.1152073732719,96.5898617511521,89.5852534562212,30
84651,20,105,8210.41,25.9,1063.49,6,97.4193548387097,92.1658986175115,92.8110599078341,31
84651,20,110,4680.14,21.84,559.45,0,72.4423963133641,48.2027649769585,63.4101382488479,32
84651,20,100,5580.99,26.69,641.7,4,82.2119815668203,95.668202764977,71.889400921659,33
84651,20,90,3081.54,19.77,324.58,0,30.2304147465438,24.7004608294931,23.0414746543779,34
84651,20,92,8380.64,28.25,1149.37,16,97.8801843317972,98.8018433179724,94.4700460829493,35
84651,20,90,5645.28,27.72,748.47,4,82.6728110599078,98.4331797235023,80,36
84651,20,90,5313.54,28.29,672.18,6,79.5391705069124,98.8940092165899,74.1013824884793,37
84651,20,110,3477.02,21.21,363.92,0,40.4608294930876,39.5391705069124,30.2304147465438,38
84651,20,90,6539.19,25.63,853.38,4,88.3870967741936,90.5069124423963,85.7142857142857,39
84651,20,70,2877.94,19.26,348.77,0,25.0691244239631,19.9078341013825,27.0967741935484,40
84651,20,90,5099.99,24.7,618.69,4,77.8801843317972,83.3179723502304,69.6774193548387,41
84651,20,90,7501.55,26.42,998.22,7,94.1013824884793,94.4700460829493,91.3364055299539,42
84651,20,90,3396.43,21.11,417.54,0,37.7880184331797,38.5253456221198,39.815668202765,43
84651,20,110,2382.48,20.04,279.99,0,17.0506912442396,26.7281105990783,17.7880184331797,44
84651,20,90,3671.79,24.56,463.97,1,48.110599078341,81.7511520737327,49.4930875576037,45
84978,19,90,4647.23,21.07,619.61,0,30.4918032786885,30.1639344262295,41.3114754098361,1
84978,19,90,5118.77,26.14,577.62,5,40.9836065573771,91.8032786885246,29.8360655737705,2
84978,19,90,5539.28,20.93,578.48,0,57.7049180327869,26.8852459016393,30.1639344262295,3
84978,19,75,4712.6,22.6,575.11,2,32.1311475409836,55.7377049180328,29.1803278688525,4
84978,19,120,5665.68,23.18,818.72,1,64.5901639344262,62.6229508196721,69.5081967213115,5
84978,19,120,8453.91,24.9,1011.33,15,97.3770491803279,81.6393442622951,90.1639344262295,6
84978,19,100,5161.46,23.79,753.24,4,42.6229508196721,71.8032786885246,60.327868852459,7
84978,19,90,7898.45,25.03,1145.4,3,91.1475409836066,83.2786885245902,95.4098360655738,8
84978,19,90,5917.91,22.91,754.17,1,70.1639344262295,60,60.655737704918,9
84978,19,90,817.68,16.39,45.75,0,3.9344262295082,6.22950819672131,3.60655737704918,10
84978,19,70,5427.33,24.23,688.83,1,51.8032786885246,75.4098360655738,52.1311475409836,11
84978,19,90,5532.09,21.66,617.98,0,56.7213114754098,38.0327868852459,40.9836065573771,12
84978,19,90,5575.47,18.85,667.83,0,59.0163934426229,13.1147540983607,49.8360655737705,13
84978,19,90,5126.61,21.64,663.71,0,41.6393442622951,37.3770491803279,49.1803278688525,14
84978,19,90,4142.84,18.21,568.81,0,21.3114754098361,11.4754098360656,26.5573770491803,15
84978,19,100,8373.28,24.74,1166.81,5,96.7213114754098,80.327868852459,96.0655737704918,16
84978,19,100,6062.59,21.28,900.66,0,72.1311475409836,32.4590163934426,80.655737704918,17
86632,20,90,3161.9,21.27,445.7,0,32.073732718894,40.2764976958525,45.4377880184332,1
86632,20,73,2275.48,17.47,246.57,0,15.668202764977,10.4147465437788,14.2857142857143,2
86632,20,90,1519.78,20.22,189.18,0,9.76958525345622,28.2027649769585,9.95391705069124,3
86632,20,90,3532.96,21.22,410.61,0,42.4884792626728,39.7235023041475,38.7096774193548,4
86632,20,90,3639.31,20.76,459.15,0,47.0967741935484,33.8248847926267,48.4792626728111,5
86632,20,90,2930.11,23.37,325.8,1,27.0046082949309,69.4009216589862,23.2258064516129,6
86632,20,100,3463.97,19.62,348.73,0,39.9078341013825,23.3179723502304,27.0046082949309,7
86632,20,90,3439.89,21.7,394.52,0,38.9861751152074,46.1751152073733,35.9447004608295,8
86632,20,90,3232.25,20.3,334.79,0,33.4562211981567,29.1244239631336,24.331797235023,9
86632,20,90,2248.78,18.66,241.99,0,15.3917050691244,15.7603686635945,13.4562211981567,10
86632,20,90,3627.39,18.44,454.91,0,46.2672811059908,14.4700460829493,47.4654377880184,11
86632,20,90,227.63,5.64,7.68,0,2.58064516129032,0.276497695852535,0.829493087557604,12
86632,20,104,2725.87,22.79,380.15,1,21.7511520737327,61.5668202764977,33.0875576036866,13
86632,20,90,1154.53,20.2,157.96,0,7.64976958525346,28.0184331797235,8.84792626728111,14
86632,20,120,5545.23,22.64,596.92,2,81.9354838709677,59.4470046082949,67.4654377880184,15
86632,20,105,3051.07,23.26,306.7,2,29.3087557603687,67.926267281106,20.6451612903226,16
86632,20,110,4549.11,23.52,467.26,4,69.5852534562212,71.5207373271889,50.1382488479263,17
86632,20,90,594.69,19.5,54.86,0,3.59447004608295,22.2119815668203,3.2258064516129,18
86632,20,70,3056.16,23.33,284.12,2,29.6774193548387,69.0322580645161,18.3410138248848,19
86632,20,90,175.08,10.78,11.64,0,1.01382488479263,2.58064516129032,1.47465437788018,20
86632,20,110,949.38,14.97,98.91,0,7.09677419354839,7.55760368663594,6.35944700460829,21
86632,20,90,3921.82,23.04,431.54,2,54.9308755760369,65.4377880184332,42.3041474654378,22
86632,20,90,1818.63,20.34,275.64,0,11.5207373271889,29.6774193548387,17.0506912442396,23
86632,20,92,2646.68,23.28,317.2,2,20.4608294930876,68.294930875576,21.8433179723502,24
86632,20,90,2148.84,19.54,233.25,0,14.7465437788018,22.5806451612903,12.9032258064516,25
86632,20,110,1380.73,16.19,195.65,0,9.03225806451613,8.38709677419355,10.2304147465438,26
86632,20,100,4211.48,22.53,476.44,0,61.5668202764977,58.0645161290323,51.705069124424,27
86632,20,110,2307.37,17.54,278.76,0,15.9447004608295,10.7834101382488,17.6036866359447,28
86632,20,105,2819.4,22.59,382.97,1,23.963133640553,58.8018433179723,33.7327188940092,29
86632,20,100,3291.39,22.2,434.55,0,35.3917050691244,53.9170506912442,43.4101382488479,30
86632,20,77,3157.95,21.74,317.54,0,31.9815668202765,46.8202764976959,21.9354838709677,31
86632,20,95,3426.83,22.99,377.76,2,38.5253456221198,64.8847926267281,32.3502304147465,32
86632,20,70,3899.08,22.05,508.22,0,53.8248847926267,51.1520737327189,57.0506912442396,33
86632,20,100,1844.17,21.1,196.38,0,11.705069124424,38.4331797235023,10.3225806451613,34
86632,20,78,4332.08,18.88,541.65,0,64.9769585253456,16.9585253456221,61.0138248847926,35
86632,20,75,764.6,14.01,68.05,0,4.97695852534562,6.54377880184332,4.05529953917051,36
86632,20,105,3052.92,20.99,331.77,0,29.4009216589862,37.0506912442396,23.6866359447005,37
86632,20,123,8069.7,22.2,932.84,1,96.3133640552995,53.9170506912442,89.4009216589862,38
86632,20,120,6018.41,20.64,704.76,0,84.7004608294931,32.5345622119816,76.4055299539171,39
86632,20,105,4433.3,20.96,490.84,0,66.8202764976959,36.221198156682,54.1935483870968,40
86632,20,110,2711.53,23.85,271.94,1,21.2903225806452,75.3917050691244,16.5898617511521,41
86632,20,100,4483.52,20.2,451.86,0,68.0184331797235,28.0184331797235,47.0046082949309,42
86632,20,116,4252.11,21.75,474.69,0,62.7649769585253,47.0967741935484,51.3364055299539,43
86632,20,80,2725.35,19.28,289.97,0,21.6589861751152,20.0921658986175,18.6175115207373,44
86632,20,99,3224.11,19.28,249.1,0,33.2718894009217,20.0921658986175,14.6543778801843,45
86632,20,74,3612.66,19.02,248.52,0,45.4377880184332,17.7880184331797,14.5622119815668,46
86632,20,101,4330.81,20.65,438.41,0,64.8847926267281,32.8110599078341,44.147465437788,47
86632,20,100,3912.37,21.64,395.97,1,54.1935483870968,45.4377880184332,36.3133640552995,48
86632,20,90,3121.62,20.54,337.56,0,30.9677419354839,31.1520737327189,24.8847926267281,49
86632,20,90,1272.87,14.64,130.62,0,8.47926267281106,6.91244239631336,7.55760368663594,50
87353,19,90,5162.54,21.55,611.86,0,42.9508196721311,36.3934426229508,39.344262295082,1
87353,19,100,8044.3,23.23,1144.78,1,93.4426229508197,63.9344262295082,95.0819672131148,2
87353,19,90,4881.6,21.89,646.09,0,36.7213114754098,41.6393442622951,44.9180327868852,3
87353,19,70,5189.56,22.46,669.77,0,43.9344262295082,53.1147540983606,50.4918032786885,4
87353,19,100,4934.9,25.91,593.38,5,38.3606557377049,89.5081967213115,34.4262295081967,5
87353,19,90,2051.72,20.04,253.65,0,7.54098360655738,20.327868852459,8.19672131147541,6
87353,19,95,6166.23,21.7,803.79,0,74.4262295081967,38.6885245901639,67.8688524590164,7
87353,19,100,5746.32,23.09,776.21,1,66.2295081967213,61.6393442622951,63.6065573770492,8
87353,19,120,8278.44,25.39,1100.29,9,95.7377049180328,85.9016393442623,94.4262295081967,9
87353,19,120,6763.41,22.9,873.34,2,81.3114754098361,59.672131147541,76.7213114754098,10
87353,19,90,6817.79,23.98,889.83,2,82.2950819672131,72.4590163934426,79.672131147541,11
87353,19,90,4213.63,21.46,582.12,0,22.2950819672131,35.0819672131148,31.1475409836066,12
87353,19,90,4723.66,23.5,2685.77,3,32.7868852459016,67.5409836065574,100,13
87353,19,90,5637.73,21.45,741.86,0,63.2786885245902,34.7540983606557,59.344262295082,14
87353,19,75,3524.47,23.21,397,2,13.4426229508197,63.6065573770492,11.1475409836066,15
87353,19,90,5407.21,27.6,643.96,4,51.4754098360656,98.0327868852459,44.5901639344262,16
89246,21,111,3672.64,26.93,590.29,10,53.7537537537538,92.4924924924925,66.0660660660661,1
89246,21,95,3581.47,25.03,556.39,4,51.3513513513513,80.7807807807808,61.2612612612613,2
89246,21,120,4002.91,23.17,594.24,2,60.960960960961,60.3603603603604,66.6666666666667,3
89246,21,110,4261.75,22.69,659.7,1,66.966966966967,55.2552552552552,73.5735735735736,4
89246,21,100,7516.49,25.71,1268,5,98.1981981981982,84.6846846846847,97.2972972972973,5
89246,21,95,2288.3,17.62,303.66,0,17.1171171171171,13.8138138138138,21.6216216216216,6
89246,21,120,3857.05,23.37,654.94,1,57.957957957958,63.3633633633634,72.972972972973,7
89246,21,83,2718.75,21.27,349.86,0,27.027027027027,41.4414414414414,29.1291291291291,8
89246,21,90,4067.27,25.93,767.81,8,62.4624624624625,87.3873873873874,81.3813813813814,9
89246,21,83,1847.14,19.26,252.02,0,10.8108108108108,21.6216216216216,14.1141141141141,10
89246,21,108,5730.33,26.52,1017.58,13,91.5915915915916,89.4894894894895,90.990990990991,11
89246,21,75,2836.02,21.6,394.67,0,31.2312312312312,47.1471471471471,36.036036036036,12
89246,21,93,7953.45,27.03,1420.69,10,99.0990990990991,93.3933933933934,97.8978978978979,13
89246,21,100,1930.86,25.54,347.56,5,11.7117117117117,84.0840840840841,27.9279279279279,14
89246,21,120,4835.15,21.84,815.95,0,80.1801801801802,48.948948948949,84.3843843843844,15
89246,21,109,5154.4,27.37,847.86,10,85.8858858858859,94.5945945945946,85.5855855855856,16
89246,21,70,2418.4,24.01,360.91,2,20.7207207207207,72.972972972973,30.3303303303303,17
89246,21,78,3166.65,21.55,477.29,0,38.4384384384384,45.945945945946,48.948948948949,18
89246,21,109,6825.79,26.52,1198.34,9,97.5975975975976,89.4894894894895,96.6966966966967,19
89246,21,105,4365.53,25.61,727.69,11,71.1711711711712,84.3843843843844,78.0780780780781,20
89246,21,104,9777.45,26.78,1645.28,18,100,90.6906906906907,99.3993993993994,21
89246,21,97,3130.6,22.7,466.91,1,36.9369369369369,55.5555555555556,47.1471471471471,22
89246,21,94,4317.22,21.35,663.86,0,68.4684684684685,42.6426426426426,74.1741741741742,23
89246,21,120,4653.04,23.48,752.23,1,75.3753753753754,66.3663663663664,80.1801801801802,24
89246,21,105,6624.66,28.33,1216.03,8,96.996996996997,96.996996996997,96.996996996997,25
89246,21,97,5399.3,25.91,1026.6,7,90.0900900900901,86.4864864864865,91.8918918918919,26
89246,21,87,3823.96,23.41,626.39,2,57.0570570570571,64.8648648648649,70.5705705705706,27
89246,21,107,3462.45,26.84,604.25,7,46.5465465465465,91.2912912912913,68.1681681681682,28
89246,21,100,4230.74,20.35,781.95,0,66.0660660660661,28.8288288288288,82.5825825825826,29
89246,21,106,6263.15,27.81,1055.94,12,95.4954954954955,95.7957957957958,93.0930930930931,30
89246,21,106,6229.62,26.86,1104.3,12,95.1951951951952,91.8918918918919,95.4954954954955,31
89246,21,111,5768.62,25.78,1084.44,7,92.4924924924925,85.5855855855856,94.5945945945946,32
89246,21,108,6111.97,26.99,1114.33,15,93.3933933933934,92.7927927927928,95.7957957957958,33
89246,21,110,6696.55,26.67,1171.04,8,97.2972972972973,90.0900900900901,96.3963963963964,34
89246,21,75,2405.76,18.49,254.45,0,20.4204204204204,17.7177177177177,14.7147147147147,35
89246,21,75,2144.36,23.41,284.83,1,13.8138138138138,64.8648648648649,18.3183183183183,36
89246,21,112,6133.16,25.92,1076.24,13,93.993993993994,87.0870870870871,93.993993993994,37
89246,21,111,4783.32,26.37,836.4,6,78.978978978979,88.5885885885886,85.2852852852853,38
89246,21,112,9283.96,28.79,1604.68,26,99.6996996996997,97.2972972972973,99.0990990990991,39
89246,21,115,8797.94,27.89,1466.54,11,99.3993993993994,96.0960960960961,98.4984984984985,40
89246,21,75,5538.99,25.26,568.77,6,90.6906906906907,81.981981981982,63.963963963964,41
89246,21,75,3327.89,22.01,341.97,0,42.3423423423423,50.4504504504504,27.3273273273273,42
89246,21,75,5054.35,26.99,604.13,24,84.0840840840841,92.7927927927928,67.8678678678679,43
89246,21,75,4691.81,26.3,479.29,9,76.5765765765766,88.2882882882883,49.2492492492492,44
89568,18,120,6704.58,26.45,1026.54,3,87.4915023793338,91.0944935418083,87.2875594833447,1
89568,18,120,6213.91,25.06,967.34,3,82.7328348062542,80.7613868116927,84.0244731475187,2
89568,18,120,7968.42,24.75,1403.62,5,94.6974847042828,77.9741672331747,95.7171991842284,3
89568,18,120,2580.94,20.35,269.97,0,33.4466349422162,33.7865397688647,30.0475866757308,4
89568,18,120,5763.02,21.94,932.7,0,78.6539768864718,53.1611148878314,82.5968728755948,5
89568,18,120,2853.91,22.48,377.71,0,37.0496261046907,58.8715159755269,39.0210740992522,6
89568,18,90,1975.52,22.82,345.42,1,25.9007477906186,62.4745071380014,36.7777022433719,7
89568,18,120,2609.74,21.53,468.63,0,33.8545207341944,47.7906186267845,49.2861998640381,8
89568,18,120,5563.82,22.09,849.27,0,76.0707002039429,54.5207341944256,78.2460910944935,9
89568,18,120,5792.53,20.53,776.94,0,78.8579197824609,35.8259687287559,74.3711760707002,10
89568,18,90,2104.33,21.86,335.86,0,27.3963290278722,52.3453433038749,35.6220258327668,11
89568,18,120,4611.63,21.86,621.53,0,62.9503738953093,52.3453433038749,62.2705642420122,12
89568,18,120,6137.31,20.68,907.24,0,81.849082256968,37.6614547926581,81.4411964649898,13
89568,18,90,370.32,19.08,63.34,0,5.23453433038749,24.0652617267165,15.2277362338545,14
89568,18,90,3779.85,22.12,590.96,0,47.9945615227736,54.9286199864038,59.6193065941536,15
89568,18,90,1074.61,21.07,128.53,0,18.150917743032,42.1481985044188,18.3548606390211,16
89568,18,85,2735.68,22.72,389.63,1,35.8259687287559,61.4547926580557,40.5166553365058,17
89568,18,90,558.47,11.7,66.26,0,13.5961930659415,13.4602311352821,15.4316791298436,18
89568,18,120,298.3,8.53,36.12,0,2.99116247450714,8.76954452753229,9.31339225016995,19
89568,18,90,449.35,9.27,43.07,0,9.44935418082937,10.3331067301156,12.4405166553365,20
89568,18,90,359.39,6.16,37.16,0,4.75866757307954,1.56356220258328,9.99320190346703,21
89568,18,120,4147.16,23.18,774.9,2,54.180829367777,65.6016315431679,74.1672331747111,22
89568,18,120,199.88,6.77,19.73,0,1.01971447994562,3.05914343983685,2.44731475186948,23
89568,18,120,3886.07,20.45,713.88,0,49.9660095173351,34.8062542488103,69.9524133242692,24
89568,18,120,5888.81,23.3,859.2,1,79.4697484704283,66.6893269884432,78.9259007477906,25
89568,18,120,5557.69,20.79,926.73,0,76.0027192386132,38.6811692726037,82.3929299796057,26
89568,18,120,6302.32,21.31,994.01,0,83.8205302515296,45.7511896668933,85.2481305234534,27
89568,18,150,5005.8,23.28,796.65,0,68.7967369136642,66.4174031271244,75.4588715159755,28
89568,18,120,434.81,8.24,38.46,0,8.15771583956492,7.81781101291638,10.8769544527532,29
89568,18,120,4258.89,23.65,521.76,2,55.4044867437118,69.3405846363018,54.3167912984364,30
89568,18,120,3182.68,21.19,349.3,0,40.3806934058464,44.3915703602991,36.981645139361,31
89568,18,120,5605.92,25.5,679.4,2,76.8864717878994,84.5003399048266,66.8252889191027,32
89568,18,90,1750.33,20.09,153.62,0,23.725356900068,31.4072059823249,19.2386131883073,33
89568,18,90,3876.82,19.32,562.2,0,49.6261046906866,25.5608429639701,57.7838205302515,34
89568,18,95,216.75,6.22,9.08,0,1.63154316791298,1.7675050985724,0.611828687967369,35
89568,18,95,1230.78,15.57,80.46,0,19.3745751189667,18.2188987083617,16.6553365057784,36
89568,18,90,3294.24,20.44,483.94,0,42.0122365737593,34.6702923181509,50.4418762746431,37
89568,18,120,5279.83,25.34,757.82,2,72.1957851801496,83.1407205982325,72.7396329027872,38
89568,18,90,4409.98,25.16,615.8,4,58.8715159755269,81.5771583956492,61.7946974847043,39
89568,18,120,3714.54,22.57,465.12,0,46.8388851121686,60.0271923861319,49.0822569680489,40
89568,18,90,3568.35,22.51,531.93,0,44.5955132562882,59.4153636981645,55.2685248130523,41
89568,18,90,2121.5,24.29,312.23,2,27.668252889191,73.3514615907546,33.7865397688647,42
89568,18,90,2781.2,19.54,309.52,0,36.3018354860639,27.1244051665534,33.4466349422162,43
89568,18,90,4034.91,21.03,505.89,0,52.6172671651938,41.8762746430999,52.6172671651938,44
89568,18,90,4831.03,20.13,679,0,66.1454792658056,31.6791298436438,66.757307953773,45
89568,18,90,4606.66,26.16,624.77,2,62.8144119646499,88.8511216859279,62.5424881033311,46
89568,18,100,3872.61,25.25,606.17,6,49.5581237253569,82.2569680489463,61.0469068660775,47
89568,18,120,325.48,7.52,33.65,0,3.87491502379334,5.43847722637661,7.88579197824609,48
89568,18,90,4278.46,21.67,774.41,0,56.1522773623385,49.4901427600272,74.0992522093814,49
89568,18,90,4436.81,24.95,660.97,2,59.5513256288239,79.6057104010877,65.3976886471788,50
89568,18,90,848.34,13.61,68.95,0,16.6553365057784,16.1794697484704,15.7715839564922,51
90013,18,120,5593.22,21.23,817.35,0,76.5465669612508,44.9354180829368,76.75050985724,1
90013,18,120,5516.09,23.77,686.85,2,75.4588715159755,70.0883752549286,67.3691366417403,2
90013,18,90,4579.87,27.09,630.26,3,62.1346023113528,94.4935418082937,63.018354860639,3
90013,18,120,2666.87,22.44,304.77,0,34.3983684568321,58.1917063222298,33.0387491502379,4
90013,18,90,4675.37,21.13,754.14,0,64.0380693405846,43.3038749150238,72.4677090414684,5
90013,18,90,4595.74,23.88,584.19,1,62.4745071380014,70.4962610469069,59.0074779061863,6
90013,18,90,999.34,12.92,82.27,0,17.9469748470428,15.3636981645139,16.9272603670972,7
90013,18,120,5994.94,27.64,1093.41,3,80.3535010197145,96.6009517335146,90.006798096533,8
90013,18,90,5035.24,23.11,805.55,2,69.1366417403127,65.12576478586,76.0707002039429,9
90013,18,120,1428.58,18.54,182.58,0,20.7341944255608,22.093813732155,21.8898708361659,10
90013,18,120,5732.97,23.08,879.7,1,78.0421481985044,64.9218218898708,80.0815771583956,11
90013,18,120,1956.28,20.77,305.74,0,25.7647858599592,38.2732834806254,33.1747110808974,12
90013,18,120,4210.92,22.03,657.96,0,54.9966009517335,53.9768864717879,65.2617267165194,13
90013,18,120,1915.35,22.82,380.01,1,25.0849762066621,62.4745071380014,39.292997960571,14
90013,18,120,4598.8,25.38,972.18,5,62.6784500339905,83.6165873555404,84.2284160435078,15
90013,18,120,5522.23,27.94,860.99,9,75.5268524813052,97.5526852481305,79.06186267845,16
90013,18,90,1202.78,19.84,191.33,0,19.2386131883073,29.5717199184228,22.9775662814412,17
90013,18,120,1809.44,21.71,368.18,0,24.3371855880354,50.0339904826649,38.2053025152957,18
90013,18,90,1306.27,21.64,181.54,0,20.1903467029232,49.0822569680489,21.6859279401768,19
90013,18,150,6233.37,24.93,879.72,2,82.9367777022434,79.4697484704283,80.2175390890551,20
90013,18,120,5597.52,20.7,706.77,0,76.6825288919103,37.7974167233175,69.2046227056424,21
90013,18,120,4843,21.12,534.21,0,66.4174031271244,42.8959891230455,55.5404486743712,22
90013,18,120,3136.22,21.12,310.02,0,39.768864717879,42.8959891230455,33.5146159075459,23
90013,18,120,6236.28,27.61,794.08,6,83.0047586675731,96.3970088375255,75.1869476546567,24
90013,18,90,2089.3,20.08,178.62,0,27.1244051665534,31.2712440516655,21.4819850441876,25
90013,18,90,3982.06,22.64,515.6,0,52.2093813732155,60.7749830047587,53.1611148878314,26
90013,18,95,170.78,4.89,7.12,0,0.679809653297077,0.271923861318831,0.203942895989123,27
90013,18,90,3717.86,26.38,515.7,1,47.0428280081577,90.7545887151598,53.2290958531611,28
90013,18,95,922.73,14.62,47.7,0,17.1312032630863,17.4711080897349,13.6641740312712,29
90013,18,90,3173.92,21.68,450.25,0,40.1087695445275,49.762066621346,47.2467709041468,30
90013,18,120,4754.7,22.36,585.87,1,64.8538409245411,57.1040108769544,59.1434398368457,31
90013,18,120,6040.61,27.74,750.38,1,80.8973487423521,96.9408565601632,72.1278042148198,32
90013,18,120,3803.42,22.42,426.6,0,48.5384092454113,57.7838205302515,44.0516655336506,33
90013,18,100,858.62,14.26,88.74,0,16.7233174711081,16.8592794017675,17.2671651937458,34
90013,18,90,4185.4,27.24,530.37,3,54.5887151597553,95.0373895309313,55.0645819170632,35
90013,18,90,5443.44,22.03,708.98,1,74.5071380013596,53.9768864717879,69.4765465669612,36
90013,18,90,2324.03,20.98,286.25,0,30.1155676410605,41.2644459551326,31.2712440516655,37
90013,18,90,245.91,8.4,8.88,0,2.03942895989123,8.29367777022434,0.543847722637661,38
90013,18,90,5041.86,23.46,820.67,3,69.2726036709721,68.0489462950374,77.0904146838885,39
90013,18,90,4762.6,26.66,585.68,2,64.9218218898708,92.1821889870836,59.075458871516,40
90013,18,85,2264.5,20.82,245.68,0,29.4357579877634,39.2250169952413,27.4643099932019,41
90013,18,90,4383.69,19.81,476.75,0,58.4636301835486,29.1638341264446,49.6940856560163,42
90013,18,90,4685.77,22.5,635.52,0,64.2420122365738,59.075458871516,63.2902787219578,43
90013,18,90,500,14.49,39.73,0,12.4405166553365,17.199184228416,11.4208021753909,44
90013,18,90,3828.97,23.2,562.88,3,48.9462950373895,65.7375934738273,57.8518014955812,45
90013,18,120,5408.5,20.03,829.45,0,74.0992522093814,30.6594153636982,77.4983004758668,46
90013,18,120,4540.3,21.77,536.81,0,61.1148878314072,50.7138001359619,56.0163154316791,47
90013,18,90,789.84,12.7,74.49,0,16.3834126444596,14.8198504418763,16.1794697484704,48
90013,18,120,5302.18,20.51,738.66,0,72.6036709721278,35.5540448674371,71.2440516655336,49
90013,18,120,6901.48,24.35,1003.59,2,89.1230455472468,73.963290278722,86.0639021074099,50
90013,18,120,6061.79,28.03,846.11,3,81.1012916383413,97.6886471787899,78.0421481985044,51
90013,18,120,8136.78,23.56,1161.86,2,95.3093133922502,68.7967369136642,92.0462270564242,52
90013,18,120,2364.45,20.88,224.87,0,30.5234534330387,40.2447314751869,25.9007477906186,53
90013,18,90,1760.81,26.44,307.07,2,23.9292997960571,91.0265125764786,33.3106730115568,54
90639,18,90,1185.56,18.54,171.21,0,18.9666893269884,22.093813732155,20.8701563562203,1
90639,18,90,2564.53,24.09,300.89,2,33.1747110808974,71.5839564921822,32.6308633582597,2
90639,18,120,2731.01,24.26,343.82,1,35.6220258327668,72.9435757987763,36.5737593473827,3
90639,18,90,1719.96,21.03,159.99,0,23.3174711080897,41.8762746430999,19.7824609109449,4
90639,18,120,5743.73,27.72,739.76,10,78.2460910944935,96.8728755948334,71.3120326308634,5
90639,18,90,1858.81,27.08,360.48,4,24.8130523453433,94.425560842964,37.8653976886472,6
90639,18,120,4206.13,22.46,502.74,0,54.9286199864038,58.3956492182189,52.0734194425561,7
90639,18,120,3378.2,24.4,408.92,2,42.6240652617267,74.1672331747111,42.7600271923861,8
90639,18,120,2981.99,17.59,279.58,0,38.4092454112848,20.0543847722638,30.8633582596873,9
90639,18,120,2420.05,22.21,263.62,0,31.2032630863358,55.6764106050306,29.1638341264446,10
90639,18,120,6107.18,28.27,695.21,3,81.5091774303195,98.5723997280761,68.1849082256968,11
90639,18,90,3589.63,27.47,490.62,3,44.7994561522774,96.057104010877,51.0537049626105,12
90639,18,120,4138.57,23.45,482.76,2,54.0448674371176,67.8450033990483,50.3059143439837,13
90639,18,120,6641.06,28.62,951.27,6,87.0156356220258,99.1162474507138,83.2766825288919,14
90639,18,90,4274.59,24.29,683.16,2,55.81237253569,73.3514615907546,67.1651937457512,15
90639,18,90,4585.87,26,561.15,2,62.2025832766825,87.2875594833447,57.5798776342624,16
90639,18,120,5619.7,21.59,640.08,0,77.0224337185588,48.5384092454113,63.9021074099252,17
90639,18,120,6690.5,23.02,854.56,1,87.3555404486744,64.1060503059143,78.6539768864718,18
90639,18,120,5611.12,22.16,641.51,0,76.9544527532291,55.2005438477226,64.174031271244,19
90639,18,150,7719.7,24.91,1000.05,2,93.4738273283481,79.2658055744392,85.9279401767505,20
90639,18,120,4434.48,21.38,424.49,0,59.4153636981645,46.5669612508498,43.8477226376615,21
90639,18,120,5082.73,21.55,548.67,0,69.6804894629504,48.0625424881033,56.7641060503059,22
90639,18,120,4120.84,25.02,433.01,1,53.5010197144799,80.4214819850442,45.1393609789259,23
90639,18,105,9005.33,25.94,1458.12,2,97.9605710401088,87.0156356220258,96.9408565601632,24
90639,18,120,6717.43,27.26,860.99,4,87.6274643099932,95.1733514615908,79.06186267845,25
90639,18,90,1945.28,21.84,161.55,0,25.6288239292998,51.8014955812373,19.8504418762746,26
90639,18,90,3216.64,21.27,356.06,0,40.7885791978246,45.4112848402447,37.5254928619986,27
90639,18,90,3163.59,19.97,527.51,0,40.0407885791978,30.1155676410605,54.7926580557444,28
90639,18,90,4184.52,24.76,677.02,6,54.5207341944256,78.0421481985044,66.6213460231135,29
90639,18,85,2542.98,21.01,233.9,0,32.8348062542488,41.6043507817811,26.5805574439157,30
90639,18,90,3792.84,24.04,605.15,1,48.2664853840925,71.3120326308634,60.9109449354181,31
90639,18,90,4204.95,21.13,532.41,0,54.8606390210741,43.3038749150238,55.336505778382,32
90639,18,95,6022.02,26.63,1028.64,6,80.6254248810333,91.9782460910945,87.4235214140041,33
90639,18,90,3744,20.65,505.53,0,47.5866757307954,37.1176070700204,52.4813052345343,34
90639,18,95,5359.9,27.04,747.04,3,73.4194425560843,94.2895989123046,71.7199184228416,35
90639,18,90,4635.76,20.67,554.47,0,63.3582596872876,37.3895309313392,57.2399728076139,36
90639,18,120,5588.37,27.82,668.68,2,76.4785859959212,97.212780421482,66.0774983004759,37
90639,18,90,3677.91,21.26,428.07,0,46.1590754588715,45.343303874915,44.2556084296397,38
90639,18,90,4277.27,25.91,468.84,4,56.0163154316791,86.8116927260367,49.3541808293678,39
90639,18,120,3519.66,23.05,437.81,1,44.1196464989803,64.5819170632223,45.5472467709041,40
90639,18,90,3601.88,22.29,497.71,0,45.0033990482665,56.6961250849762,51.4615907545887,41
90639,18,100,7063.84,27.15,1012.99,4,90.4826648538409,94.6295037389531,86.5397688647179,42
90639,18,90,4245.1,28.96,605.63,5,55.1325628823929,99.5921142080218,60.9789259007478,43
90639,18,90,4472.18,20.82,517.08,0,60.0951733514616,39.2250169952413,53.5690006798097,44
90639,18,90,1532.04,20.04,178.08,0,21.617946974847,30.8633582596873,21.3460231135282,45
90639,18,90,6849.91,27.44,1064.47,3,88.7151597552685,95.9211420802175,88.8511216859279,46
90639,18,120,2731.91,21.95,291.12,0,35.6900067980965,53.3650577838205,31.6791298436438,47
90639,18,120,5050.21,21.94,715.69,0,69.4765465669612,53.1611148878314,70.0883752549286,48
90639,18,90,7097.66,24.84,998.3,5,90.68660774983,78.6539768864718,85.588035350102,49
90639,18,120,2609.03,20.6,208.23,0,33.718558803535,36.505778382053,24.3371855880354,50
90639,18,120,8739.7,23.81,1194.38,6,97.4167233174711,70.2923181509177,92.4541128484024,51
90639,18,120,6495.42,21.51,846.77,0,85.8599592114208,47.6546566961251,78.1101291638341,52
90639,18,120,1589.53,19.71,190.61,0,22.4337185588035,28.2121006118287,22.7736233854521,53
90639,18,90,6064.97,27.01,962.72,6,81.3052345343304,94.1536369816451,83.7525492861999,54
90639,18,120,6083.22,21.18,748.08,0,81.4411964649898,44.1196464989803,71.9238613188307,55
90639,18,90,2950.54,24.06,412.19,2,38.137321549966,71.3800135961931,43.0999320190347,56
90639,18,120,7574.66,29.29,1123.99,4,92.8619986403807,99.7280761386812,91.0944935418083,57
90639,18,90,5108.95,26.45,691.82,1,70.224337185588,91.0944935418083,67.7090414683888,58
90639,18,120,2255.12,20.89,276.34,0,29.3677770224337,40.4486743711761,30.5914343983685,59
90669,18,90,6031.06,24.7,1253.23,6,80.693405846363,77.2943575798776,93.8137321549966,1
90669,18,120,1971.38,18.11,321.25,0,25.8327668252889,20.93813732155,34.4663494221618,2
90669,18,90,1104.86,21.89,140.61,0,18.2868796736914,52.7532290958532,18.5588035350102,3
90669,18,120,5404.34,26.5,959.58,12,73.963290278722,91.3664174031271,83.5486063902108,4
90669,18,90,3690.72,25.49,503.97,4,46.3630183548606,84.3643779741672,52.2773623385452,5
90669,18,150,8677.66,23.41,1411.12,5,97.1447994561523,67.43711760707,95.7851801495581,6
90669,18,120,6866.26,20.59,1085.65,0,88.8511216859279,36.2338545207342,89.4629503738953,7
90669,18,120,6502.72,21.39,973.43,0,85.9279401767505,46.9068660774983,84.4323589394969,8
90669,18,120,5665.11,25.11,837.34,2,77.4983004758668,81.169272603671,77.8382053025153,9
90669,18,90,2051.34,18.02,175.98,0,26.8524813052345,20.8021753908906,21.2100611828688,10
90669,18,120,4649.94,23.59,569.41,3,63.6981645139361,69.068660774983,58.2596872875595,11
90669,18,120,4627.58,21.62,652.81,0,63.1543167912984,48.8103331067301,64.9218218898708,12
90669,18,120,3740.57,22.68,476.48,3,47.450713800136,61.1148878314072,49.6261046906866,13
90669,18,120,5362.93,27.54,874.23,5,73.487423521414,96.1930659415364,79.8776342624065,14
90669,18,120,1566.92,21.28,267.51,0,22.0258327668253,45.6152277362339,29.8436437797417,15
90669,18,120,1327.6,14.11,200.28,0,20.3263086335826,16.7233174711081,23.5214140040789,16
90669,18,120,2467.56,22.46,459.84,0,31.6111488783141,58.3956492182189,48.3344663494222,17
90669,18,120,2023.12,22.21,302.22,0,26.4445955132563,55.6764106050306,32.8348062542488,18
90669,18,90,8722.24,25.78,1654.02,13,97.2807613868117,86.267845003399,98.6403806934058,19
90669,18,120,1394.72,21.42,207.89,0,20.5982324949014,47.1787899388171,24.2692046227056,20
90669,18,90,4843.39,24.62,875.03,2,66.4853840924541,76.4785859959212,79.9456152277362,21
90669,18,120,7019.1,28,1075.19,4,90.006798096533,97.6206662134602,89.0550645819171,22
90669,18,90,9146.05,25.46,1595.22,14,98.2324949014276,84.0924541128484,98.2324949014276,23
90669,18,90,1557.1,20.17,183.31,0,21.8898708361659,32.1549966009517,22.093813732155,24
90669,18,90,7231.89,26.09,1293.29,8,91.5703602991162,88.0353501019714,94.2895989123046,25
90669,18,120,3263.23,28.09,501.02,4,41.5363698164514,98.2324949014276,51.9374575118967,26
90669,18,120,5099.24,22.62,810.9,1,70.0203942895989,60.5710401087695,76.3426240652617,27
90669,18,90,10373.59,27,1825.73,11,99.524133242692,94.0856560163154,99.524133242692,28
90669,18,120,2689.24,21.33,295.67,0,34.8062542488103,46.0231135282121,32.1549966009517,29
90669,18,120,8742.53,26.79,1490.29,16,97.4847042828008,92.794017675051,97.4167233174711,30
90669,18,120,7675.6,24.89,1422.12,6,93.3378653976886,79.1298436437797,95.9891230455472,31
90669,18,120,1433.06,19.5,150.61,0,20.8021753908906,26.9884432358939,19.1026512576479,32
90669,18,90,9321.53,28.07,1655.5,9,98.4364377974167,98.0965329707682,98.7083616587356,33
90669,18,120,1820.06,17.56,249.06,0,24.4051665533651,19.9864038069341,28.0081577158396,34
90669,18,90,9007.45,27.85,1566.07,8,98.0285520054385,97.2807613868117,98.1645139360979,35
90669,18,120,4859.88,23.69,703.03,3,66.9612508497621,69.6125084976207,68.9326988443236,36
90669,18,120,7120.2,27.33,1132.03,3,90.8905506458192,95.581237253569,91.2984364377974,37
90669,18,90,4134.8,24.99,698.63,2,53.9089055064582,80.1495581237254,68.592794017675,38
90669,18,120,566.7,13.01,28.8,0,13.8001359619307,15.5676410605031,5.43847722637661,39
90669,18,90,8761.46,26.14,1645.67,9,97.6206662134602,88.4432358939497,98.5723997280761,40
90669,18,85,3730.24,24.11,482.13,4,47.2467709041468,71.7878993881713,50.237933378654,41
90669,18,90,1188.94,22.58,146.76,0,19.0346702923182,60.1631543167913,18.830727396329,42
90669,18,90,9841.25,26.86,1839.22,13,99.1162474507138,93.2698844323589,99.6600951733515,43
90669,18,90,2724.08,20.81,336.97,0,35.4860639021074,38.8851121685928,35.8259687287559,44
90669,18,90,3701.36,26.43,548.71,1,46.4989802855201,90.9585316111489,56.8320870156356,45
90669,18,90,4665.03,26.24,650.39,2,63.9021074099252,89.530931339225,64.649898028552,46
90669,18,100,11982.59,24.87,2165.58,9,100,78.9259007477906,99.8640380693406,47
90669,18,90,1939.47,20.87,168.51,0,25.4928619986404,39.9728076138681,20.5982324949014,48
90669,18,120,4246.76,23.79,595.3,2,55.2005438477226,70.1563562202583,59.9592114208022,49
90669,18,90,4552.75,26.66,640.93,5,61.5227736233855,92.1821889870836,63.9700883752549,50
90669,18,120,6457.37,26.7,965.32,2,85.4520734194426,92.4541128484024,83.956492182189,51
90669,18,90,3878.91,23,597.99,2,49.762066621346,63.5622025832767,60.4350781781101,52
90669,18,90,5735.36,21.02,873.8,0,78.1101291638341,41.7403127124405,79.8096532970768,53
90669,18,95,9908.26,26.14,1752.11,11,99.3201903467029,88.4432358939497,99.3201903467029,54
90669,18,90,4126.64,21.97,667.99,0,53.7729435757988,53.5010197144799,65.9415363698165,55
90669,18,95,8032.23,24.24,1488.1,6,94.8334466349422,72.7396329027872,97.3487423521414,56
90669,18,90,4916.51,22.55,751.14,1,67.5050985723997,59.7552685248131,72.2637661454793,57
90669,18,120,6358.79,26.98,805.62,5,84.4323589394969,93.949694085656,76.1386811692726,58
90669,18,90,8545.03,26.5,1560.13,11,96.8728755948334,91.3664174031271,98.0285520054385,59
94171,21,75,2608.33,22.09,279.96,0,24.3243243243243,51.3513513513513,17.1171171171171,1
94171,21,75,3125.14,20.2,334.44,0,36.6366366366366,27.3273273273273,26.4264264264264,2
94171,21,110,2340.69,22.27,297.18,0,18.9189189189189,52.5525525525526,20.1201201201201,3
94171,21,109,4377.94,22.83,792.12,0,71.4714714714715,56.4564564564565,82.8828828828829,4
94171,21,105,2753.46,22.46,474.11,0,27.9279279279279,53.4534534534535,48.6486486486487,5
94171,21,97,5331.43,24.51,872.08,1,88.8888888888889,76.2762762762763,87.3873873873874,6
94171,21,105,6163.91,27.07,1056.46,6,94.5945945945946,93.6936936936937,93.3933933933934,7
94171,21,104,1933.95,21.1,298.67,0,12.012012012012,39.039039039039,20.4204204204204,8
94171,21,97,3142.24,21.17,398.68,0,37.5375375375375,40.2402402402402,36.3363363363363,9
94171,21,94,3398.91,23.24,555.18,2,44.4444444444444,61.8618618618619,60.6606606606607,10
94171,21,95,4511.9,24.08,716.69,5,72.6726726726727,73.5735735735736,77.7777777777778,11
94171,21,120,4399.65,22.88,628.43,0,71.7717717717718,56.7567567567568,70.8708708708709,12
94171,21,110,3907.47,23.41,591.87,1,58.8588588588589,64.8648648648649,66.3663663663664,13
94171,21,100,6160.57,23.98,1081.53,1,94.2942942942943,72.3723723723724,94.2942942942943,14
94171,21,95,2256.64,20.41,279.06,0,16.8168168168168,29.7297297297297,16.8168168168168,15
94171,21,120,5666.12,21.99,1018.74,0,91.2912912912913,50.1501501501502,91.2912912912913,16
94171,21,83,2646.95,20.64,348.36,0,24.9249249249249,32.7327327327327,28.2282282282282,17
94171,21,90,4101.38,20.94,833.69,0,62.7627627627628,37.8378378378378,84.984984984985,18
94171,21,83,3303.43,21.12,629.07,0,41.7417417417417,39.3393393393393,71.1711711711712,19
94171,21,108,4795.4,25.36,854.63,2,79.2792792792793,83.1831831831832,86.1861861861862,20
94171,21,120,4342.46,22.77,624.12,1,70.2702702702703,55.8558558558559,69.96996996997,21
94171,21,78,3255.71,23.08,489.18,0,40.5405405405405,59.7597597597598,51.0510510510511,22
94171,21,106,2051.18,21.53,328.81,0,12.9129129129129,45.3453453453453,25.2252252252252,23
94171,21,106,2330.24,23.25,362.1,1,18.6186186186186,62.4624624624625,30.9309309309309,24
94171,21,100,4882.44,22.95,698.38,1,81.0810810810811,57.957957957958,76.2762762762763,25
94171,21,107,2204.63,21.3,304.97,0,15.3153153153153,42.042042042042,21.9219219219219,26
94171,21,87,3515.16,21.31,497.54,0,49.5495495495495,42.3423423423423,51.6516516516517,27
94171,21,70,2808.04,20.44,322.42,0,30.3303303303303,30.3303303303303,23.7237237237237,28
94171,21,109,2821.21,25.12,401.94,2,30.6306306306306,81.0810810810811,36.9369369369369,29
94171,21,120,5297.64,21.09,863.6,0,87.6876876876877,38.4384384384384,87.0870870870871,30
94171,21,100,3398.93,23.66,540.58,2,44.7447447447448,68.7687687687688,59.1591591591592,31
94171,21,75,2891.12,21.41,467.84,0,32.1321321321321,43.8438438438438,47.4474474474475,32
94171,21,75,5347.14,21.85,521.23,0,89.4894894894895,49.2492492492492,56.1561561561562,33
94171,21,75,4875.29,24.93,484.77,6,80.7807807807808,79.5795795795796,50.4504504504504,34
94171,21,75,4043.39,21.09,393.45,0,62.1621621621622,38.4384384384384,35.7357357357357,35
94171,21,75,5023.05,23.04,528.86,1,83.1831831831832,59.1591591591592,57.0570570570571,36
94221,19,120,6136.59,22.53,815.59,0,73.1147540983607,55.4098360655738,69.1803278688525,1
94221,19,120,7488.97,26.24,975.67,10,88.8524590163935,92.1311475409836,87.2131147540984,2
94221,19,100,5279.09,21.77,907.27,0,47.5409836065574,40,81.6393442622951,3
94221,19,100,9031.97,24.13,1331.59,1,99.672131147541,75.0819672131148,98.3606557377049,4
94221,19,90,4302.83,22.35,661.9,0,24.9180327868852,51.8032786885246,48.5245901639344,5
94221,19,70,5221.25,23.66,781.9,3,45.5737704918033,70.1639344262295,64.9180327868852,6
94221,19,100,4685.94,25.82,595.04,7,31.4754098360656,88.5245901639344,35.0819672131148,7
94221,19,90,3215.47,17.14,233.31,0,11.8032786885246,7.54098360655738,7.86885245901639,8
94221,19,95,6138.81,21.84,853.22,0,73.4426229508197,40.9836065573771,73.1147540983607,9
94221,19,90,5660.57,21.91,762.03,0,63.9344262295082,42.9508196721311,61.3114754098361,10
94221,19,90,4967.82,23.99,870.42,4,39.344262295082,73.1147540983607,76.3934426229508,11
94221,19,90,2626.87,18.19,395.52,0,8.52459016393443,11.1475409836066,10.8196721311475,12
94221,19,90,5648.3,21.48,793.55,0,63.6065573770492,36.0655737704918,67.5409836065574,13
94221,19,90,7188.15,24.92,1065.34,4,86.2295081967213,81.9672131147541,92.7868852459016,14
94221,19,75,4258.11,22.52,597.19,0,23.9344262295082,54.7540983606557,35.7377049180328,15
94221,19,90,3185.82,20.46,635.81,0,10.8196721311475,22.9508196721311,42.9508196721311,16
94221,19,90,5296.68,27.13,832.5,6,48.1967213114754,97.7049180327869,71.1475409836066,17
94221,19,90,4350.86,22.85,669.92,2,25.5737704918033,58.0327868852459,50.8196721311475,18
94865,20,108,10785.97,25.23,1388.23,2,100,87.4654377880184,98.7096774193548,1
94865,20,88,5072.36,25.86,615.87,8,77.5115207373272,91.9815668202765,69.2165898617512,2
94865,20,106,6815.58,25.24,1092.15,1,90.5069124423963,87.6497695852535,93.3640552995392,3
94865,20,139,10179.25,22.97,1165.23,0,99.7235023041475,64.6082949308756,95.1152073732719,4
94865,20,75,5082.68,23.72,504.84,6,77.6958525345622,73.5483870967742,56.5898617511521,5
94865,20,87,6158.92,24.59,652.75,2,85.8064516129032,82.3963133640553,72.258064516129,6
